{
    "type": "FeatureCollection",
    "features": [
        {
            "id": "0",
            "type": "Feature",
            "properties": {
                "city_zip": "63101",
                "source_area_sq_m": 887319.4707668707,
                "city_area_sq_m": 887319.4707668708,
                "city_area_share": 1.0000000000000002,
                "total_population": 1993.0399711486941,
                "race_total": 1993.0399711486941,
                "race_white_non_hispanic": 829.0777263527228,
                "race_black_non_hispanic": 884.5028339010094,
                "race_other": 279.45941089496205,
                "poverty_universe": 1862.3372891228746,
                "poverty_below": 432.5455900858046,
                "school_age_5_17": 109.1621384786981,
                "school_age_white_non_hispanic_5_17": 0.06663171794036685,
                "school_age_black_alone_5_17": 108.744363741177,
                "school_age_other_or_unclassified_5_17": 0.35114301958072186,
                "race_white_share": 0.4159865022049114,
                "race_black_share": 0.4437958328508704,
                "race_other_share": 0.14021766494421828,
                "poverty_rate": 0.23225953355072718,
                "school_age_5_17_per_capita": 0.05477167546006726,
                "school_age_white_non_hispanic_5_17_share": 0.0006103922007113242,
                "school_age_black_alone_5_17_share": 0.9961728970928632,
                "school_age_other_or_unclassified_5_17_share": 0.0032167107064254145,
                "acs_allocation_method": "area_weighted_from_census_geography",
                "zhvi_typical_home_value": 189746.4723644938,
                "zhvi_month": "2026-07-31",
                "tornado_damage_intersects": false,
                "tornado_max_efscale": "<NA>",
                "tornado_damage_area_sq_m": 0.0,
                "tornado_damage_area_share": 0.0,
                "tornado_damage_point_count": 0,
                "tornado_ef2_plus_point_count": 0,
                "tornado_distance_to_path_m": 4870.253591232012
            },
            "geometry": {
                "type": "Polygon",
                "coordinates": [
                    [
                        [-90.1872481747805, 38.63255815112219],
                        [-90.18765318894897, 38.63144213921274],
                        [-90.18877820063291, 38.6284721325442],
                        [-90.18939019583986, 38.62700513138789],
                        [-90.19002917153746, 38.62541213380018],
                        [-90.19557317772751, 38.62678015320286],
                        [-90.19827319487226, 38.62749114602434],
                        [-90.19801217360997, 38.62813914062208],
                        [-90.19775119481466, 38.62897613690228],
                        [-90.1974812015671, 38.62974113886918],
                        [-90.19673417756233, 38.63177513748881],
                        [-90.19636519161226, 38.632765154468075],
                        [-90.19618519666386, 38.63325115397828],
                        [-90.19471818699459, 38.63734613540079],
                        [-90.19078518804992, 38.63654514801437],
                        [-90.18745516909938, 38.635897133354646],
                        [-90.18635718583351, 38.63565414691022],
                        [-90.1872481747805, 38.63255815112219]
                    ]
                ]
            }
        },
        {
            "id": "1",
            "type": "Feature",
            "properties": {
                "city_zip": "63102",
                "source_area_sq_m": 3710684.114205041,
                "city_area_sq_m": 3710684.114205041,
                "city_area_share": 1.0,
                "total_population": 5478.575747304527,
                "race_total": 5478.575747304527,
                "race_white_non_hispanic": 1855.9954466053975,
                "race_black_non_hispanic": 3076.3420292020273,
                "race_other": 546.2382714971023,
                "poverty_universe": 5183.456532190896,
                "poverty_below": 1713.579572263106,
                "school_age_5_17": 609.4875648217502,
                "school_age_white_non_hispanic_5_17": 20.065127922210717,
                "school_age_black_alone_5_17": 573.0622233073777,
                "school_age_other_or_unclassified_5_17": 16.360213592161774,
                "race_white_share": 0.33877334771150186,
                "race_black_share": 0.5615222223979646,
                "race_other_share": 0.09970442989053367,
                "poverty_rate": 0.33058627223383424,
                "school_age_5_17_per_capita": 0.11124927224409001,
                "school_age_white_non_hispanic_5_17_share": 0.03292130812886877,
                "school_age_black_alone_5_17_share": 0.9402361202807716,
                "school_age_other_or_unclassified_5_17_share": 0.02684257159035961,
                "acs_allocation_method": "area_weighted_from_census_geography",
                "zhvi_typical_home_value": 149467.7762141309,
                "zhvi_month": "2026-07-31",
                "tornado_damage_intersects": false,
                "tornado_max_efscale": "<NA>",
                "tornado_damage_area_sq_m": 0.0,
                "tornado_damage_area_share": 0.0,
                "tornado_damage_point_count": 0,
                "tornado_ef2_plus_point_count": 0,
                "tornado_distance_to_path_m": 3375.2129469995325
            },
            "geometry": {
                "type": "Polygon",
                "coordinates": [
                    [
                        [-90.20001018875126, 38.6230451350369],
                        [-90.19954217669013, 38.62435914753171],
                        [-90.19827319487226, 38.62749114602434],
                        [-90.19557317772751, 38.62678015320286],
                        [-90.19002917153746, 38.62541213380018],
                        [-90.18939019583986, 38.62700513138789],
                        [-90.18877820063291, 38.6284721325442],
                        [-90.18765318894897, 38.63144213921274],
                        [-90.1872481747805, 38.63255815112219],
                        [-90.18635718583351, 38.63565414691022],
                        [-90.18696020152215, 38.63934415548245],
                        [-90.18730218613267, 38.63973114569081],
                        [-90.191370202078, 38.646895156927705],
                        [-90.19122619085962, 38.647147153244084],
                        [-90.19390817443258, 38.65243013490719],
                        [-90.19025420258797, 38.65360015803255],
                        [-90.19112720448076, 38.656183151448566],
                        [-90.1860151756754, 38.657920137979616],
                        [-90.18457517542431, 38.6584511384307],
                        [-90.18339618784701, 38.65454514415892],
                        [-90.18096619273734, 38.64072115731104],
                        [-90.18058816825986, 38.63600514588378],
                        [-90.18229818705535, 38.627527145916034],
                        [-90.18714917319758, 38.61442314207255],
                        [-90.18795019288856, 38.61472914461748],
                        [-90.18909316906635, 38.61526014583473],
                        [-90.19133418624932, 38.61643913735366],
                        [-90.19572617653547, 38.6175371483937],
                        [-90.20010018989262, 38.61843713069772],
                        [-90.20172917973953, 38.61876113982144],
                        [-90.20001018875126, 38.6230451350369]
                    ]
                ]
            }
        },
        {
            "id": "2",
            "type": "Feature",
            "properties": {
                "city_zip": "63103",
                "source_area_sq_m": 5362537.508749994,
                "city_area_sq_m": 5362537.508749997,
                "city_area_share": 1.0000000000000004,
                "total_population": 9358.598475330164,
                "race_total": 9358.598475330164,
                "race_white_non_hispanic": 3340.140474468784,
                "race_black_non_hispanic": 4843.471146773299,
                "race_other": 1174.9868540880802,
                "poverty_universe": 7948.349209559534,
                "poverty_below": 1881.490405851927,
                "school_age_5_17": 586.2431306286803,
                "school_age_white_non_hispanic_5_17": 82.94876218162179,
                "school_age_black_alone_5_17": 458.27650339426964,
                "school_age_other_or_unclassified_5_17": 45.01786505278884,
                "race_white_share": 0.35690605631533373,
                "race_black_share": 0.5175423605939483,
                "race_other_share": 0.12555158309071782,
                "poverty_rate": 0.2367146128392353,
                "school_age_5_17_per_capita": 0.06264219286403333,
                "school_age_white_non_hispanic_5_17_share": 0.1414920838264979,
                "school_age_black_alone_5_17_share": 0.7817174811120077,
                "school_age_other_or_unclassified_5_17_share": 0.07679043506149438,
                "acs_allocation_method": "area_weighted_from_census_geography",
                "zhvi_typical_home_value": 135216.98058250954,
                "zhvi_month": "2026-07-31",
                "tornado_damage_intersects": false,
                "tornado_max_efscale": "<NA>",
                "tornado_damage_area_sq_m": 0.0,
                "tornado_damage_area_share": 0.0,
                "tornado_damage_point_count": 0,
                "tornado_ef2_plus_point_count": 0,
                "tornado_distance_to_path_m": 2759.054216883302
            },
            "geometry": {
                "type": "Polygon",
                "coordinates": [
                    [
                        [-90.23558720997684, 38.62933614586499],
                        [-90.23544321394988, 38.62975015257399],
                        [-90.23509219116237, 38.63067714945102],
                        [-90.2348041912498, 38.63152314659412],
                        [-90.23428219643306, 38.633089140019806],
                        [-90.23380519303237, 38.63443913029128],
                        [-90.23332819703569, 38.63573513248837],
                        [-90.23277920793683, 38.6372561345176],
                        [-90.23220320736182, 38.63818312898303],
                        [-90.23067321177766, 38.64024413297481],
                        [-90.23028620243457, 38.64077515321288],
                        [-90.22938621571609, 38.64039713130759],
                        [-90.22562421071765, 38.639533154268776],
                        [-90.22433719107056, 38.6392631431912],
                        [-90.21891018106137, 38.63814714109171],
                        [-90.21164720732835, 38.63651813555721],
                        [-90.20718317643419, 38.63557313420834],
                        [-90.19618519666386, 38.63325115397828],
                        [-90.19636519161226, 38.632765154468075],
                        [-90.19673417756233, 38.63177513748881],
                        [-90.1974812015671, 38.62974113886918],
                        [-90.19775119481466, 38.62897613690228],
                        [-90.19801217360997, 38.62813914062208],
                        [-90.19827319487226, 38.62749114602434],
                        [-90.19954217669013, 38.62435914753171],
                        [-90.20001018875126, 38.6230451350369],
                        [-90.20172917973953, 38.61876113982144],
                        [-90.20316019004228, 38.61905815329432],
                        [-90.20453717709697, 38.619328130260186],
                        [-90.20928920537584, 38.62030014480504],
                        [-90.21225020380238, 38.620930129546785],
                        [-90.22342821086603, 38.623225134877806],
                        [-90.23673918414003, 38.626015136141774],
                        [-90.23558720997684, 38.62933614586499]
                    ]
                ]
            }
        },
        {
            "id": "3",
            "type": "Feature",
            "properties": {
                "city_zip": "63104",
                "source_area_sq_m": 8819202.496268127,
                "city_area_sq_m": 8818907.86092003,
                "city_area_share": 0.9999665916109511,
                "total_population": 17214.235611288954,
                "race_total": 17214.235611288954,
                "race_white_non_hispanic": 9199.674635393843,
                "race_black_non_hispanic": 5717.935143217497,
                "race_other": 2296.625832677613,
                "poverty_universe": 17023.39840214557,
                "poverty_below": 2946.657538916209,
                "school_age_5_17": 2251.1720118171042,
                "school_age_white_non_hispanic_5_17": 641.2520516357204,
                "school_age_black_alone_5_17": 1094.8286356749031,
                "school_age_other_or_unclassified_5_17": 515.0913245064806,
                "race_white_share": 0.53442248863846,
                "race_black_share": 0.3321631742665194,
                "race_other_share": 0.13341433709502062,
                "poverty_rate": 0.17309455311489524,
                "school_age_5_17_per_capita": 0.1307738584884248,
                "school_age_white_non_hispanic_5_17_share": 0.2848525338221994,
                "school_age_black_alone_5_17_share": 0.48633717455965425,
                "school_age_other_or_unclassified_5_17_share": 0.22881029161814628,
                "acs_allocation_method": "area_weighted_from_census_geography",
                "zhvi_typical_home_value": 296384.7839314241,
                "zhvi_month": "2026-07-31",
                "tornado_damage_intersects": false,
                "tornado_max_efscale": "<NA>",
                "tornado_damage_area_sq_m": 0.0,
                "tornado_damage_area_share": 0.0,
                "tornado_damage_point_count": 0,
                "tornado_ef2_plus_point_count": 0,
                "tornado_distance_to_path_m": 3883.052065588656
            },
            "geometry": {
                "type": "Polygon",
                "coordinates": [
                    [
                        [-90.20449219428443, 38.593237128474186],
                        [-90.20043318885544, 38.59726014822365],
                        [-90.20396118796161, 38.59939313226653],
                        [-90.2110351828815, 38.601814135014195],
                        [-90.21452720057053, 38.60278614359743],
                        [-90.21470720087208, 38.60283114889407],
                        [-90.21902719312166, 38.604028145202754],
                        [-90.22289719058458, 38.60505413569184],
                        [-90.22525519127726, 38.60580112415396],
                        [-90.227442203224, 38.606386124032696],
                        [-90.23316619747551, 38.607097139301175],
                        [-90.23430920469406, 38.60724112810592],
                        [-90.23773818370375, 38.60767313646042],
                        [-90.24117619006824, 38.608078127593664],
                        [-90.24099619327563, 38.60898712684005],
                        [-90.24054620224554, 38.61126412531874],
                        [-90.24052820172639, 38.611345145103094],
                        [-90.23999721681494, 38.613451137132685],
                        [-90.2394392019406, 38.616151146915804],
                        [-90.23937620411797, 38.61654713365501],
                        [-90.23855719131781, 38.620669137809216],
                        [-90.23818821463895, 38.62182113378354],
                        [-90.23673918414003, 38.626015136141774],
                        [-90.22342821086603, 38.623225134877806],
                        [-90.21225020380238, 38.620930129546785],
                        [-90.20928920537584, 38.62030014480504],
                        [-90.20453717709697, 38.619328130260186],
                        [-90.20316019004228, 38.61905815329432],
                        [-90.20172917973953, 38.61876113982144],
                        [-90.20010018989262, 38.61843713069772],
                        [-90.19572617653547, 38.6175371483937],
                        [-90.19133418624932, 38.61643913735366],
                        [-90.18909316906635, 38.61526014583473],
                        [-90.18795019288856, 38.61472914461748],
                        [-90.18714917319758, 38.61442314207255],
                        [-90.18840918753068, 38.6116421358969],
                        [-90.1927381724205, 38.60424413531478],
                        [-90.19458318460964, 38.60214714787859],
                        [-90.19529418720094, 38.59982514617904],
                        [-90.2028406832338, 38.59231294335303],
                        [-90.20330183486288, 38.592013009249314],
                        [-90.20449219428443, 38.593237128474186]
                    ]
                ]
            }
        },
        {
            "id": "4",
            "type": "Feature",
            "properties": {
                "city_zip": "63105",
                "source_area_sq_m": 6803371.4770314265,
                "city_area_sq_m": 263306.3803655271,
                "city_area_share": 0.03870233769454815,
                "total_population": 858.7017039791164,
                "race_total": 858.7017039791164,
                "race_white_non_hispanic": 516.2531019940491,
                "race_black_non_hispanic": 148.25369425485144,
                "race_other": 194.19490773021587,
                "poverty_universe": 717.1967544078562,
                "poverty_below": 135.38650983280328,
                "school_age_5_17": 94.28529644111562,
                "school_age_white_non_hispanic_5_17": 47.957177467408286,
                "school_age_black_alone_5_17": 19.039992819337858,
                "school_age_other_or_unclassified_5_17": 27.28812615436946,
                "race_white_share": 0.6012019070205599,
                "race_black_share": 0.1726486550193884,
                "race_other_share": 0.2261494379600517,
                "poverty_rate": 0.18877178263945618,
                "school_age_5_17_per_capita": 0.10979982455398579,
                "school_age_white_non_hispanic_5_17_share": 0.5086389848427658,
                "school_age_black_alone_5_17_share": 0.2019402127162954,
                "school_age_other_or_unclassified_5_17_share": 0.28942080244093865,
                "acs_allocation_method": "area_weighted_from_census_geography",
                "zhvi_typical_home_value": 816600.268270213,
                "zhvi_month": "2026-07-31",
                "tornado_damage_intersects": true,
                "tornado_max_efscale": "1",
                "tornado_damage_area_sq_m": 249027.62496263138,
                "tornado_damage_area_share": 0.945771327747518,
                "tornado_damage_point_count": 38,
                "tornado_ef2_plus_point_count": 0,
                "tornado_distance_to_path_m": 0.0
            },
            "geometry": {
                "type": "Polygon",
                "coordinates": [
                    [
                        [-90.30278120396994, 38.646139150347054],
                        [-90.3012062075146, 38.6459951522301],
                        [-90.30293423295376, 38.64055912868154],
                        [-90.30316821689223, 38.63947013489332],
                        [-90.30343823393297, 38.638030134850915],
                        [-90.30352822528538, 38.637319147502595],
                        [-90.30405021825919, 38.63419612698255],
                        [-90.30430220296459, 38.633413137577456],
                        [-90.30452722820924, 38.63269314864352],
                        [-90.30611122556887, 38.63357513778705],
                        [-90.30625917583333, 38.6335925360224],
                        [-90.30616308458201, 38.634571718984795],
                        [-90.305945059782, 38.63554272682351],
                        [-90.3057580598013, 38.63643072169128],
                        [-90.30562508499982, 38.6373157302501],
                        [-90.3055550880952, 38.637747739522396],
                        [-90.3053750746191, 38.6385857420338],
                        [-90.3051790641264, 38.63962872765429],
                        [-90.3050030563084, 38.6407167509511],
                        [-90.3048160852724, 38.64173973286901],
                        [-90.3036740610535, 38.64472974532049],
                        [-90.30319938622047, 38.64617995062133],
                        [-90.30278120396994, 38.646139150347054]
                    ]
                ]
            }
        },
        {
            "id": "5",
            "type": "Feature",
            "properties": {
                "city_zip": "63106",
                "source_area_sq_m": 5736293.950770973,
                "city_area_sq_m": 5736293.950770973,
                "city_area_share": 1.0,
                "total_population": 6235.40032861214,
                "race_total": 6235.40032861214,
                "race_white_non_hispanic": 793.3286347933415,
                "race_black_non_hispanic": 5087.36398176461,
                "race_other": 354.707712054188,
                "poverty_universe": 6071.251327519651,
                "poverty_below": 2562.93002903639,
                "school_age_5_17": 1030.1839132811062,
                "school_age_white_non_hispanic_5_17": 60.928780064984316,
                "school_age_black_alone_5_17": 937.355833666014,
                "school_age_other_or_unclassified_5_17": 31.899299550108047,
                "race_white_share": 0.12722978365206564,
                "race_black_share": 0.8158840994411249,
                "race_other_share": 0.05688611690680941,
                "poverty_rate": 0.42214197548027543,
                "school_age_5_17_per_capita": 0.16521536052046912,
                "school_age_white_non_hispanic_5_17_share": 0.05914359492464593,
                "school_age_black_alone_5_17_share": 0.9098917402821429,
                "school_age_other_or_unclassified_5_17_share": 0.030964664793211236,
                "acs_allocation_method": "area_weighted_from_census_geography",
                "zhvi_typical_home_value": 117824.43301373546,
                "zhvi_month": "2026-07-31",
                "tornado_damage_intersects": false,
                "tornado_max_efscale": "<NA>",
                "tornado_damage_area_sq_m": 0.0,
                "tornado_damage_area_share": 0.0,
                "tornado_damage_point_count": 0,
                "tornado_ef2_plus_point_count": 0,
                "tornado_distance_to_path_m": 1918.9933927012755
            },
            "geometry": {
                "type": "Polygon",
                "coordinates": [
                    [
                        [-90.18745516909938, 38.635897133354646],
                        [-90.19078518804992, 38.63654514801437],
                        [-90.19471818699459, 38.63734613540079],
                        [-90.19618519666386, 38.63325115397828],
                        [-90.20718317643419, 38.63557313420834],
                        [-90.21164720732835, 38.63651813555721],
                        [-90.21891018106137, 38.63814714109171],
                        [-90.22433719107056, 38.6392631431912],
                        [-90.22562421071765, 38.639533154268776],
                        [-90.22938621571609, 38.64039713130759],
                        [-90.23028620243457, 38.64077515321288],
                        [-90.22931420539116, 38.64236814704286],
                        [-90.22839619915788, 38.644033145847196],
                        [-90.22687520018908, 38.64670615489123],
                        [-90.22440018433831, 38.650477131180985],
                        [-90.22113319398153, 38.65507614476982],
                        [-90.22015218483978, 38.6546171570826],
                        [-90.21919818710796, 38.65415814401072],
                        [-90.21730818869297, 38.65333915621611],
                        [-90.21429320008684, 38.65337513434336],
                        [-90.21306018974202, 38.65339315030708],
                        [-90.21102620577007, 38.65297013392246],
                        [-90.20451020457496, 38.65159314895972],
                        [-90.20364620854416, 38.65140415910222],
                        [-90.20001020517014, 38.65067513339064],
                        [-90.19390817443258, 38.65243013490719],
                        [-90.19122619085962, 38.647147153244084],
                        [-90.191370202078, 38.646895156927705],
                        [-90.18730218613267, 38.63973114569081],
                        [-90.18696020152215, 38.63934415548245],
                        [-90.18635718583351, 38.63565414691022],
                        [-90.18745516909938, 38.635897133354646]
                    ]
                ]
            }
        },
        {
            "id": "6",
            "type": "Feature",
            "properties": {
                "city_zip": "63107",
                "source_area_sq_m": 6819699.83763966,
                "city_area_sq_m": 6819699.837639661,
                "city_area_share": 1.0000000000000002,
                "total_population": 7118.608477993402,
                "race_total": 7118.608477993402,
                "race_white_non_hispanic": 452.04377469769133,
                "race_black_non_hispanic": 6333.53977067239,
                "race_other": 333.02493262332007,
                "poverty_universe": 7034.14678351638,
                "poverty_below": 2005.7070829435556,
                "school_age_5_17": 1292.9797023271067,
                "school_age_white_non_hispanic_5_17": 62.56450326520791,
                "school_age_black_alone_5_17": 1209.779970804368,
                "school_age_other_or_unclassified_5_17": 20.635228257530652,
                "race_white_share": 0.06350170487605096,
                "race_black_share": 0.8897159873663528,
                "race_other_share": 0.0467823077575961,
                "poverty_rate": 0.2851386450512623,
                "school_age_5_17_per_capita": 0.181633771027617,
                "school_age_white_non_hispanic_5_17_share": 0.048387846423732894,
                "school_age_black_alone_5_17_share": 0.9356527164556446,
                "school_age_other_or_unclassified_5_17_share": 0.015959437120622498,
                "acs_allocation_method": "area_weighted_from_census_geography",
                "zhvi_typical_home_value": 45453.80333641297,
                "zhvi_month": "2026-07-31",
                "tornado_damage_intersects": true,
                "tornado_max_efscale": "2",
                "tornado_damage_area_sq_m": 3603999.8870131806,
                "tornado_damage_area_share": 0.5284689902511326,
                "tornado_damage_point_count": 17,
                "tornado_ef2_plus_point_count": 2,
                "tornado_distance_to_path_m": 0.0
            },
            "geometry": {
                "type": "Polygon",
                "coordinates": [
                    [
                        [-90.22525520302383, 38.683309147723534],
                        [-90.22058421148876, 38.68401116201589],
                        [-90.21900021596993, 38.68376814491069],
                        [-90.21305120389022, 38.680672148046376],
                        [-90.20752520895586, 38.67691014665996],
                        [-90.20449217827574, 38.672905155746044],
                        [-90.20217920731237, 38.66963814984169],
                        [-90.1973911774082, 38.66189815341405],
                        [-90.19634720615555, 38.65842415881114],
                        [-90.1948711776867, 38.654041148035155],
                        [-90.19390817443258, 38.65243013490719],
                        [-90.20001020517014, 38.65067513339064],
                        [-90.20364620854416, 38.65140415910222],
                        [-90.20451020457496, 38.65159314895972],
                        [-90.21102620577007, 38.65297013392246],
                        [-90.21306018974202, 38.65339315030708],
                        [-90.21429320008684, 38.65337513434336],
                        [-90.21730818869297, 38.65333915621611],
                        [-90.21919818710796, 38.65415814401072],
                        [-90.22015218483978, 38.6546171570826],
                        [-90.22113319398153, 38.65507614476982],
                        [-90.22476019696856, 38.656624145327186],
                        [-90.22499420898635, 38.65630015681875],
                        [-90.22729818287803, 38.657308136136756],
                        [-90.23202319178664, 38.65936014312234],
                        [-90.23084421251653, 38.66117813642562],
                        [-90.23024120209266, 38.66210513788254],
                        [-90.22932319362927, 38.66172715783966],
                        [-90.2276671897857, 38.66408514814186],
                        [-90.22667718502721, 38.66550713918334],
                        [-90.22885521223539, 38.66649713585668],
                        [-90.22629921189541, 38.67007914281547],
                        [-90.22406720747625, 38.6690981427343],
                        [-90.22164618223391, 38.67249114359736],
                        [-90.22188920529884, 38.672770156044734],
                        [-90.21937819913681, 38.67409314649287],
                        [-90.2201071953545, 38.67488516264888],
                        [-90.22438221639814, 38.67991615960723],
                        [-90.22481420873137, 38.680960151156846],
                        [-90.22566921922089, 38.68195913939404],
                        [-90.2265422151143, 38.68245415388733],
                        [-90.22525520302383, 38.683309147723534]
                    ]
                ]
            }
        },
        {
            "id": "7",
            "type": "Feature",
            "properties": {
                "city_zip": "63108",
                "source_area_sq_m": 5586138.173009553,
                "city_area_sq_m": 5586138.173009553,
                "city_area_share": 1.0,
                "total_population": 17585.37100446897,
                "race_total": 17585.37100446897,
                "race_white_non_hispanic": 9337.475618818005,
                "race_black_non_hispanic": 4449.138810330673,
                "race_other": 3798.7565753202925,
                "poverty_universe": 14957.555758229886,
                "poverty_below": 3662.3843699298336,
                "school_age_5_17": 864.8936217798831,
                "school_age_white_non_hispanic_5_17": 347.80055110708054,
                "school_age_black_alone_5_17": 394.15994097515954,
                "school_age_other_or_unclassified_5_17": 122.93312969764297,
                "race_white_share": 0.5309797340326271,
                "race_black_share": 0.2530022715585593,
                "race_other_share": 0.21601799440881372,
                "poverty_rate": 0.24485179457978828,
                "school_age_5_17_per_capita": 0.04918256325442823,
                "school_age_white_non_hispanic_5_17_share": 0.4021310162876844,
                "school_age_black_alone_5_17_share": 0.45573227857087134,
                "school_age_other_or_unclassified_5_17_share": 0.14213670514144416,
                "acs_allocation_method": "area_weighted_from_census_geography",
                "zhvi_typical_home_value": 319599.7603397646,
                "zhvi_month": "2026-07-31",
                "tornado_damage_intersects": true,
                "tornado_max_efscale": "2",
                "tornado_damage_area_sq_m": 3308562.6054177457,
                "tornado_damage_area_share": 0.5922808392752339,
                "tornado_damage_point_count": 15,
                "tornado_ef2_plus_point_count": 3,
                "tornado_distance_to_path_m": 0.0
            },
            "geometry": {
                "type": "Polygon",
                "coordinates": [
                    [
                        [-90.24232820503578, 38.63472714698217],
                        [-90.25201220950014, 38.636743147858695],
                        [-90.26237120032212, 38.63899315044855],
                        [-90.26557521353807, 38.63966813564851],
                        [-90.26567420111458, 38.639686127421754],
                        [-90.26518820660228, 38.64246715054152],
                        [-90.26483720943482, 38.64393413690859],
                        [-90.26480122317209, 38.64411414143597],
                        [-90.27091219980804, 38.644681134899876],
                        [-90.27466521288406, 38.64503213008364],
                        [-90.27427820424496, 38.64763313684646],
                        [-90.27424221886419, 38.64783113042702],
                        [-90.27408919741792, 38.648803135858955],
                        [-90.2739632082698, 38.65034214092463],
                        [-90.27360320550684, 38.65156614871986],
                        [-90.27326119944331, 38.65342012934453],
                        [-90.27311719989318, 38.65426614021429],
                        [-90.27282022256793, 38.65614714341567],
                        [-90.26656521074918, 38.6554811376727],
                        [-90.26292019420345, 38.65509413008678],
                        [-90.26283020938953, 38.6557061481884],
                        [-90.25908619930442, 38.65498615345653],
                        [-90.25835721147124, 38.65530114319412],
                        [-90.25856420674074, 38.65412214811701],
                        [-90.25708820033452, 38.6539961303754],
                        [-90.25423521928946, 38.653789143743055],
                        [-90.25168819588953, 38.65276313720463],
                        [-90.25199419265708, 38.652322134420025],
                        [-90.22931420539116, 38.64236814704286],
                        [-90.23028620243457, 38.64077515321288],
                        [-90.23067321177766, 38.64024413297481],
                        [-90.23220320736182, 38.63818312898303],
                        [-90.23277920793683, 38.6372561345176],
                        [-90.23332819703569, 38.63573513248837],
                        [-90.23380519303237, 38.63443913029128],
                        [-90.23428219643306, 38.633089140019806],
                        [-90.24232820503578, 38.63472714698217]
                    ]
                ]
            }
        },
        {
            "id": "8",
            "type": "Feature",
            "properties": {
                "city_zip": "63109",
                "source_area_sq_m": 9722759.72567106,
                "city_area_sq_m": 9706256.116511716,
                "city_area_share": 0.9983025797587315,
                "total_population": 25270.51657233812,
                "race_total": 25270.51657233812,
                "race_white_non_hispanic": 21484.68865451909,
                "race_black_non_hispanic": 1459.5365494890207,
                "race_other": 2326.291368330011,
                "poverty_universe": 25174.839639951562,
                "poverty_below": 2471.767742986696,
                "school_age_5_17": 2332.0977605618305,
                "school_age_white_non_hispanic_5_17": 1876.5366746387963,
                "school_age_black_alone_5_17": 121.23817476501985,
                "school_age_other_or_unclassified_5_17": 334.3229111580143,
                "race_white_share": 0.8501879489886204,
                "race_black_share": 0.05775649838067315,
                "race_other_share": 0.09205555263070644,
                "poverty_rate": 0.09818405115336225,
                "school_age_5_17_per_capita": 0.09228532206241545,
                "school_age_white_non_hispanic_5_17_share": 0.8046560939137971,
                "school_age_black_alone_5_17_share": 0.05198674635998626,
                "school_age_other_or_unclassified_5_17_share": 0.14335715972621657,
                "acs_allocation_method": "area_weighted_from_census_geography",
                "zhvi_typical_home_value": 276170.9633366937,
                "zhvi_month": "2026-07-31",
                "tornado_damage_intersects": false,
                "tornado_max_efscale": "<NA>",
                "tornado_damage_area_sq_m": 0.0,
                "tornado_damage_area_share": 0.0,
                "tornado_damage_point_count": 0,
                "tornado_ef2_plus_point_count": 0,
                "tornado_distance_to_path_m": 4591.846820875421
            },
            "geometry": {
                "type": "Polygon",
                "coordinates": [
                    [
                        [-90.31889123371708, 38.59808813493911],
                        [-90.31808121110991, 38.59866412988336],
                        [-90.31615520379559, 38.599510136661245],
                        [-90.31569621494232, 38.59969012462464],
                        [-90.31581320830783, 38.59917712039844],
                        [-90.31591221864736, 38.59908712708112],
                        [-90.31523723425511, 38.59903312221198],
                        [-90.30602121276388, 38.59803411979097],
                        [-90.29940622971361, 38.59736811772676],
                        [-90.29783122680107, 38.59719713631095],
                        [-90.29526620890798, 38.59695413785113],
                        [-90.29103620552105, 38.5965401247809],
                        [-90.28526720824497, 38.59591912277332],
                        [-90.28146922344739, 38.59553213768516],
                        [-90.2759612140343, 38.59492912162001],
                        [-90.27264019103941, 38.59457812952693],
                        [-90.27131721830106, 38.594434136406086],
                        [-90.27230720995361, 38.592913141286125],
                        [-90.27428720423825, 38.5900511220983],
                        [-90.27528620960247, 38.588629136433866],
                        [-90.27584420481266, 38.58781913823965],
                        [-90.27628520252037, 38.586973132728616],
                        [-90.27666321765975, 38.58497513866262],
                        [-90.2770592015808, 38.58430912354005],
                        [-90.27882319833677, 38.580970134090684],
                        [-90.27984919529564, 38.579872125808144],
                        [-90.28216221743672, 38.57843214011859],
                        [-90.28284621627623, 38.57724411411133],
                        [-90.28310719177485, 38.576749119515235],
                        [-90.28457419678485, 38.57378812714054],
                        [-90.28374621672445, 38.57135813852828],
                        [-90.2851142124593, 38.57009812426153],
                        [-90.28655419346529, 38.568856129467605],
                        [-90.28919120122175, 38.56727212797487],
                        [-90.29505020593031, 38.56370812631778],
                        [-90.29561721829849, 38.56332111371539],
                        [-90.29698047487567, 38.5624421953353],
                        [-90.2970139277065, 38.56246746410875],
                        [-90.2975062328639, 38.56295338870459],
                        [-90.3026090829283, 38.567999585138],
                        [-90.3039100622528, 38.569285586222506],
                        [-90.3050020627005, 38.57036459228],
                        [-90.3068360784215, 38.572176582967195],
                        [-90.3075960773847, 38.57292758920781],
                        [-90.3103250789694, 38.57558759506751],
                        [-90.31037699032076, 38.57564966225862],
                        [-90.30858623018614, 38.57550713661482],
                        [-90.31008020226369, 38.577919140221304],
                        [-90.31054823092181, 38.57907113659483],
                        [-90.31168221967789, 38.58372413207491],
                        [-90.31398620766137, 38.58625312429842],
                        [-90.3132752059867, 38.58676611501566],
                        [-90.31282522266523, 38.58709013225007],
                        [-90.31286122270596, 38.587144119387034],
                        [-90.31288821961948, 38.58718914169576],
                        [-90.3172892092505, 38.592112127915435],
                        [-90.31791023205989, 38.59207613464774],
                        [-90.31832422305327, 38.59293112341487],
                        [-90.31863920695474, 38.59302112961286],
                        [-90.32000781460849, 38.5931740826342],
                        [-90.31905056484814, 38.597692103404924],
                        [-90.31889123371708, 38.59808813493911]
                    ]
                ]
            }
        },
        {
            "id": "9",
            "type": "Feature",
            "properties": {
                "city_zip": "63110",
                "source_area_sq_m": 16329890.887287907,
                "city_area_sq_m": 16329890.887287896,
                "city_area_share": 0.9999999999999993,
                "total_population": 23510.79058998952,
                "race_total": 23510.79058998952,
                "race_white_non_hispanic": 15440.598558135138,
                "race_black_non_hispanic": 4242.21637612062,
                "race_other": 3827.9756557337605,
                "poverty_universe": 22758.651877670796,
                "poverty_below": 2358.4783111620436,
                "school_age_5_17": 2024.240044973526,
                "school_age_white_non_hispanic_5_17": 1051.4860403164512,
                "school_age_black_alone_5_17": 656.8954768162197,
                "school_age_other_or_unclassified_5_17": 315.8585278408552,
                "race_white_share": 0.6567451868126235,
                "race_black_share": 0.18043699380857406,
                "race_other_share": 0.16281781937880238,
                "poverty_rate": 0.10362996559897374,
                "school_age_5_17_per_capita": 0.08609834013133577,
                "school_age_white_non_hispanic_5_17_share": 0.5194473071152996,
                "school_age_black_alone_5_17_share": 0.3245146139892766,
                "school_age_other_or_unclassified_5_17_share": 0.15603807889542376,
                "acs_allocation_method": "area_weighted_from_census_geography",
                "zhvi_typical_home_value": 309369.0585785459,
                "zhvi_month": "2026-07-31",
                "tornado_damage_intersects": true,
                "tornado_max_efscale": "1",
                "tornado_damage_area_sq_m": 1688697.9197222174,
                "tornado_damage_area_share": 0.10341146376164194,
                "tornado_damage_point_count": 63,
                "tornado_ef2_plus_point_count": 0,
                "tornado_distance_to_path_m": 0.0
            },
            "geometry": {
                "type": "Polygon",
                "coordinates": [
                    [
                        [-90.24137421208117, 38.60719613332561],
                        [-90.2492042139388, 38.60794312650709],
                        [-90.25476620402623, 38.60843814335629],
                        [-90.25793418936058, 38.608807147510106],
                        [-90.26295619220261, 38.609275147197486],
                        [-90.26827520190182, 38.60984212638144],
                        [-90.26817618940052, 38.61030113222733],
                        [-90.26794221528831, 38.611318146280425],
                        [-90.27150620749843, 38.611723126877784],
                        [-90.27370221710002, 38.61119212989481],
                        [-90.2750432203383, 38.61103012486973],
                        [-90.27826521349496, 38.61130913724319],
                        [-90.28031721950515, 38.611489131408675],
                        [-90.28164919432952, 38.61162414319677],
                        [-90.28625722272285, 38.6120651349216],
                        [-90.28758022546756, 38.612200144801],
                        [-90.28726521190471, 38.61313612751859],
                        [-90.28709420116517, 38.614702122160985],
                        [-90.2871301999237, 38.61509812320237],
                        [-90.287427219309, 38.61765413381781],
                        [-90.28861521606827, 38.620165129849745],
                        [-90.28811121077746, 38.622217128367836],
                        [-90.28806620058315, 38.6224421303404],
                        [-90.28746321736035, 38.62726614811325],
                        [-90.28708523144742, 38.62948012983826],
                        [-90.28675221491851, 38.63091113689831],
                        [-90.29333122288466, 38.63156812514019],
                        [-90.29538320797451, 38.631775149370405],
                        [-90.30452722820924, 38.63269314864352],
                        [-90.30430220296459, 38.633413137577456],
                        [-90.30405021825919, 38.63419612698255],
                        [-90.30352822528538, 38.637319147502595],
                        [-90.30343823393297, 38.638030134850915],
                        [-90.30316821689223, 38.63947013489332],
                        [-90.30293423295376, 38.64055912868154],
                        [-90.3012062075146, 38.6459951522301],
                        [-90.29991021512492, 38.645509140165636],
                        [-90.29843423354546, 38.64396114994103],
                        [-90.29597722693337, 38.64287214440489],
                        [-90.29217922014722, 38.64366413644238],
                        [-90.28885821900812, 38.642107131381024],
                        [-90.28690521230965, 38.64264714468038],
                        [-90.28517722141105, 38.64355615013663],
                        [-90.28326920167089, 38.64352915289875],
                        [-90.2812352033557, 38.64403314244731],
                        [-90.27548422159438, 38.643628153110704],
                        [-90.27455722267828, 38.644744150204396],
                        [-90.27466521288406, 38.64503213008364],
                        [-90.27091219980804, 38.644681134899876],
                        [-90.26480122317209, 38.64411414143597],
                        [-90.26483720943482, 38.64393413690859],
                        [-90.26518820660228, 38.64246715054152],
                        [-90.26567420111458, 38.639686127421754],
                        [-90.26557521353807, 38.63966813564851],
                        [-90.26237120032212, 38.63899315044855],
                        [-90.25201220950014, 38.636743147858695],
                        [-90.24232820503578, 38.63472714698217],
                        [-90.23428219643306, 38.633089140019806],
                        [-90.2348041912498, 38.63152314659412],
                        [-90.23509219116237, 38.63067714945102],
                        [-90.23544321394988, 38.62975015257399],
                        [-90.23558720997684, 38.62933614586499],
                        [-90.23673918414003, 38.626015136141774],
                        [-90.23818821463895, 38.62182113378354],
                        [-90.23855719131781, 38.620669137809216],
                        [-90.23937620411797, 38.61654713365501],
                        [-90.2394392019406, 38.616151146915804],
                        [-90.23999721681494, 38.613451137132685],
                        [-90.24052820172639, 38.611345145103094],
                        [-90.24054620224554, 38.61126412531874],
                        [-90.24099619327563, 38.60898712684005],
                        [-90.24117619006824, 38.608078127593664],
                        [-90.24137421208117, 38.60719613332561]
                    ]
                ]
            }
        },
        {
            "id": "10",
            "type": "Feature",
            "properties": {
                "city_zip": "63111",
                "source_area_sq_m": 8322838.878876527,
                "city_area_sq_m": 8321282.691955096,
                "city_area_share": 0.9998130221017038,
                "total_population": 16817.093633780838,
                "race_total": 16817.093633780838,
                "race_white_non_hispanic": 6233.63237680301,
                "race_black_non_hispanic": 7757.013870339805,
                "race_other": 2826.447386638023,
                "poverty_universe": 16526.782519947876,
                "poverty_below": 3309.699869978782,
                "school_age_5_17": 2863.462173308475,
                "school_age_white_non_hispanic_5_17": 282.4794330047343,
                "school_age_black_alone_5_17": 1659.362632557938,
                "school_age_other_or_unclassified_5_17": 921.6201077458027,
                "race_white_share": 0.3706723951564012,
                "race_black_share": 0.4612576964403726,
                "race_other_share": 0.16806990840322616,
                "poverty_rate": 0.20026280771734997,
                "school_age_5_17_per_capita": 0.17027093002304394,
                "school_age_white_non_hispanic_5_17_share": 0.09864961222042425,
                "school_age_black_alone_5_17_share": 0.5794952166735601,
                "school_age_other_or_unclassified_5_17_share": 0.32185517110601564,
                "acs_allocation_method": "area_weighted_from_census_geography",
                "zhvi_typical_home_value": 123200.08530266902,
                "zhvi_month": "2026-07-31",
                "tornado_damage_intersects": false,
                "tornado_max_efscale": "<NA>",
                "tornado_damage_area_sq_m": 0.0,
                "tornado_damage_area_share": 0.0,
                "tornado_damage_point_count": 0,
                "tornado_ef2_plus_point_count": 0,
                "tornado_distance_to_path_m": 8143.602584240176
            },
            "geometry": {
                "type": "Polygon",
                "coordinates": [
                    [
                        [-90.26231719484097, 38.533855109475425],
                        [-90.26262318321088, 38.53389112589253],
                        [-90.26276720477145, 38.534044120406854],
                        [-90.26317220226133, 38.53431412729459],
                        [-90.26383820845302, 38.534629116493846],
                        [-90.26939121050059, 38.538436125754295],
                        [-90.27019220178688, 38.539201133038624],
                        [-90.27026418523147, 38.540686126943825],
                        [-90.27011118993775, 38.542036126998674],
                        [-90.27057919424897, 38.543737124770765],
                        [-90.27120919525197, 38.54506913284165],
                        [-90.27210021734616, 38.547715121162696],
                        [-90.27130819749402, 38.55317811780697],
                        [-90.27052520783009, 38.553232136254756],
                        [-90.26621421227509, 38.55365513390123],
                        [-90.26715018446959, 38.55426712392344],
                        [-90.2630461951869, 38.557759132037866],
                        [-90.2623171832835, 38.55840712710262],
                        [-90.26132719605097, 38.557903124924685],
                        [-90.26103020699192, 38.55934312884996],
                        [-90.26223621675605, 38.56040513866567],
                        [-90.26147118594993, 38.561899138431095],
                        [-90.2609221967684, 38.56230411786109],
                        [-90.26016621115006, 38.56243012109778],
                        [-90.2595902065422, 38.56251112522031],
                        [-90.25654818846178, 38.56603011903759],
                        [-90.25437019847517, 38.568550141088835],
                        [-90.24931218783146, 38.574616118842975],
                        [-90.24913219856963, 38.57482313465875],
                        [-90.24593719025656, 38.578630142361156],
                        [-90.24422720914069, 38.58093413624673],
                        [-90.24209418054836, 38.58069113565726],
                        [-90.23985319533666, 38.58039411772937],
                        [-90.23302219524183, 38.57953913663781],
                        [-90.23072720479446, 38.57926013608601],
                        [-90.22624518759827, 38.57860312402798],
                        [-90.22441819492883, 38.577766130122036],
                        [-90.23265319179693, 38.570530137011126],
                        [-90.2339851776094, 38.56882013938579],
                        [-90.23522718119322, 38.56793812817052],
                        [-90.23897120264931, 38.56335712070979],
                        [-90.24249019377417, 38.55856012857464],
                        [-90.24539720200214, 38.55579713692221],
                        [-90.24514519300354, 38.55536511680042],
                        [-90.24861918268628, 38.55169312839956],
                        [-90.25232718115467, 38.546140135514214],
                        [-90.25221921390003, 38.54469111042567],
                        [-90.25623318410896, 38.53891313521432],
                        [-90.26022033794305, 38.53367341668802],
                        [-90.26108627462354, 38.533347120145606],
                        [-90.26231719484097, 38.533855109475425]
                    ]
                ]
            }
        },
        {
            "id": "11",
            "type": "Feature",
            "properties": {
                "city_zip": "63112",
                "source_area_sq_m": 8293684.27024886,
                "city_area_sq_m": 8288486.610634452,
                "city_area_share": 0.9993732990737236,
                "total_population": 16589.84997654311,
                "race_total": 16589.84997654311,
                "race_white_non_hispanic": 3676.7943971627474,
                "race_black_non_hispanic": 10835.494602532244,
                "race_other": 2077.560976848119,
                "poverty_universe": 16044.445265605435,
                "poverty_below": 4161.7245586837535,
                "school_age_5_17": 2046.0281352546879,
                "school_age_white_non_hispanic_5_17": 243.60650118615519,
                "school_age_black_alone_5_17": 1646.8644721970977,
                "school_age_other_or_unclassified_5_17": 155.55716187143514,
                "race_white_share": 0.22162915290743904,
                "race_black_share": 0.6531399993280756,
                "race_other_share": 0.1252308477644852,
                "poverty_rate": 0.2593872514623653,
                "school_age_5_17_per_capita": 0.1233301167971759,
                "school_age_white_non_hispanic_5_17_share": 0.11906312380979613,
                "school_age_black_alone_5_17_share": 0.8049080283014277,
                "school_age_other_or_unclassified_5_17_share": 0.07602884788877623,
                "acs_allocation_method": "area_weighted_from_census_geography",
                "zhvi_typical_home_value": 149396.88123471686,
                "zhvi_month": "2026-07-31",
                "tornado_damage_intersects": true,
                "tornado_max_efscale": "2",
                "tornado_damage_area_sq_m": 5511125.095182718,
                "tornado_damage_area_share": 0.6649133133798981,
                "tornado_damage_point_count": 132,
                "tornado_ef2_plus_point_count": 25,
                "tornado_distance_to_path_m": 0.0
            },
            "geometry": {
                "type": "Polygon",
                "coordinates": [
                    [
                        [-90.28898420194315, 38.67003414211928],
                        [-90.28713921987898, 38.67263515112828],
                        [-90.28370120511693, 38.677360140544565],
                        [-90.2831162014217, 38.678026146421],
                        [-90.28320620433854, 38.67808013298674],
                        [-90.2827382058736, 38.678764146156155],
                        [-90.28225221536395, 38.67947514407016],
                        [-90.27941722163776, 38.678179149960066],
                        [-90.27831023208103, 38.67968213893952],
                        [-90.27103822335802, 38.676532147420964],
                        [-90.27078619774592, 38.676892135263365],
                        [-90.26949920538254, 38.676352151258996],
                        [-90.27046221097106, 38.67498414285342],
                        [-90.26905820202727, 38.674354133026384],
                        [-90.26732121569769, 38.676784134025624],
                        [-90.26478320767129, 38.67564115726313],
                        [-90.26606122896274, 38.67383213979232],
                        [-90.2630102004848, 38.67251815226299],
                        [-90.26416221467375, 38.67087115572815],
                        [-90.2666552176385, 38.66730714041667],
                        [-90.26774421535346, 38.665795133863774],
                        [-90.26882422741436, 38.66458015073384],
                        [-90.27095720706046, 38.66219513422083],
                        [-90.27203719608323, 38.66095315608092],
                        [-90.27226219739757, 38.659585144238626],
                        [-90.27257721084516, 38.65756913481855],
                        [-90.27279322107854, 38.65633614663096],
                        [-90.27282022256793, 38.65614714341567],
                        [-90.27311719989318, 38.65426614021429],
                        [-90.27326119944331, 38.65342012934453],
                        [-90.27360320550684, 38.65156614871986],
                        [-90.2739632082698, 38.65034214092463],
                        [-90.27408919741792, 38.648803135858955],
                        [-90.27424221886419, 38.64783113042702],
                        [-90.27427820424496, 38.64763313684646],
                        [-90.27466521288406, 38.64503213008364],
                        [-90.27455722267828, 38.644744150204396],
                        [-90.27548422159438, 38.643628153110704],
                        [-90.2812352033557, 38.64403314244731],
                        [-90.28326920167089, 38.64352915289875],
                        [-90.28517722141105, 38.64355615013663],
                        [-90.28690521230965, 38.64264714468038],
                        [-90.28885821900812, 38.642107131381024],
                        [-90.29217922014722, 38.64366413644238],
                        [-90.29597722693337, 38.64287214440489],
                        [-90.29843423354546, 38.64396114994103],
                        [-90.29991021512492, 38.645509140165636],
                        [-90.3012062075146, 38.6459951522301],
                        [-90.3010352119875, 38.64734513727125],
                        [-90.30072020714108, 38.64939714436662],
                        [-90.300621231911, 38.650036142560616],
                        [-90.30041421293912, 38.651350147727996],
                        [-90.2997482100106, 38.65544514127636],
                        [-90.29906421083297, 38.65843313858764],
                        [-90.29843420447008, 38.65940514959153],
                        [-90.2989202300684, 38.65947713271854],
                        [-90.29847022442117, 38.66009814230234],
                        [-90.29790320281026, 38.660458141261856],
                        [-90.29775021451569, 38.66063814518108],
                        [-90.2974712070155, 38.6608721362237],
                        [-90.29727320671198, 38.66098014648259],
                        [-90.29750721473725, 38.66110614982026],
                        [-90.29682322965175, 38.66197915077602],
                        [-90.29568923105184, 38.66188914185003],
                        [-90.29469923559725, 38.66277115104562],
                        [-90.29466323211155, 38.66277114280366],
                        [-90.2942852359508, 38.66474214917511],
                        [-90.29413223052572, 38.665093136345874],
                        [-90.29370921281212, 38.66570514035268],
                        [-90.29389535056735, 38.66572288360861],
                        [-90.2927410553507, 38.6670038070525],
                        [-90.2906150393183, 38.6695657937277],
                        [-90.2898490276821, 38.6704888011205],
                        [-90.28984146152926, 38.670498817572245],
                        [-90.28898420194315, 38.67003414211928]
                    ]
                ]
            }
        },
        {
            "id": "12",
            "type": "Feature",
            "properties": {
                "city_zip": "63113",
                "source_area_sq_m": 6698784.434728047,
                "city_area_sq_m": 6698784.434728048,
                "city_area_share": 1.0000000000000002,
                "total_population": 9632.459010180066,
                "race_total": 9632.459010180066,
                "race_white_non_hispanic": 677.0626922676869,
                "race_black_non_hispanic": 8658.144151483471,
                "race_other": 297.25216642890643,
                "poverty_universe": 9245.706437150979,
                "poverty_below": 3109.38236579607,
                "school_age_5_17": 1264.9450903584413,
                "school_age_white_non_hispanic_5_17": 13.870993117338196,
                "school_age_black_alone_5_17": 1238.744044827315,
                "school_age_other_or_unclassified_5_17": 12.330052413788023,
                "race_white_share": 0.07028970396366421,
                "race_black_share": 0.898850868956007,
                "race_other_share": 0.030859427080328652,
                "poverty_rate": 0.33630554754604686,
                "school_age_5_17_per_capita": 0.13132109765757466,
                "school_age_white_non_hispanic_5_17_share": 0.010965687936231002,
                "school_age_black_alone_5_17_share": 0.9792868119487291,
                "school_age_other_or_unclassified_5_17_share": 0.009747500115039867,
                "acs_allocation_method": "area_weighted_from_census_geography",
                "zhvi_typical_home_value": 53992.67913110718,
                "zhvi_month": "2026-07-31",
                "tornado_damage_intersects": true,
                "tornado_max_efscale": "3",
                "tornado_damage_area_sq_m": 7560569.66319106,
                "tornado_damage_area_share": 1.1286480012697917,
                "tornado_damage_point_count": 201,
                "tornado_ef2_plus_point_count": 32,
                "tornado_distance_to_path_m": 0.0
            },
            "geometry": {
                "type": "Polygon",
                "coordinates": [
                    [
                        [-90.25199419265708, 38.652322134420025],
                        [-90.25168819588953, 38.65276313720463],
                        [-90.25423521928946, 38.653789143743055],
                        [-90.25708820033452, 38.6539961303754],
                        [-90.25856420674074, 38.65412214811701],
                        [-90.25835721147124, 38.65530114319412],
                        [-90.25908619930442, 38.65498615345653],
                        [-90.26283020938953, 38.6557061481884],
                        [-90.26292019420345, 38.65509413008678],
                        [-90.26656521074918, 38.6554811376727],
                        [-90.27282022256793, 38.65614714341567],
                        [-90.27279322107854, 38.65633614663096],
                        [-90.27257721084516, 38.65756913481855],
                        [-90.27226219739757, 38.659585144238626],
                        [-90.27203719608323, 38.66095315608092],
                        [-90.27095720706046, 38.66219513422083],
                        [-90.26882422741436, 38.66458015073384],
                        [-90.26774421535346, 38.665795133863774],
                        [-90.2666552176385, 38.66730714041667],
                        [-90.26416221467375, 38.67087115572815],
                        [-90.2630102004848, 38.67251815226299],
                        [-90.25663821985331, 38.669818148189805],
                        [-90.25644020844176, 38.66965613983141],
                        [-90.25631419949413, 38.66968314445277],
                        [-90.25390219365285, 38.66863915442968],
                        [-90.25372221179732, 38.66889115220018],
                        [-90.24889821633695, 38.666695156846814],
                        [-90.24351621699564, 38.66430113333463],
                        [-90.24114019844716, 38.663266157474396],
                        [-90.23202319178664, 38.65936014312234],
                        [-90.22729818287803, 38.657308136136756],
                        [-90.22499420898635, 38.65630015681875],
                        [-90.22476019696856, 38.656624145327186],
                        [-90.22113319398153, 38.65507614476982],
                        [-90.22440018433831, 38.650477131180985],
                        [-90.22687520018908, 38.64670615489123],
                        [-90.22839619915788, 38.644033145847196],
                        [-90.22931420539116, 38.64236814704286],
                        [-90.25199419265708, 38.652322134420025]
                    ]
                ]
            }
        },
        {
            "id": "13",
            "type": "Feature",
            "properties": {
                "city_zip": "63115",
                "source_area_sq_m": 7958205.665496456,
                "city_area_sq_m": 7958205.665496455,
                "city_area_share": 0.9999999999999998,
                "total_population": 11660.254396049415,
                "race_total": 11660.254396049415,
                "race_white_non_hispanic": 290.910696508353,
                "race_black_non_hispanic": 10824.515267378849,
                "race_other": 544.828432162214,
                "poverty_universe": 11578.538593297133,
                "poverty_below": 3936.7686130081024,
                "school_age_5_17": 1651.359833698304,
                "school_age_white_non_hispanic_5_17": 7.2907001447638,
                "school_age_black_alone_5_17": 1608.2188038977226,
                "school_age_other_or_unclassified_5_17": 35.8503296558177,
                "race_white_share": 0.02494891506028512,
                "race_black_share": 0.9283258237527201,
                "race_other_share": 0.04672526118699486,
                "poverty_rate": 0.340005656265387,
                "school_age_5_17_per_capita": 0.14162296787090664,
                "school_age_white_non_hispanic_5_17_share": 0.004414967589732341,
                "school_age_black_alone_5_17_share": 0.9738754516609714,
                "school_age_other_or_unclassified_5_17_share": 0.021709580749296215,
                "acs_allocation_method": "area_weighted_from_census_geography",
                "zhvi_typical_home_value": 40673.88230028214,
                "zhvi_month": "2026-07-31",
                "tornado_damage_intersects": true,
                "tornado_max_efscale": "3",
                "tornado_damage_area_sq_m": 9870676.49987482,
                "tornado_damage_area_share": 1.2403143264653305,
                "tornado_damage_point_count": 65,
                "tornado_ef2_plus_point_count": 34,
                "tornado_distance_to_path_m": 0.0
            },
            "geometry": {
                "type": "Polygon",
                "coordinates": [
                    [
                        [-90.24114019844716, 38.663266157474396],
                        [-90.24351621699564, 38.66430113333463],
                        [-90.24889821633695, 38.666695156846814],
                        [-90.25372221179732, 38.66889115220018],
                        [-90.25390219365285, 38.66863915442968],
                        [-90.25631419949413, 38.66968314445277],
                        [-90.25644020844176, 38.66965613983141],
                        [-90.25663821985331, 38.669818148189805],
                        [-90.2630102004848, 38.67251815226299],
                        [-90.26175920374536, 38.67432713683683],
                        [-90.2605892037138, 38.675956141495455],
                        [-90.25824021172131, 38.67926813595291],
                        [-90.25820422435568, 38.679313148966756],
                        [-90.25205721215336, 38.687503148473446],
                        [-90.25034721658308, 38.688835140027905],
                        [-90.23914221891494, 38.69499116301545],
                        [-90.23805320787493, 38.69344314989107],
                        [-90.234480215492, 38.68933915605101],
                        [-90.23048420248008, 38.68487516071091],
                        [-90.22889121568838, 38.683705160844596],
                        [-90.2265422151143, 38.68245415388733],
                        [-90.22566921922089, 38.68195913939404],
                        [-90.22481420873137, 38.680960151156846],
                        [-90.22438221639814, 38.67991615960723],
                        [-90.2201071953545, 38.67488516264888],
                        [-90.21937819913681, 38.67409314649287],
                        [-90.22188920529884, 38.672770156044734],
                        [-90.22164618223391, 38.67249114359736],
                        [-90.22406720747625, 38.6690981427343],
                        [-90.22629921189541, 38.67007914281547],
                        [-90.22885521223539, 38.66649713585668],
                        [-90.22667718502721, 38.66550713918334],
                        [-90.2276671897857, 38.66408514814186],
                        [-90.22932319362927, 38.66172715783966],
                        [-90.23024120209266, 38.66210513788254],
                        [-90.23084421251653, 38.66117813642562],
                        [-90.23202319178664, 38.65936014312234],
                        [-90.24114019844716, 38.663266157474396]
                    ]
                ]
            }
        },
        {
            "id": "14",
            "type": "Feature",
            "properties": {
                "city_zip": "63116",
                "source_area_sq_m": 15363847.004484447,
                "city_area_sq_m": 15363847.004484441,
                "city_area_share": 0.9999999999999997,
                "total_population": 40836.34786476205,
                "race_total": 40836.34786476205,
                "race_white_non_hispanic": 21740.594269558584,
                "race_black_non_hispanic": 10435.20806037325,
                "race_other": 8660.545534830211,
                "poverty_universe": 40595.5966289205,
                "poverty_below": 6784.04523950964,
                "school_age_5_17": 6264.323368961186,
                "school_age_white_non_hispanic_5_17": 1735.5847475833325,
                "school_age_black_alone_5_17": 2322.4219779892755,
                "school_age_other_or_unclassified_5_17": 2206.3166433885785,
                "race_white_share": 0.5323834134618753,
                "race_black_share": 0.25553725066040633,
                "race_other_share": 0.21207933587771818,
                "poverty_rate": 0.16711283495896825,
                "school_age_5_17_per_capita": 0.15340067602780688,
                "school_age_white_non_hispanic_5_17_share": 0.27705861357395806,
                "school_age_black_alone_5_17_share": 0.37073788200279373,
                "school_age_other_or_unclassified_5_17_share": 0.35220350442324827,
                "acs_allocation_method": "area_weighted_from_census_geography",
                "zhvi_typical_home_value": 186766.92236253657,
                "zhvi_month": "2026-07-31",
                "tornado_damage_intersects": false,
                "tornado_max_efscale": "<NA>",
                "tornado_damage_area_sq_m": 0.0,
                "tornado_damage_area_share": 0.0,
                "tornado_damage_point_count": 0,
                "tornado_ef2_plus_point_count": 0,
                "tornado_distance_to_path_m": 4417.933871088878
            },
            "geometry": {
                "type": "Polygon",
                "coordinates": [
                    [
                        [-90.27065122316822, 38.59763813851813],
                        [-90.27021920366053, 38.59975314422906],
                        [-90.26994919921545, 38.601148126345294],
                        [-90.26873419016488, 38.60743012937739],
                        [-90.26827520190182, 38.60984212638144],
                        [-90.26295619220261, 38.609275147197486],
                        [-90.25793418936058, 38.608807147510106],
                        [-90.25476620402623, 38.60843814335629],
                        [-90.2492042139388, 38.60794312650709],
                        [-90.24137421208117, 38.60719613332561],
                        [-90.24156319490648, 38.60629613226644],
                        [-90.2419502048034, 38.60447813625609],
                        [-90.24229221572942, 38.60273214691696],
                        [-90.24256218781254, 38.60095914280439],
                        [-90.2426972130091, 38.6000501238664],
                        [-90.2428322013474, 38.599141131572836],
                        [-90.24311120245932, 38.59735013150162],
                        [-90.24331820307192, 38.59605414706513],
                        [-90.2438852135575, 38.592499125868464],
                        [-90.2445242126521, 38.5883591251043],
                        [-90.24487521514772, 38.586316142201625],
                        [-90.2450011983847, 38.585623121171736],
                        [-90.2445782079751, 38.582815132960384],
                        [-90.24453320599358, 38.58257212832304],
                        [-90.24422720914069, 38.58093413624673],
                        [-90.24593719025656, 38.578630142361156],
                        [-90.24913219856963, 38.57482313465875],
                        [-90.24931218783146, 38.574616118842975],
                        [-90.25437019847517, 38.568550141088835],
                        [-90.25654818846178, 38.56603011903759],
                        [-90.2595902065422, 38.56251112522031],
                        [-90.26016621115006, 38.56243012109778],
                        [-90.2609221967684, 38.56230411786109],
                        [-90.26147118594993, 38.561899138431095],
                        [-90.26223621675605, 38.56040513866567],
                        [-90.26103020699192, 38.55934312884996],
                        [-90.26132719605097, 38.557903124924685],
                        [-90.2623171832835, 38.55840712710262],
                        [-90.2630461951869, 38.557759132037866],
                        [-90.26715018446959, 38.55426712392344],
                        [-90.26621421227509, 38.55365513390123],
                        [-90.27052520783009, 38.553232136254756],
                        [-90.27100221366776, 38.55478912220863],
                        [-90.27260419215243, 38.556040117456796],
                        [-90.27272120454553, 38.55566211606322],
                        [-90.27492619625046, 38.5559951217055],
                        [-90.27872421782051, 38.556364114948494],
                        [-90.28112720114235, 38.55863212339943],
                        [-90.28281919090368, 38.55949613165625],
                        [-90.28283720023191, 38.55997313776654],
                        [-90.28532121718598, 38.561125116259866],
                        [-90.29197221482939, 38.561773115014816],
                        [-90.29376319868345, 38.562628133501626],
                        [-90.29505020593031, 38.56370812631778],
                        [-90.28919120122175, 38.56727212797487],
                        [-90.28655419346529, 38.568856129467605],
                        [-90.2851142124593, 38.57009812426153],
                        [-90.28374621672445, 38.57135813852828],
                        [-90.28457419678485, 38.57378812714054],
                        [-90.28310719177485, 38.576749119515235],
                        [-90.28284621627623, 38.57724411411133],
                        [-90.28216221743672, 38.57843214011859],
                        [-90.27984919529564, 38.579872125808144],
                        [-90.27882319833677, 38.580970134090684],
                        [-90.2770592015808, 38.58430912354005],
                        [-90.27666321765975, 38.58497513866262],
                        [-90.27628520252037, 38.586973132728616],
                        [-90.27584420481266, 38.58781913823965],
                        [-90.27528620960247, 38.588629136433866],
                        [-90.27428720423825, 38.5900511220983],
                        [-90.27230720995361, 38.592913141286125],
                        [-90.27131721830106, 38.594434136406086],
                        [-90.27065122316822, 38.59763813851813]
                    ]
                ]
            }
        },
        {
            "id": "15",
            "type": "Feature",
            "properties": {
                "city_zip": "63117",
                "source_area_sq_m": 5943304.539473811,
                "city_area_sq_m": 268998.91819791927,
                "city_area_share": 0.04526083366775195,
                "total_population": 546.6943698153032,
                "race_total": 546.6943698153032,
                "race_white_non_hispanic": 434.29938698572107,
                "race_black_non_hispanic": 37.76976497718163,
                "race_other": 74.62521785240051,
                "poverty_universe": 538.6814783560907,
                "poverty_below": 30.348349722727306,
                "school_age_5_17": 25.56429110759417,
                "school_age_white_non_hispanic_5_17": 13.530214505444713,
                "school_age_black_alone_5_17": 6.925262345457994,
                "school_age_other_or_unclassified_5_17": 5.1088142566914625,
                "race_white_share": 0.7944098402411681,
                "race_black_share": 0.06908753238110332,
                "race_other_share": 0.13650262737772864,
                "poverty_rate": 0.05633820901981299,
                "school_age_5_17_per_capita": 0.046761577435360975,
                "school_age_white_non_hispanic_5_17_share": 0.5292622607252898,
                "school_age_black_alone_5_17_share": 0.27089592730387757,
                "school_age_other_or_unclassified_5_17_share": 0.19984181197083262,
                "acs_allocation_method": "area_weighted_from_census_geography",
                "zhvi_typical_home_value": 379336.5650235063,
                "zhvi_month": "2026-07-31",
                "tornado_damage_intersects": false,
                "tornado_max_efscale": "<NA>",
                "tornado_damage_area_sq_m": 0.0,
                "tornado_damage_area_share": 0.0,
                "tornado_damage_point_count": 1,
                "tornado_ef2_plus_point_count": 0,
                "tornado_distance_to_path_m": 961.9616969350789
            },
            "geometry": {
                "type": "Polygon",
                "coordinates": [
                    [
                        [-90.30611122556887, 38.63357513778705],
                        [-90.30452722820924, 38.63269314864352],
                        [-90.30403220210768, 38.63237813206483],
                        [-90.30414923415563, 38.63118113364218],
                        [-90.30615621933713, 38.630803149357355],
                        [-90.3066512040159, 38.62954312293928],
                        [-90.30774022174076, 38.623954133549084],
                        [-90.30794720695594, 38.62287414289945],
                        [-90.30691222684332, 38.62277512422574],
                        [-90.30715520463433, 38.6214071471761],
                        [-90.3082172337813, 38.62151513318866],
                        [-90.30813622058221, 38.62192914082124],
                        [-90.30997218470003, 38.62212372544993],
                        [-90.3099700942578, 38.62213170738949],
                        [-90.3097760770808, 38.62307170703361],
                        [-90.3095340820139, 38.62424371423409],
                        [-90.3092570852786, 38.62549070976689],
                        [-90.3090640928856, 38.627027700801605],
                        [-90.308992090127, 38.627725707005496],
                        [-90.3088800910336, 38.62868171001469],
                        [-90.3088580689579, 38.6288677099933],
                        [-90.3088500835987, 38.629040717711604],
                        [-90.30871706839132, 38.6299337217955],
                        [-90.3080870848409, 38.632064734389985],
                        [-90.3079160764916, 38.63304771342191],
                        [-90.3062630815462, 38.6335527355366],
                        [-90.30625917583333, 38.6335925360224],
                        [-90.30611122556887, 38.63357513778705]
                    ]
                ]
            }
        },
        {
            "id": "16",
            "type": "Feature",
            "properties": {
                "city_zip": "63118",
                "source_area_sq_m": 8740797.832548905,
                "city_area_sq_m": 8696455.444614867,
                "city_area_share": 0.9949269633294896,
                "total_population": 26678.169801343534,
                "race_total": 26678.169801343534,
                "race_white_non_hispanic": 11610.426753195246,
                "race_black_non_hispanic": 11008.616589975083,
                "race_other": 4059.126458173205,
                "poverty_universe": 26417.89641830202,
                "poverty_below": 6298.642285374455,
                "school_age_5_17": 4184.925735582179,
                "school_age_white_non_hispanic_5_17": 1032.6903180229287,
                "school_age_black_alone_5_17": 2373.199393747345,
                "school_age_other_or_unclassified_5_17": 779.0360238119063,
                "race_white_share": 0.43520327067603176,
                "race_black_share": 0.41264512040929735,
                "race_other_share": 0.1521516089146709,
                "poverty_rate": 0.23842330917047683,
                "school_age_5_17_per_capita": 0.1568670477302166,
                "school_age_white_non_hispanic_5_17_share": 0.24676431154859377,
                "school_age_black_alone_5_17_share": 0.5670827975677808,
                "school_age_other_or_unclassified_5_17_share": 0.18615289088362566,
                "acs_allocation_method": "area_weighted_from_census_geography",
                "zhvi_typical_home_value": 181017.40281062693,
                "zhvi_month": "2026-07-31",
                "tornado_damage_intersects": false,
                "tornado_max_efscale": "<NA>",
                "tornado_damage_area_sq_m": 0.0,
                "tornado_damage_area_share": 0.0,
                "tornado_damage_point_count": 0,
                "tornado_ef2_plus_point_count": 0,
                "tornado_distance_to_path_m": 5511.194307624817
            },
            "geometry": {
                "type": "Polygon",
                "coordinates": [
                    [
                        [-90.21946820514944, 38.58119511984289],
                        [-90.22441819492883, 38.577766130122036],
                        [-90.22624518759827, 38.57860312402798],
                        [-90.23072720479446, 38.57926013608601],
                        [-90.23302219524183, 38.57953913663781],
                        [-90.23985319533666, 38.58039411772937],
                        [-90.24209418054836, 38.58069113565726],
                        [-90.24422720914069, 38.58093413624673],
                        [-90.24453320599358, 38.58257212832304],
                        [-90.2445782079751, 38.582815132960384],
                        [-90.2450011983847, 38.585623121171736],
                        [-90.24487521514772, 38.586316142201625],
                        [-90.2445242126521, 38.5883591251043],
                        [-90.2438852135575, 38.592499125868464],
                        [-90.24331820307192, 38.59605414706513],
                        [-90.24311120245932, 38.59735013150162],
                        [-90.2428322013474, 38.599141131572836],
                        [-90.2426972130091, 38.6000501238664],
                        [-90.24256218781254, 38.60095914280439],
                        [-90.24229221572942, 38.60273214691696],
                        [-90.2419502048034, 38.60447813625609],
                        [-90.24156319490648, 38.60629613226644],
                        [-90.24137421208117, 38.60719613332561],
                        [-90.24117619006824, 38.608078127593664],
                        [-90.23773818370375, 38.60767313646042],
                        [-90.23430920469406, 38.60724112810592],
                        [-90.23316619747551, 38.607097139301175],
                        [-90.227442203224, 38.606386124032696],
                        [-90.22525519127726, 38.60580112415396],
                        [-90.22289719058458, 38.60505413569184],
                        [-90.21902719312166, 38.604028145202754],
                        [-90.21470720087208, 38.60283114889407],
                        [-90.21452720057053, 38.60278614359743],
                        [-90.2110351828815, 38.601814135014195],
                        [-90.20396118796161, 38.59939313226653],
                        [-90.20043318885544, 38.59726014822365],
                        [-90.20449219428443, 38.593237128474186],
                        [-90.20330183486288, 38.592013009249314],
                        [-90.2053006353185, 38.59071293323449],
                        [-90.2097664181566, 38.5878763088923],
                        [-90.2167928290859, 38.58289041861028],
                        [-90.21742430918069, 38.58244514433859],
                        [-90.21946820514944, 38.58119511984289]
                    ]
                ]
            }
        },
        {
            "id": "17",
            "type": "Feature",
            "properties": {
                "city_zip": "63119",
                "source_area_sq_m": 21611517.84096346,
                "city_area_sq_m": 270475.30477117427,
                "city_area_share": 0.012515331258154528,
                "total_population": 576.4786146367757,
                "race_total": 576.4786146367757,
                "race_white_non_hispanic": 452.9735211450343,
                "race_black_non_hispanic": 82.4738263925251,
                "race_other": 41.03126709921624,
                "poverty_universe": 574.0144482790334,
                "poverty_below": 17.510581068144425,
                "school_age_5_17": 61.87517520937899,
                "school_age_white_non_hispanic_5_17": 43.60727704815927,
                "school_age_black_alone_5_17": 14.172712612672582,
                "school_age_other_or_unclassified_5_17": 4.095185548547146,
                "race_white_share": 0.7857594534195188,
                "race_black_share": 0.14306484975941341,
                "race_other_share": 0.07117569682106765,
                "poverty_rate": 0.030505470934822844,
                "school_age_5_17_per_capita": 0.10733299317332863,
                "school_age_white_non_hispanic_5_17_share": 0.7047620778542751,
                "school_age_black_alone_5_17_share": 0.22905329261232207,
                "school_age_other_or_unclassified_5_17_share": 0.06618462953340294,
                "acs_allocation_method": "area_weighted_from_census_geography",
                "zhvi_typical_home_value": 385203.6384490716,
                "zhvi_month": "2026-07-31",
                "tornado_damage_intersects": false,
                "tornado_max_efscale": "<NA>",
                "tornado_damage_area_sq_m": 0.0,
                "tornado_damage_area_share": 0.0,
                "tornado_damage_point_count": 0,
                "tornado_ef2_plus_point_count": 0,
                "tornado_distance_to_path_m": 4577.911883330327
            },
            "geometry": {
                "type": "MultiPolygon",
                "coordinates": [
                    [
                        [
                            [-90.31863920695474, 38.59302112961286],
                            [-90.31832422305327, 38.59293112341487],
                            [-90.31791023205989, 38.59207613464774],
                            [-90.3172892092505, 38.592112127915435],
                            [-90.31288821961948, 38.58718914169576],
                            [-90.31286122270596, 38.587144119387034],
                            [-90.31282522266523, 38.58709013225007],
                            [-90.3132752059867, 38.58676611501566],
                            [-90.31398620766137, 38.58625312429842],
                            [-90.3161825229928, 38.58470595465651],
                            [-90.3163150906011, 38.5849646157281],
                            [-90.3181981199676, 38.58739763382519],
                            [-90.3188971015699, 38.58929061794701],
                            [-90.3192271195672, 38.5902436402893],
                            [-90.3196191188893, 38.59127663699151],
                            [-90.3201970937837, 38.592280646106985],
                            [-90.32000781460849, 38.5931740826342],
                            [-90.31863920695474, 38.59302112961286]
                        ]
                    ],
                    [
                        [
                            [-90.31889123371708, 38.59808813493911],
                            [-90.31905056484814, 38.597692103404924],
                            [-90.31885788354484, 38.59860143965869],
                            [-90.31889123371708, 38.59808813493911]
                        ]
                    ],
                    [
                        [
                            [-90.31822523444966, 38.59984312980652],
                            [-90.31859889124725, 38.59920410598352],
                            [-90.31833591318794, 38.599801716839984],
                            [-90.31822523444966, 38.59984312980652]
                        ]
                    ]
                ]
            }
        },
        {
            "id": "18",
            "type": "Feature",
            "properties": {
                "city_zip": "63120",
                "source_area_sq_m": 6798364.021936302,
                "city_area_sq_m": 6329985.247390605,
                "city_area_share": 0.9311041931508259,
                "total_population": 8012.945309852034,
                "race_total": 8012.945309852034,
                "race_white_non_hispanic": 161.6103314394444,
                "race_black_non_hispanic": 7059.140239954698,
                "race_other": 792.1947384578932,
                "poverty_universe": 7908.678919789524,
                "poverty_below": 2594.2761566665436,
                "school_age_5_17": 1436.9294249379057,
                "school_age_white_non_hispanic_5_17": 10.019898247291437,
                "school_age_black_alone_5_17": 1191.4527773218638,
                "school_age_other_or_unclassified_5_17": 235.4567493687504,
                "race_white_share": 0.0201686552435023,
                "race_black_share": 0.8809669811767442,
                "race_other_share": 0.09886436357975364,
                "poverty_rate": 0.3280290150830381,
                "school_age_5_17_per_capita": 0.17932599928907286,
                "school_age_white_non_hispanic_5_17_share": 0.006973131786012683,
                "school_age_black_alone_5_17_share": 0.8291658286372348,
                "school_age_other_or_unclassified_5_17_share": 0.16386103957675252,
                "acs_allocation_method": "area_weighted_from_census_geography",
                "zhvi_typical_home_value": 38521.6823778258,
                "zhvi_month": "2026-07-31",
                "tornado_damage_intersects": false,
                "tornado_max_efscale": "<NA>",
                "tornado_damage_area_sq_m": 0.0,
                "tornado_damage_area_share": 0.0,
                "tornado_damage_point_count": 0,
                "tornado_ef2_plus_point_count": 0,
                "tornado_distance_to_path_m": 1762.1421741098286
            },
            "geometry": {
                "type": "Polygon",
                "coordinates": [
                    [
                        [-90.2819579361486, 38.68070141790001],
                        [-90.2814480241343, 38.68130581764009],
                        [-90.2787599256904, 38.68471996870651],
                        [-90.275199986774, 38.6892408446747],
                        [-90.2745589846791, 38.6899768556289],
                        [-90.2740639836774, 38.6907068569659],
                        [-90.2736560032212, 38.691169849180994],
                        [-90.27268099724, 38.69251586247541],
                        [-90.2713469764965, 38.6941648601545],
                        [-90.27008098484, 38.6957778685453],
                        [-90.2680709666487, 38.6983078615503],
                        [-90.2675579982786, 38.69900786858451],
                        [-90.2670809973818, 38.699602859934394],
                        [-90.2665919860516, 38.7002248715226],
                        [-90.2661139732458, 38.7008668664917],
                        [-90.2655099787722, 38.701208865168596],
                        [-90.26550965303677, 38.701209357801766],
                        [-90.2622001963349, 38.69974315378206],
                        [-90.26082323031208, 38.697961146538866],
                        [-90.26061621779517, 38.69821315326133],
                        [-90.25925720541099, 38.699698140166895],
                        [-90.25626921349415, 38.70138113845032],
                        [-90.253353222665, 38.70311814097769],
                        [-90.25108519729021, 38.70524216535355],
                        [-90.24951921270024, 38.70684414823178],
                        [-90.24946521635572, 38.70677214511713],
                        [-90.24941122737866, 38.706718155067236],
                        [-90.24299420567695, 38.69938314589415],
                        [-90.2404382205462, 38.69643116286794],
                        [-90.23914221891494, 38.69499116301545],
                        [-90.25034721658308, 38.688835140027905],
                        [-90.25205721215336, 38.687503148473446],
                        [-90.25820422435568, 38.679313148966756],
                        [-90.25824021172131, 38.67926813595291],
                        [-90.2605892037138, 38.675956141495455],
                        [-90.26175920374536, 38.67432713683683],
                        [-90.2630102004848, 38.67251815226299],
                        [-90.26606122896274, 38.67383213979232],
                        [-90.26478320767129, 38.67564115726313],
                        [-90.26732121569769, 38.676784134025624],
                        [-90.26905820202727, 38.674354133026384],
                        [-90.27046221097106, 38.67498414285342],
                        [-90.26949920538254, 38.676352151258996],
                        [-90.27078619774592, 38.676892135263365],
                        [-90.27103822335802, 38.676532147420964],
                        [-90.27831023208103, 38.67968213893952],
                        [-90.27941722163776, 38.678179149960066],
                        [-90.28225221536395, 38.67947514407016],
                        [-90.2827382058736, 38.678764146156155],
                        [-90.28325328190355, 38.67903025419397],
                        [-90.28308154372607, 38.67929018374528],
                        [-90.2819579361486, 38.68070141790001]
                    ]
                ]
            }
        },
        {
            "id": "19",
            "type": "Feature",
            "properties": {
                "city_zip": "63123",
                "source_area_sq_m": 32108866.774830095,
                "city_area_sq_m": 1318401.3900319133,
                "city_area_share": 0.041060352558608466,
                "total_population": 2438.727339976619,
                "race_total": 2438.727339976619,
                "race_white_non_hispanic": 1653.7372089369774,
                "race_black_non_hispanic": 430.84735880435466,
                "race_other": 354.14277223528677,
                "poverty_universe": 2433.0589782565767,
                "poverty_below": 209.6399570422202,
                "school_age_5_17": 318.0335647280866,
                "school_age_white_non_hispanic_5_17": 135.05130241133378,
                "school_age_black_alone_5_17": 103.73996915580726,
                "school_age_other_or_unclassified_5_17": 79.2422931609456,
                "race_white_share": 0.6781148436843425,
                "race_black_share": 0.17666893372691894,
                "race_other_share": 0.14521622258873845,
                "poverty_rate": 0.08616312178031911,
                "school_age_5_17_per_capita": 0.1304096442085796,
                "school_age_white_non_hispanic_5_17_share": 0.42464480919427605,
                "school_age_black_alone_5_17_share": 0.32619188872251015,
                "school_age_other_or_unclassified_5_17_share": 0.24916330208321386,
                "acs_allocation_method": "area_weighted_from_census_geography",
                "zhvi_typical_home_value": 250896.0292748734,
                "zhvi_month": "2026-07-31",
                "tornado_damage_intersects": false,
                "tornado_max_efscale": "<NA>",
                "tornado_damage_area_sq_m": 0.0,
                "tornado_damage_area_share": 0.0,
                "tornado_damage_point_count": 0,
                "tornado_ef2_plus_point_count": 0,
                "tornado_distance_to_path_m": 6086.775283972782
            },
            "geometry": {
                "type": "MultiPolygon",
                "coordinates": [
                    [
                        [
                            [-90.29561721829849, 38.56332111371539],
                            [-90.29505020593031, 38.56370812631778],
                            [-90.29376319868345, 38.562628133501626],
                            [-90.29197221482939, 38.561773115014816],
                            [-90.28532121718598, 38.561125116259866],
                            [-90.28283720023191, 38.55997313776654],
                            [-90.28281919090368, 38.55949613165625],
                            [-90.28112720114235, 38.55863212339943],
                            [-90.27872421782051, 38.556364114948494],
                            [-90.27492619625046, 38.5559951217055],
                            [-90.27272120454553, 38.55566211606322],
                            [-90.27260419215243, 38.556040117456796],
                            [-90.27100221366776, 38.55478912220863],
                            [-90.27052520783009, 38.553232136254756],
                            [-90.27130819749402, 38.55317811780697],
                            [-90.27456619229585, 38.55289913154024],
                            [-90.27645620644695, 38.55278212565406],
                            [-90.28017322241642, 38.55199011790576],
                            [-90.28042194522239, 38.55187400130872],
                            [-90.2807110213597, 38.55206455370371],
                            [-90.281362000835, 38.5525015543382],
                            [-90.2829240095427, 38.5535515500922],
                            [-90.2836770226266, 38.554081540647],
                            [-90.2843620108841, 38.5544075411291],
                            [-90.2852340103311, 38.55486755407859],
                            [-90.2862790162634, 38.55528056375949],
                            [-90.2869120344968, 38.5555685606191],
                            [-90.2896417111478, 38.557306882692004],
                            [-90.292484056858, 38.5590455603311],
                            [-90.29698047487567, 38.5624421953353],
                            [-90.29561721829849, 38.56332111371539]
                        ]
                    ],
                    [
                        [
                            [-90.2970139277065, 38.56246746410875],
                            [-90.2970180467574, 38.5624705754539],
                            [-90.2975062328639, 38.56295338870459],
                            [-90.2970139277065, 38.56246746410875]
                        ]
                    ],
                    [
                        [
                            [-90.31398620766137, 38.58625312429842],
                            [-90.31168221967789, 38.58372413207491],
                            [-90.31054823092181, 38.57907113659483],
                            [-90.31008020226369, 38.577919140221304],
                            [-90.30858623018614, 38.57550713661482],
                            [-90.31037699032076, 38.57564966225862],
                            [-90.3128150967654, 38.5785646142385],
                            [-90.3137515824013, 38.57935098258248],
                            [-90.314162102893, 38.5802976136707],
                            [-90.3144500790431, 38.5811666130874],
                            [-90.3149170839148, 38.5820306228433],
                            [-90.315407084218, 38.583031608026],
                            [-90.3157421034955, 38.583846610624],
                            [-90.3161825229928, 38.58470595465651],
                            [-90.31398620766137, 38.58625312429842]
                        ]
                    ]
                ]
            }
        },
        {
            "id": "20",
            "type": "Feature",
            "properties": {
                "city_zip": "63125",
                "source_area_sq_m": 25582317.298607796,
                "city_area_sq_m": 534326.9425323594,
                "city_area_share": 0.02088657318629371,
                "total_population": 607.5851649102265,
                "race_total": 607.5851649102265,
                "race_white_non_hispanic": 379.7566783876274,
                "race_black_non_hispanic": 128.50036981210184,
                "race_other": 99.32811671049714,
                "poverty_universe": 607.5851649102265,
                "poverty_below": 103.10284405805798,
                "school_age_5_17": 88.52891121987669,
                "school_age_white_non_hispanic_5_17": 25.71030520363799,
                "school_age_black_alone_5_17": 27.43526834060779,
                "school_age_other_or_unclassified_5_17": 35.38333767563092,
                "race_white_share": 0.625026251988457,
                "race_black_share": 0.2114935933814124,
                "race_other_share": 0.16348015463013046,
                "poverty_rate": 0.1696928266398537,
                "school_age_5_17_per_capita": 0.14570617640566857,
                "school_age_white_non_hispanic_5_17_share": 0.29041704963231785,
                "school_age_black_alone_5_17_share": 0.30990179323981076,
                "school_age_other_or_unclassified_5_17_share": 0.3996811571278715,
                "acs_allocation_method": "area_weighted_from_census_geography",
                "zhvi_typical_home_value": 207698.9269161007,
                "zhvi_month": "2026-07-31",
                "tornado_damage_intersects": false,
                "tornado_max_efscale": "<NA>",
                "tornado_damage_area_sq_m": 0.0,
                "tornado_damage_area_share": 0.0,
                "tornado_damage_point_count": 0,
                "tornado_ef2_plus_point_count": 0,
                "tornado_distance_to_path_m": 10250.703831194107
            },
            "geometry": {
                "type": "Polygon",
                "coordinates": [
                    [
                        [-90.28017322241642, 38.55199011790576],
                        [-90.27645620644695, 38.55278212565406],
                        [-90.27456619229585, 38.55289913154024],
                        [-90.27130819749402, 38.55317811780697],
                        [-90.27210021734616, 38.547715121162696],
                        [-90.27120919525197, 38.54506913284165],
                        [-90.27057919424897, 38.543737124770765],
                        [-90.27011118993775, 38.542036126998674],
                        [-90.27026418523147, 38.540686126943825],
                        [-90.27019220178688, 38.539201133038624],
                        [-90.26939121050059, 38.538436125754295],
                        [-90.26383820845302, 38.534629116493846],
                        [-90.26317220226133, 38.53431412729459],
                        [-90.26276720477145, 38.534044120406854],
                        [-90.26262318321088, 38.53389112589253],
                        [-90.26231719484097, 38.533855109475425],
                        [-90.26108627462354, 38.533347120145606],
                        [-90.2623099999911, 38.5328859877328],
                        [-90.2639177671049, 38.5325568412211],
                        [-90.2657766642642, 38.53302593380479],
                        [-90.2669561570355, 38.5343910830814],
                        [-90.2672261808427, 38.53556502643038],
                        [-90.26809072420072, 38.5365871147713],
                        [-90.2694066731996, 38.5370760414756],
                        [-90.2715924812335, 38.5390670147505],
                        [-90.2721397771985, 38.5398325846585],
                        [-90.2720521611513, 38.54079635716711],
                        [-90.2712600019737, 38.54192252428889],
                        [-90.2722056399547, 38.543171282040795],
                        [-90.2722929916834, 38.54402152015489],
                        [-90.2727140017493, 38.54486554049309],
                        [-90.2729759818516, 38.545859537065596],
                        [-90.2732069982492, 38.546939532664304],
                        [-90.2734130143536, 38.5488685287173],
                        [-90.2738939925754, 38.549100531373696],
                        [-90.2750569951609, 38.54951653236591],
                        [-90.2756710016978, 38.5497365363424],
                        [-90.2763129936059, 38.549965541944594],
                        [-90.2776140179154, 38.55026455647379],
                        [-90.2791140062211, 38.5509795332591],
                        [-90.2795040232136, 38.55125956021659],
                        [-90.2799800164968, 38.55157854757721],
                        [-90.2802650185544, 38.55177055812569],
                        [-90.28042194522239, 38.55187400130872],
                        [-90.28017322241642, 38.55199011790576]
                    ]
                ]
            }
        },
        {
            "id": "21",
            "type": "Feature",
            "properties": {
                "city_zip": "63130",
                "source_area_sq_m": 13035905.353508908,
                "city_area_sq_m": 277368.75267908786,
                "city_area_share": 0.02127729107855388,
                "total_population": 778.0564633951342,
                "race_total": 778.0564633951342,
                "race_white_non_hispanic": 446.27593805145693,
                "race_black_non_hispanic": 159.33498329403426,
                "race_other": 172.4455420496429,
                "poverty_universe": 655.6771031880968,
                "poverty_below": 134.97188836924295,
                "school_age_5_17": 85.75186471058808,
                "school_age_white_non_hispanic_5_17": 41.582226066712046,
                "school_age_black_alone_5_17": 20.603745129660986,
                "school_age_other_or_unclassified_5_17": 23.565893514215066,
                "race_white_share": 0.5735778302053854,
                "race_black_share": 0.20478588738760511,
                "race_other_share": 0.22163628240700936,
                "poverty_rate": 0.20585115404056287,
                "school_age_5_17_per_capita": 0.11021290708954525,
                "school_age_white_non_hispanic_5_17_share": 0.4849133742694897,
                "school_age_black_alone_5_17_share": 0.24027168620995562,
                "school_age_other_or_unclassified_5_17_share": 0.27481493952055486,
                "acs_allocation_method": "area_weighted_from_census_geography",
                "zhvi_typical_home_value": 286537.99155874137,
                "zhvi_month": "2026-07-31",
                "tornado_damage_intersects": true,
                "tornado_max_efscale": "1",
                "tornado_damage_area_sq_m": 80602.45565279422,
                "tornado_damage_area_share": 0.290596741249054,
                "tornado_damage_point_count": 3,
                "tornado_ef2_plus_point_count": 0,
                "tornado_distance_to_path_m": 321.15489863187946
            },
            "geometry": {
                "type": "Polygon",
                "coordinates": [
                    [
                        [-90.29469923559725, 38.66277115104562],
                        [-90.29568923105184, 38.66188914185003],
                        [-90.29682322965175, 38.66197915077602],
                        [-90.29750721473725, 38.66110614982026],
                        [-90.29727320671198, 38.66098014648259],
                        [-90.2974712070155, 38.6608721362237],
                        [-90.29775021451569, 38.66063814518108],
                        [-90.29790320281026, 38.660458141261856],
                        [-90.29847022442117, 38.66009814230234],
                        [-90.2989202300684, 38.65947713271854],
                        [-90.29843420447008, 38.65940514959153],
                        [-90.29906421083297, 38.65843313858764],
                        [-90.2997482100106, 38.65544514127636],
                        [-90.30041421293912, 38.651350147727996],
                        [-90.300621231911, 38.650036142560616],
                        [-90.30072020714108, 38.64939714436662],
                        [-90.3010352119875, 38.64734513727125],
                        [-90.3012062075146, 38.6459951522301],
                        [-90.30278120396994, 38.646139150347054],
                        [-90.30319938622047, 38.64617995062133],
                        [-90.3027290782203, 38.647616749094304],
                        [-90.3026230715943, 38.6495627645265],
                        [-90.3027540794672, 38.65013276229989],
                        [-90.3026310733472, 38.65113876691638],
                        [-90.302414693828, 38.65203527186489],
                        [-90.3024510744195, 38.6522147785036],
                        [-90.3022870685301, 38.65371278081321],
                        [-90.3021400614929, 38.6547447757677],
                        [-90.301952067379, 38.655665765675096],
                        [-90.3014680476612, 38.6565497869785],
                        [-90.3006290535359, 38.6579527829645],
                        [-90.2998970592225, 38.65882377107668],
                        [-90.2991790699344, 38.659488780805496],
                        [-90.2985570682342, 38.6608637960873],
                        [-90.2971080484897, 38.661996779106495],
                        [-90.2961400522215, 38.662882793543304],
                        [-90.29612400888936, 38.6628950370032],
                        [-90.29469923559725, 38.66277115104562]
                    ]
                ]
            }
        },
        {
            "id": "22",
            "type": "Feature",
            "properties": {
                "city_zip": "63133",
                "source_area_sq_m": 7783041.495602861,
                "city_area_sq_m": 98709.83477555905,
                "city_area_share": 0.01268268129256751,
                "total_population": 173.29123190056083,
                "race_total": 173.29123190056083,
                "race_white_non_hispanic": 3.9339595878901767,
                "race_black_non_hispanic": 161.03421026190182,
                "race_other": 8.323062050768826,
                "poverty_universe": 173.03965334000168,
                "poverty_below": 77.25018685221012,
                "school_age_5_17": 26.604551916946534,
                "school_age_white_non_hispanic_5_17": 0.25157856055914873,
                "school_age_black_alone_5_17": 26.352973356387384,
                "school_age_other_or_unclassified_5_17": 0.0,
                "race_white_share": 0.022701434716256092,
                "race_black_share": 0.9292692336234737,
                "race_other_share": 0.048029331660270166,
                "poverty_rate": 0.4464305456069251,
                "school_age_5_17_per_capita": 0.15352508967223996,
                "school_age_white_non_hispanic_5_17_share": 0.009456222429324155,
                "school_age_black_alone_5_17_share": 0.9905437775706758,
                "school_age_other_or_unclassified_5_17_share": 0.0,
                "acs_allocation_method": "area_weighted_from_census_geography",
                "zhvi_typical_home_value": 75991.49854232355,
                "zhvi_month": "2026-07-31",
                "tornado_damage_intersects": false,
                "tornado_max_efscale": "<NA>",
                "tornado_damage_area_sq_m": 0.0,
                "tornado_damage_area_share": 0.0,
                "tornado_damage_point_count": 0,
                "tornado_ef2_plus_point_count": 0,
                "tornado_distance_to_path_m": 1889.0039028092185
            },
            "geometry": {
                "type": "MultiPolygon",
                "coordinates": [
                    [
                        [
                            [-90.2827382058736, 38.678764146156155],
                            [-90.28320620433854, 38.67808013298674],
                            [-90.2831162014217, 38.678026146421],
                            [-90.28370120511693, 38.677360140544565],
                            [-90.28713921987898, 38.67263515112828],
                            [-90.28898420194315, 38.67003414211928],
                            [-90.28984146152926, 38.670498817572245],
                            [-90.2874430211824, 38.67367381914169],
                            [-90.2866810236443, 38.6746438213959],
                            [-90.2859797469336, 38.675543161565905],
                            [-90.2843940255592, 38.67755582961951],
                            [-90.2838390310933, 38.67826181887939],
                            [-90.2833500304865, 38.6788838220699],
                            [-90.28325328190355, 38.67903025419397],
                            [-90.2827382058736, 38.678764146156155]
                        ]
                    ],
                    [
                        [
                            [-90.28308154372607, 38.67929018374528],
                            [-90.28283965422162, 38.679656285069484],
                            [-90.2819579361486, 38.68070141790001],
                            [-90.28308154372607, 38.67929018374528]
                        ]
                    ],
                    [
                        [
                            [-90.29370921281212, 38.66570514035268],
                            [-90.29413223052572, 38.665093136345874],
                            [-90.2942852359508, 38.66474214917511],
                            [-90.29466323211155, 38.66277114280366],
                            [-90.29469923559725, 38.66277115104562],
                            [-90.29612400888936, 38.6628950370032],
                            [-90.2949790554952, 38.663768790514],
                            [-90.2946070325208, 38.66476580798499],
                            [-90.293899036909, 38.66571879277329],
                            [-90.29389535056735, 38.66572288360861],
                            [-90.29370921281212, 38.66570514035268]
                        ]
                    ]
                ]
            }
        },
        {
            "id": "23",
            "type": "Feature",
            "properties": {
                "city_zip": "63136",
                "source_area_sq_m": 27730351.731231045,
                "city_area_sq_m": 1236808.9974733645,
                "city_area_share": 0.04460127334340372,
                "total_population": 3072.6883011266086,
                "race_total": 3072.6883011266086,
                "race_white_non_hispanic": 23.461351165934964,
                "race_black_non_hispanic": 2953.834617475692,
                "race_other": 95.39233248498137,
                "poverty_universe": 3063.6403544679006,
                "poverty_below": 785.5118571237399,
                "school_age_5_17": 498.0971472490758,
                "school_age_white_non_hispanic_5_17": 0.13383932238415716,
                "school_age_black_alone_5_17": 497.92583316414385,
                "school_age_other_or_unclassified_5_17": 0.037474762547801195,
                "race_white_share": 0.007635447812045499,
                "race_black_share": 0.9613193165062208,
                "race_other_share": 0.03104523568173366,
                "poverty_rate": 0.25639819503558187,
                "school_age_5_17_per_capita": 0.16210467787000957,
                "school_age_white_non_hispanic_5_17_share": 0.00026870124256549936,
                "school_age_black_alone_5_17_share": 0.9996560629068484,
                "school_age_other_or_unclassified_5_17_share": 7.52358505861142e-5,
                "acs_allocation_method": "area_weighted_from_census_geography",
                "zhvi_typical_home_value": 84178.89829273004,
                "zhvi_month": "2026-07-31",
                "tornado_damage_intersects": false,
                "tornado_max_efscale": "<NA>",
                "tornado_damage_area_sq_m": 0.0,
                "tornado_damage_area_share": 0.0,
                "tornado_damage_point_count": 0,
                "tornado_ef2_plus_point_count": 0,
                "tornado_distance_to_path_m": 3964.0516208796794
            },
            "geometry": {
                "type": "MultiPolygon",
                "coordinates": [
                    [
                        [
                            [-90.240492196875, 38.722882151512685],
                            [-90.24073520274628, 38.72248615818902],
                            [-90.24204020419701, 38.722144163103295],
                            [-90.24420921500288, 38.7213071521577],
                            [-90.2461442080941, 38.72055114569998],
                            [-90.25041020122212, 38.718868155297066],
                            [-90.25165220439946, 38.71883216495772],
                            [-90.2518142155144, 38.71869716478888],
                            [-90.25249821901735, 38.71746414981393],
                            [-90.25339820081953, 38.715691141691245],
                            [-90.25428922416957, 38.71404414364764],
                            [-90.25500921099709, 38.7131171618357],
                            [-90.25126519606478, 38.70879715088842],
                            [-90.24951921270024, 38.70684414823178],
                            [-90.25108519729021, 38.70524216535355],
                            [-90.253353222665, 38.70311814097769],
                            [-90.25626921349415, 38.70138113845032],
                            [-90.25925720541099, 38.699698140166895],
                            [-90.26061621779517, 38.69821315326133],
                            [-90.26082323031208, 38.697961146538866],
                            [-90.2622001963349, 38.69974315378206],
                            [-90.26550965303677, 38.701209357801766],
                            [-90.2653499619334, 38.701450869197295],
                            [-90.2649469697451, 38.70209888529331],
                            [-90.264442965057, 38.702900878453505],
                            [-90.2639409685121, 38.703706882286816],
                            [-90.2632359794635, 38.7046128895391],
                            [-90.2622029539687, 38.705935876087096],
                            [-90.2611909752086, 38.70723088692049],
                            [-90.2601809669681, 38.70852290088939],
                            [-90.2594499585309, 38.7094578826277],
                            [-90.2589199726993, 38.71013590316589],
                            [-90.2583079663389, 38.71091889142549],
                            [-90.2576199702504, 38.7117739080471],
                            [-90.25577096378801, 38.71389691131031],
                            [-90.25429193926591, 38.715963904518794],
                            [-90.2518218421154, 38.7189198417674],
                            [-90.2517587533875, 38.7189615634891],
                            [-90.2501809280114, 38.719616906158095],
                            [-90.2492879386159, 38.71998390294699],
                            [-90.2483099389691, 38.720361914119],
                            [-90.2473419428929, 38.72072291392201],
                            [-90.2463379326361, 38.7211159266851],
                            [-90.24464491558452, 38.7217749306937],
                            [-90.2406445221778, 38.723303262656344],
                            [-90.240492196875, 38.722882151512685]
                        ]
                    ],
                    [
                        [
                            [-90.23988920890407, 38.72342216074722],
                            [-90.24063569072415, 38.72330663644428],
                            [-90.2406349327308, 38.72330692601249],
                            [-90.23985866847009, 38.723568355699605],
                            [-90.23988920890407, 38.72342216074722]
                        ]
                    ]
                ]
            }
        },
        {
            "id": "24",
            "type": "Feature",
            "properties": {
                "city_zip": "63137",
                "source_area_sq_m": 18804265.52029114,
                "city_area_sq_m": 2818063.6325520347,
                "city_area_share": 0.14986299940889178,
                "total_population": 634.3346335161019,
                "race_total": 634.3346335161019,
                "race_white_non_hispanic": 45.25874517110117,
                "race_black_non_hispanic": 561.0961037733816,
                "race_other": 27.9797845716191,
                "poverty_universe": 613.3312191647854,
                "poverty_below": 173.40956116517378,
                "school_age_5_17": 88.03163701979787,
                "school_age_white_non_hispanic_5_17": 0.0,
                "school_age_black_alone_5_17": 84.37847063787613,
                "school_age_other_or_unclassified_5_17": 3.653166381921726,
                "race_white_share": 0.07134837478482454,
                "race_black_share": 0.8845427541347367,
                "race_other_share": 0.04410887108043875,
                "poverty_rate": 0.2827339547484919,
                "school_age_5_17_per_capita": 0.13877791368861667,
                "school_age_white_non_hispanic_5_17_share": 0.0,
                "school_age_black_alone_5_17_share": 0.9585016647923955,
                "school_age_other_or_unclassified_5_17_share": 0.04149833520760437,
                "acs_allocation_method": "area_weighted_from_census_geography",
                "zhvi_typical_home_value": 95346.8669854362,
                "zhvi_month": "2026-07-31",
                "tornado_damage_intersects": false,
                "tornado_max_efscale": "<NA>",
                "tornado_damage_area_sq_m": 0.0,
                "tornado_damage_area_share": 0.0,
                "tornado_damage_point_count": 0,
                "tornado_ef2_plus_point_count": 0,
                "tornado_distance_to_path_m": 4332.663501838294
            },
            "geometry": {
                "type": "Polygon",
                "coordinates": [
                    [
                        [-90.1944752005962, 38.74530116868413],
                        [-90.20769619630423, 38.73658016479759],
                        [-90.2141041902567, 38.72995616786801],
                        [-90.21451819546634, 38.72699515198369],
                        [-90.21934218726527, 38.727850171692396],
                        [-90.22096221511426, 38.72911014866228],
                        [-90.22284320751781, 38.72785014824599],
                        [-90.22797320768328, 38.72633815528543],
                        [-90.22796421158286, 38.72679716197882],
                        [-90.23219422158887, 38.72483517028013],
                        [-90.23468719322891, 38.723404156760154],
                        [-90.23608219240118, 38.72294515550932],
                        [-90.23984419317236, 38.722738145046215],
                        [-90.23978121907007, 38.72344015328229],
                        [-90.23988920890407, 38.72342216074722],
                        [-90.23985866847009, 38.723568355699605],
                        [-90.2397679197086, 38.7235989175282],
                        [-90.23812992424891, 38.7241029183573],
                        [-90.2369189051444, 38.72486791898581],
                        [-90.2353488985891, 38.72540992538751],
                        [-90.2344419140373, 38.7257299328179],
                        [-90.2339179090469, 38.725927926868195],
                        [-90.23125887960441, 38.7270059443778],
                        [-90.2279889046998, 38.728003921344104],
                        [-90.2244988933113, 38.7288139368594],
                        [-90.2235028741744, 38.7295729339713],
                        [-90.213682868499, 38.7355139595384],
                        [-90.2078898506191, 38.739757947425204],
                        [-90.2064148276215, 38.74108196181799],
                        [-90.204278831876, 38.7424009637183],
                        [-90.2027368335357, 38.7443569685303],
                        [-90.2008028298646, 38.7461079596824],
                        [-90.1976978348082, 38.7488679656168],
                        [-90.1962058212423, 38.750214979564596],
                        [-90.1956568080446, 38.75087599003591],
                        [-90.1930398108223, 38.7534650014763],
                        [-90.1892017869982, 38.7579429922655],
                        [-90.1879047980286, 38.7593540093601],
                        [-90.1858216351273, 38.7626668453113],
                        [-90.185479540313, 38.763020170459406],
                        [-90.18476288636485, 38.76703174580015],
                        [-90.1825411865755, 38.7665231603185],
                        [-90.18023720929096, 38.766406167445965],
                        [-90.17895920795539, 38.766073161452134],
                        [-90.18257718186183, 38.75703715187172],
                        [-90.18258736484673, 38.756948911085125],
                        [-90.18903628301304, 38.748171008729614],
                        [-90.1944752005962, 38.74530116868413]
                    ]
                ]
            }
        },
        {
            "id": "25",
            "type": "Feature",
            "properties": {
                "city_zip": "63138",
                "source_area_sq_m": 49032251.272290885,
                "city_area_sq_m": 502536.90681601554,
                "city_area_share": 0.010249109387722714,
                "total_population": 44.09454621661375,
                "race_total": 44.09454621661375,
                "race_white_non_hispanic": 4.319145221573921,
                "race_black_non_hispanic": 36.9483241227369,
                "race_other": 2.82707687230293,
                "poverty_universe": 40.20731551719722,
                "poverty_below": 13.467880099998679,
                "school_age_5_17": 4.397675134693446,
                "school_age_white_non_hispanic_5_17": 0.0,
                "school_age_black_alone_5_17": 4.04429052565558,
                "school_age_other_or_unclassified_5_17": 0.3533846090378662,
                "race_white_share": 0.0979519145146928,
                "race_black_share": 0.8379341050756901,
                "race_other_share": 0.0641139804096171,
                "poverty_rate": 0.3349609375,
                "school_age_5_17_per_capita": 0.09973285841495994,
                "school_age_white_non_hispanic_5_17_share": 0.0,
                "school_age_black_alone_5_17_share": 0.9196428571428571,
                "school_age_other_or_unclassified_5_17_share": 0.08035714285714286,
                "acs_allocation_method": "area_weighted_from_census_geography",
                "zhvi_typical_home_value": 151958.51390901537,
                "zhvi_month": "2026-07-31",
                "tornado_damage_intersects": false,
                "tornado_max_efscale": "<NA>",
                "tornado_damage_area_sq_m": 0.0,
                "tornado_damage_area_share": 0.0,
                "tornado_damage_point_count": 0,
                "tornado_ef2_plus_point_count": 0,
                "tornado_distance_to_path_m": 6524.6222800764535
            },
            "geometry": {
                "type": "Polygon",
                "coordinates": [
                    [
                        [-90.17804120177735, 38.76815215671865],
                        [-90.17842818486565, 38.766883156258906],
                        [-90.17895920795539, 38.766073161452134],
                        [-90.18023720929096, 38.766406167445965],
                        [-90.1825411865755, 38.7665231603185],
                        [-90.18476288636485, 38.76703174580015],
                        [-90.1846527806861, 38.7676480310228],
                        [-90.1842958003689, 38.769463009723395],
                        [-90.1838627820009, 38.7722980282917],
                        [-90.1837582533988, 38.7742449374275],
                        [-90.1818447878118, 38.77411003095269],
                        [-90.176271814276, 38.773760721456796],
                        [-90.17701687972091, 38.77030767770567],
                        [-90.17804120177735, 38.76815215671865]
                    ]
                ]
            }
        },
        {
            "id": "26",
            "type": "Feature",
            "properties": {
                "city_zip": "63139",
                "source_area_sq_m": 9893390.942044737,
                "city_area_sq_m": 9893390.942044737,
                "city_area_share": 1.0,
                "total_population": 19808.00732657922,
                "race_total": 19808.00732657922,
                "race_white_non_hispanic": 14644.18788090835,
                "race_black_non_hispanic": 2481.098526815505,
                "race_other": 2682.7209188553657,
                "poverty_universe": 19456.990185708622,
                "poverty_below": 1435.4742353391862,
                "school_age_5_17": 1555.750973511838,
                "school_age_white_non_hispanic_5_17": 1004.286491577321,
                "school_age_black_alone_5_17": 232.78853423695577,
                "school_age_other_or_unclassified_5_17": 318.6759476975613,
                "race_white_share": 0.7393064652827628,
                "race_black_share": 0.12525735102522212,
                "race_other_share": 0.13543618369201518,
                "poverty_rate": 0.07377678775793176,
                "school_age_5_17_per_capita": 0.07854151848097642,
                "school_age_white_non_hispanic_5_17_share": 0.6455316491368271,
                "school_age_black_alone_5_17_share": 0.14963097449425083,
                "school_age_other_or_unclassified_5_17_share": 0.20483737636892208,
                "acs_allocation_method": "area_weighted_from_census_geography",
                "zhvi_typical_home_value": 232769.5161913583,
                "zhvi_month": "2026-07-31",
                "tornado_damage_intersects": false,
                "tornado_max_efscale": "<NA>",
                "tornado_damage_area_sq_m": 0.0,
                "tornado_damage_area_share": 0.0,
                "tornado_damage_point_count": 0,
                "tornado_ef2_plus_point_count": 0,
                "tornado_distance_to_path_m": 1085.8657948108728
            },
            "geometry": {
                "type": "Polygon",
                "coordinates": [
                    [
                        [-90.27264019103941, 38.59457812952693],
                        [-90.2759612140343, 38.59492912162001],
                        [-90.28146922344739, 38.59553213768516],
                        [-90.28526720824497, 38.59591912277332],
                        [-90.29103620552105, 38.5965401247809],
                        [-90.29526620890798, 38.59695413785113],
                        [-90.29783122680107, 38.59719713631095],
                        [-90.29940622971361, 38.59736811772676],
                        [-90.30602121276388, 38.59803411979097],
                        [-90.31523723425511, 38.59903312221198],
                        [-90.31591221864736, 38.59908712708112],
                        [-90.31581320830783, 38.59917712039844],
                        [-90.31569621494232, 38.59969012462464],
                        [-90.31575021320674, 38.59987913031243],
                        [-90.31539021101298, 38.600005123590854],
                        [-90.31550721499718, 38.601580130451886],
                        [-90.31355423113489, 38.60345212485397],
                        [-90.31374322311598, 38.605675123441465],
                        [-90.31353620795629, 38.60592714447451],
                        [-90.31250122223828, 38.60662012968664],
                        [-90.31054822052215, 38.607259121578515],
                        [-90.30830721890852, 38.60956312611355],
                        [-90.30698423223005, 38.608942128630574],
                        [-90.30238522754755, 38.61350513768],
                        [-90.30531922209016, 38.61328013944664],
                        [-90.30567920995045, 38.61697912052065],
                        [-90.30597621408857, 38.617501120804306],
                        [-90.30693921664682, 38.61718613514078],
                        [-90.3067952088871, 38.61789712042455],
                        [-90.30877520931716, 38.61808613534724],
                        [-90.30882922724535, 38.61846414568657],
                        [-90.3082172337813, 38.62151513318866],
                        [-90.30715520463433, 38.6214071471761],
                        [-90.30691222684332, 38.62277512422574],
                        [-90.30794720695594, 38.62287414289945],
                        [-90.30774022174076, 38.623954133549084],
                        [-90.3066512040159, 38.62954312293928],
                        [-90.30615621933713, 38.630803149357355],
                        [-90.30414923415563, 38.63118113364218],
                        [-90.30403220210768, 38.63237813206483],
                        [-90.30452722820924, 38.63269314864352],
                        [-90.29538320797451, 38.631775149370405],
                        [-90.29333122288466, 38.63156812514019],
                        [-90.28675221491851, 38.63091113689831],
                        [-90.28708523144742, 38.62948012983826],
                        [-90.28746321736035, 38.62726614811325],
                        [-90.28806620058315, 38.6224421303404],
                        [-90.28811121077746, 38.622217128367836],
                        [-90.28861521606827, 38.620165129849745],
                        [-90.287427219309, 38.61765413381781],
                        [-90.2871301999237, 38.61509812320237],
                        [-90.28709420116517, 38.614702122160985],
                        [-90.28726521190471, 38.61313612751859],
                        [-90.28758022546756, 38.612200144801],
                        [-90.28625722272285, 38.6120651349216],
                        [-90.28164919432952, 38.61162414319677],
                        [-90.28031721950515, 38.611489131408675],
                        [-90.27826521349496, 38.61130913724319],
                        [-90.2750432203383, 38.61103012486973],
                        [-90.27370221710002, 38.61119212989481],
                        [-90.27150620749843, 38.611723126877784],
                        [-90.26794221528831, 38.611318146280425],
                        [-90.26817618940052, 38.61030113222733],
                        [-90.26827520190182, 38.60984212638144],
                        [-90.26873419016488, 38.60743012937739],
                        [-90.26994919921545, 38.601148126345294],
                        [-90.27021920366053, 38.59975314422906],
                        [-90.27065122316822, 38.59763813851813],
                        [-90.27131721830106, 38.594434136406086],
                        [-90.27264019103941, 38.59457812952693]
                    ]
                ]
            }
        },
        {
            "id": "27",
            "type": "Feature",
            "properties": {
                "city_zip": "63143",
                "source_area_sq_m": 5175332.4526384035,
                "city_area_sq_m": 1068290.1427170646,
                "city_area_share": 0.20641961699918357,
                "total_population": 1178.89629445368,
                "race_total": 1178.89629445368,
                "race_white_non_hispanic": 886.1229723636721,
                "race_black_non_hispanic": 117.09992460562019,
                "race_other": 175.6733974843876,
                "poverty_universe": 1176.1107946303339,
                "poverty_below": 66.20555300008199,
                "school_age_5_17": 153.70528694045936,
                "school_age_white_non_hispanic_5_17": 31.944282781468246,
                "school_age_black_alone_5_17": 70.22269798230344,
                "school_age_other_or_unclassified_5_17": 51.53830617668767,
                "race_white_share": 0.7516547269955719,
                "race_black_share": 0.09933013205363092,
                "race_other_share": 0.14901514095079718,
                "poverty_rate": 0.05629193550671492,
                "school_age_5_17_per_capita": 0.13038066848084287,
                "school_age_white_non_hispanic_5_17_share": 0.20782813276840936,
                "school_age_black_alone_5_17_share": 0.4568658592043456,
                "school_age_other_or_unclassified_5_17_share": 0.33530600802724503,
                "acs_allocation_method": "area_weighted_from_census_geography",
                "zhvi_typical_home_value": 259888.11982397488,
                "zhvi_month": "2026-07-31",
                "tornado_damage_intersects": false,
                "tornado_max_efscale": "<NA>",
                "tornado_damage_area_sq_m": 0.0,
                "tornado_damage_area_share": 0.0,
                "tornado_damage_point_count": 0,
                "tornado_ef2_plus_point_count": 0,
                "tornado_distance_to_path_m": 2162.5354207512532
            },
            "geometry": {
                "type": "Polygon",
                "coordinates": [
                    [
                        [-90.30813622058221, 38.62192914082124],
                        [-90.3082172337813, 38.62151513318866],
                        [-90.30882922724535, 38.61846414568657],
                        [-90.30877520931716, 38.61808613534724],
                        [-90.3067952088871, 38.61789712042455],
                        [-90.30693921664682, 38.61718613514078],
                        [-90.30597621408857, 38.617501120804306],
                        [-90.30567920995045, 38.61697912052065],
                        [-90.30531922209016, 38.61328013944664],
                        [-90.30238522754755, 38.61350513768],
                        [-90.30698423223005, 38.608942128630574],
                        [-90.30830721890852, 38.60956312611355],
                        [-90.31054822052215, 38.607259121578515],
                        [-90.31250122223828, 38.60662012968664],
                        [-90.31353620795629, 38.60592714447451],
                        [-90.31374322311598, 38.605675123441465],
                        [-90.31355423113489, 38.60345212485397],
                        [-90.31550721499718, 38.601580130451886],
                        [-90.31539021101298, 38.600005123590854],
                        [-90.31575021320674, 38.59987913031243],
                        [-90.31569621494232, 38.59969012462464],
                        [-90.31615520379559, 38.599510136661245],
                        [-90.31808121110991, 38.59866412988336],
                        [-90.31889123371708, 38.59808813493911],
                        [-90.31885788354484, 38.59860143965869],
                        [-90.3188521200484, 38.5986286393764],
                        [-90.31859889124725, 38.59920410598352],
                        [-90.31822523444966, 38.59984312980652],
                        [-90.31833591318794, 38.599801716839984],
                        [-90.31693209557622, 38.60299166483502],
                        [-90.3165270938628, 38.60437566857849],
                        [-90.3163890930841, 38.60478165785278],
                        [-90.3157231030736, 38.6062526795799],
                        [-90.3155920820234, 38.6075516568918],
                        [-90.3154860965512, 38.6088846676103],
                        [-90.3149501034926, 38.609644664793905],
                        [-90.314315088875, 38.610664678902495],
                        [-90.3129120738962, 38.6130576927688],
                        [-90.3125000852928, 38.6140356836938],
                        [-90.312409075365, 38.6148336975038],
                        [-90.3110000759915, 38.6181986807403],
                        [-90.30997218470003, 38.62212372544993],
                        [-90.30813622058221, 38.62192914082124]
                    ]
                ]
            }
        },
        {
            "id": "28",
            "type": "Feature",
            "properties": {
                "city_zip": "63147",
                "source_area_sq_m": 17366993.06926693,
                "city_area_sq_m": 17366992.976993993,
                "city_area_share": 0.999999994686879,
                "total_population": 10700.114329467207,
                "race_total": 10700.114329467207,
                "race_white_non_hispanic": 638.5781671394909,
                "race_black_non_hispanic": 9741.085911352486,
                "race_other": 320.4502509752313,
                "poverty_universe": 10482.87085441103,
                "poverty_below": 3561.8948949374976,
                "school_age_5_17": 2154.754669338709,
                "school_age_white_non_hispanic_5_17": 35.49242520526602,
                "school_age_black_alone_5_17": 2107.7121695839346,
                "school_age_other_or_unclassified_5_17": 11.550074549508393,
                "race_white_share": 0.05967956486043339,
                "race_black_share": 0.9103721335506071,
                "race_other_share": 0.02994830158895952,
                "poverty_rate": 0.3397823882795148,
                "school_age_5_17_per_capita": 0.20137678934931538,
                "school_age_white_non_hispanic_5_17_share": 0.01647167805704702,
                "school_age_black_alone_5_17_share": 0.9781680483517822,
                "school_age_other_or_unclassified_5_17_share": 0.005360273591170866,
                "acs_allocation_method": "area_weighted_from_census_geography",
                "zhvi_typical_home_value": 60488.14090996092,
                "zhvi_month": "2026-07-31",
                "tornado_damage_intersects": true,
                "tornado_max_efscale": "1",
                "tornado_damage_area_sq_m": 3136765.1480564657,
                "tornado_damage_area_share": 0.180616480481806,
                "tornado_damage_point_count": 8,
                "tornado_ef2_plus_point_count": 2,
                "tornado_distance_to_path_m": 0.0
            },
            "geometry": {
                "type": "Polygon",
                "coordinates": [
                    [
                        [-90.23988920890407, 38.72342216074722],
                        [-90.23978121907007, 38.72344015328229],
                        [-90.23984419317236, 38.722738145046215],
                        [-90.23608219240118, 38.72294515550932],
                        [-90.23468719322891, 38.723404156760154],
                        [-90.23219422158887, 38.72483517028013],
                        [-90.22796421158286, 38.72679716197882],
                        [-90.22797320768328, 38.72633815528543],
                        [-90.22284320751781, 38.72785014824599],
                        [-90.22096221511426, 38.72911014866228],
                        [-90.21934218726527, 38.727850171692396],
                        [-90.21451819546634, 38.72699515198369],
                        [-90.21618319451117, 38.721442159273934],
                        [-90.2174701861907, 38.71420615436315],
                        [-90.21454519436287, 38.704144152408126],
                        [-90.20677820122, 38.69498215093756],
                        [-90.20743520221494, 38.69359616170531],
                        [-90.1983092063331, 38.685865151854124],
                        [-90.19117220404158, 38.67751314924266],
                        [-90.18932718922746, 38.67396715519094],
                        [-90.18682517812505, 38.66495813542982],
                        [-90.18537618067484, 38.66296014640172],
                        [-90.18457517542431, 38.6584511384307],
                        [-90.1860151756754, 38.657920137979616],
                        [-90.19112720448076, 38.656183151448566],
                        [-90.19025420258797, 38.65360015803255],
                        [-90.19390817443258, 38.65243013490719],
                        [-90.1948711776867, 38.654041148035155],
                        [-90.19634720615555, 38.65842415881114],
                        [-90.1973911774082, 38.66189815341405],
                        [-90.20217920731237, 38.66963814984169],
                        [-90.20449217827574, 38.672905155746044],
                        [-90.20752520895586, 38.67691014665996],
                        [-90.21305120389022, 38.680672148046376],
                        [-90.21900021596993, 38.68376814491069],
                        [-90.22058421148876, 38.68401116201589],
                        [-90.22525520302383, 38.683309147723534],
                        [-90.2265422151143, 38.68245415388733],
                        [-90.22889121568838, 38.683705160844596],
                        [-90.23048420248008, 38.68487516071091],
                        [-90.234480215492, 38.68933915605101],
                        [-90.23805320787493, 38.69344314989107],
                        [-90.23914221891494, 38.69499116301545],
                        [-90.2404382205462, 38.69643116286794],
                        [-90.24299420567695, 38.69938314589415],
                        [-90.24941122737866, 38.706718155067236],
                        [-90.24946521635572, 38.70677214511713],
                        [-90.24951921270024, 38.70684414823178],
                        [-90.25126519606478, 38.70879715088842],
                        [-90.25500921099709, 38.7131171618357],
                        [-90.25428922416957, 38.71404414364764],
                        [-90.25339820081953, 38.715691141691245],
                        [-90.25249821901735, 38.71746414981393],
                        [-90.2518142155144, 38.71869716478888],
                        [-90.25165220439946, 38.71883216495772],
                        [-90.25041020122212, 38.718868155297066],
                        [-90.2461442080941, 38.72055114569998],
                        [-90.24420921500288, 38.7213071521577],
                        [-90.24204020419701, 38.722144163103295],
                        [-90.24073520274628, 38.72248615818902],
                        [-90.240492196875, 38.722882151512685],
                        [-90.2406445221778, 38.723303262656344],
                        [-90.24063569072415, 38.72330663644428],
                        [-90.23988920890407, 38.72342216074722]
                    ]
                ]
            }
        }
    ]
}
