{"type": "FeatureCollection", "features": [{"id": "0", "type": "Feature", "properties": {"geoid": "29510108100", "name": "Census Tract 1081; St. Louis city; Missouri", "total_population": 3292, "total_population_moe": 931, "race_total": 3292, "race_total_moe": 931, "race_white_non_hispanic": 188, "race_white_non_hispanic_moe": 206, "race_black_non_hispanic": 2992, "race_black_non_hispanic_moe": 836, "poverty_universe": 3258, "poverty_universe_moe": 931, "poverty_below": 1785, "poverty_below_moe": 902, "male_5_9": 135, "male_5_9_moe": 96, "male_10_14": 306, "male_10_14_moe": 303, "male_15_17": 119, "male_15_17_moe": 132, "female_5_9": 174, "female_5_9_moe": 100, "female_10_14": 105, "female_10_14_moe": 76, "female_15_17": 105, "female_15_17_moe": 50, "male_white_non_hispanic_5_9": 34, "male_white_non_hispanic_5_9_moe": 54, "male_white_non_hispanic_10_14": 0, "male_white_non_hispanic_10_14_moe": 12, "male_white_non_hispanic_15_17": 0, "male_white_non_hispanic_15_17_moe": 12, "female_white_non_hispanic_5_9": 0, "female_white_non_hispanic_5_9_moe": 12, "female_white_non_hispanic_10_14": 0, "female_white_non_hispanic_10_14_moe": 12, "female_white_non_hispanic_15_17": 0, "female_white_non_hispanic_15_17_moe": 12, "male_black_alone_5_9": 101, "male_black_alone_5_9_moe": 74, "male_black_alone_10_14": 306, "male_black_alone_10_14_moe": 303, "male_black_alone_15_17": 119, "male_black_alone_15_17_moe": 132, "female_black_alone_5_9": 174, "female_black_alone_5_9_moe": 100, "female_black_alone_10_14": 105, "female_black_alone_10_14_moe": 76, "female_black_alone_15_17": 105, "female_black_alone_15_17_moe": 50, "male_public_school_5_9": 135, "state": "29", "county": "510", "tract": "108100", "male_public_school_5_9_moe": 96, "male_public_school_10_14": 306, "male_public_school_10_14_moe": 303, "male_public_school_15_17": 119, "male_public_school_15_17_moe": 132, "male_private_school_5_9": 0, "male_private_school_5_9_moe": 12, "male_private_school_10_14": 0, "male_private_school_10_14_moe": 12, "male_private_school_15_17": 0, "male_private_school_15_17_moe": 12, "female_public_school_5_9": 174, "female_public_school_5_9_moe": 100, "female_public_school_10_14": 105, "female_public_school_10_14_moe": 76, "female_public_school_15_17": 105, "female_public_school_15_17_moe": 50, "female_private_school_5_9": 0, "female_private_school_5_9_moe": 12, "female_private_school_10_14": 0, "female_private_school_10_14_moe": 12, "female_private_school_15_17": 0, "female_private_school_15_17_moe": 12, "median_household_income": 34901, "median_household_income_moe": 17399, "acs_median_owner_occupied_home_value": 109100, "acs_median_owner_occupied_home_value_moe": 14469, "race_other": 112, "race_white_share": 0.05710814094775213, "race_black_share": 0.9088699878493317, "race_other_share": 0.03402187120291616, "poverty_rate": 0.5478821362799263, "school_age_5_17": 944, "school_age_white_non_hispanic_5_17": 34, "school_age_black_alone_5_17": 910, "school_age_other_or_unclassified_5_17": 0, "school_age_white_non_hispanic_5_17_moe": 60.29925372672534, "school_age_black_alone_5_17_moe": 364.67108467768594, "school_age_white_non_hispanic_5_17_share": 0.036016949152542374, "school_age_black_alone_5_17_share": 0.9639830508474576, "school_age_other_or_unclassified_5_17_share": 0.0, "school_age_5_17_per_capita": 0.2867557715674362, "public_school_enrolled_5_17": 944, "private_school_enrolled_5_17": 0, "public_school_enrolled_5_17_moe": 369.76343788968643, "private_school_enrolled_5_17_moe": 29.393876913398138, "public_school_enrolled_5_17_per_school_age": 1.0, "private_school_enrolled_5_17_per_school_age": 0.0, "source_area_sq_m": 3201143.1398484143, "city_area_sq_m": 3201143.1398484153, "city_area_share": 1.0000000000000002, "tornado_damage_intersects": false, "tornado_max_efscale": "<NA>", "tornado_damage_area_sq_m": 0.0, "tornado_damage_area_share": 0.0, "tornado_damage_point_count": 0, "tornado_ef2_plus_point_count": 0, "tornado_distance_to_path_m": 2455.1497458500194}, "geometry": {"type": "Polygon", "coordinates": [[[-90.253107, 38.71714], [-90.252767, 38.717576], [-90.252266, 38.718219], [-90.251773, 38.71885], [-90.2516, 38.718794], [-90.251499, 38.718755], [-90.251156, 38.718659], [-90.250785, 38.718572], [-90.250502, 38.718498], [-90.250239, 38.718432], [-90.250004, 38.718363], [-90.249205, 38.718146], [-90.24791, 38.717799], [-90.247698, 38.717743], [-90.247063, 38.717575], [-90.246852, 38.71752], [-90.246769, 38.717498], [-90.246519, 38.717432], [-90.246437, 38.717411], [-90.246337, 38.717384], [-90.246037, 38.717306], [-90.245937, 38.71728], [-90.245742, 38.717228], [-90.245159, 38.717075], [-90.244965, 38.717024], [-90.244711, 38.716951], [-90.243952, 38.716733], [-90.243699, 38.716661], [-90.243478, 38.716598], [-90.243243, 38.716537], [-90.242394, 38.71632], [-90.241916, 38.716193], [-90.241873, 38.716181], [-90.241562, 38.716101], [-90.241415, 38.71607], [-90.24124, 38.716039], [-90.241196, 38.716032], [-90.24117, 38.71603], [-90.240855, 38.716006], [-90.240695, 38.715988], [-90.240428, 38.715959], [-90.240182, 38.715933], [-90.239967, 38.715911], [-90.239645, 38.715878], [-90.239324, 38.715845], [-90.23911, 38.715824], [-90.238053, 38.715718], [-90.23763, 38.715676], [-90.237552, 38.715669], [-90.23737, 38.715651], [-90.236853, 38.71561], [-90.236468, 38.71558], [-90.236361, 38.715568], [-90.235939, 38.715525], [-90.234879, 38.715415], [-90.23452, 38.715371], [-90.233724, 38.715291], [-90.233056, 38.715213], [-90.23247, 38.715125], [-90.232035, 38.715075], [-90.230858, 38.714956], [-90.230455, 38.714909], [-90.230093, 38.714867], [-90.230033, 38.71486], [-90.229976, 38.714881], [-90.229874, 38.714918], [-90.229886, 38.714843], [-90.230079, 38.713662], [-90.230141, 38.71329], [-90.230187, 38.713064], [-90.230213, 38.712936], [-90.230278, 38.712619], [-90.230287, 38.712551], [-90.230305, 38.712422], [-90.230321, 38.712301], [-90.230348, 38.712106], [-90.230361, 38.711939], [-90.230372, 38.711819], [-90.230378, 38.711746], [-90.230383, 38.711697], [-90.230385, 38.71153], [-90.230387, 38.711458], [-90.230387, 38.711396], [-90.230391, 38.711211], [-90.230393, 38.71115], [-90.230383, 38.710994], [-90.230362, 38.710652], [-90.230356, 38.710527], [-90.23035, 38.710372], [-90.230339, 38.710124], [-90.230309, 38.709381], [-90.2303, 38.709134], [-90.230286, 38.708742], [-90.230274, 38.70854], [-90.230248, 38.708115], [-90.230228, 38.707404], [-90.230226, 38.707346], [-90.230203, 38.706715], [-90.230197, 38.706425], [-90.230186, 38.705944], [-90.230163, 38.705746], [-90.230152, 38.705657], [-90.230147, 38.705615], [-90.230128, 38.705455], [-90.230124, 38.705391], [-90.23012, 38.705302], [-90.230101, 38.704969], [-90.230098, 38.704945], [-90.230044, 38.704357], [-90.229953, 38.703931], [-90.229939, 38.703888], [-90.229884, 38.703712], [-90.229822, 38.703551], [-90.229745, 38.703354], [-90.229735, 38.703334], [-90.229682, 38.703223], [-90.229549, 38.702949], [-90.229437, 38.702702], [-90.229342, 38.70249], [-90.229451, 38.702429], [-90.229483, 38.702401], [-90.229537, 38.702323], [-90.229573, 38.702184], [-90.229574, 38.70201], [-90.229568, 38.701808], [-90.229542, 38.701678], [-90.229488, 38.701563], [-90.229399, 38.70139], [-90.229365, 38.701266], [-90.229354, 38.701174], [-90.22936, 38.700875], [-90.22936, 38.700527], [-90.229381, 38.700262], [-90.229413, 38.700082], [-90.229455, 38.699952], [-90.229525, 38.699802], [-90.229626, 38.699662], [-90.229693, 38.699592], [-90.229721, 38.699563], [-90.22993, 38.699432], [-90.230173, 38.699297], [-90.230525, 38.699111], [-90.230757, 38.69898], [-90.230945, 38.698884], [-90.231041, 38.698805], [-90.231172, 38.698663], [-90.231532, 38.6982], [-90.231718, 38.698004], [-90.231888, 38.697855], [-90.232155, 38.697703], [-90.232295, 38.697619], [-90.23277, 38.697358], [-90.234101, 38.696652], [-90.234787, 38.696274], [-90.236234, 38.695487], [-90.237163, 38.694965], [-90.237943, 38.694549], [-90.238548, 38.694221], [-90.238624, 38.694326], [-90.238661, 38.694373], [-90.238718, 38.694446], [-90.23901, 38.694817], [-90.239127, 38.694965], [-90.239242, 38.695109], [-90.239309, 38.695192], [-90.239435, 38.695339], [-90.239599, 38.695532], [-90.23972, 38.695673], [-90.240363, 38.696407], [-90.240707, 38.696796], [-90.241015, 38.697154], [-90.241669, 38.697897], [-90.241797, 38.698044], [-90.242184, 38.698488], [-90.242314, 38.698636], [-90.242437, 38.698776], [-90.242809, 38.699199], [-90.242933, 38.69934], [-90.243061, 38.699488], [-90.243448, 38.699932], [-90.243577, 38.70008], [-90.243708, 38.700232], [-90.244101, 38.700688], [-90.244232, 38.700841], [-90.244905, 38.701612], [-90.245046, 38.701774], [-90.24547, 38.70226], [-90.245612, 38.702423], [-90.245746, 38.702581], [-90.24611, 38.70301], [-90.246149, 38.703054], [-90.246286, 38.70321], [-90.246428, 38.703371], [-90.246856, 38.703856], [-90.246999, 38.704018], [-90.247142, 38.70418], [-90.247571, 38.704669], [-90.247715, 38.704832], [-90.248261, 38.705449], [-90.248401, 38.705613], [-90.248911, 38.706211], [-90.249363, 38.7067], [-90.249475, 38.706821], [-90.24946, 38.706834], [-90.249274, 38.707018], [-90.248688, 38.707627], [-90.247988, 38.708337], [-90.247305, 38.709049], [-90.246676, 38.709687], [-90.246369, 38.709991], [-90.246134, 38.710225], [-90.245635, 38.710723], [-90.245427, 38.710926], [-90.24519, 38.711158], [-90.244264, 38.712101], [-90.244108, 38.71226], [-90.247114, 38.713294], [-90.248072, 38.713608], [-90.248798, 38.713845], [-90.248827, 38.713855], [-90.248952, 38.713897], [-90.24933, 38.714025], [-90.249456, 38.714068], [-90.249643, 38.714131], [-90.250203, 38.714322], [-90.250391, 38.714386], [-90.25048, 38.714416], [-90.250816, 38.714535], [-90.250879, 38.714557], [-90.251227, 38.714688], [-90.251487, 38.714794], [-90.251575, 38.71483], [-90.25175, 38.714905], [-90.251856, 38.714951], [-90.252073, 38.715049], [-90.252354, 38.715176], [-90.252763, 38.715361], [-90.253264, 38.71561], [-90.253377, 38.715672], [-90.253883, 38.715947], [-90.253937, 38.715978], [-90.253999, 38.716016], [-90.253107, 38.71714]]]}}, {"id": "1", "type": "Feature", "properties": {"geoid": "29510102300", "name": "Census Tract 1023; St. Louis city; Missouri", "total_population": 2371, "total_population_moe": 938, "race_total": 2371, "race_total_moe": 938, "race_white_non_hispanic": 1202, "race_white_non_hispanic_moe": 151, "race_black_non_hispanic": 774, "race_black_non_hispanic_moe": 927, "poverty_universe": 2371, "poverty_universe_moe": 938, "poverty_below": 104, "poverty_below_moe": 80, "male_5_9": 189, "male_5_9_moe": 224, "male_10_14": 103, "male_10_14_moe": 111, "male_15_17": 60, "male_15_17_moe": 50, "female_5_9": 21, "female_5_9_moe": 23, "female_10_14": 30, "female_10_14_moe": 35, "female_15_17": 24, "female_15_17_moe": 23, "male_white_non_hispanic_5_9": 43, "male_white_non_hispanic_5_9_moe": 33, "male_white_non_hispanic_10_14": 23, "male_white_non_hispanic_10_14_moe": 19, "male_white_non_hispanic_15_17": 18, "male_white_non_hispanic_15_17_moe": 29, "female_white_non_hispanic_5_9": 13, "female_white_non_hispanic_5_9_moe": 17, "female_white_non_hispanic_10_14": 16, "female_white_non_hispanic_10_14_moe": 25, "female_white_non_hispanic_15_17": 17, "female_white_non_hispanic_15_17_moe": 18, "male_black_alone_5_9": 146, "male_black_alone_5_9_moe": 211, "male_black_alone_10_14": 77, "male_black_alone_10_14_moe": 111, "male_black_alone_15_17": 23, "male_black_alone_15_17_moe": 27, "female_black_alone_5_9": 0, "female_black_alone_5_9_moe": 12, "female_black_alone_10_14": 0, "female_black_alone_10_14_moe": 12, "female_black_alone_15_17": 0, "female_black_alone_15_17_moe": 12, "male_public_school_5_9": 189, "state": "29", "county": "510", "tract": "102300", "male_public_school_5_9_moe": 224, "male_public_school_10_14": 98, "male_public_school_10_14_moe": 111, "male_public_school_15_17": 50, "male_public_school_15_17_moe": 47, "male_private_school_5_9": 0, "male_private_school_5_9_moe": 12, "male_private_school_10_14": 5, "male_private_school_10_14_moe": 8, "male_private_school_15_17": 10, "male_private_school_15_17_moe": 17, "female_public_school_5_9": 21, "female_public_school_5_9_moe": 23, "female_public_school_10_14": 30, "female_public_school_10_14_moe": 35, "female_public_school_15_17": 18, "female_public_school_15_17_moe": 19, "female_private_school_5_9": 0, "female_private_school_5_9_moe": 12, "female_private_school_10_14": 0, "female_private_school_10_14_moe": 12, "female_private_school_15_17": 0, "female_private_school_15_17_moe": 12, "median_household_income": 61504, "median_household_income_moe": 11936, "acs_median_owner_occupied_home_value": 157700, "acs_median_owner_occupied_home_value_moe": 8274, "race_other": 395, "race_white_share": 0.5069590889919865, "race_black_share": 0.3264445381695487, "race_other_share": 0.1665963728384648, "poverty_rate": 0.043863348797975536, "school_age_5_17": 427, "school_age_white_non_hispanic_5_17": 130, "school_age_black_alone_5_17": 246, "school_age_other_or_unclassified_5_17": 51, "school_age_white_non_hispanic_5_17_moe": 59.405386961116584, "school_age_black_alone_5_17_moe": 240.83811990629724, "school_age_white_non_hispanic_5_17_share": 0.3044496487119438, "school_age_black_alone_5_17_share": 0.5761124121779859, "school_age_other_or_unclassified_5_17_share": 0.11943793911007025, "school_age_5_17_per_capita": 0.1800927878532265, "public_school_enrolled_5_17": 406, "private_school_enrolled_5_17": 15, "public_school_enrolled_5_17_moe": 258.4975821937219, "private_school_enrolled_5_17_moe": 30.479501308256342, "public_school_enrolled_5_17_per_school_age": 0.9508196721311475, "private_school_enrolled_5_17_per_school_age": 0.0351288056206089, "source_area_sq_m": 1331474.04486475, "city_area_sq_m": 1318440.8521674934, "city_area_share": 0.9902114556813757, "tornado_damage_intersects": false, "tornado_max_efscale": "<NA>", "tornado_damage_area_sq_m": 0.0, "tornado_damage_area_share": 0.0, "tornado_damage_point_count": 0, "tornado_ef2_plus_point_count": 0, "tornado_distance_to_path_m": 8288.076977719584}, "geometry": {"type": "Polygon", "coordinates": [[[-90.296868, 38.562467], [-90.296599, 38.562647], [-90.296509, 38.562708], [-90.296384, 38.562792], [-90.296009, 38.563046], [-90.295885, 38.563131], [-90.295356, 38.563477], [-90.295285, 38.563525], [-90.295213, 38.563573], [-90.29512, 38.563636], [-90.295028, 38.563698], [-90.294152, 38.564285], [-90.293985, 38.564387], [-90.293484, 38.564697], [-90.293318, 38.564801], [-90.293155, 38.564897], [-90.29267, 38.565188], [-90.292508, 38.565285], [-90.292146, 38.565498], [-90.29144, 38.565915], [-90.291064, 38.566141], [-90.290742, 38.566336], [-90.290705, 38.566358], [-90.290396, 38.566541], [-90.290108, 38.566712], [-90.289712, 38.56695], [-90.28947, 38.567092], [-90.289162, 38.567276], [-90.289004, 38.56737], [-90.28853, 38.567654], [-90.288433, 38.567713], [-90.288373, 38.567749], [-90.288173, 38.567869], [-90.288039, 38.56795], [-90.287574, 38.568229], [-90.287375, 38.568349], [-90.287201, 38.56845], [-90.28697, 38.568587], [-90.286682, 38.568756], [-90.286509, 38.568858], [-90.286435, 38.568901], [-90.28637, 38.568953], [-90.28617, 38.569117], [-90.285983, 38.569283], [-90.285857, 38.569396], [-90.285772, 38.569293], [-90.285506, 38.569015], [-90.285493, 38.569001], [-90.285353, 38.568855], [-90.285115, 38.568607], [-90.284473, 38.567954], [-90.284354, 38.567865], [-90.284326, 38.567845], [-90.284269, 38.567844], [-90.284155, 38.567867], [-90.283873, 38.568035], [-90.283347, 38.56835], [-90.282968, 38.568593], [-90.282861, 38.56867], [-90.280738, 38.567495], [-90.280311, 38.567271], [-90.279978, 38.567132], [-90.279672, 38.567028], [-90.279585, 38.566998], [-90.279155, 38.566847], [-90.278684, 38.566646], [-90.278468, 38.566554], [-90.277496, 38.566179], [-90.277165, 38.566032], [-90.277292, 38.565895], [-90.277674, 38.565484], [-90.277802, 38.565348], [-90.277841, 38.565305], [-90.277958, 38.565179], [-90.277998, 38.565138], [-90.278083, 38.565042], [-90.278341, 38.564756], [-90.278427, 38.564661], [-90.278582, 38.564487], [-90.278927, 38.564103], [-90.279048, 38.563968], [-90.279204, 38.563795], [-90.279274, 38.563717], [-90.279484, 38.563484], [-90.279555, 38.563407], [-90.279578, 38.563381], [-90.27965, 38.563303], [-90.279674, 38.563278], [-90.27977, 38.563173], [-90.280058, 38.562857], [-90.280155, 38.562753], [-90.280199, 38.562704], [-90.280334, 38.562557], [-90.280379, 38.562509], [-90.280749, 38.562121], [-90.281217, 38.561631], [-90.281366, 38.561475], [-90.281974, 38.560829], [-90.282621, 38.560143], [-90.28291, 38.55984], [-90.282986, 38.55976], [-90.283061, 38.559681], [-90.283142, 38.559597], [-90.283222, 38.559514], [-90.283459, 38.559265], [-90.283525, 38.559193], [-90.283724, 38.558977], [-90.283791, 38.558906], [-90.283967, 38.558714], [-90.284115, 38.558551], [-90.2846, 38.55802], [-90.285093, 38.557494], [-90.285423, 38.557145], [-90.285526, 38.557035], [-90.285835, 38.556705], [-90.285939, 38.556596], [-90.286093, 38.556432], [-90.286555, 38.55594], [-90.286709, 38.555776], [-90.286751, 38.555732], [-90.286879, 38.555599], [-90.28691025086013, 38.5555677491468], [-90.2869120344968, 38.5555685606191], [-90.2896417111478, 38.557306882692004], [-90.292484056858, 38.5590455603311], [-90.29694558783585, 38.56241584319621], [-90.296868, 38.562467]]]}}, {"id": "2", "type": "Feature", "properties": {"geoid": "29510102400", "name": "Census Tract 1024; St. Louis city; Missouri", "total_population": 2256, "total_population_moe": 405, "race_total": 2256, "race_total_moe": 405, "race_white_non_hispanic": 1333, "race_white_non_hispanic_moe": 234, "race_black_non_hispanic": 528, "race_black_non_hispanic_moe": 387, "poverty_universe": 2256, "poverty_universe_moe": 405, "poverty_below": 396, "poverty_below_moe": 181, "male_5_9": 35, "male_5_9_moe": 26, "male_10_14": 46, "male_10_14_moe": 50, "male_15_17": 0, "male_15_17_moe": 12, "female_5_9": 66, "female_5_9_moe": 61, "female_10_14": 147, "female_10_14_moe": 144, "female_15_17": 78, "female_15_17_moe": 103, "male_white_non_hispanic_5_9": 9, "male_white_non_hispanic_5_9_moe": 14, "male_white_non_hispanic_10_14": 8, "male_white_non_hispanic_10_14_moe": 12, "male_white_non_hispanic_15_17": 0, "male_white_non_hispanic_15_17_moe": 12, "female_white_non_hispanic_5_9": 41, "female_white_non_hispanic_5_9_moe": 50, "female_white_non_hispanic_10_14": 32, "female_white_non_hispanic_10_14_moe": 37, "female_white_non_hispanic_15_17": 8, "female_white_non_hispanic_15_17_moe": 12, "male_black_alone_5_9": 0, "male_black_alone_5_9_moe": 12, "male_black_alone_10_14": 0, "male_black_alone_10_14_moe": 12, "male_black_alone_15_17": 0, "male_black_alone_15_17_moe": 12, "female_black_alone_5_9": 0, "female_black_alone_5_9_moe": 12, "female_black_alone_10_14": 88, "female_black_alone_10_14_moe": 137, "female_black_alone_15_17": 70, "female_black_alone_15_17_moe": 102, "male_public_school_5_9": 17, "state": "29", "county": "510", "tract": "102400", "male_public_school_5_9_moe": 14, "male_public_school_10_14": 14, "male_public_school_10_14_moe": 25, "male_public_school_15_17": 0, "male_public_school_15_17_moe": 12, "male_private_school_5_9": 18, "male_private_school_5_9_moe": 19, "male_private_school_10_14": 32, "male_private_school_10_14_moe": 28, "male_private_school_15_17": 0, "male_private_school_15_17_moe": 12, "female_public_school_5_9": 36, "female_public_school_5_9_moe": 44, "female_public_school_10_14": 147, "female_public_school_10_14_moe": 144, "female_public_school_15_17": 70, "female_public_school_15_17_moe": 102, "female_private_school_5_9": 30, "female_private_school_5_9_moe": 37, "female_private_school_10_14": 0, "female_private_school_10_14_moe": 12, "female_private_school_15_17": 8, "female_private_school_15_17_moe": 12, "median_household_income": 56102, "median_household_income_moe": 1701, "acs_median_owner_occupied_home_value": 169800, "acs_median_owner_occupied_home_value_moe": 20052, "race_other": 395, "race_white_share": 0.5908687943262412, "race_black_share": 0.23404255319148937, "race_other_share": 0.1750886524822695, "poverty_rate": 0.17553191489361702, "school_age_5_17": 372, "school_age_white_non_hispanic_5_17": 98, "school_age_black_alone_5_17": 158, "school_age_other_or_unclassified_5_17": 116, "school_age_white_non_hispanic_5_17_moe": 67.05967491719595, "school_age_black_alone_5_17_moe": 172.47898422706461, "school_age_white_non_hispanic_5_17_share": 0.26344086021505375, "school_age_black_alone_5_17_share": 0.42473118279569894, "school_age_other_or_unclassified_5_17_share": 0.3118279569892473, "school_age_5_17_per_capita": 0.16489361702127658, "public_school_enrolled_5_17": 284, "private_school_enrolled_5_17": 88, "public_school_enrolled_5_17_moe": 184.50203250912983, "private_school_enrolled_5_17_moe": 54.27706698044764, "public_school_enrolled_5_17_per_school_age": 0.7634408602150538, "private_school_enrolled_5_17_per_school_age": 0.23655913978494625, "source_area_sq_m": 585038.2602532377, "city_area_sq_m": 585038.2602532376, "city_area_share": 0.9999999999999998, "tornado_damage_intersects": false, "tornado_max_efscale": "<NA>", "tornado_damage_area_sq_m": 0.0, "tornado_damage_area_share": 0.0, "tornado_damage_point_count": 0, "tornado_ef2_plus_point_count": 0, "tornado_distance_to_path_m": 7160.389286260078}, "geometry": {"type": "Polygon", "coordinates": [[[-90.284479, 38.57416], [-90.284449, 38.574235], [-90.284224, 38.574651], [-90.284006, 38.575053], [-90.283493, 38.576014], [-90.28346, 38.576074], [-90.283429, 38.576119], [-90.283105, 38.576717], [-90.282969, 38.576967], [-90.282851, 38.577195], [-90.282784, 38.577325], [-90.282584, 38.577715], [-90.282518, 38.577846], [-90.282451, 38.577967], [-90.282382, 38.578095], [-90.282233, 38.578321], [-90.282209, 38.57836], [-90.28215, 38.578432], [-90.281997, 38.578617], [-90.281755, 38.578844], [-90.281507, 38.579021], [-90.281087, 38.57924], [-90.281044, 38.579258], [-90.280958, 38.579295], [-90.280717, 38.579396], [-90.280563, 38.579468], [-90.28024, 38.579614], [-90.280169, 38.579655], [-90.279851, 38.579835], [-90.279827, 38.579853], [-90.279726, 38.57993], [-90.27957, 38.580051], [-90.279428, 38.58017], [-90.279349, 38.580238], [-90.279334, 38.580255], [-90.279218, 38.580381], [-90.279159, 38.580447], [-90.278979, 38.580669], [-90.278905, 38.58079], [-90.278817, 38.580937], [-90.278623, 38.580918], [-90.278174, 38.580877], [-90.278044, 38.580864], [-90.277851, 38.580845], [-90.277795, 38.580838], [-90.277628, 38.58082], [-90.277573, 38.580814], [-90.277408, 38.580794], [-90.277189, 38.580761], [-90.277156, 38.580751], [-90.277113, 38.580739], [-90.277042, 38.580709], [-90.276831, 38.58056], [-90.276482, 38.580273], [-90.276351, 38.580166], [-90.27614, 38.580006], [-90.275923, 38.579841], [-90.275812, 38.579743], [-90.275738, 38.579739], [-90.275517, 38.579729], [-90.275444, 38.579726], [-90.275247, 38.579722], [-90.274954, 38.579718], [-90.274658, 38.579715], [-90.274462, 38.579714], [-90.274259, 38.579712], [-90.273934, 38.579709], [-90.27365, 38.579706], [-90.273448, 38.579705], [-90.273245, 38.579703], [-90.273227, 38.579702], [-90.272963, 38.579702], [-90.272567, 38.579699], [-90.272347, 38.579698], [-90.272242, 38.579698], [-90.271931, 38.579698], [-90.271827, 38.579699], [-90.271256, 38.579697], [-90.27095, 38.579697], [-90.270739, 38.579689], [-90.27064, 38.579662], [-90.270543, 38.579615], [-90.270406, 38.579548], [-90.270304, 38.57949], [-90.269992, 38.579312], [-90.26981, 38.579208], [-90.269779, 38.579231], [-90.269686, 38.579304], [-90.269656, 38.579329], [-90.269388, 38.579191], [-90.269177, 38.579082], [-90.268583, 38.578781], [-90.268315, 38.578646], [-90.268449, 38.578252], [-90.268475, 38.578175], [-90.268552, 38.577946], [-90.268579, 38.57787], [-90.268632, 38.577718], [-90.26879, 38.577262], [-90.268844, 38.577111], [-90.268895, 38.57695], [-90.268972, 38.576711], [-90.269048, 38.576468], [-90.2691, 38.576308], [-90.269686, 38.576617], [-90.271248, 38.577442], [-90.271445, 38.577546], [-90.271466, 38.577557], [-90.271846, 38.577756], [-90.272025, 38.577867], [-90.272112, 38.577842], [-90.272374, 38.577769], [-90.272462, 38.577746], [-90.272655, 38.577692], [-90.272796, 38.577654], [-90.273244, 38.577562], [-90.273441, 38.577523], [-90.273601, 38.577488], [-90.274051, 38.57739], [-90.274082, 38.57738], [-90.274239, 38.577331], [-90.27428, 38.577317], [-90.274403, 38.577278], [-90.274445, 38.577265], [-90.274645, 38.577189], [-90.274981, 38.577064], [-90.275234, 38.576935], [-90.275425, 38.576838], [-90.275501, 38.576799], [-90.275729, 38.576683], [-90.275806, 38.576645], [-90.275887, 38.576603], [-90.275969, 38.576562], [-90.276124, 38.576468], [-90.276203, 38.576421], [-90.276385, 38.576311], [-90.276933, 38.57598], [-90.277116, 38.575871], [-90.277289, 38.575766], [-90.277807, 38.575454], [-90.277981, 38.57535], [-90.278123, 38.575262], [-90.278163, 38.575238], [-90.278496, 38.575036], [-90.278709, 38.574905], [-90.278892, 38.574794], [-90.279272, 38.574563], [-90.279647, 38.574343], [-90.279699, 38.574312], [-90.280456, 38.573869], [-90.280517, 38.573833], [-90.28068, 38.573738], [-90.281054, 38.5735], [-90.281931, 38.572936], [-90.282113, 38.572798], [-90.282466, 38.572529], [-90.282492, 38.57251], [-90.282685, 38.572331], [-90.282779, 38.572244], [-90.283444, 38.571625], [-90.28377, 38.571323], [-90.284069, 38.572239], [-90.284153, 38.5725], [-90.284384, 38.573271], [-90.284398, 38.573317], [-90.284402, 38.573334], [-90.284511, 38.573724], [-90.284533, 38.573877], [-90.284522, 38.574051], [-90.284479, 38.57416]]]}}, {"id": "3", "type": "Feature", "properties": {"geoid": "29510127700", "name": "Census Tract 1277; St. Louis city; Missouri", "total_population": 1637, "total_population_moe": 520, "race_total": 1637, "race_total_moe": 520, "race_white_non_hispanic": 90, "race_white_non_hispanic_moe": 64, "race_black_non_hispanic": 1536, "race_black_non_hispanic_moe": 544, "poverty_universe": 1632, "poverty_universe_moe": 521, "poverty_below": 701, "poverty_below_moe": 371, "male_5_9": 0, "male_5_9_moe": 12, "male_10_14": 40, "male_10_14_moe": 52, "male_15_17": 57, "male_15_17_moe": 46, "female_5_9": 0, "female_5_9_moe": 12, "female_10_14": 45, "female_10_14_moe": 45, "female_15_17": 39, "female_15_17_moe": 47, "male_white_non_hispanic_5_9": 0, "male_white_non_hispanic_5_9_moe": 12, "male_white_non_hispanic_10_14": 0, "male_white_non_hispanic_10_14_moe": 12, "male_white_non_hispanic_15_17": 2, "male_white_non_hispanic_15_17_moe": 5, "female_white_non_hispanic_5_9": 0, "female_white_non_hispanic_5_9_moe": 12, "female_white_non_hispanic_10_14": 0, "female_white_non_hispanic_10_14_moe": 12, "female_white_non_hispanic_15_17": 0, "female_white_non_hispanic_15_17_moe": 12, "male_black_alone_5_9": 0, "male_black_alone_5_9_moe": 12, "male_black_alone_10_14": 40, "male_black_alone_10_14_moe": 52, "male_black_alone_15_17": 55, "male_black_alone_15_17_moe": 46, "female_black_alone_5_9": 0, "female_black_alone_5_9_moe": 12, "female_black_alone_10_14": 45, "female_black_alone_10_14_moe": 45, "female_black_alone_15_17": 39, "female_black_alone_15_17_moe": 47, "male_public_school_5_9": 0, "state": "29", "county": "510", "tract": "127700", "male_public_school_5_9_moe": 12, "male_public_school_10_14": 40, "male_public_school_10_14_moe": 52, "male_public_school_15_17": 42, "male_public_school_15_17_moe": 40, "male_private_school_5_9": 0, "male_private_school_5_9_moe": 12, "male_private_school_10_14": 0, "male_private_school_10_14_moe": 12, "male_private_school_15_17": 0, "male_private_school_15_17_moe": 12, "female_public_school_5_9": 0, "female_public_school_5_9_moe": 12, "female_public_school_10_14": 45, "female_public_school_10_14_moe": 45, "female_public_school_15_17": 39, "female_public_school_15_17_moe": 47, "female_private_school_5_9": 0, "female_private_school_5_9_moe": 12, "female_private_school_10_14": 0, "female_private_school_10_14_moe": 12, "female_private_school_15_17": 0, "female_private_school_15_17_moe": 12, "median_household_income": 27914, "median_household_income_moe": 8287, "acs_median_owner_occupied_home_value": 109900, "acs_median_owner_occupied_home_value_moe": 6682, "race_other": 11, "race_white_share": 0.05497861942577886, "race_black_share": 0.9383017715332926, "race_other_share": 0.006719609040928528, "poverty_rate": 0.42953431372549017, "school_age_5_17": 181, "school_age_white_non_hispanic_5_17": 2, "school_age_black_alone_5_17": 179, "school_age_other_or_unclassified_5_17": 0, "school_age_white_non_hispanic_5_17_moe": 27.294688127912362, "school_age_black_alone_5_17_moe": 96.65402216152208, "school_age_white_non_hispanic_5_17_share": 0.011049723756906077, "school_age_black_alone_5_17_share": 0.988950276243094, "school_age_other_or_unclassified_5_17_share": 0.0, "school_age_5_17_per_capita": 0.11056811240073305, "public_school_enrolled_5_17": 166, "private_school_enrolled_5_17": 0, "public_school_enrolled_5_17_moe": 93.94679345246436, "private_school_enrolled_5_17_moe": 29.393876913398138, "public_school_enrolled_5_17_per_school_age": 0.9171270718232044, "private_school_enrolled_5_17_per_school_age": 0.0, "source_area_sq_m": 1700663.2633021113, "city_area_sq_m": 1700663.263302111, "city_area_share": 0.9999999999999999, "tornado_damage_intersects": true, "tornado_max_efscale": "0", "tornado_damage_area_sq_m": 506.4598435536091, "tornado_damage_area_share": 0.00029780136637409864, "tornado_damage_point_count": 0, "tornado_ef2_plus_point_count": 0, "tornado_distance_to_path_m": 748.5252998933612}, "geometry": {"type": "Polygon", "coordinates": [[[-90.238211, 38.651335], [-90.238006, 38.651623], [-90.237865, 38.651823], [-90.237802, 38.651911], [-90.237615, 38.652178], [-90.237553, 38.652267], [-90.237453, 38.652409], [-90.23738, 38.652514], [-90.237155, 38.652839], [-90.237057, 38.652983], [-90.237176, 38.653035], [-90.237536, 38.653191], [-90.237656, 38.653244], [-90.237545, 38.653405], [-90.237384, 38.653642], [-90.237214, 38.653888], [-90.237104, 38.65405], [-90.236905, 38.654334], [-90.236309, 38.655186], [-90.236229, 38.655302], [-90.236108, 38.655469], [-90.236081, 38.655505], [-90.236003, 38.655612], [-90.235977, 38.655649], [-90.235866, 38.655803], [-90.235734, 38.655861], [-90.235697, 38.655878], [-90.235597, 38.655952], [-90.235536, 38.656036], [-90.235513, 38.656116], [-90.235506, 38.656189], [-90.235514, 38.656286], [-90.235231, 38.656672], [-90.235034, 38.656942], [-90.234993, 38.656997], [-90.234873, 38.657162], [-90.234833, 38.657218], [-90.234609, 38.65754], [-90.233938, 38.658508], [-90.233715, 38.658831], [-90.233925, 38.658922], [-90.234558, 38.659196], [-90.234769, 38.659288], [-90.23441, 38.659792], [-90.234127, 38.660188], [-90.233781, 38.660672], [-90.233579, 38.660952], [-90.233442, 38.661143], [-90.232537, 38.660727], [-90.231336, 38.660216], [-90.230594, 38.659901], [-90.229596, 38.659469], [-90.228988, 38.659197], [-90.228521, 38.658988], [-90.228408, 38.658938], [-90.228098, 38.658799], [-90.227114, 38.658378], [-90.226644, 38.658177], [-90.226056, 38.657925], [-90.224547, 38.657258], [-90.224309, 38.657167], [-90.224385, 38.657056], [-90.224614, 38.656725], [-90.224635, 38.656697], [-90.224692, 38.656616], [-90.223893, 38.65627], [-90.223403, 38.656056], [-90.222887, 38.655831], [-90.222846, 38.655807], [-90.222054, 38.655459], [-90.221863, 38.655375], [-90.221292, 38.655124], [-90.221102, 38.655041], [-90.220901, 38.654952], [-90.220652, 38.654843], [-90.220569, 38.654803], [-90.220308, 38.654675], [-90.220112, 38.654579], [-90.219923, 38.654486], [-90.219358, 38.654209], [-90.21917, 38.654117], [-90.219333, 38.653883], [-90.219784, 38.653242], [-90.219947, 38.653005], [-90.219976, 38.652164], [-90.21998, 38.65103], [-90.219968, 38.650254], [-90.219968, 38.650107], [-90.219968, 38.64967], [-90.219969, 38.649524], [-90.219969, 38.649309], [-90.21997, 38.649084], [-90.21997, 38.648667], [-90.21997, 38.648453], [-90.219975, 38.647726], [-90.219966, 38.647434], [-90.219964, 38.647356], [-90.219959, 38.647123], [-90.219958, 38.647046], [-90.219955, 38.64695], [-90.219949, 38.646662], [-90.219947, 38.646567], [-90.220444, 38.646669], [-90.221256, 38.646838], [-90.221936, 38.646978], [-90.222434, 38.647081], [-90.22277, 38.64715], [-90.223779, 38.647358], [-90.224116, 38.647428], [-90.224225, 38.64745], [-90.22449, 38.647503], [-90.224551, 38.647529], [-90.224654, 38.647575], [-90.22492, 38.647691], [-90.225474, 38.647932], [-90.225719, 38.64804], [-90.225985, 38.648159], [-90.226098, 38.647987], [-90.226407, 38.647411], [-90.2265, 38.647237], [-90.226835, 38.646686], [-90.227102, 38.646249], [-90.227307, 38.645874], [-90.228615, 38.646436], [-90.229238, 38.646709], [-90.229385, 38.646774], [-90.230131, 38.647104], [-90.231186, 38.647571], [-90.233901, 38.648767], [-90.234839, 38.649179], [-90.238574, 38.650825], [-90.238432, 38.651024], [-90.238211, 38.651335]]]}}, {"id": "4", "type": "Feature", "properties": {"geoid": "29510127800", "name": "Census Tract 1278; St. Louis city; Missouri", "total_population": 3582, "total_population_moe": 414, "race_total": 3582, "race_total_moe": 414, "race_white_non_hispanic": 1178, "race_white_non_hispanic_moe": 277, "race_black_non_hispanic": 1978, "race_black_non_hispanic_moe": 414, "poverty_universe": 2201, "poverty_universe_moe": 405, "poverty_below": 676, "poverty_below_moe": 200, "male_5_9": 100, "male_5_9_moe": 152, "male_10_14": 10, "male_10_14_moe": 18, "male_15_17": 27, "male_15_17_moe": 43, "female_5_9": 51, "female_5_9_moe": 84, "female_10_14": 0, "female_10_14_moe": 12, "female_15_17": 20, "female_15_17_moe": 22, "male_white_non_hispanic_5_9": 0, "male_white_non_hispanic_5_9_moe": 12, "male_white_non_hispanic_10_14": 0, "male_white_non_hispanic_10_14_moe": 12, "male_white_non_hispanic_15_17": 0, "male_white_non_hispanic_15_17_moe": 12, "female_white_non_hispanic_5_9": 0, "female_white_non_hispanic_5_9_moe": 12, "female_white_non_hispanic_10_14": 0, "female_white_non_hispanic_10_14_moe": 12, "female_white_non_hispanic_15_17": 4, "female_white_non_hispanic_15_17_moe": 8, "male_black_alone_5_9": 100, "male_black_alone_5_9_moe": 152, "male_black_alone_10_14": 0, "male_black_alone_10_14_moe": 12, "male_black_alone_15_17": 27, "male_black_alone_15_17_moe": 43, "female_black_alone_5_9": 51, "female_black_alone_5_9_moe": 84, "female_black_alone_10_14": 0, "female_black_alone_10_14_moe": 12, "female_black_alone_15_17": 10, "female_black_alone_15_17_moe": 17, "male_public_school_5_9": 6, "state": "29", "county": "510", "tract": "127800", "male_public_school_5_9_moe": 29, "male_public_school_10_14": 10, "male_public_school_10_14_moe": 18, "male_public_school_15_17": 27, "male_public_school_15_17_moe": 43, "male_private_school_5_9": 0, "male_private_school_5_9_moe": 12, "male_private_school_10_14": 0, "male_private_school_10_14_moe": 12, "male_private_school_15_17": 0, "male_private_school_15_17_moe": 12, "female_public_school_5_9": 0, "female_public_school_5_9_moe": 12, "female_public_school_10_14": 0, "female_public_school_10_14_moe": 12, "female_public_school_15_17": 16, "female_public_school_15_17_moe": 20, "female_private_school_5_9": 0, "female_private_school_5_9_moe": 12, "female_private_school_10_14": 0, "female_private_school_10_14_moe": 12, "female_private_school_15_17": 4, "female_private_school_15_17_moe": 8, "median_household_income": 26097, "median_household_income_moe": 5157, "acs_median_owner_occupied_home_value": -666666666, "acs_median_owner_occupied_home_value_moe": -222222222, "race_other": 426, "race_white_share": 0.32886655499720824, "race_black_share": 0.5522054718034618, "race_other_share": 0.11892797319932999, "poverty_rate": 0.3071331213084961, "school_age_5_17": 208, "school_age_white_non_hispanic_5_17": 4, "school_age_black_alone_5_17": 188, "school_age_other_or_unclassified_5_17": 16, "school_age_white_non_hispanic_5_17_moe": 28.0, "school_age_black_alone_5_17_moe": 180.51592727512994, "school_age_white_non_hispanic_5_17_share": 0.019230769230769232, "school_age_black_alone_5_17_share": 0.9038461538461539, "school_age_other_or_unclassified_5_17_share": 0.07692307692307693, "school_age_5_17_per_capita": 0.05806811836962591, "public_school_enrolled_5_17": 59, "private_school_enrolled_5_17": 4, "public_school_enrolled_5_17_moe": 60.844062980705026, "private_school_enrolled_5_17_moe": 28.0, "public_school_enrolled_5_17_per_school_age": 0.28365384615384615, "private_school_enrolled_5_17_per_school_age": 0.019230769230769232, "source_area_sq_m": 2548236.226754959, "city_area_sq_m": 2548236.2267549587, "city_area_share": 0.9999999999999998, "tornado_damage_intersects": false, "tornado_max_efscale": "<NA>", "tornado_damage_area_sq_m": 0.0, "tornado_damage_area_share": 0.0, "tornado_damage_point_count": 0, "tornado_ef2_plus_point_count": 0, "tornado_distance_to_path_m": 2733.4860156586637}, "geometry": {"type": "Polygon", "coordinates": [[[-90.236551, 38.626493], [-90.236462, 38.626762], [-90.236399, 38.626956], [-90.236338, 38.62714], [-90.236157, 38.627692], [-90.236097, 38.627877], [-90.23589, 38.628508], [-90.235557, 38.629408], [-90.235528, 38.629485], [-90.235507, 38.62954], [-90.235474, 38.62963], [-90.235445, 38.629708], [-90.235425, 38.629764], [-90.235086, 38.630679], [-90.234956, 38.631031], [-90.23494, 38.631075], [-90.234775, 38.631525], [-90.234668, 38.631816], [-90.234623, 38.631971], [-90.234588, 38.632071], [-90.234523, 38.632258], [-90.234465, 38.632426], [-90.234432, 38.63252], [-90.234328, 38.632818], [-90.234265, 38.633], [-90.234255, 38.633029], [-90.234246, 38.633056], [-90.234234, 38.63309], [-90.234225, 38.633118], [-90.234207, 38.633175], [-90.23419, 38.633223], [-90.234142, 38.633367], [-90.234126, 38.633416], [-90.234058, 38.633617], [-90.233855, 38.63422], [-90.233788, 38.634422], [-90.233318, 38.635733], [-90.233181, 38.636115], [-90.232857, 38.636964], [-90.232743, 38.637225], [-90.232657, 38.63742], [-90.232536, 38.637636], [-90.2324, 38.637852], [-90.232317, 38.637971], [-90.232195, 38.638148], [-90.23214, 38.638227], [-90.232098, 38.638282], [-90.231865, 38.638595], [-90.2318, 38.638681], [-90.231701, 38.638814], [-90.231632, 38.638905], [-90.231428, 38.639178], [-90.23136, 38.63927], [-90.231266, 38.639394], [-90.231235, 38.639437], [-90.230992, 38.639772], [-90.230902, 38.639899], [-90.23086, 38.639956], [-90.230735, 38.640129], [-90.230694, 38.640187], [-90.230655, 38.640241], [-90.230611, 38.6403], [-90.230365, 38.640642], [-90.230284, 38.640756], [-90.230215, 38.64085], [-90.230089, 38.641025], [-90.230017, 38.641139], [-90.229955, 38.641238], [-90.229102, 38.641217], [-90.228389, 38.641087], [-90.228367, 38.641083], [-90.228018, 38.641015], [-90.227814, 38.640971], [-90.227489, 38.640899], [-90.227395, 38.640879], [-90.227271, 38.640853], [-90.226839, 38.640759], [-90.226382, 38.64066], [-90.225852, 38.640546], [-90.225722, 38.640518], [-90.225276, 38.640422], [-90.224862, 38.640329], [-90.22416, 38.640173], [-90.223985, 38.640153], [-90.223905, 38.640148], [-90.223624, 38.640087], [-90.222547, 38.639853], [-90.222188, 38.639775], [-90.22184, 38.639704], [-90.221701, 38.639676], [-90.221128, 38.63956], [-90.22093, 38.63952], [-90.220798, 38.639493], [-90.220451, 38.639423], [-90.220075, 38.639345], [-90.218948, 38.639111], [-90.218573, 38.639034], [-90.21766, 38.638844], [-90.217495, 38.638809], [-90.216717, 38.63866], [-90.216781, 38.638474], [-90.216908, 38.638112], [-90.216976, 38.637916], [-90.217041, 38.63773], [-90.217103, 38.637547], [-90.217237, 38.637161], [-90.21729, 38.637001], [-90.217352, 38.636819], [-90.217413, 38.636636], [-90.217503, 38.636369], [-90.217596, 38.636089], [-90.217658, 38.635907], [-90.217719, 38.635724], [-90.217812, 38.635453], [-90.217906, 38.635178], [-90.217969, 38.634996], [-90.218036, 38.634799], [-90.218128, 38.634533], [-90.218237, 38.634211], [-90.218305, 38.634015], [-90.218331, 38.633936], [-90.218411, 38.633699], [-90.218438, 38.633621], [-90.218534, 38.633285], [-90.218535, 38.633247], [-90.218509, 38.633186], [-90.218461, 38.633169], [-90.218365, 38.633125], [-90.217442, 38.632944], [-90.217197, 38.632901], [-90.216755, 38.632823], [-90.216861, 38.632497], [-90.216961, 38.632191], [-90.217094, 38.631789], [-90.217188, 38.631524], [-90.217286, 38.631249], [-90.217303, 38.631202], [-90.217233, 38.631204], [-90.216939, 38.631195], [-90.216589, 38.631186], [-90.215946, 38.631137], [-90.215851, 38.631123], [-90.215491, 38.631072], [-90.215639, 38.630831], [-90.215978, 38.630285], [-90.216086, 38.63011], [-90.216236, 38.62987], [-90.21638, 38.629637], [-90.21656, 38.62935], [-90.216813, 38.628941], [-90.216958, 38.628709], [-90.217069, 38.628529], [-90.217263, 38.62822], [-90.217405, 38.627991], [-90.217517, 38.627812], [-90.21755, 38.627758], [-90.217649, 38.627598], [-90.217683, 38.627545], [-90.217738, 38.627456], [-90.21778, 38.62739], [-90.217823, 38.62732], [-90.217898, 38.627184], [-90.217949, 38.627093], [-90.218009, 38.626984], [-90.218083, 38.626795], [-90.218102, 38.626702], [-90.218118, 38.626618], [-90.218137, 38.626454], [-90.218151, 38.626034], [-90.218147, 38.625917], [-90.218144, 38.625813], [-90.218133, 38.625505], [-90.218115, 38.624997], [-90.218119, 38.624727], [-90.218121, 38.624582], [-90.218128, 38.624275], [-90.218136, 38.624018], [-90.218439, 38.62404], [-90.218953, 38.624094], [-90.219631, 38.624179], [-90.220028, 38.624229], [-90.220539, 38.624301], [-90.220834, 38.624344], [-90.221583, 38.624458], [-90.222173, 38.624562], [-90.222645, 38.624638], [-90.22314, 38.624733], [-90.223249, 38.624758], [-90.223757, 38.624876], [-90.224139, 38.62498], [-90.224209, 38.624813], [-90.224422, 38.624312], [-90.224493, 38.624146], [-90.224565, 38.62402], [-90.224729, 38.623739], [-90.224786, 38.623645], [-90.224862, 38.623522], [-90.225162, 38.623584], [-90.226063, 38.623772], [-90.226364, 38.623835], [-90.227858, 38.624144], [-90.22822, 38.624219], [-90.229483, 38.624479], [-90.229878, 38.624559], [-90.230319, 38.624649], [-90.231234, 38.624836], [-90.231341, 38.624858], [-90.232046, 38.625001], [-90.232551, 38.62511], [-90.23302, 38.625211], [-90.233921, 38.625405], [-90.233989, 38.62542], [-90.234054, 38.625434], [-90.235262, 38.625686], [-90.236718, 38.625991], [-90.236653, 38.626183], [-90.236551, 38.626493]]]}}, {"id": "5", "type": "Feature", "properties": {"geoid": "29510103100", "name": "Census Tract 1031; St. Louis city; Missouri", "total_population": 3048, "total_population_moe": 302, "race_total": 3048, "race_total_moe": 302, "race_white_non_hispanic": 2372, "race_white_non_hispanic_moe": 369, "race_black_non_hispanic": 459, "race_black_non_hispanic_moe": 277, "poverty_universe": 3036, "poverty_universe_moe": 303, "poverty_below": 85, "poverty_below_moe": 52, "male_5_9": 74, "male_5_9_moe": 53, "male_10_14": 27, "male_10_14_moe": 22, "male_15_17": 0, "male_15_17_moe": 12, "female_5_9": 160, "female_5_9_moe": 99, "female_10_14": 52, "female_10_14_moe": 41, "female_15_17": 13, "female_15_17_moe": 21, "male_white_non_hispanic_5_9": 74, "male_white_non_hispanic_5_9_moe": 53, "male_white_non_hispanic_10_14": 18, "male_white_non_hispanic_10_14_moe": 19, "male_white_non_hispanic_15_17": 0, "male_white_non_hispanic_15_17_moe": 12, "female_white_non_hispanic_5_9": 81, "female_white_non_hispanic_5_9_moe": 59, "female_white_non_hispanic_10_14": 52, "female_white_non_hispanic_10_14_moe": 41, "female_white_non_hispanic_15_17": 0, "female_white_non_hispanic_15_17_moe": 12, "male_black_alone_5_9": 0, "male_black_alone_5_9_moe": 12, "male_black_alone_10_14": 0, "male_black_alone_10_14_moe": 12, "male_black_alone_15_17": 0, "male_black_alone_15_17_moe": 12, "female_black_alone_5_9": 79, "female_black_alone_5_9_moe": 89, "female_black_alone_10_14": 0, "female_black_alone_10_14_moe": 12, "female_black_alone_15_17": 0, "female_black_alone_15_17_moe": 12, "male_public_school_5_9": 54, "state": "29", "county": "510", "tract": "103100", "male_public_school_5_9_moe": 45, "male_public_school_10_14": 9, "male_public_school_10_14_moe": 15, "male_public_school_15_17": 0, "male_public_school_15_17_moe": 12, "male_private_school_5_9": 20, "male_private_school_5_9_moe": 22, "male_private_school_10_14": 18, "male_private_school_10_14_moe": 19, "male_private_school_15_17": 0, "male_private_school_15_17_moe": 12, "female_public_school_5_9": 90, "female_public_school_5_9_moe": 89, "female_public_school_10_14": 24, "female_public_school_10_14_moe": 26, "female_public_school_15_17": 13, "female_public_school_15_17_moe": 21, "female_private_school_5_9": 56, "female_private_school_5_9_moe": 52, "female_private_school_10_14": 28, "female_private_school_10_14_moe": 32, "female_private_school_15_17": 0, "female_private_school_15_17_moe": 12, "median_household_income": 57591, "median_household_income_moe": 15746, "acs_median_owner_occupied_home_value": 272200, "acs_median_owner_occupied_home_value_moe": 44623, "race_other": 217, "race_white_share": 0.7782152230971129, "race_black_share": 0.15059055118110237, "race_other_share": 0.07119422572178477, "poverty_rate": 0.027997364953886692, "school_age_5_17": 326, "school_age_white_non_hispanic_5_17": 225, "school_age_black_alone_5_17": 79, "school_age_other_or_unclassified_5_17": 22, "school_age_white_non_hispanic_5_17_moe": 92.84395510748128, "school_age_black_alone_5_17_moe": 92.9569792968769, "school_age_white_non_hispanic_5_17_share": 0.6901840490797546, "school_age_black_alone_5_17_share": 0.24233128834355827, "school_age_other_or_unclassified_5_17_share": 0.06748466257668712, "school_age_5_17_per_capita": 0.10695538057742782, "public_school_enrolled_5_17": 190, "private_school_enrolled_5_17": 122, "public_school_enrolled_5_17_moe": 106.92053123698928, "private_school_enrolled_5_17_moe": 69.72087205421343, "public_school_enrolled_5_17_per_school_age": 0.5828220858895705, "private_school_enrolled_5_17_per_school_age": 0.37423312883435583, "source_area_sq_m": 1227348.0488659826, "city_area_sq_m": 1227164.4203019075, "city_area_share": 0.9998503859078566, "tornado_damage_intersects": false, "tornado_max_efscale": "<NA>", "tornado_damage_area_sq_m": 0.0, "tornado_damage_area_share": 0.0, "tornado_damage_point_count": 0, "tornado_ef2_plus_point_count": 0, "tornado_distance_to_path_m": 5246.649912279069}, "geometry": {"type": "Polygon", "coordinates": [[[-90.318436, 38.592184], [-90.317826, 38.592134], [-90.317375, 38.592103], [-90.317226, 38.592092], [-90.317107, 38.592084], [-90.31678, 38.592084], [-90.316632, 38.592085], [-90.316578, 38.592085], [-90.31642, 38.592085], [-90.316367, 38.592086], [-90.316383, 38.59213], [-90.316384, 38.592219], [-90.316377, 38.592252], [-90.316282, 38.592753], [-90.316251, 38.592921], [-90.316219, 38.593094], [-90.316127, 38.593616], [-90.316097, 38.593791], [-90.315459, 38.593724], [-90.315372, 38.593715], [-90.313198, 38.593496], [-90.312474, 38.593423], [-90.312082, 38.593381], [-90.311424, 38.593311], [-90.310906, 38.59327], [-90.310514, 38.593239], [-90.310296, 38.59321], [-90.310036, 38.593177], [-90.309721, 38.593136], [-90.309643, 38.593128], [-90.309425, 38.593108], [-90.30881, 38.593051], [-90.308164, 38.592986], [-90.307916, 38.59296], [-90.307534, 38.592922], [-90.307174, 38.592888], [-90.306927, 38.592866], [-90.304912, 38.59265], [-90.304597, 38.592611], [-90.3043, 38.592574], [-90.303251, 38.592475], [-90.30262, 38.59241], [-90.30205, 38.592358], [-90.302165, 38.592309], [-90.303057, 38.591873], [-90.303076, 38.591576], [-90.303102, 38.591454], [-90.303113, 38.591395], [-90.30314, 38.591268], [-90.303209, 38.59085], [-90.30324, 38.590668], [-90.303267, 38.590498], [-90.303314, 38.590213], [-90.30335, 38.589988], [-90.303379, 38.589819], [-90.303407, 38.589647], [-90.303464, 38.589304], [-90.303492, 38.589131], [-90.30352, 38.588959], [-90.30353, 38.588898], [-90.303554, 38.588748], [-90.303613, 38.588393], [-90.303662, 38.588119], [-90.303701, 38.58791], [-90.303723, 38.58776], [-90.303789, 38.587309], [-90.303812, 38.58716], [-90.303826, 38.587066], [-90.303843, 38.586949], [-90.303936, 38.586316], [-90.303968, 38.586106], [-90.30399, 38.585955], [-90.30401, 38.585829], [-90.304066, 38.585503], [-90.304092, 38.585353], [-90.304102, 38.585293], [-90.304126, 38.585151], [-90.30423, 38.584546], [-90.304266, 38.584345], [-90.304292, 38.584165], [-90.304372, 38.583628], [-90.3044, 38.583449], [-90.304429, 38.583264], [-90.304518, 38.58271], [-90.304529, 38.582647], [-90.30455, 38.582526], [-90.304873, 38.582566], [-90.30509, 38.582594], [-90.305843, 38.58268], [-90.306005, 38.582699], [-90.306067, 38.582699], [-90.306167, 38.582717], [-90.306805, 38.582779], [-90.308719, 38.582965], [-90.309357, 38.583027], [-90.309583, 38.583056], [-90.310261, 38.583146], [-90.310487, 38.583176], [-90.310612, 38.583221], [-90.310736, 38.583266], [-90.310778, 38.583281], [-90.311011, 38.583853], [-90.311147, 38.584187], [-90.311743, 38.585204], [-90.312478, 38.586204], [-90.313028, 38.586952], [-90.313063, 38.586924], [-90.313169, 38.586843], [-90.313205, 38.586816], [-90.313287, 38.586753], [-90.313372, 38.586625], [-90.313631, 38.586438], [-90.313716, 38.586381], [-90.313905, 38.586256], [-90.31399, 38.586199], [-90.314232, 38.586038], [-90.314394, 38.585937], [-90.314765, 38.585666], [-90.314979, 38.585588], [-90.315502, 38.585202], [-90.315719, 38.585044], [-90.315886, 38.584926], [-90.316131, 38.584766], [-90.316191, 38.584724], [-90.3161915100555, 38.584723489944615], [-90.3163150906011, 38.5849646157281], [-90.31643400521563, 38.58511826804934], [-90.317449, 38.587377], [-90.318284, 38.589244], [-90.318707, 38.590178], [-90.31907, 38.590987], [-90.319196, 38.591217], [-90.319215, 38.591251], [-90.319268, 38.59141], [-90.319286, 38.591462], [-90.319635, 38.592237], [-90.319575, 38.592236], [-90.318436, 38.592184]]]}}, {"id": "6", "type": "Feature", "properties": {"geoid": "29510103400", "name": "Census Tract 1034; St. Louis city; Missouri", "total_population": 1870, "total_population_moe": 316, "race_total": 1870, "race_total_moe": 316, "race_white_non_hispanic": 1606, "race_white_non_hispanic_moe": 312, "race_black_non_hispanic": 117, "race_black_non_hispanic_moe": 137, "poverty_universe": 1864, "poverty_universe_moe": 315, "poverty_below": 115, "poverty_below_moe": 51, "male_5_9": 14, "male_5_9_moe": 21, "male_10_14": 27, "male_10_14_moe": 23, "male_15_17": 8, "male_15_17_moe": 12, "female_5_9": 34, "female_5_9_moe": 37, "female_10_14": 35, "female_10_14_moe": 35, "female_15_17": 41, "female_15_17_moe": 24, "male_white_non_hispanic_5_9": 4, "male_white_non_hispanic_5_9_moe": 11, "male_white_non_hispanic_10_14": 13, "male_white_non_hispanic_10_14_moe": 13, "male_white_non_hispanic_15_17": 8, "male_white_non_hispanic_15_17_moe": 12, "female_white_non_hispanic_5_9": 34, "female_white_non_hispanic_5_9_moe": 37, "female_white_non_hispanic_10_14": 9, "female_white_non_hispanic_10_14_moe": 14, "female_white_non_hispanic_15_17": 25, "female_white_non_hispanic_15_17_moe": 25, "male_black_alone_5_9": 0, "male_black_alone_5_9_moe": 12, "male_black_alone_10_14": 0, "male_black_alone_10_14_moe": 12, "male_black_alone_15_17": 0, "male_black_alone_15_17_moe": 12, "female_black_alone_5_9": 0, "female_black_alone_5_9_moe": 12, "female_black_alone_10_14": 26, "female_black_alone_10_14_moe": 33, "female_black_alone_15_17": 16, "female_black_alone_15_17_moe": 20, "male_public_school_5_9": 0, "state": "29", "county": "510", "tract": "103400", "male_public_school_5_9_moe": 12, "male_public_school_10_14": 15, "male_public_school_10_14_moe": 17, "male_public_school_15_17": 0, "male_public_school_15_17_moe": 12, "male_private_school_5_9": 4, "male_private_school_5_9_moe": 11, "male_private_school_10_14": 12, "male_private_school_10_14_moe": 14, "male_private_school_15_17": 8, "male_private_school_15_17_moe": 12, "female_public_school_5_9": 24, "female_public_school_5_9_moe": 34, "female_public_school_10_14": 35, "female_public_school_10_14_moe": 35, "female_public_school_15_17": 35, "female_public_school_15_17_moe": 25, "female_private_school_5_9": 10, "female_private_school_5_9_moe": 10, "female_private_school_10_14": 0, "female_private_school_10_14_moe": 12, "female_private_school_15_17": 6, "female_private_school_15_17_moe": 10, "median_household_income": 73667, "median_household_income_moe": 30001, "acs_median_owner_occupied_home_value": 186900, "acs_median_owner_occupied_home_value_moe": 5819, "race_other": 147, "race_white_share": 0.8588235294117647, "race_black_share": 0.06256684491978609, "race_other_share": 0.0786096256684492, "poverty_rate": 0.06169527896995708, "school_age_5_17": 159, "school_age_white_non_hispanic_5_17": 93, "school_age_black_alone_5_17": 42, "school_age_other_or_unclassified_5_17": 24, "school_age_white_non_hispanic_5_17_moe": 51.22499389946279, "school_age_black_alone_5_17_moe": 45.44227107000705, "school_age_white_non_hispanic_5_17_share": 0.5849056603773585, "school_age_black_alone_5_17_share": 0.2641509433962264, "school_age_other_or_unclassified_5_17_share": 0.1509433962264151, "school_age_5_17_per_capita": 0.08502673796791443, "public_school_enrolled_5_17": 109, "private_school_enrolled_5_17": 40, "public_school_enrolled_5_17_moe": 59.85816569190874, "private_school_enrolled_5_17_moe": 28.372521918222215, "public_school_enrolled_5_17_per_school_age": 0.6855345911949685, "private_school_enrolled_5_17_per_school_age": 0.25157232704402516, "source_area_sq_m": 909792.3291506015, "city_area_sq_m": 909792.3291506018, "city_area_share": 1.0000000000000002, "tornado_damage_intersects": false, "tornado_max_efscale": "<NA>", "tornado_damage_area_sq_m": 0.0, "tornado_damage_area_share": 0.0, "tornado_damage_point_count": 0, "tornado_ef2_plus_point_count": 0, "tornado_distance_to_path_m": 3217.150742485922}, "geometry": {"type": "Polygon", "coordinates": [[[-90.307487, 38.604403], [-90.307404, 38.604846], [-90.307366, 38.605088], [-90.307257, 38.605786], [-90.307252, 38.605816], [-90.307215, 38.606059], [-90.307204, 38.606129], [-90.307183, 38.606212], [-90.307134, 38.60641], [-90.306988, 38.60695], [-90.306903, 38.607271], [-90.306895, 38.607299], [-90.306871, 38.607385], [-90.306863, 38.607414], [-90.306818, 38.607573], [-90.306791, 38.607682], [-90.306697, 38.608083], [-90.306651, 38.608504], [-90.306622, 38.608781], [-90.306678, 38.608793], [-90.306718, 38.608802], [-90.30681, 38.608845], [-90.306837, 38.608857], [-90.30689, 38.608882], [-90.306623, 38.60921], [-90.305991, 38.609988], [-90.305817, 38.61019], [-90.305596, 38.610449], [-90.305543, 38.610513], [-90.305419, 38.610661], [-90.30508, 38.611072], [-90.30505, 38.611106], [-90.304925, 38.611253], [-90.304402, 38.611372], [-90.304662, 38.611561], [-90.304798, 38.611661], [-90.304615, 38.611797], [-90.304232, 38.612085], [-90.304067, 38.612209], [-90.303886, 38.612347], [-90.303449, 38.612679], [-90.302495, 38.613403], [-90.302329, 38.613515], [-90.301983, 38.613531], [-90.3019, 38.613523], [-90.30174, 38.613506], [-90.301699, 38.613491], [-90.301536, 38.61343], [-90.301432, 38.613368], [-90.301401, 38.61335], [-90.301303, 38.613292], [-90.301233, 38.613251], [-90.301206, 38.613235], [-90.30116, 38.61321], [-90.301146, 38.613201], [-90.300942, 38.613042], [-90.300867, 38.612983], [-90.30084, 38.612966], [-90.300492, 38.612719], [-90.300292, 38.612588], [-90.30022, 38.612557], [-90.300056, 38.612486], [-90.299799, 38.612399], [-90.299553, 38.612361], [-90.299165, 38.612339], [-90.298892, 38.612336], [-90.298703, 38.612335], [-90.298439, 38.612347], [-90.298017, 38.612406], [-90.297367, 38.612498], [-90.296748, 38.612562], [-90.296325, 38.612606], [-90.29633, 38.612514], [-90.296347, 38.612238], [-90.296353, 38.612147], [-90.296369, 38.612041], [-90.296409, 38.611779], [-90.296419, 38.611724], [-90.29644, 38.611619], [-90.296466, 38.611407], [-90.29659, 38.610745], [-90.296632, 38.610528], [-90.296671, 38.61032], [-90.296695, 38.610194], [-90.296746, 38.610015], [-90.296797, 38.609839], [-90.296822, 38.609704], [-90.296863, 38.609497], [-90.296667, 38.609477], [-90.296082, 38.609417], [-90.295997, 38.609409], [-90.295887, 38.609414], [-90.295897, 38.609323], [-90.295916, 38.609241], [-90.295976, 38.608995], [-90.29602, 38.608725], [-90.296033, 38.608651], [-90.296053, 38.608553], [-90.296086, 38.608381], [-90.296135, 38.608134], [-90.296187, 38.607867], [-90.296222, 38.607696], [-90.296256, 38.607519], [-90.296306, 38.607264], [-90.296324, 38.607175], [-90.296359, 38.606991], [-90.296394, 38.606815], [-90.296411, 38.60673], [-90.296462, 38.606474], [-90.29648, 38.60639], [-90.296491, 38.606307], [-90.296526, 38.606058], [-90.296539, 38.605976], [-90.29657, 38.605799], [-90.296595, 38.605666], [-90.296617, 38.60557], [-90.296669, 38.605268], [-90.296675, 38.60524], [-90.296708, 38.605093], [-90.296742, 38.604943], [-90.296735, 38.604814], [-90.296868, 38.604768], [-90.297038, 38.604687], [-90.297196, 38.604613], [-90.297406, 38.604474], [-90.297484, 38.604422], [-90.297728, 38.604211], [-90.297821, 38.604099], [-90.298034, 38.603848], [-90.298069, 38.603807], [-90.298209, 38.603613], [-90.298517, 38.603192], [-90.298736, 38.602909], [-90.298774, 38.602861], [-90.29888, 38.602655], [-90.299212, 38.60269], [-90.300209, 38.602796], [-90.300324, 38.602809], [-90.300542, 38.60283], [-90.30101, 38.602874], [-90.302416, 38.603009], [-90.302885, 38.603054], [-90.303125, 38.603077], [-90.303845, 38.603148], [-90.303912, 38.603155], [-90.304085, 38.60318], [-90.304669, 38.603245], [-90.304791, 38.603258], [-90.305247, 38.60331], [-90.306912, 38.603477], [-90.30762, 38.603548], [-90.307523, 38.604142], [-90.307487, 38.604403]]]}}, {"id": "7", "type": "Feature", "properties": {"geoid": "29510102500", "name": "Census Tract 1025; St. Louis city; Missouri", "total_population": 1778, "total_population_moe": 211, "race_total": 1778, "race_total_moe": 211, "race_white_non_hispanic": 1263, "race_white_non_hispanic_moe": 201, "race_black_non_hispanic": 181, "race_black_non_hispanic_moe": 82, "poverty_universe": 1778, "poverty_universe_moe": 211, "poverty_below": 79, "poverty_below_moe": 48, "male_5_9": 18, "male_5_9_moe": 20, "male_10_14": 35, "male_10_14_moe": 43, "male_15_17": 0, "male_15_17_moe": 12, "female_5_9": 37, "female_5_9_moe": 25, "female_10_14": 40, "female_10_14_moe": 24, "female_15_17": 48, "female_15_17_moe": 24, "male_white_non_hispanic_5_9": 12, "male_white_non_hispanic_5_9_moe": 17, "male_white_non_hispanic_10_14": 18, "male_white_non_hispanic_10_14_moe": 22, "male_white_non_hispanic_15_17": 0, "male_white_non_hispanic_15_17_moe": 12, "female_white_non_hispanic_5_9": 0, "female_white_non_hispanic_5_9_moe": 12, "female_white_non_hispanic_10_14": 0, "female_white_non_hispanic_10_14_moe": 12, "female_white_non_hispanic_15_17": 7, "female_white_non_hispanic_15_17_moe": 11, "male_black_alone_5_9": 6, "male_black_alone_5_9_moe": 12, "male_black_alone_10_14": 0, "male_black_alone_10_14_moe": 12, "male_black_alone_15_17": 0, "male_black_alone_15_17_moe": 12, "female_black_alone_5_9": 0, "female_black_alone_5_9_moe": 12, "female_black_alone_10_14": 0, "female_black_alone_10_14_moe": 12, "female_black_alone_15_17": 6, "female_black_alone_15_17_moe": 9, "male_public_school_5_9": 10, "state": "29", "county": "510", "tract": "102500", "male_public_school_5_9_moe": 14, "male_public_school_10_14": 12, "male_public_school_10_14_moe": 18, "male_public_school_15_17": 0, "male_public_school_15_17_moe": 12, "male_private_school_5_9": 8, "male_private_school_5_9_moe": 13, "male_private_school_10_14": 23, "male_private_school_10_14_moe": 37, "male_private_school_15_17": 0, "male_private_school_15_17_moe": 12, "female_public_school_5_9": 11, "female_public_school_5_9_moe": 20, "female_public_school_10_14": 5, "female_public_school_10_14_moe": 9, "female_public_school_15_17": 42, "female_public_school_15_17_moe": 26, "female_private_school_5_9": 26, "female_private_school_5_9_moe": 22, "female_private_school_10_14": 35, "female_private_school_10_14_moe": 22, "female_private_school_15_17": 6, "female_private_school_15_17_moe": 12, "median_household_income": 71964, "median_household_income_moe": 24663, "acs_median_owner_occupied_home_value": 171000, "acs_median_owner_occupied_home_value_moe": 8063, "race_other": 334, "race_white_share": 0.7103487064116986, "race_black_share": 0.10179977502812149, "race_other_share": 0.18785151856017998, "poverty_rate": 0.04443194600674916, "school_age_5_17": 178, "school_age_white_non_hispanic_5_17": 37, "school_age_black_alone_5_17": 12, "school_age_other_or_unclassified_5_17": 129, "school_age_white_non_hispanic_5_17_moe": 36.41428291206625, "school_age_black_alone_5_17_moe": 28.30194339616981, "school_age_white_non_hispanic_5_17_share": 0.20786516853932585, "school_age_black_alone_5_17_share": 0.06741573033707865, "school_age_other_or_unclassified_5_17_share": 0.7247191011235955, "school_age_5_17_per_capita": 0.10011248593925759, "public_school_enrolled_5_17": 80, "private_school_enrolled_5_17": 98, "public_school_enrolled_5_17_moe": 42.67317658670374, "private_school_enrolled_5_17_moe": 52.85830114561004, "public_school_enrolled_5_17_per_school_age": 0.449438202247191, "private_school_enrolled_5_17_per_school_age": 0.550561797752809, "source_area_sq_m": 954613.354409088, "city_area_sq_m": 954613.3544090878, "city_area_share": 0.9999999999999998, "tornado_damage_intersects": false, "tornado_max_efscale": "<NA>", "tornado_damage_area_sq_m": 0.0, "tornado_damage_area_share": 0.0, "tornado_damage_point_count": 0, "tornado_ef2_plus_point_count": 0, "tornado_distance_to_path_m": 7654.795724133252}, "geometry": {"type": "Polygon", "coordinates": [[[-90.285724, 38.569513], [-90.285626, 38.5696], [-90.285569, 38.56965], [-90.285404, 38.569803], [-90.285203, 38.56999], [-90.285065, 38.570122], [-90.284514, 38.570631], [-90.283942, 38.571163], [-90.28377, 38.571323], [-90.283444, 38.571625], [-90.282779, 38.572244], [-90.282685, 38.572331], [-90.282492, 38.57251], [-90.282466, 38.572529], [-90.282113, 38.572798], [-90.281931, 38.572936], [-90.281054, 38.5735], [-90.28068, 38.573738], [-90.280517, 38.573833], [-90.280456, 38.573869], [-90.279699, 38.574312], [-90.279647, 38.574343], [-90.279272, 38.574563], [-90.278892, 38.574794], [-90.278709, 38.574905], [-90.278496, 38.575036], [-90.278163, 38.575238], [-90.278123, 38.575262], [-90.277981, 38.57535], [-90.277807, 38.575454], [-90.277289, 38.575766], [-90.277116, 38.575871], [-90.276933, 38.57598], [-90.276385, 38.576311], [-90.276203, 38.576421], [-90.276124, 38.576468], [-90.275969, 38.576562], [-90.275887, 38.576603], [-90.275806, 38.576645], [-90.275729, 38.576683], [-90.275501, 38.576799], [-90.275425, 38.576838], [-90.275234, 38.576935], [-90.274981, 38.577064], [-90.274645, 38.577189], [-90.274445, 38.577265], [-90.274403, 38.577278], [-90.27428, 38.577317], [-90.274239, 38.577331], [-90.274082, 38.57738], [-90.274051, 38.57739], [-90.273601, 38.577488], [-90.273441, 38.577523], [-90.273244, 38.577562], [-90.272796, 38.577654], [-90.272655, 38.577692], [-90.272462, 38.577746], [-90.272374, 38.577769], [-90.272112, 38.577842], [-90.272025, 38.577867], [-90.271846, 38.577756], [-90.271466, 38.577557], [-90.271445, 38.577546], [-90.271248, 38.577442], [-90.269686, 38.576617], [-90.2691, 38.576308], [-90.269176, 38.576073], [-90.269372, 38.575506], [-90.269423, 38.575376], [-90.269467, 38.575267], [-90.269533, 38.575157], [-90.269613, 38.575021], [-90.269865, 38.574618], [-90.269949, 38.574485], [-90.27004, 38.574341], [-90.270314, 38.57391], [-90.270406, 38.573767], [-90.270498, 38.573623], [-90.270503, 38.573613], [-90.270764, 38.573168], [-90.27078, 38.573142], [-90.270878, 38.572989], [-90.270968, 38.572844], [-90.270984, 38.572821], [-90.271288, 38.572445], [-90.271319, 38.572408], [-90.271401, 38.572318], [-90.271581, 38.572121], [-90.272123, 38.571531], [-90.272304, 38.571335], [-90.272419, 38.571208], [-90.272766, 38.57083], [-90.272883, 38.570705], [-90.2729, 38.570686], [-90.27295, 38.57063], [-90.272968, 38.570612], [-90.27313, 38.570435], [-90.273308, 38.570241], [-90.273618, 38.569904], [-90.27378, 38.569729], [-90.274099, 38.56938], [-90.274404, 38.569043], [-90.274459, 38.568982], [-90.275224, 38.568139], [-90.275864, 38.567439], [-90.275992, 38.567299], [-90.276378, 38.566881], [-90.276507, 38.566742], [-90.276638, 38.566599], [-90.276814, 38.566409], [-90.277033, 38.566173], [-90.277165, 38.566032], [-90.277496, 38.566179], [-90.278468, 38.566554], [-90.278684, 38.566646], [-90.279155, 38.566847], [-90.279585, 38.566998], [-90.279672, 38.567028], [-90.279978, 38.567132], [-90.280311, 38.567271], [-90.280738, 38.567495], [-90.282861, 38.56867], [-90.282968, 38.568593], [-90.283347, 38.56835], [-90.283873, 38.568035], [-90.284155, 38.567867], [-90.284269, 38.567844], [-90.284326, 38.567845], [-90.284354, 38.567865], [-90.284473, 38.567954], [-90.285115, 38.568607], [-90.285353, 38.568855], [-90.285493, 38.569001], [-90.285506, 38.569015], [-90.285772, 38.569293], [-90.285857, 38.569396], [-90.285724, 38.569513]]]}}, {"id": "8", "type": "Feature", "properties": {"geoid": "29510103700", "name": "Census Tract 1037; St. Louis city; Missouri", "total_population": 2303, "total_population_moe": 324, "race_total": 2303, "race_total_moe": 324, "race_white_non_hispanic": 1928, "race_white_non_hispanic_moe": 266, "race_black_non_hispanic": 96, "race_black_non_hispanic_moe": 90, "poverty_universe": 2303, "poverty_universe_moe": 324, "poverty_below": 121, "poverty_below_moe": 89, "male_5_9": 16, "male_5_9_moe": 25, "male_10_14": 25, "male_10_14_moe": 21, "male_15_17": 24, "male_15_17_moe": 26, "female_5_9": 59, "female_5_9_moe": 44, "female_10_14": 16, "female_10_14_moe": 20, "female_15_17": 15, "female_15_17_moe": 25, "male_white_non_hispanic_5_9": 0, "male_white_non_hispanic_5_9_moe": 12, "male_white_non_hispanic_10_14": 18, "male_white_non_hispanic_10_14_moe": 19, "male_white_non_hispanic_15_17": 24, "male_white_non_hispanic_15_17_moe": 26, "female_white_non_hispanic_5_9": 42, "female_white_non_hispanic_5_9_moe": 41, "female_white_non_hispanic_10_14": 16, "female_white_non_hispanic_10_14_moe": 20, "female_white_non_hispanic_15_17": 0, "female_white_non_hispanic_15_17_moe": 12, "male_black_alone_5_9": 16, "male_black_alone_5_9_moe": 25, "male_black_alone_10_14": 0, "male_black_alone_10_14_moe": 12, "male_black_alone_15_17": 0, "male_black_alone_15_17_moe": 12, "female_black_alone_5_9": 17, "female_black_alone_5_9_moe": 26, "female_black_alone_10_14": 0, "female_black_alone_10_14_moe": 12, "female_black_alone_15_17": 0, "female_black_alone_15_17_moe": 12, "male_public_school_5_9": 16, "state": "29", "county": "510", "tract": "103700", "male_public_school_5_9_moe": 25, "male_public_school_10_14": 7, "male_public_school_10_14_moe": 11, "male_public_school_15_17": 4, "male_public_school_15_17_moe": 9, "male_private_school_5_9": 0, "male_private_school_5_9_moe": 12, "male_private_school_10_14": 18, "male_private_school_10_14_moe": 19, "male_private_school_15_17": 20, "male_private_school_15_17_moe": 25, "female_public_school_5_9": 17, "female_public_school_5_9_moe": 26, "female_public_school_10_14": 8, "female_public_school_10_14_moe": 16, "female_public_school_15_17": 0, "female_public_school_15_17_moe": 12, "female_private_school_5_9": 42, "female_private_school_5_9_moe": 41, "female_private_school_10_14": 8, "female_private_school_10_14_moe": 13, "female_private_school_15_17": 0, "female_private_school_15_17_moe": 12, "median_household_income": 73302, "median_household_income_moe": 12352, "acs_median_owner_occupied_home_value": 200300, "acs_median_owner_occupied_home_value_moe": 23411, "race_other": 279, "race_white_share": 0.8371689101172384, "race_black_share": 0.04168475900998697, "race_other_share": 0.12114633087277464, "poverty_rate": 0.05254016500217108, "school_age_5_17": 155, "school_age_white_non_hispanic_5_17": 100, "school_age_black_alone_5_17": 33, "school_age_other_or_unclassified_5_17": 22, "school_age_white_non_hispanic_5_17_moe": 58.360945845659494, "school_age_black_alone_5_17_moe": 43.32435804486894, "school_age_white_non_hispanic_5_17_share": 0.6451612903225806, "school_age_black_alone_5_17_share": 0.2129032258064516, "school_age_other_or_unclassified_5_17_share": 0.14193548387096774, "school_age_5_17_per_capita": 0.06730351715154147, "public_school_enrolled_5_17": 52, "private_school_enrolled_5_17": 88, "public_school_enrolled_5_17_moe": 43.62338822237447, "private_school_enrolled_5_17_moe": 55.89275444992848, "public_school_enrolled_5_17_per_school_age": 0.33548387096774196, "private_school_enrolled_5_17_per_school_age": 0.567741935483871, "source_area_sq_m": 911486.8123004187, "city_area_sq_m": 911486.8123004185, "city_area_share": 0.9999999999999998, "tornado_damage_intersects": false, "tornado_max_efscale": "<NA>", "tornado_damage_area_sq_m": 0.0, "tornado_damage_area_share": 0.0, "tornado_damage_point_count": 0, "tornado_ef2_plus_point_count": 0, "tornado_distance_to_path_m": 3385.434925962729}, "geometry": {"type": "Polygon", "coordinates": [[[-90.298736, 38.602909], [-90.298517, 38.603192], [-90.298209, 38.603613], [-90.298069, 38.603807], [-90.298034, 38.603848], [-90.297821, 38.604099], [-90.297728, 38.604211], [-90.297484, 38.604422], [-90.297406, 38.604474], [-90.297196, 38.604613], [-90.297038, 38.604687], [-90.296868, 38.604768], [-90.296735, 38.604814], [-90.296742, 38.604943], [-90.296708, 38.605093], [-90.296675, 38.60524], [-90.296669, 38.605268], [-90.296617, 38.60557], [-90.296595, 38.605666], [-90.29657, 38.605799], [-90.296539, 38.605976], [-90.296526, 38.606058], [-90.296491, 38.606307], [-90.29648, 38.60639], [-90.296462, 38.606474], [-90.296411, 38.60673], [-90.296394, 38.606815], [-90.296359, 38.606991], [-90.296324, 38.607175], [-90.296306, 38.607264], [-90.296256, 38.607519], [-90.296222, 38.607696], [-90.296187, 38.607867], [-90.296135, 38.608134], [-90.296086, 38.608381], [-90.296053, 38.608553], [-90.296033, 38.608651], [-90.29602, 38.608725], [-90.295976, 38.608995], [-90.295916, 38.609241], [-90.295897, 38.609323], [-90.295887, 38.609414], [-90.295997, 38.609409], [-90.296082, 38.609417], [-90.296667, 38.609477], [-90.296863, 38.609497], [-90.296822, 38.609704], [-90.296797, 38.609839], [-90.296746, 38.610015], [-90.296695, 38.610194], [-90.296671, 38.61032], [-90.296632, 38.610528], [-90.29659, 38.610745], [-90.296466, 38.611407], [-90.29644, 38.611619], [-90.296419, 38.611724], [-90.296409, 38.611779], [-90.296369, 38.612041], [-90.296353, 38.612147], [-90.296347, 38.612238], [-90.29633, 38.612514], [-90.296325, 38.612606], [-90.296144, 38.612625], [-90.295957, 38.61266], [-90.295831, 38.612709], [-90.295515, 38.612855], [-90.295402, 38.612903], [-90.295269, 38.612926], [-90.294927, 38.612912], [-90.292947, 38.612717], [-90.292862, 38.612706], [-90.292393, 38.612646], [-90.291615, 38.612569], [-90.290775, 38.612514], [-90.290419, 38.612472], [-90.289957, 38.612417], [-90.289225, 38.612339], [-90.288954, 38.612309], [-90.288723, 38.612285], [-90.288141, 38.612237], [-90.28787, 38.612215], [-90.287814, 38.61221], [-90.287647, 38.612197], [-90.287592, 38.612193], [-90.287319, 38.61217], [-90.287224, 38.612163], [-90.286504, 38.612094], [-90.286233, 38.612068], [-90.285903, 38.612035], [-90.285412, 38.611988], [-90.284915, 38.611938], [-90.284586, 38.611906], [-90.284695, 38.611385], [-90.284752, 38.611116], [-90.284983, 38.609854], [-90.28499, 38.609816], [-90.285101, 38.609296], [-90.28518, 38.608913], [-90.285208, 38.60878], [-90.285364, 38.608004], [-90.285385, 38.607897], [-90.285486, 38.60738], [-90.285682, 38.606649], [-90.285727, 38.606654], [-90.285999, 38.606681], [-90.28609, 38.60669], [-90.28691, 38.606765], [-90.287277, 38.606796], [-90.287837, 38.606855], [-90.288054, 38.606877], [-90.288705, 38.606946], [-90.288923, 38.606969], [-90.288989, 38.606821], [-90.289013, 38.606786], [-90.289351, 38.606307], [-90.289367, 38.606286], [-90.289496, 38.606127], [-90.289588, 38.606014], [-90.289636, 38.605962], [-90.290084, 38.60549], [-90.290234, 38.605333], [-90.290831, 38.604711], [-90.290983, 38.60452], [-90.291068, 38.604414], [-90.291266, 38.604129], [-90.291339, 38.603975], [-90.291418, 38.603812], [-90.291507, 38.603608], [-90.291514, 38.60359], [-90.291588, 38.603425], [-90.291703, 38.603061], [-90.291837, 38.60239], [-90.291841, 38.602368], [-90.291923, 38.601953], [-90.292413, 38.602005], [-90.292527, 38.602018], [-90.293887, 38.60215], [-90.294379, 38.602198], [-90.294952, 38.602253], [-90.295031, 38.602261], [-90.296986, 38.602462], [-90.297638, 38.60253], [-90.297886, 38.602555], [-90.298282, 38.602595], [-90.298631, 38.60263], [-90.29888, 38.602655], [-90.298774, 38.602861], [-90.298736, 38.602909]]]}}, {"id": "9", "type": "Feature", "properties": {"geoid": "29510103800", "name": "Census Tract 1038; St. Louis city; Missouri", "total_population": 3722, "total_population_moe": 402, "race_total": 3722, "race_total_moe": 402, "race_white_non_hispanic": 3400, "race_white_non_hispanic_moe": 410, "race_black_non_hispanic": 60, "race_black_non_hispanic_moe": 49, "poverty_universe": 3685, "poverty_universe_moe": 401, "poverty_below": 269, "poverty_below_moe": 200, "male_5_9": 151, "male_5_9_moe": 90, "male_10_14": 62, "male_10_14_moe": 32, "male_15_17": 12, "male_15_17_moe": 19, "female_5_9": 134, "female_5_9_moe": 86, "female_10_14": 33, "female_10_14_moe": 37, "female_15_17": 33, "female_15_17_moe": 33, "male_white_non_hispanic_5_9": 147, "male_white_non_hispanic_5_9_moe": 90, "male_white_non_hispanic_10_14": 39, "male_white_non_hispanic_10_14_moe": 31, "male_white_non_hispanic_15_17": 12, "male_white_non_hispanic_15_17_moe": 19, "female_white_non_hispanic_5_9": 134, "female_white_non_hispanic_5_9_moe": 86, "female_white_non_hispanic_10_14": 33, "female_white_non_hispanic_10_14_moe": 37, "female_white_non_hispanic_15_17": 33, "female_white_non_hispanic_15_17_moe": 33, "male_black_alone_5_9": 0, "male_black_alone_5_9_moe": 12, "male_black_alone_10_14": 8, "male_black_alone_10_14_moe": 14, "male_black_alone_15_17": 0, "male_black_alone_15_17_moe": 12, "female_black_alone_5_9": 0, "female_black_alone_5_9_moe": 12, "female_black_alone_10_14": 0, "female_black_alone_10_14_moe": 12, "female_black_alone_15_17": 0, "female_black_alone_15_17_moe": 12, "male_public_school_5_9": 11, "state": "29", "county": "510", "tract": "103800", "male_public_school_5_9_moe": 15, "male_public_school_10_14": 31, "male_public_school_10_14_moe": 24, "male_public_school_15_17": 12, "male_public_school_15_17_moe": 19, "male_private_school_5_9": 81, "male_private_school_5_9_moe": 49, "male_private_school_10_14": 31, "male_private_school_10_14_moe": 31, "male_private_school_15_17": 0, "male_private_school_15_17_moe": 12, "female_public_school_5_9": 34, "female_public_school_5_9_moe": 47, "female_public_school_10_14": 18, "female_public_school_10_14_moe": 28, "female_public_school_15_17": 33, "female_public_school_15_17_moe": 33, "female_private_school_5_9": 84, "female_private_school_5_9_moe": 54, "female_private_school_10_14": 15, "female_private_school_10_14_moe": 24, "female_private_school_15_17": 0, "female_private_school_15_17_moe": 12, "median_household_income": 80184, "median_household_income_moe": 10810, "acs_median_owner_occupied_home_value": 224200, "acs_median_owner_occupied_home_value_moe": 15491, "race_other": 262, "race_white_share": 0.9134873723804406, "race_black_share": 0.016120365394948953, "race_other_share": 0.07039226222461042, "poverty_rate": 0.07299864314789688, "school_age_5_17": 425, "school_age_white_non_hispanic_5_17": 398, "school_age_black_alone_5_17": 8, "school_age_other_or_unclassified_5_17": 19, "school_age_white_non_hispanic_5_17_moe": 138.83803513446884, "school_age_black_alone_5_17_moe": 30.265491900843113, "school_age_white_non_hispanic_5_17_share": 0.9364705882352942, "school_age_black_alone_5_17_share": 0.018823529411764704, "school_age_other_or_unclassified_5_17_share": 0.04470588235294118, "school_age_5_17_per_capita": 0.11418592154755508, "public_school_enrolled_5_17": 139, "private_school_enrolled_5_17": 211, "public_school_enrolled_5_17_moe": 72.41546796092669, "private_school_enrolled_5_17_moe": 84.5103543951864, "public_school_enrolled_5_17_per_school_age": 0.3270588235294118, "private_school_enrolled_5_17_per_school_age": 0.4964705882352941, "source_area_sq_m": 1676055.089210976, "city_area_sq_m": 1658729.3412687292, "city_area_share": 0.989662781340676, "tornado_damage_intersects": false, "tornado_max_efscale": "<NA>", "tornado_damage_area_sq_m": 0.0, "tornado_damage_area_share": 0.0, "tornado_damage_point_count": 0, "tornado_ef2_plus_point_count": 0, "tornado_distance_to_path_m": 4170.48057609039}, "geometry": {"type": "Polygon", "coordinates": [[[-90.318976, 38.598015], [-90.318858, 38.598312], [-90.318674, 38.598443], [-90.318401, 38.598627], [-90.318331, 38.598675], [-90.317983, 38.598878], [-90.317576, 38.599102], [-90.317208, 38.599273], [-90.316695, 38.599484], [-90.316527, 38.599554], [-90.316344, 38.599626], [-90.316102, 38.599716], [-90.316027, 38.599743], [-90.315952, 38.599771], [-90.315914, 38.599786], [-90.315824, 38.599822], [-90.315806, 38.599829], [-90.315733, 38.599859], [-90.315673, 38.599882], [-90.315603, 38.599911], [-90.315494, 38.599948], [-90.315434, 38.599969], [-90.315392, 38.599984], [-90.315152, 38.600067], [-90.314863, 38.600168], [-90.314491, 38.600313], [-90.314316, 38.600383], [-90.31419, 38.600435], [-90.314042, 38.600499], [-90.313868, 38.600575], [-90.313852, 38.600582], [-90.313661, 38.60068], [-90.313299, 38.600865], [-90.31327, 38.600881], [-90.313123, 38.600973], [-90.313002, 38.60105], [-90.312971, 38.601072], [-90.312809, 38.601189], [-90.312539, 38.601405], [-90.3125, 38.601437], [-90.312401, 38.601522], [-90.312258, 38.601645], [-90.311975, 38.601959], [-90.311742, 38.60222], [-90.31112, 38.602971], [-90.310772, 38.603344], [-90.310738, 38.603382], [-90.310403, 38.603705], [-90.310333, 38.603769], [-90.310194, 38.603763], [-90.31004, 38.603758], [-90.309897, 38.603752], [-90.309798, 38.603749], [-90.309642, 38.603744], [-90.309572, 38.603745], [-90.309237, 38.60371], [-90.308939, 38.603679], [-90.308022, 38.603604], [-90.307992, 38.603602], [-90.30762, 38.603548], [-90.306912, 38.603477], [-90.305247, 38.60331], [-90.304791, 38.603258], [-90.304669, 38.603245], [-90.304085, 38.60318], [-90.303912, 38.603155], [-90.303845, 38.603148], [-90.303125, 38.603077], [-90.302885, 38.603054], [-90.302416, 38.603009], [-90.30101, 38.602874], [-90.300542, 38.60283], [-90.300324, 38.602809], [-90.300209, 38.602796], [-90.299212, 38.60269], [-90.29888, 38.602655], [-90.298966, 38.602487], [-90.299014, 38.602397], [-90.299218, 38.601981], [-90.299302, 38.601813], [-90.299345, 38.601723], [-90.299475, 38.601456], [-90.299519, 38.601367], [-90.299559, 38.601282], [-90.299679, 38.601027], [-90.299719, 38.600942], [-90.299771, 38.600829], [-90.299929, 38.600492], [-90.299954, 38.600442], [-90.299976, 38.600378], [-90.299996, 38.600317], [-90.300058, 38.600135], [-90.30008, 38.600075], [-90.300096, 38.599976], [-90.300145, 38.59968], [-90.300162, 38.599582], [-90.300173, 38.599508], [-90.300206, 38.599286], [-90.300218, 38.599213], [-90.300244, 38.599041], [-90.300323, 38.598524], [-90.30035, 38.598353], [-90.300379, 38.598175], [-90.300467, 38.597642], [-90.300486, 38.597534], [-90.300503, 38.597466], [-90.300544, 38.597307], [-90.300547, 38.597296], [-90.300698, 38.596795], [-90.300749, 38.596628], [-90.300799, 38.596457], [-90.300951, 38.595947], [-90.301002, 38.595777], [-90.301053, 38.595607], [-90.301206, 38.595096], [-90.301257, 38.594927], [-90.301311, 38.594751], [-90.301472, 38.594224], [-90.301527, 38.594049], [-90.301779, 38.593195], [-90.301822, 38.59297], [-90.301877, 38.592783], [-90.301936, 38.592616], [-90.302021, 38.592433], [-90.30205, 38.592358], [-90.30262, 38.59241], [-90.303251, 38.592475], [-90.3043, 38.592574], [-90.304597, 38.592611], [-90.304912, 38.59265], [-90.306927, 38.592866], [-90.307174, 38.592888], [-90.307534, 38.592922], [-90.307916, 38.59296], [-90.308164, 38.592986], [-90.30881, 38.593051], [-90.309425, 38.593108], [-90.309643, 38.593128], [-90.309721, 38.593136], [-90.310036, 38.593177], [-90.310296, 38.59321], [-90.310514, 38.593239], [-90.310906, 38.59327], [-90.311424, 38.593311], [-90.312082, 38.593381], [-90.312474, 38.593423], [-90.313198, 38.593496], [-90.315372, 38.593715], [-90.315459, 38.593724], [-90.316097, 38.593791], [-90.316127, 38.593616], [-90.316219, 38.593094], [-90.316251, 38.592921], [-90.316282, 38.592753], [-90.316377, 38.592252], [-90.316384, 38.592219], [-90.316383, 38.59213], [-90.316367, 38.592086], [-90.31642, 38.592085], [-90.316578, 38.592085], [-90.316632, 38.592085], [-90.31678, 38.592084], [-90.317107, 38.592084], [-90.317226, 38.592092], [-90.317375, 38.592103], [-90.317826, 38.592134], [-90.318436, 38.592184], [-90.319575, 38.592236], [-90.319635, 38.592237], [-90.319742, 38.592477], [-90.319801, 38.592561], [-90.32003082145171, 38.59306548699042], [-90.31898915320012, 38.597981931193914], [-90.318976, 38.598015]]]}}, {"id": "10", "type": "Feature", "properties": {"geoid": "29510104500", "name": "Census Tract 1045; St. Louis city; Missouri", "total_population": 2249, "total_population_moe": 381, "race_total": 2249, "race_total_moe": 381, "race_white_non_hispanic": 1820, "race_white_non_hispanic_moe": 405, "race_black_non_hispanic": 169, "race_black_non_hispanic_moe": 99, "poverty_universe": 2249, "poverty_universe_moe": 381, "poverty_below": 119, "poverty_below_moe": 58, "male_5_9": 92, "male_5_9_moe": 133, "male_10_14": 15, "male_10_14_moe": 28, "male_15_17": 15, "male_15_17_moe": 23, "female_5_9": 35, "female_5_9_moe": 27, "female_10_14": 20, "female_10_14_moe": 24, "female_15_17": 0, "female_15_17_moe": 12, "male_white_non_hispanic_5_9": 92, "male_white_non_hispanic_5_9_moe": 133, "male_white_non_hispanic_10_14": 0, "male_white_non_hispanic_10_14_moe": 12, "male_white_non_hispanic_15_17": 0, "male_white_non_hispanic_15_17_moe": 12, "female_white_non_hispanic_5_9": 35, "female_white_non_hispanic_5_9_moe": 27, "female_white_non_hispanic_10_14": 13, "female_white_non_hispanic_10_14_moe": 19, "female_white_non_hispanic_15_17": 0, "female_white_non_hispanic_15_17_moe": 12, "male_black_alone_5_9": 0, "male_black_alone_5_9_moe": 12, "male_black_alone_10_14": 0, "male_black_alone_10_14_moe": 12, "male_black_alone_15_17": 15, "male_black_alone_15_17_moe": 23, "female_black_alone_5_9": 0, "female_black_alone_5_9_moe": 12, "female_black_alone_10_14": 0, "female_black_alone_10_14_moe": 12, "female_black_alone_15_17": 0, "female_black_alone_15_17_moe": 12, "male_public_school_5_9": 0, "state": "29", "county": "510", "tract": "104500", "male_public_school_5_9_moe": 12, "male_public_school_10_14": 15, "male_public_school_10_14_moe": 28, "male_public_school_15_17": 0, "male_public_school_15_17_moe": 12, "male_private_school_5_9": 0, "male_private_school_5_9_moe": 12, "male_private_school_10_14": 0, "male_private_school_10_14_moe": 12, "male_private_school_15_17": 15, "male_private_school_15_17_moe": 23, "female_public_school_5_9": 0, "female_public_school_5_9_moe": 12, "female_public_school_10_14": 7, "female_public_school_10_14_moe": 15, "female_public_school_15_17": 0, "female_public_school_15_17_moe": 12, "female_private_school_5_9": 35, "female_private_school_5_9_moe": 27, "female_private_school_10_14": 0, "female_private_school_10_14_moe": 12, "female_private_school_15_17": 0, "female_private_school_15_17_moe": 12, "median_household_income": 79737, "median_household_income_moe": 18255, "acs_median_owner_occupied_home_value": 171800, "acs_median_owner_occupied_home_value_moe": 12254, "race_other": 260, "race_white_share": 0.8092485549132948, "race_black_share": 0.07514450867052024, "race_other_share": 0.11560693641618497, "poverty_rate": 0.052912405513561585, "school_age_5_17": 177, "school_age_white_non_hispanic_5_17": 140, "school_age_black_alone_5_17": 15, "school_age_other_or_unclassified_5_17": 22, "school_age_white_non_hispanic_5_17_moe": 138.60375175297384, "school_age_black_alone_5_17_moe": 35.34119409414458, "school_age_white_non_hispanic_5_17_share": 0.7909604519774012, "school_age_black_alone_5_17_share": 0.0847457627118644, "school_age_other_or_unclassified_5_17_share": 0.12429378531073447, "school_age_5_17_per_capita": 0.07870164517563362, "public_school_enrolled_5_17": 22, "private_school_enrolled_5_17": 50, "public_school_enrolled_5_17_moe": 39.81205847478876, "private_school_enrolled_5_17_moe": 42.82522621072771, "public_school_enrolled_5_17_per_school_age": 0.12429378531073447, "private_school_enrolled_5_17_per_school_age": 0.2824858757062147, "source_area_sq_m": 1940836.819339098, "city_area_sq_m": 1940836.8193390984, "city_area_share": 1.0000000000000002, "tornado_damage_intersects": false, "tornado_max_efscale": "<NA>", "tornado_damage_area_sq_m": 0.0, "tornado_damage_area_share": 0.0, "tornado_damage_point_count": 0, "tornado_ef2_plus_point_count": 0, "tornado_distance_to_path_m": 1456.1485063931866}, "geometry": {"type": "Polygon", "coordinates": [[[-90.294247, 38.621177], [-90.294222, 38.621243], [-90.294169, 38.621536], [-90.294159, 38.621586], [-90.294123, 38.621795], [-90.294017, 38.622331], [-90.294, 38.622413], [-90.293942, 38.622705], [-90.293904, 38.622889], [-90.293794, 38.623442], [-90.293758, 38.623627], [-90.293722, 38.623804], [-90.293616, 38.624339], [-90.293581, 38.624517], [-90.293564, 38.624597], [-90.293517, 38.624839], [-90.293501, 38.62492], [-90.293484, 38.625015], [-90.293434, 38.625304], [-90.293418, 38.6254], [-90.293395, 38.625533], [-90.293328, 38.625932], [-90.293306, 38.626066], [-90.293267, 38.626293], [-90.293199, 38.626695], [-90.29315, 38.626975], [-90.293112, 38.627203], [-90.293083, 38.627372], [-90.293002, 38.627848], [-90.292996, 38.627882], [-90.292968, 38.628052], [-90.292891, 38.628517], [-90.29288, 38.628584], [-90.292646, 38.629991], [-90.292396, 38.631458], [-90.292166, 38.631434], [-90.291831, 38.631401], [-90.291478, 38.631365], [-90.291249, 38.631343], [-90.290348, 38.631254], [-90.289923, 38.631213], [-90.289728, 38.631195], [-90.288216, 38.631051], [-90.287647, 38.630991], [-90.287066, 38.630931], [-90.286748, 38.630894], [-90.286139, 38.630824], [-90.285589, 38.63078], [-90.285184, 38.630747], [-90.284977, 38.630729], [-90.282782, 38.630564], [-90.282644, 38.630551], [-90.281465, 38.630408], [-90.280692, 38.630315], [-90.278505, 38.630099], [-90.276834, 38.629945], [-90.275367, 38.629798], [-90.274527, 38.629718], [-90.27391, 38.629659], [-90.272891, 38.629561], [-90.272679, 38.629541], [-90.27242, 38.629516], [-90.271149, 38.6294], [-90.269951, 38.62927], [-90.269619, 38.62924], [-90.269491, 38.629228], [-90.267984, 38.629089], [-90.267459, 38.629041], [-90.266349, 38.628931], [-90.265979, 38.628894], [-90.265767, 38.628874], [-90.265189, 38.628818], [-90.264869, 38.628787], [-90.2645, 38.628752], [-90.264509, 38.628691], [-90.264538, 38.628508], [-90.264549, 38.628448], [-90.264575, 38.628285], [-90.264655, 38.627797], [-90.264682, 38.627635], [-90.264693, 38.627563], [-90.264728, 38.627348], [-90.26474, 38.627277], [-90.264763, 38.627132], [-90.264834, 38.626699], [-90.264859, 38.626555], [-90.264867, 38.626507], [-90.26489, 38.626363], [-90.264899, 38.626316], [-90.264914, 38.626223], [-90.264961, 38.625947], [-90.264978, 38.625855], [-90.265009, 38.62567], [-90.265103, 38.625117], [-90.265123, 38.625006], [-90.265138, 38.624934], [-90.265341, 38.623952], [-90.265485, 38.623217], [-90.265703, 38.623277], [-90.266795, 38.623574], [-90.267492, 38.623729], [-90.267955, 38.623832], [-90.268504, 38.623925], [-90.268721, 38.623962], [-90.26918, 38.624035], [-90.270131, 38.624101], [-90.27193, 38.624074], [-90.272431, 38.624041], [-90.272823, 38.624014], [-90.273671, 38.623908], [-90.274005, 38.623867], [-90.275731, 38.623674], [-90.276621, 38.623572], [-90.277663, 38.623453], [-90.279293, 38.623259], [-90.280184, 38.623154], [-90.281764, 38.622962], [-90.282289, 38.622899], [-90.28636, 38.622421], [-90.286509, 38.622403], [-90.288091, 38.622219], [-90.288496, 38.622167], [-90.28971, 38.622014], [-90.290116, 38.621963], [-90.290984, 38.621852], [-90.291181, 38.621827], [-90.292022, 38.621672], [-90.293356, 38.621309], [-90.293536, 38.621241], [-90.294033, 38.621057], [-90.294348, 38.620914], [-90.294322, 38.620979], [-90.294247, 38.621177]]]}}, {"id": "11", "type": "Feature", "properties": {"geoid": "29510106100", "name": "Census Tract 1061; St. Louis city; Missouri", "total_population": 1390, "total_population_moe": 215, "race_total": 1390, "race_total_moe": 215, "race_white_non_hispanic": 39, "race_white_non_hispanic_moe": 38, "race_black_non_hispanic": 1325, "race_black_non_hispanic_moe": 216, "poverty_universe": 1390, "poverty_universe_moe": 215, "poverty_below": 399, "poverty_below_moe": 177, "male_5_9": 88, "male_5_9_moe": 58, "male_10_14": 45, "male_10_14_moe": 34, "male_15_17": 0, "male_15_17_moe": 12, "female_5_9": 23, "female_5_9_moe": 36, "female_10_14": 0, "female_10_14_moe": 12, "female_15_17": 15, "female_15_17_moe": 24, "male_white_non_hispanic_5_9": 0, "male_white_non_hispanic_5_9_moe": 12, "male_white_non_hispanic_10_14": 0, "male_white_non_hispanic_10_14_moe": 12, "male_white_non_hispanic_15_17": 0, "male_white_non_hispanic_15_17_moe": 12, "female_white_non_hispanic_5_9": 0, "female_white_non_hispanic_5_9_moe": 12, "female_white_non_hispanic_10_14": 0, "female_white_non_hispanic_10_14_moe": 12, "female_white_non_hispanic_15_17": 0, "female_white_non_hispanic_15_17_moe": 12, "male_black_alone_5_9": 88, "male_black_alone_5_9_moe": 58, "male_black_alone_10_14": 45, "male_black_alone_10_14_moe": 34, "male_black_alone_15_17": 0, "male_black_alone_15_17_moe": 12, "female_black_alone_5_9": 23, "female_black_alone_5_9_moe": 36, "female_black_alone_10_14": 0, "female_black_alone_10_14_moe": 12, "female_black_alone_15_17": 15, "female_black_alone_15_17_moe": 24, "male_public_school_5_9": 66, "state": "29", "county": "510", "tract": "106100", "male_public_school_5_9_moe": 51, "male_public_school_10_14": 45, "male_public_school_10_14_moe": 34, "male_public_school_15_17": 0, "male_public_school_15_17_moe": 12, "male_private_school_5_9": 22, "male_private_school_5_9_moe": 34, "male_private_school_10_14": 0, "male_private_school_10_14_moe": 12, "male_private_school_15_17": 0, "male_private_school_15_17_moe": 12, "female_public_school_5_9": 0, "female_public_school_5_9_moe": 12, "female_public_school_10_14": 0, "female_public_school_10_14_moe": 12, "female_public_school_15_17": 15, "female_public_school_15_17_moe": 24, "female_private_school_5_9": 0, "female_private_school_5_9_moe": 12, "female_private_school_10_14": 0, "female_private_school_10_14_moe": 12, "female_private_school_15_17": 0, "female_private_school_15_17_moe": 12, "median_household_income": 28333, "median_household_income_moe": 10127, "acs_median_owner_occupied_home_value": 65400, "acs_median_owner_occupied_home_value_moe": 29443, "race_other": 26, "race_white_share": 0.02805755395683453, "race_black_share": 0.9532374100719424, "race_other_share": 0.01870503597122302, "poverty_rate": 0.2870503597122302, "school_age_5_17": 171, "school_age_white_non_hispanic_5_17": 0, "school_age_black_alone_5_17": 171, "school_age_other_or_unclassified_5_17": 0, "school_age_white_non_hispanic_5_17_moe": 29.393876913398138, "school_age_black_alone_5_17_moe": 81.7312669668102, "school_age_white_non_hispanic_5_17_share": 0.0, "school_age_black_alone_5_17_share": 1.0, "school_age_other_or_unclassified_5_17_share": 0.0, "school_age_5_17_per_capita": 0.12302158273381295, "public_school_enrolled_5_17": 126, "private_school_enrolled_5_17": 22, "public_school_enrolled_5_17_moe": 69.02897942168927, "private_school_enrolled_5_17_moe": 43.31281565541543, "public_school_enrolled_5_17_per_school_age": 0.7368421052631579, "private_school_enrolled_5_17_per_school_age": 0.1286549707602339, "source_area_sq_m": 958822.2149463259, "city_area_sq_m": 953690.8399485345, "city_area_share": 0.9946482518679663, "tornado_damage_intersects": false, "tornado_max_efscale": "<NA>", "tornado_damage_area_sq_m": 0.0, "tornado_damage_area_share": 0.0, "tornado_damage_point_count": 0, "tornado_ef2_plus_point_count": 0, "tornado_distance_to_path_m": 1314.5847749870204}, "geometry": {"type": "Polygon", "coordinates": [[[-90.285898, 38.675567], [-90.285823, 38.675526], [-90.285751, 38.675487], [-90.285725, 38.675468], [-90.285601, 38.675405], [-90.285526, 38.675368], [-90.285217, 38.675198], [-90.284037, 38.674555], [-90.28302, 38.674025], [-90.282561, 38.673779], [-90.282316, 38.673648], [-90.281893, 38.673425], [-90.28133, 38.673126], [-90.281133, 38.673022], [-90.280987, 38.672945], [-90.28055, 38.672702], [-90.280357, 38.672595], [-90.280162, 38.67249], [-90.279579, 38.672177], [-90.279385, 38.672073], [-90.279175, 38.671961], [-90.278546, 38.671625], [-90.278337, 38.671513], [-90.278193, 38.671435], [-90.277761, 38.671204], [-90.277617, 38.671127], [-90.277269, 38.670939], [-90.277016, 38.670803], [-90.276229, 38.670376], [-90.275883, 38.670188], [-90.275626, 38.670051], [-90.274444, 38.669413], [-90.274143, 38.669251], [-90.274126, 38.669234], [-90.273116, 38.668693], [-90.272965, 38.668612], [-90.272514, 38.668369], [-90.272364, 38.668289], [-90.272564, 38.668035], [-90.272842, 38.667684], [-90.273141, 38.667258], [-90.273328, 38.666994], [-90.273513, 38.666731], [-90.273803, 38.666319], [-90.274076, 38.665947], [-90.274267, 38.665689], [-90.274454, 38.665433], [-90.275018, 38.664668], [-90.275206, 38.664413], [-90.275405, 38.664143], [-90.276154, 38.663094], [-90.276863, 38.663474], [-90.278785, 38.664502], [-90.278844, 38.66454], [-90.279651, 38.664982], [-90.280215, 38.665291], [-90.280528, 38.665458], [-90.280701, 38.66555], [-90.281222, 38.665828], [-90.281396, 38.665921], [-90.28157, 38.666016], [-90.281907, 38.666199], [-90.282094, 38.666301], [-90.282269, 38.666396], [-90.282444, 38.66649], [-90.282969, 38.666773], [-90.283145, 38.666868], [-90.28356, 38.667089], [-90.284333, 38.667504], [-90.284685, 38.667694], [-90.285741, 38.668265], [-90.286093, 38.668456], [-90.287158, 38.669031], [-90.288088, 38.669526], [-90.28846, 38.669718], [-90.288596, 38.669788], [-90.289, 38.670013], [-90.289126, 38.67008], [-90.289317, 38.670181], [-90.289632, 38.670353], [-90.289666, 38.670373], [-90.28977, 38.670433], [-90.289805, 38.670453], [-90.28984, 38.670472], [-90.28985599996732, 38.67048039998589], [-90.2898490276821, 38.6704888011205], [-90.2874430211824, 38.67367381914169], [-90.2866810236443, 38.6746438213959], [-90.2859797469336, 38.675543161565905], [-90.28594046218446, 38.67559302521753], [-90.285898, 38.675567]]]}}, {"id": "12", "type": "Feature", "properties": {"geoid": "29510105500", "name": "Census Tract 1055; St. Louis city; Missouri", "total_population": 2696, "total_population_moe": 587, "race_total": 2696, "race_total_moe": 587, "race_white_non_hispanic": 393, "race_white_non_hispanic_moe": 158, "race_black_non_hispanic": 2070, "race_black_non_hispanic_moe": 558, "poverty_universe": 2696, "poverty_universe_moe": 587, "poverty_below": 435, "poverty_below_moe": 232, "male_5_9": 12, "male_5_9_moe": 20, "male_10_14": 171, "male_10_14_moe": 173, "male_15_17": 49, "male_15_17_moe": 80, "female_5_9": 48, "female_5_9_moe": 57, "female_10_14": 165, "female_10_14_moe": 121, "female_15_17": 74, "female_15_17_moe": 69, "male_white_non_hispanic_5_9": 0, "male_white_non_hispanic_5_9_moe": 12, "male_white_non_hispanic_10_14": 0, "male_white_non_hispanic_10_14_moe": 12, "male_white_non_hispanic_15_17": 0, "male_white_non_hispanic_15_17_moe": 12, "female_white_non_hispanic_5_9": 0, "female_white_non_hispanic_5_9_moe": 12, "female_white_non_hispanic_10_14": 0, "female_white_non_hispanic_10_14_moe": 12, "female_white_non_hispanic_15_17": 0, "female_white_non_hispanic_15_17_moe": 12, "male_black_alone_5_9": 0, "male_black_alone_5_9_moe": 12, "male_black_alone_10_14": 164, "male_black_alone_10_14_moe": 174, "male_black_alone_15_17": 49, "male_black_alone_15_17_moe": 80, "female_black_alone_5_9": 48, "female_black_alone_5_9_moe": 57, "female_black_alone_10_14": 165, "female_black_alone_10_14_moe": 121, "female_black_alone_15_17": 63, "female_black_alone_15_17_moe": 70, "male_public_school_5_9": 12, "state": "29", "county": "510", "tract": "105500", "male_public_school_5_9_moe": 20, "male_public_school_10_14": 171, "male_public_school_10_14_moe": 173, "male_public_school_15_17": 49, "male_public_school_15_17_moe": 80, "male_private_school_5_9": 0, "male_private_school_5_9_moe": 12, "male_private_school_10_14": 0, "male_private_school_10_14_moe": 12, "male_private_school_15_17": 0, "male_private_school_15_17_moe": 12, "female_public_school_5_9": 48, "female_public_school_5_9_moe": 57, "female_public_school_10_14": 165, "female_public_school_10_14_moe": 121, "female_public_school_15_17": 63, "female_public_school_15_17_moe": 70, "female_private_school_5_9": 0, "female_private_school_5_9_moe": 12, "female_private_school_10_14": 0, "female_private_school_10_14_moe": 12, "female_private_school_15_17": 11, "female_private_school_15_17_moe": 17, "median_household_income": 66359, "median_household_income_moe": 10916, "acs_median_owner_occupied_home_value": 219500, "acs_median_owner_occupied_home_value_moe": 16064, "race_other": 233, "race_white_share": 0.14577151335311572, "race_black_share": 0.7678041543026706, "race_other_share": 0.08642433234421365, "poverty_rate": 0.16135014836795253, "school_age_5_17": 519, "school_age_white_non_hispanic_5_17": 0, "school_age_black_alone_5_17": 489, "school_age_other_or_unclassified_5_17": 30, "school_age_white_non_hispanic_5_17_moe": 29.393876913398138, "school_age_black_alone_5_17_moe": 244.15159225366523, "school_age_white_non_hispanic_5_17_share": 0.0, "school_age_black_alone_5_17_share": 0.9421965317919075, "school_age_other_or_unclassified_5_17_share": 0.057803468208092484, "school_age_5_17_per_capita": 0.1925074183976261, "public_school_enrolled_5_17": 508, "private_school_enrolled_5_17": 11, "public_school_enrolled_5_17_moe": 243.96516144728534, "private_school_enrolled_5_17_moe": 31.76476034853718, "public_school_enrolled_5_17_per_school_age": 0.9788053949903661, "private_school_enrolled_5_17_per_school_age": 0.02119460500963391, "source_area_sq_m": 1196193.5855154442, "city_area_sq_m": 1196193.5855154435, "city_area_share": 0.9999999999999994, "tornado_damage_intersects": true, "tornado_max_efscale": "1", "tornado_damage_area_sq_m": 696859.5346004677, "tornado_damage_area_share": 0.5825641794428233, "tornado_damage_point_count": 59, "tornado_ef2_plus_point_count": 0, "tornado_distance_to_path_m": 283.6633675982992}, "geometry": {"type": "Polygon", "coordinates": [[[-90.285952, 38.659376], [-90.285935, 38.659506], [-90.285928, 38.659555], [-90.285919, 38.659609], [-90.285874, 38.659917], [-90.285859, 38.660021], [-90.285724, 38.660891], [-90.285691, 38.661092], [-90.285642, 38.661401], [-90.285592, 38.661695], [-90.285558, 38.661896], [-90.285522, 38.662104], [-90.285471, 38.662405], [-90.285419, 38.662729], [-90.285387, 38.662938], [-90.285303, 38.663481], [-90.285254, 38.663795], [-90.285204, 38.664007], [-90.28512, 38.664155], [-90.284992, 38.664326], [-90.284195, 38.665438], [-90.283709, 38.666094], [-90.283353, 38.666581], [-90.283145, 38.666868], [-90.282969, 38.666773], [-90.282444, 38.66649], [-90.282269, 38.666396], [-90.282094, 38.666301], [-90.281907, 38.666199], [-90.28157, 38.666016], [-90.281396, 38.665921], [-90.281222, 38.665828], [-90.280701, 38.66555], [-90.280528, 38.665458], [-90.280215, 38.665291], [-90.279651, 38.664982], [-90.278844, 38.66454], [-90.278785, 38.664502], [-90.276863, 38.663474], [-90.276154, 38.663094], [-90.275264, 38.662618], [-90.274374, 38.662141], [-90.273621, 38.661742], [-90.272486, 38.661111], [-90.272456, 38.661091], [-90.271992, 38.660901], [-90.27047, 38.660733], [-90.26926, 38.660617], [-90.268978, 38.660591], [-90.267223, 38.660408], [-90.2664, 38.660314], [-90.266264, 38.660298], [-90.265995, 38.660268], [-90.265856, 38.660254], [-90.26572, 38.660241], [-90.265747, 38.66004], [-90.265791, 38.659724], [-90.265836, 38.659439], [-90.265869, 38.65924], [-90.265897, 38.659049], [-90.265923, 38.65888], [-90.265943, 38.658773], [-90.265995, 38.658478], [-90.266029, 38.658288], [-90.266061, 38.658108], [-90.26611, 38.657837], [-90.266157, 38.657569], [-90.266189, 38.65739], [-90.266219, 38.65721], [-90.266264, 38.656942], [-90.266309, 38.656671], [-90.266339, 38.656492], [-90.267049, 38.656564], [-90.269179, 38.65678], [-90.269889, 38.656853], [-90.269959, 38.65686], [-90.270171, 38.656884], [-90.270242, 38.656892], [-90.270718, 38.656944], [-90.27088, 38.656963], [-90.271222, 38.657001], [-90.272148, 38.657082], [-90.272626, 38.657125], [-90.272647, 38.656991], [-90.272714, 38.656589], [-90.272737, 38.656456], [-90.272748, 38.656386], [-90.272783, 38.656177], [-90.272795, 38.656108], [-90.272836, 38.655861], [-90.272875, 38.65563], [-90.272953, 38.655119], [-90.272991, 38.654872], [-90.27301, 38.654743], [-90.273069, 38.654359], [-90.273079, 38.654297], [-90.273094, 38.654232], [-90.273585, 38.654286], [-90.273823, 38.654307], [-90.274811, 38.654396], [-90.275174, 38.654429], [-90.275931, 38.654491], [-90.276014, 38.654498], [-90.276744, 38.654569], [-90.277329, 38.654634], [-90.278884, 38.654773], [-90.278716, 38.655767], [-90.278684, 38.655951], [-90.278605, 38.656458], [-90.278528, 38.656945], [-90.27849, 38.657177], [-90.278378, 38.657873], [-90.278341, 38.658106], [-90.28143, 38.658416], [-90.283454, 38.658609], [-90.283605, 38.658623], [-90.283686, 38.658631], [-90.283826, 38.658646], [-90.284249, 38.65869], [-90.285474, 38.658808], [-90.286024, 38.658861], [-90.286006, 38.65899], [-90.285952, 38.659376]]]}}, {"id": "13", "type": "Feature", "properties": {"geoid": "29510105200", "name": "Census Tract 1052; St. Louis city; Missouri", "total_population": 3007, "total_population_moe": 475, "race_total": 3007, "race_total_moe": 475, "race_white_non_hispanic": 1106, "race_white_non_hispanic_moe": 398, "race_black_non_hispanic": 1269, "race_black_non_hispanic_moe": 261, "poverty_universe": 3007, "poverty_universe_moe": 475, "poverty_below": 551, "poverty_below_moe": 267, "male_5_9": 28, "male_5_9_moe": 27, "male_10_14": 40, "male_10_14_moe": 42, "male_15_17": 77, "male_15_17_moe": 78, "female_5_9": 43, "female_5_9_moe": 29, "female_10_14": 16, "female_10_14_moe": 38, "female_15_17": 17, "female_15_17_moe": 25, "male_white_non_hispanic_5_9": 8, "male_white_non_hispanic_5_9_moe": 18, "male_white_non_hispanic_10_14": 0, "male_white_non_hispanic_10_14_moe": 12, "male_white_non_hispanic_15_17": 0, "male_white_non_hispanic_15_17_moe": 12, "female_white_non_hispanic_5_9": 8, "female_white_non_hispanic_5_9_moe": 19, "female_white_non_hispanic_10_14": 16, "female_white_non_hispanic_10_14_moe": 38, "female_white_non_hispanic_15_17": 0, "female_white_non_hispanic_15_17_moe": 12, "male_black_alone_5_9": 20, "male_black_alone_5_9_moe": 25, "male_black_alone_10_14": 40, "male_black_alone_10_14_moe": 42, "male_black_alone_15_17": 41, "male_black_alone_15_17_moe": 53, "female_black_alone_5_9": 35, "female_black_alone_5_9_moe": 28, "female_black_alone_10_14": 0, "female_black_alone_10_14_moe": 12, "female_black_alone_15_17": 17, "female_black_alone_15_17_moe": 25, "male_public_school_5_9": 28, "state": "29", "county": "510", "tract": "105200", "male_public_school_5_9_moe": 27, "male_public_school_10_14": 0, "male_public_school_10_14_moe": 12, "male_public_school_15_17": 77, "male_public_school_15_17_moe": 78, "male_private_school_5_9": 0, "male_private_school_5_9_moe": 12, "male_private_school_10_14": 40, "male_private_school_10_14_moe": 42, "male_private_school_15_17": 0, "male_private_school_15_17_moe": 12, "female_public_school_5_9": 29, "female_public_school_5_9_moe": 29, "female_public_school_10_14": 16, "female_public_school_10_14_moe": 38, "female_public_school_15_17": 0, "female_public_school_15_17_moe": 12, "female_private_school_5_9": 14, "female_private_school_5_9_moe": 23, "female_private_school_10_14": 0, "female_private_school_10_14_moe": 12, "female_private_school_15_17": 17, "female_private_school_15_17_moe": 25, "median_household_income": 45933, "median_household_income_moe": 15775, "acs_median_owner_occupied_home_value": 221900, "acs_median_owner_occupied_home_value_moe": 29040, "race_other": 632, "race_white_share": 0.3678084469571001, "race_black_share": 0.4220152976388427, "race_other_share": 0.2101762554040572, "poverty_rate": 0.18323910874625873, "school_age_5_17": 221, "school_age_white_non_hispanic_5_17": 32, "school_age_black_alone_5_17": 153, "school_age_other_or_unclassified_5_17": 36, "school_age_white_non_hispanic_5_17_moe": 50.60632371551998, "school_age_black_alone_5_17_moe": 82.16446920658588, "school_age_white_non_hispanic_5_17_share": 0.14479638009049775, "school_age_black_alone_5_17_share": 0.6923076923076923, "school_age_other_or_unclassified_5_17_share": 0.16289592760180996, "school_age_5_17_per_capita": 0.0734951779181909, "public_school_enrolled_5_17": 150, "private_school_enrolled_5_17": 71, "public_school_enrolled_5_17_moe": 96.88137075826292, "private_school_enrolled_5_17_moe": 57.879184513951124, "public_school_enrolled_5_17_per_school_age": 0.6787330316742082, "private_school_enrolled_5_17_per_school_age": 0.3212669683257919, "source_area_sq_m": 831471.6493942977, "city_area_sq_m": 831471.6493942977, "city_area_share": 1.0, "tornado_damage_intersects": true, "tornado_max_efscale": "2", "tornado_damage_area_sq_m": 1465280.96999961, "tornado_damage_area_share": 1.7622741209123687, "tornado_damage_point_count": 53, "tornado_ef2_plus_point_count": 10, "tornado_distance_to_path_m": 0.0}, "geometry": {"type": "Polygon", "coordinates": [[[-90.294595, 38.648717], [-90.294576, 38.648835], [-90.294561, 38.648927], [-90.294559, 38.648939], [-90.294508, 38.649251], [-90.294492, 38.649356], [-90.29446, 38.649546], [-90.294419, 38.649798], [-90.294365, 38.650117], [-90.294334, 38.650308], [-90.294304, 38.650492], [-90.294258, 38.650778], [-90.294213, 38.651044], [-90.294183, 38.651228], [-90.294148, 38.651412], [-90.294097, 38.651683], [-90.294056, 38.651967], [-90.29403, 38.652153], [-90.294001, 38.652334], [-90.293959, 38.652598], [-90.293914, 38.652878], [-90.293886, 38.65306], [-90.293854, 38.653258], [-90.293839, 38.653359], [-90.293859, 38.653489], [-90.293889, 38.653582], [-90.294016, 38.65382], [-90.294111, 38.653997], [-90.294247, 38.654252], [-90.294341, 38.654427], [-90.294589, 38.654926], [-90.294141, 38.654885], [-90.293918, 38.654864], [-90.293709, 38.654844], [-90.293604, 38.654789], [-90.293533, 38.654769], [-90.293101, 38.654721], [-90.292894, 38.654698], [-90.292433, 38.654651], [-90.292311, 38.654639], [-90.291467, 38.65457], [-90.291049, 38.654529], [-90.290588, 38.654485], [-90.290218, 38.654448], [-90.289109, 38.654338], [-90.28874, 38.654302], [-90.288339, 38.654263], [-90.287416, 38.654175], [-90.287136, 38.654142], [-90.286737, 38.654095], [-90.28638, 38.654053], [-90.286251, 38.654042], [-90.285316, 38.653963], [-90.285026, 38.653935], [-90.284792, 38.653912], [-90.284459, 38.65388], [-90.284306, 38.653865], [-90.283998, 38.653837], [-90.283135, 38.653759], [-90.283077, 38.653754], [-90.28277, 38.653731], [-90.282631, 38.653717], [-90.282217, 38.653678], [-90.282163, 38.653673], [-90.28208, 38.653663], [-90.282098, 38.65355], [-90.282155, 38.653211], [-90.282174, 38.653099], [-90.28231, 38.652299], [-90.282405, 38.65178], [-90.28247, 38.651423], [-90.282484, 38.651341], [-90.282525, 38.65112], [-90.282529, 38.651097], [-90.282544, 38.651016], [-90.282593, 38.650738], [-90.282669, 38.650313], [-90.28273, 38.649904], [-90.282772, 38.649626], [-90.282808, 38.649384], [-90.282863, 38.649023], [-90.282922, 38.648661], [-90.282962, 38.648421], [-90.283401, 38.648468], [-90.283501, 38.648479], [-90.28452, 38.648591], [-90.285161, 38.648645], [-90.285278, 38.64788], [-90.285307, 38.647679], [-90.28533, 38.64759], [-90.285431, 38.646836], [-90.285443, 38.646732], [-90.28547, 38.646513], [-90.285464, 38.646369], [-90.285417, 38.646225], [-90.285327, 38.64606], [-90.285966, 38.646125], [-90.294874, 38.646986], [-90.294617, 38.64858], [-90.294595, 38.648717]]]}}, {"id": "14", "type": "Feature", "properties": {"geoid": "29510105300", "name": "Census Tract 1053; St. Louis city; Missouri", "total_population": 1757, "total_population_moe": 377, "race_total": 1757, "race_total_moe": 377, "race_white_non_hispanic": 163, "race_white_non_hispanic_moe": 129, "race_black_non_hispanic": 1372, "race_black_non_hispanic_moe": 392, "poverty_universe": 1757, "poverty_universe_moe": 377, "poverty_below": 352, "poverty_below_moe": 240, "male_5_9": 134, "male_5_9_moe": 91, "male_10_14": 55, "male_10_14_moe": 67, "male_15_17": 22, "male_15_17_moe": 34, "female_5_9": 0, "female_5_9_moe": 12, "female_10_14": 57, "female_10_14_moe": 55, "female_15_17": 12, "female_15_17_moe": 19, "male_white_non_hispanic_5_9": 30, "male_white_non_hispanic_5_9_moe": 46, "male_white_non_hispanic_10_14": 0, "male_white_non_hispanic_10_14_moe": 12, "male_white_non_hispanic_15_17": 13, "male_white_non_hispanic_15_17_moe": 22, "female_white_non_hispanic_5_9": 0, "female_white_non_hispanic_5_9_moe": 12, "female_white_non_hispanic_10_14": 0, "female_white_non_hispanic_10_14_moe": 12, "female_white_non_hispanic_15_17": 12, "female_white_non_hispanic_15_17_moe": 19, "male_black_alone_5_9": 81, "male_black_alone_5_9_moe": 72, "male_black_alone_10_14": 55, "male_black_alone_10_14_moe": 67, "male_black_alone_15_17": 9, "male_black_alone_15_17_moe": 17, "female_black_alone_5_9": 0, "female_black_alone_5_9_moe": 12, "female_black_alone_10_14": 57, "female_black_alone_10_14_moe": 55, "female_black_alone_15_17": 0, "female_black_alone_15_17_moe": 12, "male_public_school_5_9": 134, "state": "29", "county": "510", "tract": "105300", "male_public_school_5_9_moe": 91, "male_public_school_10_14": 55, "male_public_school_10_14_moe": 67, "male_public_school_15_17": 22, "male_public_school_15_17_moe": 34, "male_private_school_5_9": 0, "male_private_school_5_9_moe": 12, "male_private_school_10_14": 0, "male_private_school_10_14_moe": 12, "male_private_school_15_17": 0, "male_private_school_15_17_moe": 12, "female_public_school_5_9": 0, "female_public_school_5_9_moe": 12, "female_public_school_10_14": 57, "female_public_school_10_14_moe": 55, "female_public_school_15_17": 12, "female_public_school_15_17_moe": 19, "female_private_school_5_9": 0, "female_private_school_5_9_moe": 12, "female_private_school_10_14": 0, "female_private_school_10_14_moe": 12, "female_private_school_15_17": 0, "female_private_school_15_17_moe": 12, "median_household_income": 22500, "median_household_income_moe": 14525, "acs_median_owner_occupied_home_value": 273600, "acs_median_owner_occupied_home_value_moe": 32262, "race_other": 222, "race_white_share": 0.09277177006260671, "race_black_share": 0.7808764940239044, "race_other_share": 0.1263517359134889, "poverty_rate": 0.20034149117814457, "school_age_5_17": 280, "school_age_white_non_hispanic_5_17": 55, "school_age_black_alone_5_17": 202, "school_age_other_or_unclassified_5_17": 23, "school_age_white_non_hispanic_5_17_moe": 58.249463516842795, "school_age_black_alone_5_17_moe": 115.21718621802913, "school_age_white_non_hispanic_5_17_share": 0.19642857142857142, "school_age_black_alone_5_17_share": 0.7214285714285714, "school_age_other_or_unclassified_5_17_share": 0.08214285714285714, "school_age_5_17_per_capita": 0.1593625498007968, "public_school_enrolled_5_17": 280, "private_school_enrolled_5_17": 0, "public_school_enrolled_5_17_moe": 132.12115651930995, "private_school_enrolled_5_17_moe": 29.393876913398138, "public_school_enrolled_5_17_per_school_age": 1.0, "private_school_enrolled_5_17_per_school_age": 0.0, "source_area_sq_m": 958515.7803264869, "city_area_sq_m": 958515.7803264866, "city_area_share": 0.9999999999999997, "tornado_damage_intersects": true, "tornado_max_efscale": "1", "tornado_damage_area_sq_m": 164211.61328608, "tornado_damage_area_share": 0.17131863309557396, "tornado_damage_point_count": 0, "tornado_ef2_plus_point_count": 0, "tornado_distance_to_path_m": 569.391944357635}, "geometry": {"type": "Polygon", "coordinates": [[[-90.296791, 38.661949], [-90.296727, 38.661932], [-90.296481, 38.661912], [-90.296068, 38.661879], [-90.295968, 38.66185], [-90.295882, 38.661806], [-90.295778, 38.661738], [-90.29573, 38.661707], [-90.295544, 38.66168], [-90.295427, 38.661687], [-90.295079, 38.661712], [-90.294963, 38.66172], [-90.2948, 38.661723], [-90.294312, 38.661735], [-90.29415, 38.661739], [-90.29412, 38.661725], [-90.294018, 38.661708], [-90.293969, 38.661703], [-90.293442, 38.66166], [-90.293415, 38.661657], [-90.293231, 38.661637], [-90.292985, 38.661609], [-90.292521, 38.661558], [-90.292246, 38.661533], [-90.292, 38.661512], [-90.291748, 38.66149], [-90.291371, 38.661457], [-90.291267, 38.661446], [-90.290995, 38.661417], [-90.290744, 38.661392], [-90.289487, 38.661263], [-90.288592, 38.661176], [-90.288258, 38.661144], [-90.287067, 38.661026], [-90.287004, 38.661019], [-90.28633, 38.66095], [-90.285724, 38.660891], [-90.285859, 38.660021], [-90.285874, 38.659917], [-90.285919, 38.659609], [-90.285928, 38.659555], [-90.285935, 38.659506], [-90.285952, 38.659376], [-90.286006, 38.65899], [-90.286024, 38.658861], [-90.285474, 38.658808], [-90.284249, 38.65869], [-90.283826, 38.658646], [-90.283686, 38.658631], [-90.283605, 38.658623], [-90.283454, 38.658609], [-90.28143, 38.658416], [-90.278341, 38.658106], [-90.278378, 38.657873], [-90.27849, 38.657177], [-90.278528, 38.656945], [-90.278605, 38.656458], [-90.278684, 38.655951], [-90.278716, 38.655767], [-90.278884, 38.654773], [-90.278891, 38.654739], [-90.278913, 38.654638], [-90.278921, 38.654605], [-90.281974, 38.654885], [-90.282083, 38.654304], [-90.28213, 38.654023], [-90.282158, 38.653782], [-90.28208, 38.653663], [-90.282163, 38.653673], [-90.282217, 38.653678], [-90.282631, 38.653717], [-90.28277, 38.653731], [-90.283077, 38.653754], [-90.283135, 38.653759], [-90.283998, 38.653837], [-90.284306, 38.653865], [-90.284459, 38.65388], [-90.284792, 38.653912], [-90.285026, 38.653935], [-90.285316, 38.653963], [-90.286251, 38.654042], [-90.28638, 38.654053], [-90.286737, 38.654095], [-90.287136, 38.654142], [-90.287416, 38.654175], [-90.288339, 38.654263], [-90.28874, 38.654302], [-90.289109, 38.654338], [-90.290218, 38.654448], [-90.290588, 38.654485], [-90.291049, 38.654529], [-90.291467, 38.65457], [-90.292311, 38.654639], [-90.292433, 38.654651], [-90.292894, 38.654698], [-90.293101, 38.654721], [-90.293533, 38.654769], [-90.293604, 38.654789], [-90.293709, 38.654844], [-90.293918, 38.654864], [-90.294141, 38.654885], [-90.29651, 38.659541], [-90.296526, 38.659573], [-90.296591, 38.659736], [-90.296656, 38.659895], [-90.296754, 38.66023], [-90.296781, 38.660341], [-90.296831, 38.660547], [-90.296849, 38.660643], [-90.296905, 38.660933], [-90.296924, 38.66103], [-90.296949, 38.661158], [-90.297023, 38.661543], [-90.297037, 38.661637], [-90.296791, 38.661949]]]}}, {"id": "15", "type": "Feature", "properties": {"geoid": "29510105400", "name": "Census Tract 1054; St. Louis city; Missouri", "total_population": 2337, "total_population_moe": 1042, "race_total": 2337, "race_total_moe": 1042, "race_white_non_hispanic": 80, "race_white_non_hispanic_moe": 64, "race_black_non_hispanic": 1952, "race_black_non_hispanic_moe": 1046, "poverty_universe": 2325, "poverty_universe_moe": 1042, "poverty_below": 1127, "poverty_below_moe": 923, "male_5_9": 31, "male_5_9_moe": 49, "male_10_14": 52, "male_10_14_moe": 66, "male_15_17": 85, "male_15_17_moe": 82, "female_5_9": 47, "female_5_9_moe": 70, "female_10_14": 56, "female_10_14_moe": 70, "female_15_17": 0, "female_15_17_moe": 12, "male_white_non_hispanic_5_9": 0, "male_white_non_hispanic_5_9_moe": 12, "male_white_non_hispanic_10_14": 0, "male_white_non_hispanic_10_14_moe": 12, "male_white_non_hispanic_15_17": 10, "male_white_non_hispanic_15_17_moe": 8, "female_white_non_hispanic_5_9": 0, "female_white_non_hispanic_5_9_moe": 12, "female_white_non_hispanic_10_14": 2, "female_white_non_hispanic_10_14_moe": 8, "female_white_non_hispanic_15_17": 0, "female_white_non_hispanic_15_17_moe": 12, "male_black_alone_5_9": 31, "male_black_alone_5_9_moe": 49, "male_black_alone_10_14": 52, "male_black_alone_10_14_moe": 66, "male_black_alone_15_17": 75, "male_black_alone_15_17_moe": 81, "female_black_alone_5_9": 47, "female_black_alone_5_9_moe": 70, "female_black_alone_10_14": 54, "female_black_alone_10_14_moe": 70, "female_black_alone_15_17": 0, "female_black_alone_15_17_moe": 12, "male_public_school_5_9": 31, "state": "29", "county": "510", "tract": "105400", "male_public_school_5_9_moe": 49, "male_public_school_10_14": 52, "male_public_school_10_14_moe": 66, "male_public_school_15_17": 76, "male_public_school_15_17_moe": 82, "male_private_school_5_9": 0, "male_private_school_5_9_moe": 12, "male_private_school_10_14": 0, "male_private_school_10_14_moe": 12, "male_private_school_15_17": 9, "male_private_school_15_17_moe": 11, "female_public_school_5_9": 47, "female_public_school_5_9_moe": 70, "female_public_school_10_14": 56, "female_public_school_10_14_moe": 70, "female_public_school_15_17": 0, "female_public_school_15_17_moe": 12, "female_private_school_5_9": 0, "female_private_school_5_9_moe": 12, "female_private_school_10_14": 0, "female_private_school_10_14_moe": 12, "female_private_school_15_17": 0, "female_private_school_15_17_moe": 12, "median_household_income": -666666666, "median_household_income_moe": -222222222, "acs_median_owner_occupied_home_value": -666666666, "acs_median_owner_occupied_home_value_moe": -222222222, "race_other": 305, "race_white_share": 0.03423192126658109, "race_black_share": 0.8352588789045785, "race_other_share": 0.1305091998288404, "poverty_rate": 0.48473118279569893, "school_age_5_17": 271, "school_age_white_non_hispanic_5_17": 12, "school_age_black_alone_5_17": 259, "school_age_other_or_unclassified_5_17": 0, "school_age_white_non_hispanic_5_17_moe": 26.5329983228432, "school_age_black_alone_5_17_moe": 152.51885129386466, "school_age_white_non_hispanic_5_17_share": 0.04428044280442804, "school_age_black_alone_5_17_share": 0.955719557195572, "school_age_other_or_unclassified_5_17_share": 0.0, "school_age_5_17_per_capita": 0.11596063329054343, "public_school_enrolled_5_17": 262, "private_school_enrolled_5_17": 9, "public_school_enrolled_5_17_moe": 153.05227865013967, "private_school_enrolled_5_17_moe": 29.0, "public_school_enrolled_5_17_per_school_age": 0.966789667896679, "private_school_enrolled_5_17_per_school_age": 0.033210332103321034, "source_area_sq_m": 713909.546382023, "city_area_sq_m": 706795.4373763782, "city_area_share": 0.9900349994733956, "tornado_damage_intersects": false, "tornado_max_efscale": "<NA>", "tornado_damage_area_sq_m": 0.0, "tornado_damage_area_share": 0.0, "tornado_damage_point_count": 0, "tornado_ef2_plus_point_count": 0, "tornado_distance_to_path_m": 1433.5863395638958}, "geometry": {"type": "Polygon", "coordinates": [[[-90.296065, 38.662863], [-90.29591456513648, 38.66305487328043], [-90.2949790554952, 38.663768790514], [-90.29464524698568, 38.66466339508723], [-90.294579, 38.664747], [-90.293833, 38.665687], [-90.29317643871025, 38.666520668369], [-90.2927410553507, 38.6670038070525], [-90.2906150393183, 38.6695657937277], [-90.28985599996732, 38.67048039998589], [-90.28984, 38.670472], [-90.289805, 38.670453], [-90.28977, 38.670433], [-90.289666, 38.670373], [-90.289632, 38.670353], [-90.289317, 38.670181], [-90.289126, 38.67008], [-90.289, 38.670013], [-90.288596, 38.669788], [-90.28846, 38.669718], [-90.288088, 38.669526], [-90.287158, 38.669031], [-90.286093, 38.668456], [-90.285741, 38.668265], [-90.284685, 38.667694], [-90.284333, 38.667504], [-90.28356, 38.667089], [-90.283145, 38.666868], [-90.283353, 38.666581], [-90.283709, 38.666094], [-90.284195, 38.665438], [-90.284992, 38.664326], [-90.28512, 38.664155], [-90.285204, 38.664007], [-90.285254, 38.663795], [-90.285303, 38.663481], [-90.285387, 38.662938], [-90.285419, 38.662729], [-90.285471, 38.662405], [-90.285522, 38.662104], [-90.285558, 38.661896], [-90.285592, 38.661695], [-90.285642, 38.661401], [-90.285691, 38.661092], [-90.285724, 38.660891], [-90.28633, 38.66095], [-90.287004, 38.661019], [-90.287067, 38.661026], [-90.288258, 38.661144], [-90.288592, 38.661176], [-90.289487, 38.661263], [-90.290744, 38.661392], [-90.290995, 38.661417], [-90.291267, 38.661446], [-90.291371, 38.661457], [-90.291748, 38.66149], [-90.292, 38.661512], [-90.292246, 38.661533], [-90.292521, 38.661558], [-90.292985, 38.661609], [-90.293231, 38.661637], [-90.293415, 38.661657], [-90.293442, 38.66166], [-90.293969, 38.661703], [-90.294018, 38.661708], [-90.29412, 38.661725], [-90.29415, 38.661739], [-90.294312, 38.661735], [-90.2948, 38.661723], [-90.294963, 38.66172], [-90.295079, 38.661712], [-90.295427, 38.661687], [-90.295544, 38.66168], [-90.29573, 38.661707], [-90.295778, 38.661738], [-90.295882, 38.661806], [-90.295968, 38.66185], [-90.296068, 38.661879], [-90.296481, 38.661912], [-90.296727, 38.661932], [-90.296791, 38.661949], [-90.296065, 38.662863]]]}}, {"id": "16", "type": "Feature", "properties": {"geoid": "29510104200", "name": "Census Tract 1042; St. Louis city; Missouri", "total_population": 2999, "total_population_moe": 392, "race_total": 2999, "race_total_moe": 392, "race_white_non_hispanic": 2421, "race_white_non_hispanic_moe": 337, "race_black_non_hispanic": 181, "race_black_non_hispanic_moe": 162, "poverty_universe": 2947, "poverty_universe_moe": 392, "poverty_below": 165, "poverty_below_moe": 108, "male_5_9": 16, "male_5_9_moe": 19, "male_10_14": 6, "male_10_14_moe": 12, "male_15_17": 8, "male_15_17_moe": 16, "female_5_9": 7, "female_5_9_moe": 12, "female_10_14": 36, "female_10_14_moe": 36, "female_15_17": 0, "female_15_17_moe": 12, "male_white_non_hispanic_5_9": 16, "male_white_non_hispanic_5_9_moe": 19, "male_white_non_hispanic_10_14": 6, "male_white_non_hispanic_10_14_moe": 12, "male_white_non_hispanic_15_17": 8, "male_white_non_hispanic_15_17_moe": 16, "female_white_non_hispanic_5_9": 7, "female_white_non_hispanic_5_9_moe": 12, "female_white_non_hispanic_10_14": 36, "female_white_non_hispanic_10_14_moe": 36, "female_white_non_hispanic_15_17": 0, "female_white_non_hispanic_15_17_moe": 12, "male_black_alone_5_9": 0, "male_black_alone_5_9_moe": 12, "male_black_alone_10_14": 0, "male_black_alone_10_14_moe": 12, "male_black_alone_15_17": 0, "male_black_alone_15_17_moe": 12, "female_black_alone_5_9": 0, "female_black_alone_5_9_moe": 12, "female_black_alone_10_14": 0, "female_black_alone_10_14_moe": 12, "female_black_alone_15_17": 0, "female_black_alone_15_17_moe": 12, "male_public_school_5_9": 9, "state": "29", "county": "510", "tract": "104200", "male_public_school_5_9_moe": 14, "male_public_school_10_14": 6, "male_public_school_10_14_moe": 12, "male_public_school_15_17": 8, "male_public_school_15_17_moe": 16, "male_private_school_5_9": 7, "male_private_school_5_9_moe": 11, "male_private_school_10_14": 0, "male_private_school_10_14_moe": 12, "male_private_school_15_17": 0, "male_private_school_15_17_moe": 12, "female_public_school_5_9": 7, "female_public_school_5_9_moe": 12, "female_public_school_10_14": 16, "female_public_school_10_14_moe": 19, "female_public_school_15_17": 0, "female_public_school_15_17_moe": 12, "female_private_school_5_9": 0, "female_private_school_5_9_moe": 12, "female_private_school_10_14": 20, "female_private_school_10_14_moe": 24, "female_private_school_15_17": 0, "female_private_school_15_17_moe": 12, "median_household_income": 73141, "median_household_income_moe": 7531, "acs_median_owner_occupied_home_value": 213100, "acs_median_owner_occupied_home_value_moe": 19281, "race_other": 397, "race_white_share": 0.8072690896965655, "race_black_share": 0.06035345115038346, "race_other_share": 0.13237745915305102, "poverty_rate": 0.055989141499830336, "school_age_5_17": 73, "school_age_white_non_hispanic_5_17": 73, "school_age_black_alone_5_17": 0, "school_age_other_or_unclassified_5_17": 0, "school_age_white_non_hispanic_5_17_moe": 48.425200051213004, "school_age_black_alone_5_17_moe": 29.393876913398138, "school_age_white_non_hispanic_5_17_share": 1.0, "school_age_black_alone_5_17_share": 0.0, "school_age_other_or_unclassified_5_17_share": 0.0, "school_age_5_17_per_capita": 0.024341447149049684, "public_school_enrolled_5_17": 46, "private_school_enrolled_5_17": 27, "public_school_enrolled_5_17_moe": 35.2845575287547, "private_school_enrolled_5_17_moe": 35.679125549822544, "public_school_enrolled_5_17_per_school_age": 0.6301369863013698, "private_school_enrolled_5_17_per_school_age": 0.3698630136986301, "source_area_sq_m": 1127969.0855825224, "city_area_sq_m": 1123784.2542742586, "city_area_share": 0.9962899414870908, "tornado_damage_intersects": false, "tornado_max_efscale": "<NA>", "tornado_damage_area_sq_m": 0.0, "tornado_damage_area_share": 0.0, "tornado_damage_point_count": 1, "tornado_ef2_plus_point_count": 0, "tornado_distance_to_path_m": 963.9247147529038}, "geometry": {"type": "Polygon", "coordinates": [[[-90.3083, 38.631247], [-90.308193, 38.631515], [-90.307977, 38.632059], [-90.307933, 38.632167], [-90.307813, 38.632468], [-90.307139, 38.632976], [-90.306447, 38.633495], [-90.3064467054496, 38.633496636392465], [-90.3062630815462, 38.6335527355366], [-90.30626095947126, 38.633574360178294], [-90.30596, 38.633547], [-90.30571, 38.633524], [-90.305639, 38.633297], [-90.304791, 38.632778], [-90.304732, 38.632745], [-90.304533, 38.632634], [-90.304222, 38.632615], [-90.304011, 38.632594], [-90.303188, 38.632512], [-90.302514, 38.632452], [-90.301652, 38.632372], [-90.301382, 38.632344], [-90.301227, 38.632329], [-90.300575, 38.632263], [-90.300306, 38.632237], [-90.299772, 38.63218], [-90.299054, 38.632105], [-90.298172, 38.632021], [-90.297639, 38.631971], [-90.297406, 38.631948], [-90.29671, 38.63188], [-90.296478, 38.631858], [-90.29539, 38.63175], [-90.29433, 38.631651], [-90.294213, 38.631639], [-90.293865, 38.631606], [-90.293749, 38.631595], [-90.293653, 38.631585], [-90.293365, 38.631558], [-90.293269, 38.631549], [-90.293094, 38.63153], [-90.29257, 38.631476], [-90.292396, 38.631458], [-90.292646, 38.629991], [-90.29288, 38.628584], [-90.292891, 38.628517], [-90.292968, 38.628052], [-90.292996, 38.627882], [-90.293002, 38.627848], [-90.293083, 38.627372], [-90.293112, 38.627203], [-90.29315, 38.626975], [-90.293199, 38.626695], [-90.293267, 38.626293], [-90.293306, 38.626066], [-90.293328, 38.625932], [-90.293395, 38.625533], [-90.293418, 38.6254], [-90.293434, 38.625304], [-90.293484, 38.625015], [-90.293501, 38.62492], [-90.293517, 38.624839], [-90.293564, 38.624597], [-90.293581, 38.624517], [-90.293616, 38.624339], [-90.293722, 38.623804], [-90.293758, 38.623627], [-90.293794, 38.623442], [-90.293904, 38.622889], [-90.293942, 38.622705], [-90.294, 38.622413], [-90.294017, 38.622331], [-90.294123, 38.621795], [-90.294159, 38.621586], [-90.294169, 38.621536], [-90.294222, 38.621243], [-90.294247, 38.621177], [-90.294322, 38.620979], [-90.294348, 38.620914], [-90.294488, 38.62085], [-90.294858, 38.620683], [-90.294909, 38.620657], [-90.295048, 38.620589], [-90.295094, 38.620653], [-90.295235, 38.620846], [-90.295282, 38.620911], [-90.295515, 38.621386], [-90.295576, 38.621509], [-90.295621, 38.621577], [-90.295722, 38.62173], [-90.295946, 38.621952], [-90.296053, 38.622034], [-90.296513, 38.622457], [-90.296581, 38.622547], [-90.296804, 38.62284], [-90.296894, 38.622975], [-90.297028, 38.623175], [-90.29742, 38.623758], [-90.297434, 38.623776], [-90.297529, 38.623898], [-90.297596, 38.623955], [-90.297639, 38.623993], [-90.297746, 38.624043], [-90.298187, 38.624248], [-90.298226, 38.624265], [-90.298387, 38.624337], [-90.298651, 38.624454], [-90.2988, 38.624521], [-90.299273, 38.624698], [-90.299464, 38.624755], [-90.299684, 38.624822], [-90.299742, 38.624836], [-90.299999, 38.624897], [-90.30001, 38.6249], [-90.300237, 38.624936], [-90.300646, 38.625001], [-90.300784, 38.625018], [-90.300801, 38.625021], [-90.300903, 38.625014], [-90.301047, 38.62499], [-90.301074, 38.625072], [-90.301101, 38.625151], [-90.301247, 38.625571], [-90.301256, 38.625639], [-90.301281, 38.625809], [-90.301267, 38.625884], [-90.301244, 38.626013], [-90.301232, 38.62611], [-90.301224, 38.626186], [-90.301387, 38.626202], [-90.301475, 38.626212], [-90.301804, 38.626249], [-90.301879, 38.626257], [-90.302043, 38.626275], [-90.302254, 38.626298], [-90.302346, 38.626309], [-90.302889, 38.626359], [-90.303101, 38.626379], [-90.303231, 38.626391], [-90.303623, 38.62643], [-90.303754, 38.626443], [-90.303991, 38.626467], [-90.304704, 38.626541], [-90.304942, 38.626566], [-90.305075, 38.62658], [-90.30544, 38.626622], [-90.305474, 38.626624], [-90.305608, 38.626634], [-90.305923, 38.626657], [-90.306519, 38.626702], [-90.306756, 38.62672], [-90.306869, 38.626729], [-90.307185, 38.626757], [-90.307572, 38.62679], [-90.30782, 38.626812], [-90.308734, 38.626904], [-90.30901, 38.626932], [-90.30907523224624, 38.626938989182705], [-90.3090640928856, 38.627027700801605], [-90.308992090127, 38.627725707005496], [-90.3088800910336, 38.62868171001469], [-90.3088580689579, 38.6288677099933], [-90.3088500835987, 38.629040717711604], [-90.30871706839132, 38.6299337217955], [-90.30841210822892, 38.63096531261484], [-90.3083, 38.631247]]]}}, {"id": "17", "type": "Feature", "properties": {"geoid": "29510103600", "name": "Census Tract 1036; St. Louis city; Missouri", "total_population": 1273, "total_population_moe": 320, "race_total": 1273, "race_total_moe": 320, "race_white_non_hispanic": 1157, "race_white_non_hispanic_moe": 321, "race_black_non_hispanic": 10, "race_black_non_hispanic_moe": 18, "poverty_universe": 1261, "poverty_universe_moe": 319, "poverty_below": 67, "poverty_below_moe": 41, "male_5_9": 37, "male_5_9_moe": 32, "male_10_14": 14, "male_10_14_moe": 16, "male_15_17": 8, "male_15_17_moe": 13, "female_5_9": 82, "female_5_9_moe": 56, "female_10_14": 0, "female_10_14_moe": 12, "female_15_17": 0, "female_15_17_moe": 12, "male_white_non_hispanic_5_9": 35, "male_white_non_hispanic_5_9_moe": 31, "male_white_non_hispanic_10_14": 14, "male_white_non_hispanic_10_14_moe": 16, "male_white_non_hispanic_15_17": 8, "male_white_non_hispanic_15_17_moe": 13, "female_white_non_hispanic_5_9": 70, "female_white_non_hispanic_5_9_moe": 55, "female_white_non_hispanic_10_14": 0, "female_white_non_hispanic_10_14_moe": 12, "female_white_non_hispanic_15_17": 0, "female_white_non_hispanic_15_17_moe": 12, "male_black_alone_5_9": 0, "male_black_alone_5_9_moe": 12, "male_black_alone_10_14": 0, "male_black_alone_10_14_moe": 12, "male_black_alone_15_17": 0, "male_black_alone_15_17_moe": 12, "female_black_alone_5_9": 0, "female_black_alone_5_9_moe": 12, "female_black_alone_10_14": 0, "female_black_alone_10_14_moe": 12, "female_black_alone_15_17": 0, "female_black_alone_15_17_moe": 12, "male_public_school_5_9": 37, "state": "29", "county": "510", "tract": "103600", "male_public_school_5_9_moe": 32, "male_public_school_10_14": 14, "male_public_school_10_14_moe": 16, "male_public_school_15_17": 8, "male_public_school_15_17_moe": 13, "male_private_school_5_9": 0, "male_private_school_5_9_moe": 12, "male_private_school_10_14": 0, "male_private_school_10_14_moe": 12, "male_private_school_15_17": 0, "male_private_school_15_17_moe": 12, "female_public_school_5_9": 82, "female_public_school_5_9_moe": 56, "female_public_school_10_14": 0, "female_public_school_10_14_moe": 12, "female_public_school_15_17": 0, "female_public_school_15_17_moe": 12, "female_private_school_5_9": 0, "female_private_school_5_9_moe": 12, "female_private_school_10_14": 0, "female_private_school_10_14_moe": 12, "female_private_school_15_17": 0, "female_private_school_15_17_moe": 12, "median_household_income": 95625, "median_household_income_moe": 37456, "acs_median_owner_occupied_home_value": 224600, "acs_median_owner_occupied_home_value_moe": 31848, "race_other": 106, "race_white_share": 0.9088766692851532, "race_black_share": 0.007855459544383346, "race_other_share": 0.08326787117046347, "poverty_rate": 0.05313243457573354, "school_age_5_17": 141, "school_age_white_non_hispanic_5_17": 127, "school_age_black_alone_5_17": 0, "school_age_other_or_unclassified_5_17": 14, "school_age_white_non_hispanic_5_17_moe": 68.54925236645546, "school_age_black_alone_5_17_moe": 29.393876913398138, "school_age_white_non_hispanic_5_17_share": 0.900709219858156, "school_age_black_alone_5_17_share": 0.0, "school_age_other_or_unclassified_5_17_share": 0.09929078014184398, "school_age_5_17_per_capita": 0.11076197957580518, "public_school_enrolled_5_17": 141, "private_school_enrolled_5_17": 0, "public_school_enrolled_5_17_moe": 69.80687645210892, "private_school_enrolled_5_17_moe": 29.393876913398138, "public_school_enrolled_5_17_per_school_age": 1.0, "private_school_enrolled_5_17_per_school_age": 0.0, "source_area_sq_m": 1373212.0081926154, "city_area_sq_m": 1373212.0081926147, "city_area_share": 0.9999999999999994, "tornado_damage_intersects": false, "tornado_max_efscale": "<NA>", "tornado_damage_area_sq_m": 0.0, "tornado_damage_area_share": 0.0, "tornado_damage_point_count": 0, "tornado_ef2_plus_point_count": 0, "tornado_distance_to_path_m": 2516.575228441565}, "geometry": {"type": "Polygon", "coordinates": [[[-90.300595, 38.614681], [-90.294515, 38.618514], [-90.293458, 38.619179], [-90.292259, 38.619821], [-90.290495, 38.620588], [-90.290375, 38.620629], [-90.290223, 38.621409], [-90.290192, 38.62157], [-90.29018, 38.621631], [-90.290171, 38.621677], [-90.290167, 38.621697], [-90.290143, 38.621821], [-90.290128, 38.621896], [-90.290116, 38.621963], [-90.28971, 38.622014], [-90.288496, 38.622167], [-90.288091, 38.622219], [-90.286509, 38.622403], [-90.28636, 38.622421], [-90.282289, 38.622899], [-90.281764, 38.622962], [-90.280184, 38.623154], [-90.280194, 38.62306], [-90.280209, 38.622983], [-90.280315, 38.622475], [-90.280318, 38.622464], [-90.280351, 38.622306], [-90.280361, 38.622248], [-90.280393, 38.622082], [-90.280405, 38.622019], [-90.28042, 38.621939], [-90.280455, 38.621754], [-90.28051, 38.62147], [-90.280694, 38.620536], [-90.280792, 38.620063], [-90.280841, 38.619826], [-90.280872, 38.619682], [-90.280924, 38.619431], [-90.280946, 38.619278], [-90.281055, 38.619102], [-90.281051, 38.61908], [-90.28102, 38.618712], [-90.280922, 38.61764], [-90.280907, 38.617498], [-90.280864, 38.617074], [-90.28086, 38.617034], [-90.280849, 38.616933], [-90.281255, 38.616974], [-90.281596, 38.617009], [-90.282471, 38.61711], [-90.282561, 38.617121], [-90.282877, 38.617158], [-90.282912, 38.616979], [-90.283017, 38.616441], [-90.283053, 38.616263], [-90.283113, 38.615953], [-90.283142, 38.615809], [-90.283286, 38.615021], [-90.283343, 38.614711], [-90.283358, 38.614628], [-90.283404, 38.614379], [-90.28342, 38.614297], [-90.283447, 38.614152], [-90.283488, 38.613933], [-90.283528, 38.613718], [-90.283555, 38.613574], [-90.283586, 38.613402], [-90.283632, 38.613148], [-90.283679, 38.612887], [-90.28371, 38.612716], [-90.283723, 38.61264], [-90.283764, 38.612415], [-90.283778, 38.61234], [-90.283786, 38.612296], [-90.28379, 38.612274], [-90.283869, 38.611835], [-90.283942, 38.611842], [-90.284012, 38.611848], [-90.284442, 38.611891], [-90.284586, 38.611906], [-90.284915, 38.611938], [-90.285412, 38.611988], [-90.285903, 38.612035], [-90.286233, 38.612068], [-90.286504, 38.612094], [-90.287224, 38.612163], [-90.287319, 38.61217], [-90.287592, 38.612193], [-90.287647, 38.612197], [-90.287814, 38.61221], [-90.28787, 38.612215], [-90.288141, 38.612237], [-90.288723, 38.612285], [-90.288954, 38.612309], [-90.289225, 38.612339], [-90.289957, 38.612417], [-90.290419, 38.612472], [-90.290775, 38.612514], [-90.291615, 38.612569], [-90.292393, 38.612646], [-90.292862, 38.612706], [-90.292947, 38.612717], [-90.294927, 38.612912], [-90.295269, 38.612926], [-90.295402, 38.612903], [-90.295515, 38.612855], [-90.295831, 38.612709], [-90.295957, 38.61266], [-90.296144, 38.612625], [-90.296325, 38.612606], [-90.296748, 38.612562], [-90.297367, 38.612498], [-90.298017, 38.612406], [-90.298439, 38.612347], [-90.298703, 38.612335], [-90.298892, 38.612336], [-90.299165, 38.612339], [-90.299553, 38.612361], [-90.299799, 38.612399], [-90.300056, 38.612486], [-90.30022, 38.612557], [-90.300292, 38.612588], [-90.300492, 38.612719], [-90.30084, 38.612966], [-90.300867, 38.612983], [-90.300942, 38.613042], [-90.301146, 38.613201], [-90.30116, 38.61321], [-90.301206, 38.613235], [-90.301233, 38.613251], [-90.301303, 38.613292], [-90.301401, 38.61335], [-90.301432, 38.613368], [-90.301536, 38.61343], [-90.301699, 38.613491], [-90.30174, 38.613506], [-90.3019, 38.613523], [-90.301983, 38.613531], [-90.302329, 38.613515], [-90.300595, 38.614681]]]}}, {"id": "18", "type": "Feature", "properties": {"geoid": "29510105198", "name": "Census Tract 1051.98; St. Louis city; Missouri", "total_population": 3739, "total_population_moe": 561, "race_total": 3739, "race_total_moe": 561, "race_white_non_hispanic": 2247, "race_white_non_hispanic_moe": 528, "race_black_non_hispanic": 646, "race_black_non_hispanic_moe": 220, "poverty_universe": 3122, "poverty_universe_moe": 542, "poverty_below": 590, "poverty_below_moe": 164, "male_5_9": 10, "male_5_9_moe": 15, "male_10_14": 150, "male_10_14_moe": 129, "male_15_17": 84, "male_15_17_moe": 57, "female_5_9": 26, "female_5_9_moe": 35, "female_10_14": 61, "female_10_14_moe": 57, "female_15_17": 80, "female_15_17_moe": 61, "male_white_non_hispanic_5_9": 10, "male_white_non_hispanic_5_9_moe": 15, "male_white_non_hispanic_10_14": 118, "male_white_non_hispanic_10_14_moe": 128, "male_white_non_hispanic_15_17": 20, "male_white_non_hispanic_15_17_moe": 31, "female_white_non_hispanic_5_9": 0, "female_white_non_hispanic_5_9_moe": 12, "female_white_non_hispanic_10_14": 20, "female_white_non_hispanic_10_14_moe": 22, "female_white_non_hispanic_15_17": 41, "female_white_non_hispanic_15_17_moe": 56, "male_black_alone_5_9": 0, "male_black_alone_5_9_moe": 12, "male_black_alone_10_14": 25, "male_black_alone_10_14_moe": 33, "male_black_alone_15_17": 0, "male_black_alone_15_17_moe": 12, "female_black_alone_5_9": 26, "female_black_alone_5_9_moe": 35, "female_black_alone_10_14": 25, "female_black_alone_10_14_moe": 40, "female_black_alone_15_17": 7, "female_black_alone_15_17_moe": 14, "male_public_school_5_9": 0, "state": "29", "county": "510", "tract": "105198", "male_public_school_5_9_moe": 12, "male_public_school_10_14": 43, "male_public_school_10_14_moe": 33, "male_public_school_15_17": 0, "male_public_school_15_17_moe": 12, "male_private_school_5_9": 10, "male_private_school_5_9_moe": 15, "male_private_school_10_14": 107, "male_private_school_10_14_moe": 126, "male_private_school_15_17": 84, "male_private_school_15_17_moe": 57, "female_public_school_5_9": 26, "female_public_school_5_9_moe": 35, "female_public_school_10_14": 30, "female_public_school_10_14_moe": 42, "female_public_school_15_17": 48, "female_public_school_15_17_moe": 58, "female_private_school_5_9": 0, "female_private_school_5_9_moe": 12, "female_private_school_10_14": 31, "female_private_school_10_14_moe": 38, "female_private_school_15_17": 32, "female_private_school_15_17_moe": 28, "median_household_income": 78715, "median_household_income_moe": 10381, "acs_median_owner_occupied_home_value": 395800, "acs_median_owner_occupied_home_value_moe": 56799, "race_other": 846, "race_white_share": 0.600962824284568, "race_black_share": 0.17277346884193634, "race_other_share": 0.2262637068734956, "poverty_rate": 0.18898142216527866, "school_age_5_17": 411, "school_age_white_non_hispanic_5_17": 209, "school_age_black_alone_5_17": 83, "school_age_other_or_unclassified_5_17": 119, "school_age_white_non_hispanic_5_17_moe": 146.061630827538, "school_age_black_alone_5_17_moe": 66.31741852635702, "school_age_white_non_hispanic_5_17_share": 0.5085158150851582, "school_age_black_alone_5_17_share": 0.20194647201946472, "school_age_other_or_unclassified_5_17_share": 0.2895377128953771, "school_age_5_17_per_capita": 0.10992243915485424, "public_school_enrolled_5_17": 147, "private_school_enrolled_5_17": 264, "public_school_enrolled_5_17_moe": 87.92041856133307, "private_school_enrolled_5_17_moe": 147.38385257551113, "public_school_enrolled_5_17_per_school_age": 0.35766423357664234, "private_school_enrolled_5_17_per_school_age": 0.6423357664233577, "source_area_sq_m": 1171606.129530026, "city_area_sq_m": 1144235.455280952, "city_area_share": 0.9766383312964968, "tornado_damage_intersects": true, "tornado_max_efscale": "1", "tornado_damage_area_sq_m": 692187.0751453617, "tornado_damage_area_share": 0.6049341260582711, "tornado_damage_point_count": 52, "tornado_ef2_plus_point_count": 0, "tornado_distance_to_path_m": 0.0}, "geometry": {"type": "Polygon", "coordinates": [[[-90.303619, 38.644894], [-90.30361752001541, 38.64490249045204], [-90.3027290782203, 38.647616749094304], [-90.3026230715943, 38.6495627645265], [-90.30274889835358, 38.650110220118705], [-90.302747, 38.650119], [-90.302576, 38.651144], [-90.30245487254388, 38.65186880510794], [-90.302414693828, 38.65203527186489], [-90.30242146729408, 38.6520686930993], [-90.302391, 38.652251], [-90.302174, 38.653547], [-90.302161, 38.653625], [-90.301965, 38.654797], [-90.301946, 38.654913], [-90.30192, 38.655066], [-90.301828, 38.655642], [-90.301694, 38.655793], [-90.301417, 38.656101], [-90.301096, 38.656508], [-90.300754, 38.656944], [-90.299482, 38.658547], [-90.299447, 38.658599], [-90.29877, 38.659443], [-90.298031, 38.660386], [-90.297942, 38.660495], [-90.297824, 38.660645], [-90.297646, 38.660878], [-90.297511, 38.661042], [-90.297423, 38.661152], [-90.297037, 38.661637], [-90.297023, 38.661543], [-90.296949, 38.661158], [-90.296924, 38.66103], [-90.296905, 38.660933], [-90.296849, 38.660643], [-90.296831, 38.660547], [-90.296781, 38.660341], [-90.296754, 38.66023], [-90.296656, 38.659895], [-90.296591, 38.659736], [-90.296526, 38.659573], [-90.29651, 38.659541], [-90.294141, 38.654885], [-90.294589, 38.654926], [-90.294341, 38.654427], [-90.294247, 38.654252], [-90.294111, 38.653997], [-90.294016, 38.65382], [-90.293889, 38.653582], [-90.293859, 38.653489], [-90.293839, 38.653359], [-90.293854, 38.653258], [-90.293886, 38.65306], [-90.293914, 38.652878], [-90.293959, 38.652598], [-90.294001, 38.652334], [-90.29403, 38.652153], [-90.294056, 38.651967], [-90.294097, 38.651683], [-90.294148, 38.651412], [-90.294183, 38.651228], [-90.294213, 38.651044], [-90.294258, 38.650778], [-90.294304, 38.650492], [-90.294334, 38.650308], [-90.294365, 38.650117], [-90.294419, 38.649798], [-90.29446, 38.649546], [-90.294492, 38.649356], [-90.294508, 38.649251], [-90.294559, 38.648939], [-90.294561, 38.648927], [-90.294576, 38.648835], [-90.294595, 38.648717], [-90.294617, 38.64858], [-90.294874, 38.646986], [-90.296017, 38.647101], [-90.297347, 38.647235], [-90.299352, 38.647427], [-90.299447, 38.647437], [-90.30059, 38.647557], [-90.300979, 38.647599], [-90.301004, 38.647445], [-90.301022, 38.647334], [-90.301048, 38.647172], [-90.301062, 38.64706], [-90.301151, 38.646405], [-90.301179, 38.646241], [-90.301227, 38.645969], [-90.301283, 38.645649], [-90.301304, 38.645532], [-90.301406, 38.645104], [-90.301525, 38.644706], [-90.301567, 38.644567], [-90.301621, 38.644396], [-90.301781, 38.643916], [-90.301817, 38.643819], [-90.302162, 38.642902], [-90.302412, 38.642257], [-90.302462, 38.64211], [-90.30266, 38.641534], [-90.302722, 38.641332], [-90.302758, 38.641218], [-90.302885, 38.640739], [-90.302888, 38.64072], [-90.302931, 38.640514], [-90.302975, 38.640295], [-90.303109, 38.639638], [-90.303155, 38.63942], [-90.303195, 38.639208], [-90.303257, 38.638891], [-90.303316, 38.638573], [-90.303356, 38.638362], [-90.303392, 38.638152], [-90.30346, 38.63776], [-90.303485, 38.637521], [-90.303509, 38.63731], [-90.303533, 38.63709], [-90.303556, 38.63688], [-90.303618, 38.636432], [-90.303649, 38.636214], [-90.303676, 38.636039], [-90.303712, 38.635814], [-90.303763, 38.635516], [-90.30378, 38.635419], [-90.303797, 38.635343], [-90.304072, 38.634228], [-90.3043, 38.633392], [-90.304411, 38.632972], [-90.304449, 38.632824], [-90.304533, 38.632634], [-90.304732, 38.632745], [-90.304791, 38.632778], [-90.305639, 38.633297], [-90.30571, 38.633524], [-90.30596, 38.633547], [-90.30626095947126, 38.633574360178294], [-90.30616308458201, 38.634571718984795], [-90.305945059782, 38.63554272682351], [-90.3057580598013, 38.63643072169128], [-90.30562508499982, 38.6373157302501], [-90.3055550880952, 38.637747739522396], [-90.3053750746191, 38.6385857420338], [-90.3051790641264, 38.63962872765429], [-90.3050030563084, 38.6407167509511], [-90.3048160852724, 38.64173973286901], [-90.3036740610535, 38.64472974532049], [-90.3036228838128, 38.64488610292839], [-90.303619, 38.644894]]]}}, {"id": "19", "type": "Feature", "properties": {"geoid": "29510106500", "name": "Census Tract 1065; St. Louis city; Missouri", "total_population": 2264, "total_population_moe": 569, "race_total": 2264, "race_total_moe": 569, "race_white_non_hispanic": 221, "race_white_non_hispanic_moe": 96, "race_black_non_hispanic": 2040, "race_black_non_hispanic_moe": 606, "poverty_universe": 2003, "poverty_universe_moe": 568, "poverty_below": 383, "poverty_below_moe": 161, "male_5_9": 9, "male_5_9_moe": 16, "male_10_14": 70, "male_10_14_moe": 85, "male_15_17": 50, "male_15_17_moe": 74, "female_5_9": 20, "female_5_9_moe": 32, "female_10_14": 0, "female_10_14_moe": 12, "female_15_17": 51, "female_15_17_moe": 63, "male_white_non_hispanic_5_9": 0, "male_white_non_hispanic_5_9_moe": 12, "male_white_non_hispanic_10_14": 0, "male_white_non_hispanic_10_14_moe": 12, "male_white_non_hispanic_15_17": 0, "male_white_non_hispanic_15_17_moe": 12, "female_white_non_hispanic_5_9": 0, "female_white_non_hispanic_5_9_moe": 12, "female_white_non_hispanic_10_14": 0, "female_white_non_hispanic_10_14_moe": 12, "female_white_non_hispanic_15_17": 0, "female_white_non_hispanic_15_17_moe": 12, "male_black_alone_5_9": 9, "male_black_alone_5_9_moe": 16, "male_black_alone_10_14": 70, "male_black_alone_10_14_moe": 85, "male_black_alone_15_17": 50, "male_black_alone_15_17_moe": 74, "female_black_alone_5_9": 20, "female_black_alone_5_9_moe": 32, "female_black_alone_10_14": 0, "female_black_alone_10_14_moe": 12, "female_black_alone_15_17": 51, "female_black_alone_15_17_moe": 63, "male_public_school_5_9": 9, "state": "29", "county": "510", "tract": "106500", "male_public_school_5_9_moe": 16, "male_public_school_10_14": 70, "male_public_school_10_14_moe": 85, "male_public_school_15_17": 0, "male_public_school_15_17_moe": 12, "male_private_school_5_9": 0, "male_private_school_5_9_moe": 12, "male_private_school_10_14": 0, "male_private_school_10_14_moe": 12, "male_private_school_15_17": 0, "male_private_school_15_17_moe": 12, "female_public_school_5_9": 20, "female_public_school_5_9_moe": 32, "female_public_school_10_14": 0, "female_public_school_10_14_moe": 12, "female_public_school_15_17": 51, "female_public_school_15_17_moe": 63, "female_private_school_5_9": 0, "female_private_school_5_9_moe": 12, "female_private_school_10_14": 0, "female_private_school_10_14_moe": 12, "female_private_school_15_17": 0, "female_private_school_15_17_moe": 12, "median_household_income": 39821, "median_household_income_moe": 17165, "acs_median_owner_occupied_home_value": -666666666, "acs_median_owner_occupied_home_value_moe": -222222222, "race_other": 3, "race_white_share": 0.09761484098939929, "race_black_share": 0.901060070671378, "race_other_share": 0.001325088339222615, "poverty_rate": 0.19121318022965553, "school_age_5_17": 200, "school_age_white_non_hispanic_5_17": 0, "school_age_black_alone_5_17": 200, "school_age_other_or_unclassified_5_17": 0, "school_age_white_non_hispanic_5_17_moe": 29.393876913398138, "school_age_black_alone_5_17_moe": 134.51393979807446, "school_age_white_non_hispanic_5_17_share": 0.0, "school_age_black_alone_5_17_share": 1.0, "school_age_other_or_unclassified_5_17_share": 0.0, "school_age_5_17_per_capita": 0.08833922261484099, "public_school_enrolled_5_17": 150, "private_school_enrolled_5_17": 0, "public_school_enrolled_5_17_moe": 112.96902230257638, "private_school_enrolled_5_17_moe": 29.393876913398138, "public_school_enrolled_5_17_per_school_age": 0.75, "private_school_enrolled_5_17_per_school_age": 0.0, "source_area_sq_m": 1064800.2789681843, "city_area_sq_m": 1064800.2789681843, "city_area_share": 1.0, "tornado_damage_intersects": true, "tornado_max_efscale": "1", "tornado_damage_area_sq_m": 154986.36622780425, "tornado_damage_area_share": 0.14555440047212626, "tornado_damage_point_count": 1, "tornado_ef2_plus_point_count": 0, "tornado_distance_to_path_m": 760.490697696586}, "geometry": {"type": "Polygon", "coordinates": [[[-90.275056, 38.670831], [-90.274408, 38.671738], [-90.274267, 38.671928], [-90.274051, 38.672223], [-90.273846, 38.672498], [-90.273706, 38.672688], [-90.273569, 38.672882], [-90.273159, 38.673463], [-90.273023, 38.673658], [-90.272774, 38.673549], [-90.272472, 38.673418], [-90.272029, 38.673221], [-90.271781, 38.673111], [-90.271499, 38.672985], [-90.271092, 38.672804], [-90.270652, 38.672611], [-90.27037, 38.672488], [-90.270113, 38.672376], [-90.269737, 38.672213], [-90.269343, 38.672039], [-90.269087, 38.671927], [-90.268831, 38.671814], [-90.268448, 38.671645], [-90.268066, 38.671476], [-90.267812, 38.671363], [-90.267624, 38.671628], [-90.267473, 38.671843], [-90.267052, 38.672417], [-90.26686, 38.672679], [-90.266696, 38.6729], [-90.266395, 38.673309], [-90.266216, 38.67357], [-90.266062, 38.673798], [-90.265356, 38.673504], [-90.264732, 38.673244], [-90.264715, 38.673236], [-90.264666, 38.673215], [-90.263376, 38.672655], [-90.262983, 38.672485], [-90.262813, 38.672497], [-90.262411, 38.67234], [-90.261714, 38.672024], [-90.260268, 38.671389], [-90.258946, 38.670801], [-90.258648, 38.670669], [-90.258408, 38.670564], [-90.258202, 38.670474], [-90.257689, 38.670251], [-90.257096, 38.669979], [-90.256871, 38.669877], [-90.256649, 38.669776], [-90.256542, 38.669726], [-90.256426, 38.669684], [-90.256554, 38.669521], [-90.256744, 38.669282], [-90.256935, 38.669032], [-90.257062, 38.668868], [-90.257192, 38.668698], [-90.257373, 38.668462], [-90.25758, 38.668186], [-90.25771, 38.668016], [-90.258198, 38.667374], [-90.258354, 38.667176], [-90.258656, 38.666778], [-90.259004, 38.666342], [-90.259051, 38.666286], [-90.259303, 38.66594], [-90.259614, 38.665487], [-90.259652, 38.665432], [-90.259683, 38.665401], [-90.259884, 38.665115], [-90.26022, 38.664684], [-90.260746, 38.664012], [-90.261352, 38.66325], [-90.261546, 38.663062], [-90.261598, 38.66308], [-90.262178, 38.663283], [-90.264248, 38.664028], [-90.264867, 38.664268], [-90.265265, 38.66445], [-90.265671, 38.664651], [-90.265852, 38.66474], [-90.26771, 38.665759], [-90.267871, 38.665846], [-90.270597, 38.667335], [-90.270652, 38.667365], [-90.270686, 38.667382], [-90.271481, 38.667807], [-90.271898, 38.668035], [-90.271991, 38.668085], [-90.27227, 38.668238], [-90.272364, 38.668289], [-90.272514, 38.668369], [-90.272965, 38.668612], [-90.273116, 38.668693], [-90.274126, 38.669234], [-90.274143, 38.669251], [-90.274444, 38.669413], [-90.275626, 38.670051], [-90.275168, 38.670674], [-90.275056, 38.670831]]]}}, {"id": "20", "type": "Feature", "properties": {"geoid": "29510106600", "name": "Census Tract 1066; St. Louis city; Missouri", "total_population": 1149, "total_population_moe": 247, "race_total": 1149, "race_total_moe": 247, "race_white_non_hispanic": 58, "race_white_non_hispanic_moe": 35, "race_black_non_hispanic": 1064, "race_black_non_hispanic_moe": 252, "poverty_universe": 1061, "poverty_universe_moe": 270, "poverty_below": 445, "poverty_below_moe": 258, "male_5_9": 19, "male_5_9_moe": 37, "male_10_14": 52, "male_10_14_moe": 29, "male_15_17": 20, "male_15_17_moe": 23, "female_5_9": 4, "female_5_9_moe": 16, "female_10_14": 72, "female_10_14_moe": 53, "female_15_17": 41, "female_15_17_moe": 48, "male_white_non_hispanic_5_9": 0, "male_white_non_hispanic_5_9_moe": 12, "male_white_non_hispanic_10_14": 6, "male_white_non_hispanic_10_14_moe": 10, "male_white_non_hispanic_15_17": 4, "male_white_non_hispanic_15_17_moe": 5, "female_white_non_hispanic_5_9": 0, "female_white_non_hispanic_5_9_moe": 12, "female_white_non_hispanic_10_14": 4, "female_white_non_hispanic_10_14_moe": 10, "female_white_non_hispanic_15_17": 1, "female_white_non_hispanic_15_17_moe": 4, "male_black_alone_5_9": 19, "male_black_alone_5_9_moe": 37, "male_black_alone_10_14": 46, "male_black_alone_10_14_moe": 25, "male_black_alone_15_17": 16, "male_black_alone_15_17_moe": 23, "female_black_alone_5_9": 4, "female_black_alone_5_9_moe": 16, "female_black_alone_10_14": 58, "female_black_alone_10_14_moe": 51, "female_black_alone_15_17": 40, "female_black_alone_15_17_moe": 48, "male_public_school_5_9": 14, "state": "29", "county": "510", "tract": "106600", "male_public_school_5_9_moe": 23, "male_public_school_10_14": 47, "male_public_school_10_14_moe": 25, "male_public_school_15_17": 6, "male_public_school_15_17_moe": 6, "male_private_school_5_9": 0, "male_private_school_5_9_moe": 12, "male_private_school_10_14": 5, "male_private_school_10_14_moe": 10, "male_private_school_15_17": 0, "male_private_school_15_17_moe": 12, "female_public_school_5_9": 4, "female_public_school_5_9_moe": 16, "female_public_school_10_14": 72, "female_public_school_10_14_moe": 53, "female_public_school_15_17": 41, "female_public_school_15_17_moe": 48, "female_private_school_5_9": 0, "female_private_school_5_9_moe": 12, "female_private_school_10_14": 0, "female_private_school_10_14_moe": 12, "female_private_school_15_17": 0, "female_private_school_15_17_moe": 12, "median_household_income": 38375, "median_household_income_moe": 26243, "acs_median_owner_occupied_home_value": 104700, "acs_median_owner_occupied_home_value_moe": 39445, "race_other": 27, "race_white_share": 0.050478677110530897, "race_black_share": 0.9260226283724978, "race_other_share": 0.02349869451697128, "poverty_rate": 0.4194156456173421, "school_age_5_17": 208, "school_age_white_non_hispanic_5_17": 15, "school_age_black_alone_5_17": 183, "school_age_other_or_unclassified_5_17": 10, "school_age_white_non_hispanic_5_17_moe": 23.0, "school_age_black_alone_5_17_moe": 87.65842800324451, "school_age_white_non_hispanic_5_17_share": 0.07211538461538461, "school_age_black_alone_5_17_share": 0.8798076923076923, "school_age_other_or_unclassified_5_17_share": 0.04807692307692308, "school_age_5_17_per_capita": 0.18102697998259357, "public_school_enrolled_5_17": 184, "private_school_enrolled_5_17": 5, "public_school_enrolled_5_17_moe": 80.98765338000602, "private_school_enrolled_5_17_moe": 28.635642126552707, "public_school_enrolled_5_17_per_school_age": 0.8846153846153846, "private_school_enrolled_5_17_per_school_age": 0.02403846153846154, "source_area_sq_m": 855348.4035296782, "city_area_sq_m": 855348.4035296782, "city_area_share": 1.0, "tornado_damage_intersects": true, "tornado_max_efscale": "3", "tornado_damage_area_sq_m": 844634.8625316799, "tornado_damage_area_share": 0.9874746466423836, "tornado_damage_point_count": 12, "tornado_ef2_plus_point_count": 1, "tornado_distance_to_path_m": 15.227963770213576}, "geometry": {"type": "Polygon", "coordinates": [[[-90.275206, 38.664413], [-90.275018, 38.664668], [-90.274454, 38.665433], [-90.274267, 38.665689], [-90.274076, 38.665947], [-90.273803, 38.666319], [-90.273513, 38.666731], [-90.273328, 38.666994], [-90.273141, 38.667258], [-90.272842, 38.667684], [-90.272564, 38.668035], [-90.272364, 38.668289], [-90.27227, 38.668238], [-90.271991, 38.668085], [-90.271898, 38.668035], [-90.271481, 38.667807], [-90.270686, 38.667382], [-90.270652, 38.667365], [-90.270597, 38.667335], [-90.267871, 38.665846], [-90.26771, 38.665759], [-90.265852, 38.66474], [-90.265671, 38.664651], [-90.265265, 38.66445], [-90.264867, 38.664268], [-90.264248, 38.664028], [-90.262178, 38.663283], [-90.261598, 38.66308], [-90.261546, 38.663062], [-90.261475, 38.663037], [-90.260127, 38.66257], [-90.258642, 38.662049], [-90.258589, 38.662031], [-90.257265, 38.661568], [-90.256, 38.661132], [-90.255861, 38.661089], [-90.255378, 38.660935], [-90.255167, 38.660869], [-90.254542, 38.660646], [-90.25408, 38.66044], [-90.253961, 38.660389], [-90.253496, 38.660189], [-90.253612, 38.660029], [-90.253811, 38.659756], [-90.25396, 38.65955], [-90.254028, 38.659459], [-90.254077, 38.659391], [-90.254126, 38.659323], [-90.254275, 38.65912], [-90.254325, 38.659053], [-90.25447, 38.658854], [-90.254673, 38.65858], [-90.254907, 38.65826], [-90.255053, 38.658062], [-90.256306, 38.658598], [-90.257001, 38.658903], [-90.257678, 38.659212], [-90.258402, 38.659532], [-90.258434, 38.659545], [-90.259129, 38.659605], [-90.259935, 38.659676], [-90.26063, 38.659738], [-90.260921, 38.659766], [-90.261797, 38.65985], [-90.262089, 38.659879], [-90.262815, 38.659952], [-90.264684, 38.660141], [-90.264993, 38.66017], [-90.26572, 38.660241], [-90.265856, 38.660254], [-90.265995, 38.660268], [-90.266264, 38.660298], [-90.2664, 38.660314], [-90.267223, 38.660408], [-90.268978, 38.660591], [-90.26926, 38.660617], [-90.27047, 38.660733], [-90.271992, 38.660901], [-90.272456, 38.661091], [-90.272486, 38.661111], [-90.273621, 38.661742], [-90.274374, 38.662141], [-90.275264, 38.662618], [-90.276154, 38.663094], [-90.275405, 38.664143], [-90.275206, 38.664413]]]}}, {"id": "21", "type": "Feature", "properties": {"geoid": "29510106300", "name": "Census Tract 1063; St. Louis city; Missouri", "total_population": 1285, "total_population_moe": 400, "race_total": 1285, "race_total_moe": 400, "race_white_non_hispanic": 2, "race_white_non_hispanic_moe": 2, "race_black_non_hispanic": 1246, "race_black_non_hispanic_moe": 392, "poverty_universe": 1285, "poverty_universe_moe": 400, "poverty_below": 269, "poverty_below_moe": 159, "male_5_9": 37, "male_5_9_moe": 59, "male_10_14": 47, "male_10_14_moe": 45, "male_15_17": 0, "male_15_17_moe": 12, "female_5_9": 20, "female_5_9_moe": 36, "female_10_14": 13, "female_10_14_moe": 19, "female_15_17": 33, "female_15_17_moe": 39, "male_white_non_hispanic_5_9": 0, "male_white_non_hispanic_5_9_moe": 12, "male_white_non_hispanic_10_14": 0, "male_white_non_hispanic_10_14_moe": 12, "male_white_non_hispanic_15_17": 0, "male_white_non_hispanic_15_17_moe": 12, "female_white_non_hispanic_5_9": 0, "female_white_non_hispanic_5_9_moe": 12, "female_white_non_hispanic_10_14": 0, "female_white_non_hispanic_10_14_moe": 12, "female_white_non_hispanic_15_17": 0, "female_white_non_hispanic_15_17_moe": 12, "male_black_alone_5_9": 37, "male_black_alone_5_9_moe": 59, "male_black_alone_10_14": 47, "male_black_alone_10_14_moe": 45, "male_black_alone_15_17": 0, "male_black_alone_15_17_moe": 12, "female_black_alone_5_9": 20, "female_black_alone_5_9_moe": 36, "female_black_alone_10_14": 13, "female_black_alone_10_14_moe": 19, "female_black_alone_15_17": 33, "female_black_alone_15_17_moe": 39, "male_public_school_5_9": 37, "state": "29", "county": "510", "tract": "106300", "male_public_school_5_9_moe": 59, "male_public_school_10_14": 47, "male_public_school_10_14_moe": 45, "male_public_school_15_17": 0, "male_public_school_15_17_moe": 12, "male_private_school_5_9": 0, "male_private_school_5_9_moe": 12, "male_private_school_10_14": 0, "male_private_school_10_14_moe": 12, "male_private_school_15_17": 0, "male_private_school_15_17_moe": 12, "female_public_school_5_9": 20, "female_public_school_5_9_moe": 36, "female_public_school_10_14": 13, "female_public_school_10_14_moe": 19, "female_public_school_15_17": 33, "female_public_school_15_17_moe": 39, "female_private_school_5_9": 0, "female_private_school_5_9_moe": 12, "female_private_school_10_14": 0, "female_private_school_10_14_moe": 12, "female_private_school_15_17": 0, "female_private_school_15_17_moe": 12, "median_household_income": 41742, "median_household_income_moe": 16235, "acs_median_owner_occupied_home_value": 73300, "acs_median_owner_occupied_home_value_moe": 36781, "race_other": 37, "race_white_share": 0.0015564202334630351, "race_black_share": 0.9696498054474708, "race_other_share": 0.028793774319066146, "poverty_rate": 0.20933852140077822, "school_age_5_17": 150, "school_age_white_non_hispanic_5_17": 0, "school_age_black_alone_5_17": 150, "school_age_other_or_unclassified_5_17": 0, "school_age_white_non_hispanic_5_17_moe": 29.393876913398138, "school_age_black_alone_5_17_moe": 93.95743717237076, "school_age_white_non_hispanic_5_17_share": 0.0, "school_age_black_alone_5_17_share": 1.0, "school_age_other_or_unclassified_5_17_share": 0.0, "school_age_5_17_per_capita": 0.11673151750972763, "public_school_enrolled_5_17": 150, "private_school_enrolled_5_17": 0, "public_school_enrolled_5_17_moe": 93.95743717237076, "private_school_enrolled_5_17_moe": 29.393876913398138, "public_school_enrolled_5_17_per_school_age": 1.0, "private_school_enrolled_5_17_per_school_age": 0.0, "source_area_sq_m": 1017712.865384235, "city_area_sq_m": 1017712.8653842356, "city_area_share": 1.0000000000000007, "tornado_damage_intersects": false, "tornado_max_efscale": "<NA>", "tornado_damage_area_sq_m": 0.0, "tornado_damage_area_share": 0.0, "tornado_damage_point_count": 0, "tornado_ef2_plus_point_count": 0, "tornado_distance_to_path_m": 1990.927338034681}, "geometry": {"type": "Polygon", "coordinates": [[[-90.279273, 38.672229], [-90.278949, 38.672704], [-90.278842, 38.672863], [-90.278754, 38.672991], [-90.278569, 38.673265], [-90.278496, 38.673372], [-90.278404, 38.673504], [-90.278301, 38.673659], [-90.278044, 38.674035], [-90.277828, 38.674342], [-90.277788, 38.674405], [-90.27774, 38.67448], [-90.277268, 38.675174], [-90.277078, 38.675453], [-90.276727, 38.675965], [-90.276698, 38.676006], [-90.276614, 38.67613], [-90.276586, 38.676172], [-90.276509, 38.676284], [-90.276468, 38.676344], [-90.276349, 38.676518], [-90.276278, 38.67662], [-90.276201, 38.676733], [-90.276183, 38.676759], [-90.276129, 38.676837], [-90.276112, 38.676864], [-90.27588, 38.677205], [-90.275667, 38.677514], [-90.275648, 38.677546], [-90.275402, 38.677907], [-90.275235, 38.678152], [-90.275132, 38.678304], [-90.275027, 38.678462], [-90.274853, 38.678728], [-90.274713, 38.678939], [-90.274609, 38.679099], [-90.274124, 38.679836], [-90.274109, 38.679856], [-90.274073, 38.679887], [-90.27365, 38.680529], [-90.273222, 38.681155], [-90.27294, 38.681567], [-90.272808, 38.681759], [-90.272713, 38.681896], [-90.272693, 38.681932], [-90.272659, 38.681992], [-90.27235, 38.682857], [-90.272165, 38.683315], [-90.271972, 38.683843], [-90.271968, 38.683853], [-90.271663, 38.684688], [-90.271478, 38.685317], [-90.271429, 38.685488], [-90.271273, 38.686035], [-90.270864, 38.685787], [-90.270853, 38.68578], [-90.269997, 38.685242], [-90.269661, 38.68501], [-90.269556, 38.684937], [-90.269273, 38.684733], [-90.269022, 38.684552], [-90.268317, 38.684073], [-90.267269, 38.683428], [-90.266956, 38.683227], [-90.266699, 38.683063], [-90.266387, 38.682875], [-90.266185, 38.682753], [-90.265911, 38.682602], [-90.265883, 38.682588], [-90.265602, 38.682448], [-90.265276, 38.682307], [-90.265174, 38.682263], [-90.264296, 38.681882], [-90.263765, 38.681652], [-90.263888, 38.681499], [-90.264018, 38.68134], [-90.264095, 38.681234], [-90.264243, 38.68103], [-90.264359, 38.680872], [-90.264465, 38.680726], [-90.264783, 38.680288], [-90.264889, 38.680142], [-90.265024, 38.679951], [-90.265432, 38.67938], [-90.265568, 38.67919], [-90.26559, 38.679157], [-90.26566, 38.67906], [-90.265683, 38.679028], [-90.26575, 38.678933], [-90.265954, 38.678651], [-90.266022, 38.678557], [-90.26613, 38.678406], [-90.2663, 38.678171], [-90.266454, 38.677953], [-90.266562, 38.677802], [-90.26667, 38.67765], [-90.266838, 38.677415], [-90.266993, 38.677195], [-90.267014, 38.677167], [-90.267101, 38.677044], [-90.267145, 38.676981], [-90.267281, 38.676793], [-90.267326, 38.676731], [-90.267401, 38.676626], [-90.267668, 38.676253], [-90.268537, 38.675042], [-90.268697, 38.67482], [-90.26904, 38.674343], [-90.269302, 38.673969], [-90.269426, 38.673795], [-90.270102, 38.672858], [-90.27037, 38.672488], [-90.270652, 38.672611], [-90.271092, 38.672804], [-90.271499, 38.672985], [-90.271781, 38.673111], [-90.272029, 38.673221], [-90.272472, 38.673418], [-90.272774, 38.673549], [-90.273023, 38.673658], [-90.273159, 38.673463], [-90.273569, 38.672882], [-90.273706, 38.672688], [-90.273846, 38.672498], [-90.274051, 38.672223], [-90.274267, 38.671928], [-90.274408, 38.671738], [-90.275056, 38.670831], [-90.275168, 38.670674], [-90.275626, 38.670051], [-90.275883, 38.670188], [-90.276229, 38.670376], [-90.277016, 38.670803], [-90.277269, 38.670939], [-90.277617, 38.671127], [-90.277761, 38.671204], [-90.278193, 38.671435], [-90.278337, 38.671513], [-90.278546, 38.671625], [-90.279175, 38.671961], [-90.279385, 38.672073], [-90.279281, 38.672219], [-90.279273, 38.672229]]]}}, {"id": "22", "type": "Feature", "properties": {"geoid": "29510107200", "name": "Census Tract 1072; St. Louis city; Missouri", "total_population": 596, "total_population_moe": 156, "race_total": 596, "race_total_moe": 156, "race_white_non_hispanic": 32, "race_white_non_hispanic_moe": 37, "race_black_non_hispanic": 507, "race_black_non_hispanic_moe": 135, "poverty_universe": 596, "poverty_universe_moe": 156, "poverty_below": 275, "poverty_below_moe": 123, "male_5_9": 0, "male_5_9_moe": 12, "male_10_14": 12, "male_10_14_moe": 16, "male_15_17": 7, "male_15_17_moe": 14, "female_5_9": 0, "female_5_9_moe": 12, "female_10_14": 10, "female_10_14_moe": 15, "female_15_17": 24, "female_15_17_moe": 32, "male_white_non_hispanic_5_9": 0, "male_white_non_hispanic_5_9_moe": 12, "male_white_non_hispanic_10_14": 5, "male_white_non_hispanic_10_14_moe": 9, "male_white_non_hispanic_15_17": 0, "male_white_non_hispanic_15_17_moe": 12, "female_white_non_hispanic_5_9": 0, "female_white_non_hispanic_5_9_moe": 12, "female_white_non_hispanic_10_14": 0, "female_white_non_hispanic_10_14_moe": 12, "female_white_non_hispanic_15_17": 0, "female_white_non_hispanic_15_17_moe": 12, "male_black_alone_5_9": 0, "male_black_alone_5_9_moe": 12, "male_black_alone_10_14": 7, "male_black_alone_10_14_moe": 11, "male_black_alone_15_17": 7, "male_black_alone_15_17_moe": 14, "female_black_alone_5_9": 0, "female_black_alone_5_9_moe": 12, "female_black_alone_10_14": 10, "female_black_alone_10_14_moe": 15, "female_black_alone_15_17": 24, "female_black_alone_15_17_moe": 32, "male_public_school_5_9": 0, "state": "29", "county": "510", "tract": "107200", "male_public_school_5_9_moe": 12, "male_public_school_10_14": 12, "male_public_school_10_14_moe": 16, "male_public_school_15_17": 7, "male_public_school_15_17_moe": 14, "male_private_school_5_9": 0, "male_private_school_5_9_moe": 12, "male_private_school_10_14": 0, "male_private_school_10_14_moe": 12, "male_private_school_15_17": 0, "male_private_school_15_17_moe": 12, "female_public_school_5_9": 0, "female_public_school_5_9_moe": 12, "female_public_school_10_14": 10, "female_public_school_10_14_moe": 15, "female_public_school_15_17": 24, "female_public_school_15_17_moe": 32, "female_private_school_5_9": 0, "female_private_school_5_9_moe": 12, "female_private_school_10_14": 0, "female_private_school_10_14_moe": 12, "female_private_school_15_17": 0, "female_private_school_15_17_moe": 12, "median_household_income": 14719, "median_household_income_moe": 8672, "acs_median_owner_occupied_home_value": -666666666, "acs_median_owner_occupied_home_value_moe": -222222222, "race_other": 57, "race_white_share": 0.053691275167785234, "race_black_share": 0.8506711409395973, "race_other_share": 0.09563758389261745, "poverty_rate": 0.46140939597315433, "school_age_5_17": 53, "school_age_white_non_hispanic_5_17": 5, "school_age_black_alone_5_17": 48, "school_age_other_or_unclassified_5_17": 0, "school_age_white_non_hispanic_5_17_moe": 28.30194339616981, "school_age_black_alone_5_17_moe": 43.05810028322197, "school_age_white_non_hispanic_5_17_share": 0.09433962264150944, "school_age_black_alone_5_17_share": 0.9056603773584906, "school_age_other_or_unclassified_5_17_share": 0.0, "school_age_5_17_per_capita": 0.08892617449664429, "public_school_enrolled_5_17": 53, "private_school_enrolled_5_17": 0, "public_school_enrolled_5_17_moe": 44.598206241955516, "private_school_enrolled_5_17_moe": 29.393876913398138, "public_school_enrolled_5_17_per_school_age": 1.0, "private_school_enrolled_5_17_per_school_age": 0.0, "source_area_sq_m": 655792.6703128594, "city_area_sq_m": 655792.6703128594, "city_area_share": 1.0, "tornado_damage_intersects": false, "tornado_max_efscale": "<NA>", "tornado_damage_area_sq_m": 0.0, "tornado_damage_area_share": 0.0, "tornado_damage_point_count": 0, "tornado_ef2_plus_point_count": 0, "tornado_distance_to_path_m": 3572.536983682641}, "geometry": {"type": "Polygon", "coordinates": [[[-90.260755, 38.698099], [-90.260745, 38.698113], [-90.260733, 38.698128], [-90.260699, 38.698176], [-90.260689, 38.698192], [-90.260611, 38.698303], [-90.260568, 38.698355], [-90.260226, 38.698779], [-90.260185, 38.698826], [-90.260099, 38.698928], [-90.260049, 38.698976], [-90.259938, 38.699081], [-90.259883, 38.699121], [-90.259659, 38.699286], [-90.259627, 38.699305], [-90.259332, 38.699489], [-90.259225, 38.699557], [-90.25915, 38.699613], [-90.25899, 38.699731], [-90.258965, 38.699744], [-90.258691, 38.699898], [-90.258508, 38.7], [-90.258375, 38.700081], [-90.258182, 38.7002], [-90.257718, 38.700475], [-90.25721, 38.700774], [-90.257018, 38.700894], [-90.256749, 38.701065], [-90.256442, 38.701255], [-90.25625, 38.701375], [-90.256158, 38.701432], [-90.256058, 38.701486], [-90.255753, 38.701656], [-90.25548, 38.701816], [-90.25529, 38.701929], [-90.255118, 38.702031], [-90.254882, 38.702172], [-90.254607, 38.702346], [-90.254438, 38.702453], [-90.254271, 38.702556], [-90.254211, 38.702591], [-90.253584, 38.702962], [-90.253527, 38.702996], [-90.253301, 38.703135], [-90.253223, 38.70318], [-90.253044, 38.703287], [-90.252992, 38.703323], [-90.252919, 38.703375], [-90.252848, 38.703427], [-90.252823, 38.703449], [-90.252719, 38.703545], [-90.25256, 38.703702], [-90.252474, 38.703788], [-90.252332, 38.703929], [-90.252128, 38.704135], [-90.251987, 38.704277], [-90.25191, 38.704358], [-90.251774, 38.704505], [-90.251711, 38.704573], [-90.251634, 38.704649], [-90.251439, 38.704844], [-90.251207, 38.705074], [-90.251065, 38.705216], [-90.250924, 38.705354], [-90.250705, 38.705569], [-90.250504, 38.705772], [-90.250366, 38.705913], [-90.24998, 38.706301], [-90.249686, 38.706613], [-90.249475, 38.706821], [-90.249363, 38.7067], [-90.248911, 38.706211], [-90.248401, 38.705613], [-90.248261, 38.705449], [-90.247715, 38.704832], [-90.247571, 38.704669], [-90.247142, 38.70418], [-90.246999, 38.704018], [-90.246856, 38.703856], [-90.246428, 38.703371], [-90.246286, 38.70321], [-90.246149, 38.703054], [-90.24611, 38.70301], [-90.245746, 38.702581], [-90.245612, 38.702423], [-90.245795, 38.702303], [-90.245986, 38.702199], [-90.246215, 38.702077], [-90.246919, 38.701699], [-90.247138, 38.701578], [-90.247522, 38.70137], [-90.248016, 38.7011], [-90.248064, 38.701074], [-90.249209, 38.700461], [-90.249505, 38.700304], [-90.250004, 38.700042], [-90.250148, 38.699939], [-90.250487, 38.699753], [-90.250757, 38.699606], [-90.251708, 38.699098], [-90.251974, 38.69895], [-90.252467, 38.698677], [-90.252881, 38.698447], [-90.254125, 38.697758], [-90.254259, 38.697685], [-90.254545, 38.697537], [-90.254758, 38.697426], [-90.255068, 38.697267], [-90.255155, 38.697223], [-90.255393, 38.697089], [-90.255603, 38.696972], [-90.255811, 38.696855], [-90.25611, 38.696688], [-90.256437, 38.696506], [-90.256646, 38.69639], [-90.256786, 38.696312], [-90.257161, 38.696106], [-90.257206, 38.69608], [-90.257347, 38.696003], [-90.257414, 38.695965], [-90.257618, 38.695853], [-90.257686, 38.695816], [-90.257904, 38.695699], [-90.258234, 38.695524], [-90.258376, 38.695449], [-90.258559, 38.695346], [-90.258776, 38.695226], [-90.258983, 38.695109], [-90.259157, 38.695013], [-90.259295, 38.694941], [-90.25961, 38.694766], [-90.259819, 38.694653], [-90.259926, 38.694511], [-90.260182, 38.694373], [-90.260205, 38.694441], [-90.260334, 38.694979], [-90.260344, 38.695056], [-90.260348, 38.695094], [-90.260362, 38.695208], [-90.260367, 38.695247], [-90.260393, 38.695497], [-90.260388, 38.695648], [-90.260392, 38.695817], [-90.260418, 38.696707], [-90.26044, 38.696961], [-90.260548, 38.697443], [-90.260573, 38.697515], [-90.260619, 38.697646], [-90.260795, 38.698043], [-90.260785, 38.698057], [-90.260755, 38.698099]]]}}, {"id": "23", "type": "Feature", "properties": {"geoid": "29510106700", "name": "Census Tract 1067; St. Louis city; Missouri", "total_population": 1959, "total_population_moe": 648, "race_total": 1959, "race_total_moe": 648, "race_white_non_hispanic": 10, "race_white_non_hispanic_moe": 16, "race_black_non_hispanic": 1809, "race_black_non_hispanic_moe": 563, "poverty_universe": 1959, "poverty_universe_moe": 648, "poverty_below": 344, "poverty_below_moe": 225, "male_5_9": 0, "male_5_9_moe": 12, "male_10_14": 48, "male_10_14_moe": 61, "male_15_17": 0, "male_15_17_moe": 12, "female_5_9": 26, "female_5_9_moe": 43, "female_10_14": 66, "female_10_14_moe": 85, "female_15_17": 9, "female_15_17_moe": 14, "male_white_non_hispanic_5_9": 0, "male_white_non_hispanic_5_9_moe": 12, "male_white_non_hispanic_10_14": 0, "male_white_non_hispanic_10_14_moe": 12, "male_white_non_hispanic_15_17": 0, "male_white_non_hispanic_15_17_moe": 12, "female_white_non_hispanic_5_9": 0, "female_white_non_hispanic_5_9_moe": 12, "female_white_non_hispanic_10_14": 0, "female_white_non_hispanic_10_14_moe": 12, "female_white_non_hispanic_15_17": 0, "female_white_non_hispanic_15_17_moe": 12, "male_black_alone_5_9": 0, "male_black_alone_5_9_moe": 12, "male_black_alone_10_14": 48, "male_black_alone_10_14_moe": 61, "male_black_alone_15_17": 0, "male_black_alone_15_17_moe": 12, "female_black_alone_5_9": 26, "female_black_alone_5_9_moe": 43, "female_black_alone_10_14": 66, "female_black_alone_10_14_moe": 85, "female_black_alone_15_17": 9, "female_black_alone_15_17_moe": 14, "male_public_school_5_9": 0, "state": "29", "county": "510", "tract": "106700", "male_public_school_5_9_moe": 12, "male_public_school_10_14": 48, "male_public_school_10_14_moe": 61, "male_public_school_15_17": 0, "male_public_school_15_17_moe": 12, "male_private_school_5_9": 0, "male_private_school_5_9_moe": 12, "male_private_school_10_14": 0, "male_private_school_10_14_moe": 12, "male_private_school_15_17": 0, "male_private_school_15_17_moe": 12, "female_public_school_5_9": 26, "female_public_school_5_9_moe": 43, "female_public_school_10_14": 66, "female_public_school_10_14_moe": 85, "female_public_school_15_17": 9, "female_public_school_15_17_moe": 14, "female_private_school_5_9": 0, "female_private_school_5_9_moe": 12, "female_private_school_10_14": 0, "female_private_school_10_14_moe": 12, "female_private_school_15_17": 0, "female_private_school_15_17_moe": 12, "median_household_income": 51618, "median_household_income_moe": 27004, "acs_median_owner_occupied_home_value": 81500, "acs_median_owner_occupied_home_value_moe": 22494, "race_other": 140, "race_white_share": 0.005104645227156712, "race_black_share": 0.9234303215926493, "race_other_share": 0.07146503318019398, "poverty_rate": 0.1755997958141909, "school_age_5_17": 149, "school_age_white_non_hispanic_5_17": 0, "school_age_black_alone_5_17": 149, "school_age_other_or_unclassified_5_17": 0, "school_age_white_non_hispanic_5_17_moe": 29.393876913398138, "school_age_black_alone_5_17_moe": 115.2345434320803, "school_age_white_non_hispanic_5_17_share": 0.0, "school_age_black_alone_5_17_share": 1.0, "school_age_other_or_unclassified_5_17_share": 0.0, "school_age_5_17_per_capita": 0.07605921388463502, "public_school_enrolled_5_17": 149, "private_school_enrolled_5_17": 0, "public_school_enrolled_5_17_moe": 115.2345434320803, "private_school_enrolled_5_17_moe": 29.393876913398138, "public_school_enrolled_5_17_per_school_age": 1.0, "private_school_enrolled_5_17_per_school_age": 0.0, "source_area_sq_m": 1239242.3609321783, "city_area_sq_m": 1239242.3609321783, "city_area_share": 1.0, "tornado_damage_intersects": true, "tornado_max_efscale": "2", "tornado_damage_area_sq_m": 2348972.6103420546, "tornado_damage_area_share": 1.8954908937869084, "tornado_damage_point_count": 93, "tornado_ef2_plus_point_count": 6, "tornado_distance_to_path_m": 166.04792971288188}, "geometry": {"type": "Polygon", "coordinates": [[[-90.261352, 38.66325], [-90.260746, 38.664012], [-90.26022, 38.664684], [-90.259884, 38.665115], [-90.259683, 38.665401], [-90.259652, 38.665432], [-90.259614, 38.665487], [-90.259303, 38.66594], [-90.259051, 38.666286], [-90.259004, 38.666342], [-90.258656, 38.666778], [-90.258354, 38.667176], [-90.258198, 38.667374], [-90.25771, 38.668016], [-90.25758, 38.668186], [-90.257373, 38.668462], [-90.257192, 38.668698], [-90.257062, 38.668868], [-90.256935, 38.669032], [-90.256744, 38.669282], [-90.256554, 38.669521], [-90.256426, 38.669684], [-90.256352, 38.669775], [-90.256286, 38.669857], [-90.256031, 38.670179], [-90.255879, 38.670384], [-90.255748, 38.670563], [-90.255629, 38.670725], [-90.255273, 38.671213], [-90.255155, 38.671376], [-90.255036, 38.67154], [-90.254861, 38.671782], [-90.254685, 38.672036], [-90.25457, 38.672203], [-90.254009, 38.673011], [-90.253475, 38.673759], [-90.252887, 38.674675], [-90.252839, 38.674741], [-90.252787, 38.674806], [-90.252751, 38.674862], [-90.252545, 38.675144], [-90.252295, 38.675487], [-90.251717, 38.676284], [-90.251206, 38.67606], [-90.251158, 38.676039], [-90.249665, 38.675406], [-90.249152, 38.675189], [-90.249023, 38.675133], [-90.248639, 38.674966], [-90.248511, 38.674911], [-90.24796, 38.67467], [-90.246308, 38.673949], [-90.245758, 38.673709], [-90.244929, 38.67335], [-90.244264, 38.67307], [-90.244712, 38.672433], [-90.244735, 38.672399], [-90.244805, 38.672298], [-90.244829, 38.672265], [-90.244859, 38.672222], [-90.244952, 38.672095], [-90.244983, 38.672053], [-90.245045, 38.671966], [-90.245233, 38.671708], [-90.245296, 38.671622], [-90.245387, 38.671496], [-90.245527, 38.671304], [-90.245662, 38.67112], [-90.245754, 38.670995], [-90.246234, 38.670346], [-90.246816, 38.669517], [-90.246907, 38.669388], [-90.246928, 38.669359], [-90.247235, 38.668933], [-90.247568, 38.668472], [-90.247877, 38.668041], [-90.248222, 38.667557], [-90.24884, 38.66669], [-90.248852, 38.666673], [-90.24888, 38.666633], [-90.249423, 38.665869], [-90.249524, 38.665726], [-90.249934, 38.665147], [-90.250113, 38.664899], [-90.250211, 38.664764], [-90.250437, 38.664454], [-90.250678, 38.664123], [-90.25088, 38.663846], [-90.251243, 38.663342], [-90.251319, 38.663237], [-90.251784, 38.662589], [-90.251814, 38.662546], [-90.252356, 38.661787], [-90.252648, 38.66137], [-90.2527, 38.661294], [-90.252858, 38.66107], [-90.252911, 38.660995], [-90.253027, 38.660833], [-90.253379, 38.66035], [-90.253496, 38.660189], [-90.253961, 38.660389], [-90.25408, 38.66044], [-90.254542, 38.660646], [-90.255167, 38.660869], [-90.255378, 38.660935], [-90.255861, 38.661089], [-90.256, 38.661132], [-90.257265, 38.661568], [-90.258589, 38.662031], [-90.258642, 38.662049], [-90.260127, 38.66257], [-90.261475, 38.663037], [-90.261546, 38.663062], [-90.261352, 38.66325]]]}}, {"id": "24", "type": "Feature", "properties": {"geoid": "29510107400", "name": "Census Tract 1074; St. Louis city; Missouri", "total_population": 1997, "total_population_moe": 416, "race_total": 1997, "race_total_moe": 416, "race_white_non_hispanic": 7, "race_white_non_hispanic_moe": 6, "race_black_non_hispanic": 1517, "race_black_non_hispanic_moe": 564, "poverty_universe": 1948, "poverty_universe_moe": 395, "poverty_below": 542, "poverty_below_moe": 391, "male_5_9": 167, "male_5_9_moe": 100, "male_10_14": 100, "male_10_14_moe": 74, "male_15_17": 60, "male_15_17_moe": 90, "female_5_9": 0, "female_5_9_moe": 12, "female_10_14": 73, "female_10_14_moe": 95, "female_15_17": 0, "female_15_17_moe": 12, "male_white_non_hispanic_5_9": 0, "male_white_non_hispanic_5_9_moe": 12, "male_white_non_hispanic_10_14": 0, "male_white_non_hispanic_10_14_moe": 12, "male_white_non_hispanic_15_17": 0, "male_white_non_hispanic_15_17_moe": 12, "female_white_non_hispanic_5_9": 0, "female_white_non_hispanic_5_9_moe": 12, "female_white_non_hispanic_10_14": 0, "female_white_non_hispanic_10_14_moe": 12, "female_white_non_hispanic_15_17": 0, "female_white_non_hispanic_15_17_moe": 12, "male_black_alone_5_9": 82, "male_black_alone_5_9_moe": 102, "male_black_alone_10_14": 15, "male_black_alone_10_14_moe": 30, "male_black_alone_15_17": 60, "male_black_alone_15_17_moe": 90, "female_black_alone_5_9": 0, "female_black_alone_5_9_moe": 12, "female_black_alone_10_14": 44, "female_black_alone_10_14_moe": 80, "female_black_alone_15_17": 0, "female_black_alone_15_17_moe": 12, "male_public_school_5_9": 102, "state": "29", "county": "510", "tract": "107400", "male_public_school_5_9_moe": 93, "male_public_school_10_14": 100, "male_public_school_10_14_moe": 74, "male_public_school_15_17": 60, "male_public_school_15_17_moe": 90, "male_private_school_5_9": 0, "male_private_school_5_9_moe": 12, "male_private_school_10_14": 0, "male_private_school_10_14_moe": 12, "male_private_school_15_17": 0, "male_private_school_15_17_moe": 12, "female_public_school_5_9": 0, "female_public_school_5_9_moe": 12, "female_public_school_10_14": 73, "female_public_school_10_14_moe": 95, "female_public_school_15_17": 0, "female_public_school_15_17_moe": 12, "female_private_school_5_9": 0, "female_private_school_5_9_moe": 12, "female_private_school_10_14": 0, "female_private_school_10_14_moe": 12, "female_private_school_15_17": 0, "female_private_school_15_17_moe": 12, "median_household_income": 38616, "median_household_income_moe": 12718, "acs_median_owner_occupied_home_value": 52600, "acs_median_owner_occupied_home_value_moe": 5467, "race_other": 473, "race_white_share": 0.0035052578868302454, "race_black_share": 0.7596394591887832, "race_other_share": 0.23685528292438657, "poverty_rate": 0.2782340862422998, "school_age_5_17": 400, "school_age_white_non_hispanic_5_17": 0, "school_age_black_alone_5_17": 201, "school_age_other_or_unclassified_5_17": 199, "school_age_white_non_hispanic_5_17_moe": 29.393876913398138, "school_age_black_alone_5_17_moe": 161.5301829380503, "school_age_white_non_hispanic_5_17_share": 0.0, "school_age_black_alone_5_17_share": 0.5025, "school_age_other_or_unclassified_5_17_share": 0.4975, "school_age_5_17_per_capita": 0.200300450676014, "public_school_enrolled_5_17": 335, "private_school_enrolled_5_17": 0, "public_school_enrolled_5_17_moe": 177.5894140989265, "private_school_enrolled_5_17_moe": 29.393876913398138, "public_school_enrolled_5_17_per_school_age": 0.8375, "private_school_enrolled_5_17_per_school_age": 0.0, "source_area_sq_m": 1085710.4962570413, "city_area_sq_m": 1085710.4962570409, "city_area_share": 0.9999999999999996, "tornado_damage_intersects": false, "tornado_max_efscale": "<NA>", "tornado_damage_area_sq_m": 0.0, "tornado_damage_area_share": 0.0, "tornado_damage_point_count": 0, "tornado_ef2_plus_point_count": 0, "tornado_distance_to_path_m": 2865.509989201903}, "geometry": {"type": "Polygon", "coordinates": [[[-90.259926, 38.694511], [-90.259819, 38.694653], [-90.25961, 38.694766], [-90.259295, 38.694941], [-90.259157, 38.695013], [-90.258983, 38.695109], [-90.258776, 38.695226], [-90.258559, 38.695346], [-90.258376, 38.695449], [-90.258234, 38.695524], [-90.257904, 38.695699], [-90.257686, 38.695816], [-90.257618, 38.695853], [-90.257414, 38.695965], [-90.257347, 38.696003], [-90.257206, 38.69608], [-90.257161, 38.696106], [-90.256786, 38.696312], [-90.256646, 38.69639], [-90.256437, 38.696506], [-90.25611, 38.696688], [-90.255811, 38.696855], [-90.255603, 38.696972], [-90.255393, 38.697089], [-90.255155, 38.697223], [-90.255068, 38.697267], [-90.254758, 38.697426], [-90.254545, 38.697537], [-90.254259, 38.697685], [-90.254125, 38.697758], [-90.252881, 38.698447], [-90.252467, 38.698677], [-90.251974, 38.69895], [-90.251708, 38.699098], [-90.250757, 38.699606], [-90.250487, 38.699753], [-90.250148, 38.699939], [-90.250004, 38.700042], [-90.249505, 38.700304], [-90.249209, 38.700461], [-90.248064, 38.701074], [-90.248016, 38.7011], [-90.247522, 38.70137], [-90.247138, 38.701578], [-90.246919, 38.701699], [-90.246215, 38.702077], [-90.245986, 38.702199], [-90.245795, 38.702303], [-90.245612, 38.702423], [-90.24547, 38.70226], [-90.245046, 38.701774], [-90.244905, 38.701612], [-90.244232, 38.700841], [-90.244101, 38.700688], [-90.243708, 38.700232], [-90.243577, 38.70008], [-90.243448, 38.699932], [-90.243061, 38.699488], [-90.242933, 38.69934], [-90.242809, 38.699199], [-90.242437, 38.698776], [-90.242314, 38.698636], [-90.242184, 38.698488], [-90.241797, 38.698044], [-90.241669, 38.697897], [-90.241015, 38.697154], [-90.241539, 38.696865], [-90.242897, 38.696129], [-90.243096, 38.696022], [-90.243326, 38.695901], [-90.243694, 38.6957], [-90.243893, 38.695592], [-90.2442, 38.695422], [-90.245124, 38.694913], [-90.245432, 38.694744], [-90.245674, 38.69461], [-90.246404, 38.694211], [-90.246647, 38.694078], [-90.24789, 38.6934], [-90.249779, 38.692376], [-90.249888, 38.692316], [-90.250003, 38.692255], [-90.250215, 38.692132], [-90.250324, 38.69207], [-90.250641, 38.691888], [-90.250691, 38.69186], [-90.251443, 38.691452], [-90.251605, 38.691365], [-90.251929, 38.691195], [-90.252099, 38.691105], [-90.252483, 38.690902], [-90.252608, 38.690832], [-90.252777, 38.69074], [-90.25301, 38.69061], [-90.253262, 38.690472], [-90.253704, 38.690211], [-90.253719, 38.690203], [-90.253926, 38.690063], [-90.254756, 38.690176], [-90.255323, 38.690395], [-90.255396, 38.690423], [-90.255852, 38.690594], [-90.25634, 38.690807], [-90.256729, 38.690976], [-90.257327, 38.691255], [-90.257492, 38.691338], [-90.257735, 38.691479], [-90.25789, 38.69157], [-90.258095, 38.69169], [-90.258344, 38.691864], [-90.25838, 38.691889], [-90.258487, 38.691974], [-90.258927, 38.692371], [-90.259106, 38.692546], [-90.259262, 38.692699], [-90.25944, 38.69294], [-90.259514, 38.693058], [-90.259714, 38.693371], [-90.259897, 38.693672], [-90.260075, 38.694059], [-90.260182, 38.694373], [-90.259926, 38.694511]]]}}, {"id": "25", "type": "Feature", "properties": {"geoid": "29510107500", "name": "Census Tract 1075; St. Louis city; Missouri", "total_population": 1116, "total_population_moe": 277, "race_total": 1116, "race_total_moe": 277, "race_white_non_hispanic": 52, "race_white_non_hispanic_moe": 53, "race_black_non_hispanic": 1021, "race_black_non_hispanic_moe": 270, "poverty_universe": 1116, "poverty_universe_moe": 277, "poverty_below": 286, "poverty_below_moe": 115, "male_5_9": 12, "male_5_9_moe": 20, "male_10_14": 0, "male_10_14_moe": 12, "male_15_17": 20, "male_15_17_moe": 27, "female_5_9": 0, "female_5_9_moe": 12, "female_10_14": 0, "female_10_14_moe": 12, "female_15_17": 7, "female_15_17_moe": 12, "male_white_non_hispanic_5_9": 12, "male_white_non_hispanic_5_9_moe": 20, "male_white_non_hispanic_10_14": 0, "male_white_non_hispanic_10_14_moe": 12, "male_white_non_hispanic_15_17": 0, "male_white_non_hispanic_15_17_moe": 12, "female_white_non_hispanic_5_9": 0, "female_white_non_hispanic_5_9_moe": 12, "female_white_non_hispanic_10_14": 0, "female_white_non_hispanic_10_14_moe": 12, "female_white_non_hispanic_15_17": 0, "female_white_non_hispanic_15_17_moe": 12, "male_black_alone_5_9": 0, "male_black_alone_5_9_moe": 12, "male_black_alone_10_14": 0, "male_black_alone_10_14_moe": 12, "male_black_alone_15_17": 12, "male_black_alone_15_17_moe": 22, "female_black_alone_5_9": 0, "female_black_alone_5_9_moe": 12, "female_black_alone_10_14": 0, "female_black_alone_10_14_moe": 12, "female_black_alone_15_17": 7, "female_black_alone_15_17_moe": 12, "male_public_school_5_9": 12, "state": "29", "county": "510", "tract": "107500", "male_public_school_5_9_moe": 20, "male_public_school_10_14": 0, "male_public_school_10_14_moe": 12, "male_public_school_15_17": 20, "male_public_school_15_17_moe": 27, "male_private_school_5_9": 0, "male_private_school_5_9_moe": 12, "male_private_school_10_14": 0, "male_private_school_10_14_moe": 12, "male_private_school_15_17": 0, "male_private_school_15_17_moe": 12, "female_public_school_5_9": 0, "female_public_school_5_9_moe": 12, "female_public_school_10_14": 0, "female_public_school_10_14_moe": 12, "female_public_school_15_17": 7, "female_public_school_15_17_moe": 12, "female_private_school_5_9": 0, "female_private_school_5_9_moe": 12, "female_private_school_10_14": 0, "female_private_school_10_14_moe": 12, "female_private_school_15_17": 0, "female_private_school_15_17_moe": 12, "median_household_income": 26875, "median_household_income_moe": 6887, "acs_median_owner_occupied_home_value": 47700, "acs_median_owner_occupied_home_value_moe": 46367, "race_other": 43, "race_white_share": 0.04659498207885305, "race_black_share": 0.9148745519713262, "race_other_share": 0.03853046594982079, "poverty_rate": 0.25627240143369173, "school_age_5_17": 39, "school_age_white_non_hispanic_5_17": 12, "school_age_black_alone_5_17": 19, "school_age_other_or_unclassified_5_17": 8, "school_age_white_non_hispanic_5_17_moe": 33.46640106136302, "school_age_black_alone_5_17_moe": 34.698703145794944, "school_age_white_non_hispanic_5_17_share": 0.3076923076923077, "school_age_black_alone_5_17_share": 0.48717948717948717, "school_age_other_or_unclassified_5_17_share": 0.20512820512820512, "school_age_5_17_per_capita": 0.03494623655913978, "public_school_enrolled_5_17": 39, "private_school_enrolled_5_17": 0, "public_school_enrolled_5_17_moe": 41.291645644125154, "private_school_enrolled_5_17_moe": 29.393876913398138, "public_school_enrolled_5_17_per_school_age": 1.0, "private_school_enrolled_5_17_per_school_age": 0.0, "source_area_sq_m": 924398.665445229, "city_area_sq_m": 924398.665445229, "city_area_share": 1.0, "tornado_damage_intersects": false, "tornado_max_efscale": "<NA>", "tornado_damage_area_sq_m": 0.0, "tornado_damage_area_share": 0.0, "tornado_damage_point_count": 0, "tornado_ef2_plus_point_count": 0, "tornado_distance_to_path_m": 2100.668719326364}, "geometry": {"type": "Polygon", "coordinates": [[[-90.253926, 38.690063], [-90.253719, 38.690203], [-90.253704, 38.690211], [-90.253262, 38.690472], [-90.25301, 38.69061], [-90.252777, 38.69074], [-90.252608, 38.690832], [-90.252483, 38.690902], [-90.252099, 38.691105], [-90.251929, 38.691195], [-90.251605, 38.691365], [-90.251443, 38.691452], [-90.250691, 38.69186], [-90.250641, 38.691888], [-90.250324, 38.69207], [-90.250215, 38.692132], [-90.250003, 38.692255], [-90.249888, 38.692316], [-90.249779, 38.692376], [-90.24789, 38.6934], [-90.246647, 38.694078], [-90.246404, 38.694211], [-90.245674, 38.69461], [-90.245432, 38.694744], [-90.245124, 38.694913], [-90.2442, 38.695422], [-90.243893, 38.695592], [-90.243694, 38.6957], [-90.243326, 38.695901], [-90.243096, 38.696022], [-90.242897, 38.696129], [-90.241539, 38.696865], [-90.241015, 38.697154], [-90.240707, 38.696796], [-90.240363, 38.696407], [-90.23972, 38.695673], [-90.239599, 38.695532], [-90.239435, 38.695339], [-90.239309, 38.695192], [-90.239242, 38.695109], [-90.239127, 38.694965], [-90.23901, 38.694817], [-90.238718, 38.694446], [-90.238661, 38.694373], [-90.238624, 38.694326], [-90.238548, 38.694221], [-90.238516, 38.694168], [-90.238126, 38.693584], [-90.237944, 38.693378], [-90.237114, 38.692447], [-90.236941, 38.692253], [-90.236926, 38.692236], [-90.23643, 38.691655], [-90.236378, 38.691594], [-90.236313, 38.691518], [-90.236295, 38.691497], [-90.236194, 38.691381], [-90.236335, 38.691303], [-90.236418, 38.691257], [-90.236822, 38.691035], [-90.236854, 38.691018], [-90.237093, 38.690888], [-90.237319, 38.690767], [-90.237635, 38.690598], [-90.238155, 38.69031], [-90.238818, 38.689942], [-90.238981, 38.689853], [-90.239822, 38.689388], [-90.240621, 38.688948], [-90.24138, 38.688522], [-90.24142, 38.688498], [-90.241544, 38.688429], [-90.241585, 38.688406], [-90.241701, 38.68834], [-90.241799, 38.688285], [-90.242052, 38.688142], [-90.242169, 38.688077], [-90.24225, 38.68803], [-90.242332, 38.687985], [-90.242826, 38.687721], [-90.242991, 38.687633], [-90.243246, 38.687498], [-90.243332, 38.687449], [-90.244348, 38.686881], [-90.244687, 38.686692], [-90.24477, 38.686646], [-90.244835, 38.686611], [-90.245021, 38.686513], [-90.245105, 38.68647], [-90.245441, 38.686295], [-90.24561, 38.686207], [-90.245624, 38.6862], [-90.24579, 38.686275], [-90.247007, 38.686799], [-90.247414, 38.686975], [-90.249235, 38.687766], [-90.249401, 38.687835], [-90.249785, 38.687997], [-90.250958, 38.688509], [-90.253671, 38.689667], [-90.253794, 38.689735], [-90.253857, 38.689817], [-90.254028, 38.689881], [-90.254069, 38.689897], [-90.254756, 38.690176], [-90.253926, 38.690063]]]}}, {"id": "26", "type": "Feature", "properties": {"geoid": "29510107600", "name": "Census Tract 1076; St. Louis city; Missouri", "total_population": 1858, "total_population_moe": 375, "race_total": 1858, "race_total_moe": 375, "race_white_non_hispanic": 85, "race_white_non_hispanic_moe": 82, "race_black_non_hispanic": 1749, "race_black_non_hispanic_moe": 366, "poverty_universe": 1858, "poverty_universe_moe": 375, "poverty_below": 467, "poverty_below_moe": 248, "male_5_9": 49, "male_5_9_moe": 57, "male_10_14": 41, "male_10_14_moe": 55, "male_15_17": 71, "male_15_17_moe": 50, "female_5_9": 92, "female_5_9_moe": 108, "female_10_14": 14, "female_10_14_moe": 23, "female_15_17": 19, "female_15_17_moe": 31, "male_white_non_hispanic_5_9": 0, "male_white_non_hispanic_5_9_moe": 12, "male_white_non_hispanic_10_14": 0, "male_white_non_hispanic_10_14_moe": 12, "male_white_non_hispanic_15_17": 0, "male_white_non_hispanic_15_17_moe": 12, "female_white_non_hispanic_5_9": 0, "female_white_non_hispanic_5_9_moe": 12, "female_white_non_hispanic_10_14": 0, "female_white_non_hispanic_10_14_moe": 12, "female_white_non_hispanic_15_17": 0, "female_white_non_hispanic_15_17_moe": 12, "male_black_alone_5_9": 49, "male_black_alone_5_9_moe": 57, "male_black_alone_10_14": 41, "male_black_alone_10_14_moe": 55, "male_black_alone_15_17": 71, "male_black_alone_15_17_moe": 50, "female_black_alone_5_9": 92, "female_black_alone_5_9_moe": 108, "female_black_alone_10_14": 14, "female_black_alone_10_14_moe": 23, "female_black_alone_15_17": 19, "female_black_alone_15_17_moe": 31, "male_public_school_5_9": 49, "state": "29", "county": "510", "tract": "107600", "male_public_school_5_9_moe": 57, "male_public_school_10_14": 25, "male_public_school_10_14_moe": 30, "male_public_school_15_17": 55, "male_public_school_15_17_moe": 52, "male_private_school_5_9": 0, "male_private_school_5_9_moe": 12, "male_private_school_10_14": 0, "male_private_school_10_14_moe": 12, "male_private_school_15_17": 16, "male_private_school_15_17_moe": 24, "female_public_school_5_9": 92, "female_public_school_5_9_moe": 108, "female_public_school_10_14": 14, "female_public_school_10_14_moe": 23, "female_public_school_15_17": 19, "female_public_school_15_17_moe": 31, "female_private_school_5_9": 0, "female_private_school_5_9_moe": 12, "female_private_school_10_14": 0, "female_private_school_10_14_moe": 12, "female_private_school_15_17": 0, "female_private_school_15_17_moe": 12, "median_household_income": 42837, "median_household_income_moe": 14321, "acs_median_owner_occupied_home_value": 75500, "acs_median_owner_occupied_home_value_moe": 7638, "race_other": 24, "race_white_share": 0.045748116254036596, "race_black_share": 0.9413347685683531, "race_other_share": 0.012917115177610334, "poverty_rate": 0.2513455328310011, "school_age_5_17": 286, "school_age_white_non_hispanic_5_17": 0, "school_age_black_alone_5_17": 286, "school_age_other_or_unclassified_5_17": 0, "school_age_white_non_hispanic_5_17_moe": 29.393876913398138, "school_age_black_alone_5_17_moe": 148.08105888330215, "school_age_white_non_hispanic_5_17_share": 0.0, "school_age_black_alone_5_17_share": 1.0, "school_age_other_or_unclassified_5_17_share": 0.0, "school_age_5_17_per_capita": 0.15392895586652314, "public_school_enrolled_5_17": 254, "private_school_enrolled_5_17": 16, "public_school_enrolled_5_17_moe": 141.4461028095154, "private_school_enrolled_5_17_moe": 36.0, "public_school_enrolled_5_17_per_school_age": 0.8881118881118881, "private_school_enrolled_5_17_per_school_age": 0.055944055944055944, "source_area_sq_m": 1168920.9095408712, "city_area_sq_m": 1168920.9095408705, "city_area_share": 0.9999999999999994, "tornado_damage_intersects": true, "tornado_max_efscale": "1", "tornado_damage_area_sq_m": 53409.16734608316, "tornado_damage_area_share": 0.045691001769368515, "tornado_damage_point_count": 0, "tornado_ef2_plus_point_count": 0, "tornado_distance_to_path_m": 799.1738407429546}, "geometry": {"type": "Polygon", "coordinates": [[[-90.247638, 38.6831], [-90.247323, 38.684245], [-90.247163, 38.685071], [-90.247004, 38.685309], [-90.246934, 38.685393], [-90.246789, 38.685569], [-90.246636, 38.685672], [-90.246562, 38.685692], [-90.246367, 38.685793], [-90.246279, 38.685839], [-90.246115, 38.685937], [-90.246019, 38.685995], [-90.245793, 38.686113], [-90.245624, 38.6862], [-90.24561, 38.686207], [-90.245441, 38.686295], [-90.245105, 38.68647], [-90.245021, 38.686513], [-90.244835, 38.686611], [-90.24477, 38.686646], [-90.244687, 38.686692], [-90.244348, 38.686881], [-90.243332, 38.687449], [-90.243246, 38.687498], [-90.242991, 38.687633], [-90.242826, 38.687721], [-90.242332, 38.687985], [-90.24225, 38.68803], [-90.242169, 38.688077], [-90.242052, 38.688142], [-90.241799, 38.688285], [-90.241701, 38.68834], [-90.241585, 38.688406], [-90.241544, 38.688429], [-90.24142, 38.688498], [-90.24138, 38.688522], [-90.240621, 38.688948], [-90.239822, 38.689388], [-90.238981, 38.689853], [-90.238818, 38.689942], [-90.238155, 38.69031], [-90.237635, 38.690598], [-90.237319, 38.690767], [-90.237093, 38.690888], [-90.236854, 38.691018], [-90.236822, 38.691035], [-90.236418, 38.691257], [-90.236335, 38.691303], [-90.236194, 38.691381], [-90.236147, 38.691327], [-90.235843, 38.69098], [-90.235545, 38.690639], [-90.234786, 38.689781], [-90.234434, 38.689383], [-90.234298, 38.689229], [-90.23389, 38.688769], [-90.233754, 38.688616], [-90.233463, 38.68828], [-90.232789, 38.6875], [-90.23259, 38.687275], [-90.232297, 38.686943], [-90.231701, 38.686267], [-90.231666, 38.686228], [-90.230914, 38.685398], [-90.23046, 38.684849], [-90.23035, 38.684738], [-90.230237, 38.684605], [-90.23008, 38.684421], [-90.229961, 38.684391], [-90.229706, 38.68418], [-90.229611, 38.684102], [-90.229238, 38.683868], [-90.228896, 38.683682], [-90.228839, 38.683651], [-90.228712, 38.683582], [-90.228626, 38.683535], [-90.228579, 38.683509], [-90.228509, 38.68347], [-90.228153, 38.683296], [-90.227966, 38.683204], [-90.227736, 38.683094], [-90.227682, 38.683068], [-90.227469, 38.682966], [-90.227379, 38.682926], [-90.226895, 38.682688], [-90.226479, 38.682485], [-90.22658, 38.682394], [-90.22674, 38.682288], [-90.226816, 38.68224], [-90.226884, 38.682206], [-90.226971, 38.682176], [-90.227339, 38.682098], [-90.227434, 38.682088], [-90.227611, 38.68207], [-90.227784, 38.682057], [-90.227998, 38.682083], [-90.228145, 38.68214], [-90.228322, 38.68227], [-90.228569, 38.682451], [-90.228727, 38.682551], [-90.228829, 38.682593], [-90.229407, 38.682735], [-90.229999, 38.682727], [-90.230172, 38.682272], [-90.230731, 38.682256], [-90.232245, 38.682061], [-90.232762, 38.682004], [-90.232853, 38.682516], [-90.232922, 38.682508], [-90.234042, 38.682343], [-90.234446, 38.682306], [-90.23514, 38.682222], [-90.235894, 38.682132], [-90.236554, 38.682073], [-90.236934, 38.682092], [-90.237089, 38.682102], [-90.237242, 38.682127], [-90.237531, 38.682168], [-90.238171, 38.682267], [-90.238226, 38.682276], [-90.238723, 38.682414], [-90.239046, 38.682516], [-90.239282, 38.682605], [-90.239609, 38.682135], [-90.239647, 38.682077], [-90.239756, 38.68193], [-90.239946, 38.681685], [-90.240174, 38.68139], [-90.240291, 38.681238], [-90.240448, 38.681037], [-90.240642, 38.680782], [-90.240759, 38.68063], [-90.240875, 38.680476], [-90.241225, 38.680015], [-90.241342, 38.679862], [-90.241454, 38.679713], [-90.241791, 38.679269], [-90.241904, 38.679121], [-90.24241, 38.67934], [-90.242571, 38.67941], [-90.242999, 38.679596], [-90.244563, 38.680295], [-90.244658, 38.680338], [-90.244782, 38.680387], [-90.245238, 38.680568], [-90.245423, 38.680641], [-90.245769, 38.680778], [-90.245977, 38.680866], [-90.246161, 38.680945], [-90.24652, 38.6811], [-90.246888, 38.681259], [-90.247402, 38.681482], [-90.2476, 38.681566], [-90.24781, 38.681655], [-90.247961, 38.68172], [-90.24796, 38.681833], [-90.247966, 38.681938], [-90.247975, 38.681986], [-90.247638, 38.6831]]]}}, {"id": "27", "type": "Feature", "properties": {"geoid": "29510111100", "name": "Census Tract 1111; St. Louis city; Missouri", "total_population": 1967, "total_population_moe": 382, "race_total": 1967, "race_total_moe": 382, "race_white_non_hispanic": 86, "race_white_non_hispanic_moe": 54, "race_black_non_hispanic": 1853, "race_black_non_hispanic_moe": 387, "poverty_universe": 1886, "poverty_universe_moe": 382, "poverty_below": 915, "poverty_below_moe": 431, "male_5_9": 117, "male_5_9_moe": 87, "male_10_14": 177, "male_10_14_moe": 149, "male_15_17": 18, "male_15_17_moe": 28, "female_5_9": 71, "female_5_9_moe": 107, "female_10_14": 64, "female_10_14_moe": 64, "female_15_17": 13, "female_15_17_moe": 24, "male_white_non_hispanic_5_9": 0, "male_white_non_hispanic_5_9_moe": 12, "male_white_non_hispanic_10_14": 0, "male_white_non_hispanic_10_14_moe": 12, "male_white_non_hispanic_15_17": 0, "male_white_non_hispanic_15_17_moe": 12, "female_white_non_hispanic_5_9": 0, "female_white_non_hispanic_5_9_moe": 12, "female_white_non_hispanic_10_14": 0, "female_white_non_hispanic_10_14_moe": 12, "female_white_non_hispanic_15_17": 0, "female_white_non_hispanic_15_17_moe": 12, "male_black_alone_5_9": 117, "male_black_alone_5_9_moe": 87, "male_black_alone_10_14": 177, "male_black_alone_10_14_moe": 149, "male_black_alone_15_17": 18, "male_black_alone_15_17_moe": 28, "female_black_alone_5_9": 71, "female_black_alone_5_9_moe": 107, "female_black_alone_10_14": 64, "female_black_alone_10_14_moe": 64, "female_black_alone_15_17": 13, "female_black_alone_15_17_moe": 24, "male_public_school_5_9": 96, "state": "29", "county": "510", "tract": "111100", "male_public_school_5_9_moe": 80, "male_public_school_10_14": 177, "male_public_school_10_14_moe": 149, "male_public_school_15_17": 18, "male_public_school_15_17_moe": 28, "male_private_school_5_9": 0, "male_private_school_5_9_moe": 12, "male_private_school_10_14": 0, "male_private_school_10_14_moe": 12, "male_private_school_15_17": 0, "male_private_school_15_17_moe": 12, "female_public_school_5_9": 71, "female_public_school_5_9_moe": 107, "female_public_school_10_14": 64, "female_public_school_10_14_moe": 64, "female_public_school_15_17": 13, "female_public_school_15_17_moe": 24, "female_private_school_5_9": 0, "female_private_school_5_9_moe": 12, "female_private_school_10_14": 0, "female_private_school_10_14_moe": 12, "female_private_school_15_17": 0, "female_private_school_15_17_moe": 12, "median_household_income": 18423, "median_household_income_moe": 17740, "acs_median_owner_occupied_home_value": 142900, "acs_median_owner_occupied_home_value_moe": 108786, "race_other": 28, "race_white_share": 0.043721403152008134, "race_black_share": 0.942043721403152, "race_other_share": 0.014234875444839857, "poverty_rate": 0.4851537645811241, "school_age_5_17": 460, "school_age_white_non_hispanic_5_17": 0, "school_age_black_alone_5_17": 460, "school_age_other_or_unclassified_5_17": 0, "school_age_white_non_hispanic_5_17_moe": 29.393876913398138, "school_age_black_alone_5_17_moe": 216.043977004683, "school_age_white_non_hispanic_5_17_share": 0.0, "school_age_black_alone_5_17_share": 1.0, "school_age_other_or_unclassified_5_17_share": 0.0, "school_age_5_17_per_capita": 0.2338586680223691, "public_school_enrolled_5_17": 439, "private_school_enrolled_5_17": 0, "public_school_enrolled_5_17_moe": 213.32135383031863, "private_school_enrolled_5_17_moe": 29.393876913398138, "public_school_enrolled_5_17_per_school_age": 0.9543478260869566, "private_school_enrolled_5_17_per_school_age": 0.0, "source_area_sq_m": 1091538.857871011, "city_area_sq_m": 1091538.8578710116, "city_area_share": 1.0000000000000007, "tornado_damage_intersects": true, "tornado_max_efscale": "0", "tornado_damage_area_sq_m": 5845.024625483702, "tornado_damage_area_share": 0.00535484795922365, "tornado_damage_point_count": 0, "tornado_ef2_plus_point_count": 0, "tornado_distance_to_path_m": 609.2260969127328}, "geometry": {"type": "Polygon", "coordinates": [[[-90.25261, 38.651401], [-90.252365, 38.651751], [-90.252315, 38.651823], [-90.252271, 38.651884], [-90.252146, 38.652062], [-90.25211, 38.652112], [-90.252005, 38.652261], [-90.25197, 38.652312], [-90.251911, 38.652394], [-90.251737, 38.65264], [-90.251679, 38.652723], [-90.251359, 38.653175], [-90.251321, 38.653229], [-90.24998, 38.652645], [-90.248973, 38.652184], [-90.248903, 38.652152], [-90.248384, 38.651929], [-90.248314, 38.652026], [-90.248104, 38.65232], [-90.248035, 38.652418], [-90.247905, 38.652599], [-90.247717, 38.652865], [-90.247517, 38.653145], [-90.247388, 38.653327], [-90.24724, 38.653533], [-90.247056, 38.653792], [-90.246799, 38.654153], [-90.246653, 38.65436], [-90.24612, 38.654122], [-90.24506, 38.65365], [-90.244519, 38.653416], [-90.243984, 38.653186], [-90.24192, 38.652298], [-90.24026, 38.65157], [-90.238574, 38.650825], [-90.234839, 38.649179], [-90.233901, 38.648767], [-90.231186, 38.647571], [-90.230131, 38.647104], [-90.229385, 38.646774], [-90.229238, 38.646709], [-90.228615, 38.646436], [-90.227307, 38.645874], [-90.227595, 38.645349], [-90.227934, 38.644759], [-90.228043, 38.644569], [-90.228372, 38.643999], [-90.228482, 38.64381], [-90.228591, 38.64362], [-90.228653, 38.643515], [-90.228783, 38.643291], [-90.228917, 38.643051], [-90.229025, 38.642861], [-90.229083, 38.642756], [-90.229257, 38.642443], [-90.229316, 38.642339], [-90.230009, 38.642654], [-90.230561, 38.642905], [-90.23301, 38.643971], [-90.233667, 38.644256], [-90.234055, 38.644424], [-90.235639, 38.645114], [-90.235858, 38.645209], [-90.236296, 38.645403], [-90.236457, 38.645174], [-90.236656, 38.644893], [-90.236945, 38.644492], [-90.237109, 38.644266], [-90.237696, 38.644531], [-90.238599, 38.644937], [-90.238971, 38.645104], [-90.23923, 38.64522], [-90.239553, 38.645366], [-90.241133, 38.646051], [-90.241769, 38.646327], [-90.242373, 38.646593], [-90.244186, 38.647391], [-90.244791, 38.647658], [-90.24527, 38.647871], [-90.24671, 38.64851], [-90.24719, 38.648724], [-90.247482, 38.648855], [-90.24772, 38.648958], [-90.249317, 38.649653], [-90.24985, 38.649885], [-90.250434, 38.65014], [-90.252188, 38.650908], [-90.252543, 38.651064], [-90.25277, 38.651173], [-90.252645, 38.65135], [-90.25261, 38.651401]]]}}, {"id": "28", "type": "Feature", "properties": {"geoid": "29510111200", "name": "Census Tract 1112; St. Louis city; Missouri", "total_population": 907, "total_population_moe": 122, "race_total": 907, "race_total_moe": 122, "race_white_non_hispanic": 96, "race_white_non_hispanic_moe": 49, "race_black_non_hispanic": 771, "race_black_non_hispanic_moe": 124, "poverty_universe": 804, "poverty_universe_moe": 121, "poverty_below": 395, "poverty_below_moe": 94, "male_5_9": 47, "male_5_9_moe": 9, "male_10_14": 0, "male_10_14_moe": 12, "male_15_17": 0, "male_15_17_moe": 12, "female_5_9": 0, "female_5_9_moe": 12, "female_10_14": 10, "female_10_14_moe": 23, "female_15_17": 7, "female_15_17_moe": 10, "male_white_non_hispanic_5_9": 0, "male_white_non_hispanic_5_9_moe": 12, "male_white_non_hispanic_10_14": 0, "male_white_non_hispanic_10_14_moe": 12, "male_white_non_hispanic_15_17": 0, "male_white_non_hispanic_15_17_moe": 12, "female_white_non_hispanic_5_9": 0, "female_white_non_hispanic_5_9_moe": 12, "female_white_non_hispanic_10_14": 0, "female_white_non_hispanic_10_14_moe": 12, "female_white_non_hispanic_15_17": 0, "female_white_non_hispanic_15_17_moe": 12, "male_black_alone_5_9": 47, "male_black_alone_5_9_moe": 9, "male_black_alone_10_14": 0, "male_black_alone_10_14_moe": 12, "male_black_alone_15_17": 0, "male_black_alone_15_17_moe": 12, "female_black_alone_5_9": 0, "female_black_alone_5_9_moe": 12, "female_black_alone_10_14": 10, "female_black_alone_10_14_moe": 23, "female_black_alone_15_17": 7, "female_black_alone_15_17_moe": 10, "male_public_school_5_9": 0, "state": "29", "county": "510", "tract": "111200", "male_public_school_5_9_moe": 12, "male_public_school_10_14": 0, "male_public_school_10_14_moe": 12, "male_public_school_15_17": 0, "male_public_school_15_17_moe": 12, "male_private_school_5_9": 0, "male_private_school_5_9_moe": 12, "male_private_school_10_14": 0, "male_private_school_10_14_moe": 12, "male_private_school_15_17": 0, "male_private_school_15_17_moe": 12, "female_public_school_5_9": 0, "female_public_school_5_9_moe": 12, "female_public_school_10_14": 0, "female_public_school_10_14_moe": 12, "female_public_school_15_17": 7, "female_public_school_15_17_moe": 10, "female_private_school_5_9": 0, "female_private_school_5_9_moe": 12, "female_private_school_10_14": 10, "female_private_school_10_14_moe": 23, "female_private_school_15_17": 0, "female_private_school_15_17_moe": 12, "median_household_income": 31993, "median_household_income_moe": 5322, "acs_median_owner_occupied_home_value": 91000, "acs_median_owner_occupied_home_value_moe": 15538, "race_other": 40, "race_white_share": 0.10584343991179714, "race_black_share": 0.8500551267916208, "race_other_share": 0.044101433296582136, "poverty_rate": 0.49129353233830847, "school_age_5_17": 64, "school_age_white_non_hispanic_5_17": 0, "school_age_black_alone_5_17": 64, "school_age_other_or_unclassified_5_17": 0, "school_age_white_non_hispanic_5_17_moe": 29.393876913398138, "school_age_black_alone_5_17_moe": 33.793490497431605, "school_age_white_non_hispanic_5_17_share": 0.0, "school_age_black_alone_5_17_share": 1.0, "school_age_other_or_unclassified_5_17_share": 0.0, "school_age_5_17_per_capita": 0.07056229327453142, "public_school_enrolled_5_17": 7, "private_school_enrolled_5_17": 10, "public_school_enrolled_5_17_moe": 28.635642126552707, "private_school_enrolled_5_17_moe": 35.34119409414458, "public_school_enrolled_5_17_per_school_age": 0.109375, "private_school_enrolled_5_17_per_school_age": 0.15625, "source_area_sq_m": 1048133.5833759166, "city_area_sq_m": 1048133.5833759158, "city_area_share": 0.9999999999999992, "tornado_damage_intersects": true, "tornado_max_efscale": "2", "tornado_damage_area_sq_m": 2080055.9613353075, "tornado_damage_area_share": 1.9845332640093223, "tornado_damage_point_count": 24, "tornado_ef2_plus_point_count": 16, "tornado_distance_to_path_m": 0.0}, "geometry": {"type": "Polygon", "coordinates": [[[-90.254673, 38.65858], [-90.25447, 38.658854], [-90.254325, 38.659053], [-90.254275, 38.65912], [-90.254126, 38.659323], [-90.254077, 38.659391], [-90.254028, 38.659459], [-90.25396, 38.65955], [-90.253811, 38.659756], [-90.253612, 38.660029], [-90.253496, 38.660189], [-90.253379, 38.66035], [-90.253027, 38.660833], [-90.252911, 38.660995], [-90.252858, 38.66107], [-90.2527, 38.661294], [-90.252648, 38.66137], [-90.252356, 38.661787], [-90.251814, 38.662546], [-90.251784, 38.662589], [-90.251319, 38.663237], [-90.251243, 38.663342], [-90.25088, 38.663846], [-90.250678, 38.664123], [-90.250437, 38.664454], [-90.250211, 38.664764], [-90.250113, 38.664899], [-90.249934, 38.665147], [-90.249524, 38.665726], [-90.249423, 38.665869], [-90.24888, 38.666633], [-90.248852, 38.666673], [-90.24884, 38.66669], [-90.248222, 38.667557], [-90.247657, 38.667304], [-90.247534, 38.667252], [-90.246495, 38.666816], [-90.246274, 38.666724], [-90.245865, 38.666544], [-90.243982, 38.665718], [-90.243355, 38.665443], [-90.243244, 38.665394], [-90.242914, 38.665247], [-90.242804, 38.665199], [-90.242936, 38.66501], [-90.243332, 38.664445], [-90.243465, 38.664257], [-90.243591, 38.664076], [-90.243769, 38.663824], [-90.243976, 38.663536], [-90.244106, 38.663357], [-90.244224, 38.663192], [-90.244579, 38.6627], [-90.244698, 38.662536], [-90.24481, 38.662379], [-90.245147, 38.661911], [-90.24526, 38.661755], [-90.245371, 38.661598], [-90.245706, 38.66113], [-90.245818, 38.660974], [-90.245929, 38.660816], [-90.246264, 38.660342], [-90.246376, 38.660185], [-90.246485, 38.660028], [-90.246816, 38.659558], [-90.246927, 38.659402], [-90.247487, 38.658614], [-90.247601, 38.658452], [-90.247757, 38.658235], [-90.247951, 38.657972], [-90.248069, 38.657814], [-90.247597, 38.657608], [-90.247548, 38.657587], [-90.247488, 38.657561], [-90.246181, 38.656992], [-90.245709, 38.656787], [-90.245093, 38.656519], [-90.244442, 38.656236], [-90.243342, 38.65575], [-90.243162, 38.65567], [-90.242622, 38.655432], [-90.242443, 38.655353], [-90.242045, 38.655177], [-90.240854, 38.65465], [-90.240457, 38.654475], [-90.240115, 38.654324], [-90.239089, 38.653874], [-90.238747, 38.653724], [-90.238528, 38.653628], [-90.237874, 38.65334], [-90.237656, 38.653244], [-90.237536, 38.653191], [-90.237176, 38.653035], [-90.237057, 38.652983], [-90.237155, 38.652839], [-90.23738, 38.652514], [-90.237453, 38.652409], [-90.237553, 38.652267], [-90.237615, 38.652178], [-90.237802, 38.651911], [-90.237865, 38.651823], [-90.238006, 38.651623], [-90.238211, 38.651335], [-90.238432, 38.651024], [-90.238574, 38.650825], [-90.24026, 38.65157], [-90.24192, 38.652298], [-90.243984, 38.653186], [-90.244519, 38.653416], [-90.24506, 38.65365], [-90.24612, 38.654122], [-90.246653, 38.65436], [-90.246799, 38.654153], [-90.247056, 38.653792], [-90.24724, 38.653533], [-90.247388, 38.653327], [-90.247517, 38.653145], [-90.247717, 38.652865], [-90.247905, 38.652599], [-90.248035, 38.652418], [-90.248104, 38.65232], [-90.248314, 38.652026], [-90.248384, 38.651929], [-90.248903, 38.652152], [-90.248973, 38.652184], [-90.24998, 38.652645], [-90.251321, 38.653229], [-90.250977, 38.653702], [-90.250941, 38.653752], [-90.250655, 38.654142], [-90.250444, 38.65443], [-90.250321, 38.654601], [-90.249965, 38.6551], [-90.249586, 38.655652], [-90.251531, 38.656517], [-90.252468, 38.656929], [-90.253232, 38.657262], [-90.255053, 38.658062], [-90.254907, 38.65826], [-90.254673, 38.65858]]]}}, {"id": "29", "type": "Feature", "properties": {"geoid": "29510111300", "name": "Census Tract 1113; St. Louis city; Missouri", "total_population": 1245, "total_population_moe": 315, "race_total": 1245, "race_total_moe": 315, "race_white_non_hispanic": 100, "race_white_non_hispanic_moe": 105, "race_black_non_hispanic": 1137, "race_black_non_hispanic_moe": 316, "poverty_universe": 1241, "poverty_universe_moe": 315, "poverty_below": 366, "poverty_below_moe": 146, "male_5_9": 1, "male_5_9_moe": 3, "male_10_14": 1, "male_10_14_moe": 2, "male_15_17": 0, "male_15_17_moe": 12, "female_5_9": 54, "female_5_9_moe": 66, "female_10_14": 0, "female_10_14_moe": 12, "female_15_17": 1, "female_15_17_moe": 2, "male_white_non_hispanic_5_9": 1, "male_white_non_hispanic_5_9_moe": 3, "male_white_non_hispanic_10_14": 1, "male_white_non_hispanic_10_14_moe": 2, "male_white_non_hispanic_15_17": 0, "male_white_non_hispanic_15_17_moe": 12, "female_white_non_hispanic_5_9": 1, "female_white_non_hispanic_5_9_moe": 3, "female_white_non_hispanic_10_14": 0, "female_white_non_hispanic_10_14_moe": 12, "female_white_non_hispanic_15_17": 0, "female_white_non_hispanic_15_17_moe": 12, "male_black_alone_5_9": 0, "male_black_alone_5_9_moe": 12, "male_black_alone_10_14": 0, "male_black_alone_10_14_moe": 12, "male_black_alone_15_17": 0, "male_black_alone_15_17_moe": 12, "female_black_alone_5_9": 53, "female_black_alone_5_9_moe": 66, "female_black_alone_10_14": 0, "female_black_alone_10_14_moe": 12, "female_black_alone_15_17": 1, "female_black_alone_15_17_moe": 2, "male_public_school_5_9": 1, "state": "29", "county": "510", "tract": "111300", "male_public_school_5_9_moe": 3, "male_public_school_10_14": 1, "male_public_school_10_14_moe": 2, "male_public_school_15_17": 0, "male_public_school_15_17_moe": 12, "male_private_school_5_9": 0, "male_private_school_5_9_moe": 12, "male_private_school_10_14": 0, "male_private_school_10_14_moe": 12, "male_private_school_15_17": 0, "male_private_school_15_17_moe": 12, "female_public_school_5_9": 19, "female_public_school_5_9_moe": 33, "female_public_school_10_14": 0, "female_public_school_10_14_moe": 12, "female_public_school_15_17": 1, "female_public_school_15_17_moe": 2, "female_private_school_5_9": 26, "female_private_school_5_9_moe": 50, "female_private_school_10_14": 0, "female_private_school_10_14_moe": 12, "female_private_school_15_17": 0, "female_private_school_15_17_moe": 12, "median_household_income": 27443, "median_household_income_moe": 4251, "acs_median_owner_occupied_home_value": 33100, "acs_median_owner_occupied_home_value_moe": 19131, "race_other": 8, "race_white_share": 0.08032128514056225, "race_black_share": 0.9132530120481928, "race_other_share": 0.00642570281124498, "poverty_rate": 0.29492344883158744, "school_age_5_17": 57, "school_age_white_non_hispanic_5_17": 3, "school_age_black_alone_5_17": 54, "school_age_other_or_unclassified_5_17": 0, "school_age_white_non_hispanic_5_17_moe": 21.307275752662516, "school_age_black_alone_5_17_moe": 70.25667228100119, "school_age_white_non_hispanic_5_17_share": 0.05263157894736842, "school_age_black_alone_5_17_share": 0.9473684210526315, "school_age_other_or_unclassified_5_17_share": 0.0, "school_age_5_17_per_capita": 0.04578313253012048, "public_school_enrolled_5_17": 22, "private_school_enrolled_5_17": 26, "public_school_enrolled_5_17_moe": 37.33630940518894, "private_school_enrolled_5_17_moe": 56.74504383644443, "public_school_enrolled_5_17_per_school_age": 0.38596491228070173, "private_school_enrolled_5_17_per_school_age": 0.45614035087719296, "source_area_sq_m": 951707.394628261, "city_area_sq_m": 951707.3946282614, "city_area_share": 1.0000000000000004, "tornado_damage_intersects": true, "tornado_max_efscale": "2", "tornado_damage_area_sq_m": 1318802.9852288545, "tornado_damage_area_share": 1.3857231673018453, "tornado_damage_point_count": 12, "tornado_ef2_plus_point_count": 4, "tornado_distance_to_path_m": 0.0}, "geometry": {"type": "Polygon", "coordinates": [[[-90.247757, 38.658235], [-90.247601, 38.658452], [-90.247487, 38.658614], [-90.246927, 38.659402], [-90.246816, 38.659558], [-90.246485, 38.660028], [-90.246376, 38.660185], [-90.246264, 38.660342], [-90.245929, 38.660816], [-90.245818, 38.660974], [-90.245706, 38.66113], [-90.245371, 38.661598], [-90.24526, 38.661755], [-90.245147, 38.661911], [-90.24481, 38.662379], [-90.244698, 38.662536], [-90.244579, 38.6627], [-90.244224, 38.663192], [-90.244106, 38.663357], [-90.243976, 38.663536], [-90.243769, 38.663824], [-90.243591, 38.664076], [-90.243465, 38.664257], [-90.243332, 38.664445], [-90.242936, 38.66501], [-90.242804, 38.665199], [-90.242335, 38.664989], [-90.241867, 38.664779], [-90.240921, 38.664383], [-90.240725, 38.664301], [-90.240448, 38.664185], [-90.240153, 38.664062], [-90.240074, 38.664027], [-90.238962, 38.663538], [-90.238592, 38.663375], [-90.238124, 38.663169], [-90.237672, 38.66297], [-90.236717, 38.662558], [-90.236248, 38.662356], [-90.235686, 38.662115], [-90.233999, 38.661392], [-90.233825, 38.661318], [-90.233442, 38.661143], [-90.233579, 38.660952], [-90.233781, 38.660672], [-90.234127, 38.660188], [-90.23441, 38.659792], [-90.234769, 38.659288], [-90.234558, 38.659196], [-90.233925, 38.658922], [-90.233715, 38.658831], [-90.233938, 38.658508], [-90.234609, 38.65754], [-90.234833, 38.657218], [-90.234873, 38.657162], [-90.234993, 38.656997], [-90.235034, 38.656942], [-90.235231, 38.656672], [-90.235514, 38.656286], [-90.235506, 38.656189], [-90.235513, 38.656116], [-90.235536, 38.656036], [-90.235597, 38.655952], [-90.235697, 38.655878], [-90.235734, 38.655861], [-90.235866, 38.655803], [-90.235977, 38.655649], [-90.236003, 38.655612], [-90.236081, 38.655505], [-90.236108, 38.655469], [-90.236229, 38.655302], [-90.236309, 38.655186], [-90.236905, 38.654334], [-90.237104, 38.65405], [-90.237214, 38.653888], [-90.237384, 38.653642], [-90.237545, 38.653405], [-90.237656, 38.653244], [-90.237874, 38.65334], [-90.238528, 38.653628], [-90.238747, 38.653724], [-90.239089, 38.653874], [-90.240115, 38.654324], [-90.240457, 38.654475], [-90.240854, 38.65465], [-90.242045, 38.655177], [-90.242443, 38.655353], [-90.242622, 38.655432], [-90.243162, 38.65567], [-90.243342, 38.65575], [-90.244442, 38.656236], [-90.245093, 38.656519], [-90.245709, 38.656787], [-90.246181, 38.656992], [-90.247488, 38.657561], [-90.247548, 38.657587], [-90.247597, 38.657608], [-90.248069, 38.657814], [-90.247951, 38.657972], [-90.247757, 38.658235]]]}}, {"id": "30", "type": "Feature", "properties": {"geoid": "29510112200", "name": "Census Tract 1122; St. Louis city; Missouri", "total_population": 1224, "total_population_moe": 305, "race_total": 1224, "race_total_moe": 305, "race_white_non_hispanic": 119, "race_white_non_hispanic_moe": 53, "race_black_non_hispanic": 1006, "race_black_non_hispanic_moe": 285, "poverty_universe": 1147, "poverty_universe_moe": 307, "poverty_below": 165, "poverty_below_moe": 95, "male_5_9": 49, "male_5_9_moe": 45, "male_10_14": 9, "male_10_14_moe": 16, "male_15_17": 0, "male_15_17_moe": 12, "female_5_9": 16, "female_5_9_moe": 23, "female_10_14": 0, "female_10_14_moe": 12, "female_15_17": 0, "female_15_17_moe": 12, "male_white_non_hispanic_5_9": 0, "male_white_non_hispanic_5_9_moe": 12, "male_white_non_hispanic_10_14": 0, "male_white_non_hispanic_10_14_moe": 12, "male_white_non_hispanic_15_17": 0, "male_white_non_hispanic_15_17_moe": 12, "female_white_non_hispanic_5_9": 0, "female_white_non_hispanic_5_9_moe": 12, "female_white_non_hispanic_10_14": 0, "female_white_non_hispanic_10_14_moe": 12, "female_white_non_hispanic_15_17": 0, "female_white_non_hispanic_15_17_moe": 12, "male_black_alone_5_9": 49, "male_black_alone_5_9_moe": 45, "male_black_alone_10_14": 9, "male_black_alone_10_14_moe": 16, "male_black_alone_15_17": 0, "male_black_alone_15_17_moe": 12, "female_black_alone_5_9": 16, "female_black_alone_5_9_moe": 23, "female_black_alone_10_14": 0, "female_black_alone_10_14_moe": 12, "female_black_alone_15_17": 0, "female_black_alone_15_17_moe": 12, "male_public_school_5_9": 40, "state": "29", "county": "510", "tract": "112200", "male_public_school_5_9_moe": 44, "male_public_school_10_14": 9, "male_public_school_10_14_moe": 16, "male_public_school_15_17": 0, "male_public_school_15_17_moe": 12, "male_private_school_5_9": 0, "male_private_school_5_9_moe": 12, "male_private_school_10_14": 0, "male_private_school_10_14_moe": 12, "male_private_school_15_17": 0, "male_private_school_15_17_moe": 12, "female_public_school_5_9": 16, "female_public_school_5_9_moe": 23, "female_public_school_10_14": 0, "female_public_school_10_14_moe": 12, "female_public_school_15_17": 0, "female_public_school_15_17_moe": 12, "female_private_school_5_9": 0, "female_private_school_5_9_moe": 12, "female_private_school_10_14": 0, "female_private_school_10_14_moe": 12, "female_private_school_15_17": 0, "female_private_school_15_17_moe": 12, "median_household_income": 43250, "median_household_income_moe": 24401, "acs_median_owner_occupied_home_value": 185400, "acs_median_owner_occupied_home_value_moe": 48080, "race_other": 99, "race_white_share": 0.09722222222222222, "race_black_share": 0.8218954248366013, "race_other_share": 0.08088235294117647, "poverty_rate": 0.14385353095030515, "school_age_5_17": 74, "school_age_white_non_hispanic_5_17": 0, "school_age_black_alone_5_17": 74, "school_age_other_or_unclassified_5_17": 0, "school_age_white_non_hispanic_5_17_moe": 29.393876913398138, "school_age_black_alone_5_17_moe": 56.938563381947034, "school_age_white_non_hispanic_5_17_share": 0.0, "school_age_black_alone_5_17_share": 1.0, "school_age_other_or_unclassified_5_17_share": 0.0, "school_age_5_17_per_capita": 0.06045751633986928, "public_school_enrolled_5_17": 65, "private_school_enrolled_5_17": 0, "public_school_enrolled_5_17_moe": 56.15158056546583, "private_school_enrolled_5_17_moe": 29.393876913398138, "public_school_enrolled_5_17_per_school_age": 0.8783783783783784, "private_school_enrolled_5_17_per_school_age": 0.0, "source_area_sq_m": 695679.1902238679, "city_area_sq_m": 695679.1902238688, "city_area_share": 1.0000000000000013, "tornado_damage_intersects": true, "tornado_max_efscale": "2", "tornado_damage_area_sq_m": 1430658.0299191098, "tornado_damage_area_share": 2.0564910522301587, "tornado_damage_point_count": 9, "tornado_ef2_plus_point_count": 3, "tornado_distance_to_path_m": 0.0}, "geometry": {"type": "Polygon", "coordinates": [[[-90.282083, 38.654304], [-90.281974, 38.654885], [-90.278921, 38.654605], [-90.278913, 38.654638], [-90.278891, 38.654739], [-90.278884, 38.654773], [-90.277329, 38.654634], [-90.276744, 38.654569], [-90.276014, 38.654498], [-90.275931, 38.654491], [-90.275174, 38.654429], [-90.274811, 38.654396], [-90.273823, 38.654307], [-90.273585, 38.654286], [-90.273094, 38.654232], [-90.273079, 38.654297], [-90.273069, 38.654359], [-90.27301, 38.654743], [-90.272991, 38.654872], [-90.272953, 38.655119], [-90.272875, 38.65563], [-90.272836, 38.655861], [-90.272795, 38.656108], [-90.272783, 38.656177], [-90.272748, 38.656386], [-90.272737, 38.656456], [-90.272714, 38.656589], [-90.272647, 38.656991], [-90.272626, 38.657125], [-90.272148, 38.657082], [-90.271222, 38.657001], [-90.27088, 38.656963], [-90.270718, 38.656944], [-90.270242, 38.656892], [-90.270171, 38.656884], [-90.269959, 38.65686], [-90.269889, 38.656853], [-90.269179, 38.65678], [-90.267049, 38.656564], [-90.266339, 38.656492], [-90.266309, 38.656671], [-90.266264, 38.656942], [-90.266219, 38.65721], [-90.266189, 38.65739], [-90.266157, 38.657569], [-90.26611, 38.657837], [-90.266061, 38.658108], [-90.266029, 38.658288], [-90.265995, 38.658478], [-90.265943, 38.658773], [-90.265923, 38.65888], [-90.265897, 38.659049], [-90.265869, 38.65924], [-90.265836, 38.659439], [-90.265791, 38.659724], [-90.265747, 38.66004], [-90.26572, 38.660241], [-90.264993, 38.66017], [-90.264684, 38.660141], [-90.262815, 38.659952], [-90.262089, 38.659879], [-90.262122, 38.659675], [-90.262175, 38.65935], [-90.262224, 38.659065], [-90.262259, 38.658862], [-90.262265, 38.658824], [-90.262284, 38.658713], [-90.262291, 38.658676], [-90.262305, 38.658591], [-90.26235, 38.658338], [-90.262365, 38.658254], [-90.262376, 38.658186], [-90.262412, 38.657984], [-90.262424, 38.657917], [-90.262504, 38.657459], [-90.262582, 38.656993], [-90.262656, 38.656552], [-90.262679, 38.656414], [-90.262701, 38.65628], [-90.262732, 38.656103], [-90.262746, 38.656017], [-90.26279, 38.655763], [-90.262805, 38.655678], [-90.262819, 38.6556], [-90.262826, 38.655558], [-90.262888, 38.655199], [-90.262909, 38.65508], [-90.262969, 38.654724], [-90.26301, 38.654483], [-90.263109, 38.653869], [-90.263202, 38.653284], [-90.263305, 38.65272], [-90.263406, 38.652153], [-90.263464, 38.651795], [-90.263503, 38.651564], [-90.26366, 38.65157], [-90.264223, 38.651616], [-90.264543, 38.651643], [-90.266381, 38.651838], [-90.2671, 38.651915], [-90.267611, 38.651967], [-90.269145, 38.652125], [-90.269657, 38.652178], [-90.269859, 38.652199], [-90.270468, 38.652262], [-90.270671, 38.652284], [-90.272631, 38.652487], [-90.273184, 38.652595], [-90.273349, 38.652643], [-90.273682, 38.652738], [-90.274272, 38.652893], [-90.274556, 38.652962], [-90.275066, 38.653032], [-90.275151, 38.653012], [-90.275235, 38.652993], [-90.275345, 38.652993], [-90.276938, 38.653151], [-90.27695, 38.653152], [-90.277392, 38.653197], [-90.27755, 38.653214], [-90.277863, 38.653248], [-90.278136, 38.653278], [-90.278506, 38.653316], [-90.278804, 38.65334], [-90.279119, 38.653366], [-90.279661, 38.653417], [-90.279711, 38.653422], [-90.281487, 38.653602], [-90.28208, 38.653663], [-90.282158, 38.653782], [-90.28213, 38.654023], [-90.282083, 38.654304]]]}}, {"id": "31", "type": "Feature", "properties": {"geoid": "29510115400", "name": "Census Tract 1154; St. Louis city; Missouri", "total_population": 2509, "total_population_moe": 557, "race_total": 2509, "race_total_moe": 557, "race_white_non_hispanic": 1287, "race_white_non_hispanic_moe": 316, "race_black_non_hispanic": 764, "race_black_non_hispanic_moe": 339, "poverty_universe": 2509, "poverty_universe_moe": 557, "poverty_below": 578, "poverty_below_moe": 311, "male_5_9": 47, "male_5_9_moe": 60, "male_10_14": 94, "male_10_14_moe": 76, "male_15_17": 36, "male_15_17_moe": 36, "female_5_9": 48, "female_5_9_moe": 38, "female_10_14": 228, "female_10_14_moe": 204, "female_15_17": 14, "female_15_17_moe": 22, "male_white_non_hispanic_5_9": 0, "male_white_non_hispanic_5_9_moe": 12, "male_white_non_hispanic_10_14": 40, "male_white_non_hispanic_10_14_moe": 43, "male_white_non_hispanic_15_17": 8, "male_white_non_hispanic_15_17_moe": 14, "female_white_non_hispanic_5_9": 26, "female_white_non_hispanic_5_9_moe": 38, "female_white_non_hispanic_10_14": 69, "female_white_non_hispanic_10_14_moe": 57, "female_white_non_hispanic_15_17": 0, "female_white_non_hispanic_15_17_moe": 12, "male_black_alone_5_9": 39, "male_black_alone_5_9_moe": 60, "male_black_alone_10_14": 54, "male_black_alone_10_14_moe": 65, "male_black_alone_15_17": 16, "male_black_alone_15_17_moe": 27, "female_black_alone_5_9": 0, "female_black_alone_5_9_moe": 12, "female_black_alone_10_14": 0, "female_black_alone_10_14_moe": 12, "female_black_alone_15_17": 0, "female_black_alone_15_17_moe": 12, "male_public_school_5_9": 47, "state": "29", "county": "510", "tract": "115400", "male_public_school_5_9_moe": 60, "male_public_school_10_14": 94, "male_public_school_10_14_moe": 76, "male_public_school_15_17": 24, "male_public_school_15_17_moe": 30, "male_private_school_5_9": 0, "male_private_school_5_9_moe": 12, "male_private_school_10_14": 0, "male_private_school_10_14_moe": 12, "male_private_school_15_17": 12, "male_private_school_15_17_moe": 19, "female_public_school_5_9": 48, "female_public_school_5_9_moe": 38, "female_public_school_10_14": 228, "female_public_school_10_14_moe": 204, "female_public_school_15_17": 0, "female_public_school_15_17_moe": 12, "female_private_school_5_9": 0, "female_private_school_5_9_moe": 12, "female_private_school_10_14": 0, "female_private_school_10_14_moe": 12, "female_private_school_15_17": 14, "female_private_school_15_17_moe": 22, "median_household_income": 52847, "median_household_income_moe": 21418, "acs_median_owner_occupied_home_value": 124300, "acs_median_owner_occupied_home_value_moe": 25386, "race_other": 458, "race_white_share": 0.5129533678756477, "race_black_share": 0.3045037863690713, "race_other_share": 0.18254284575528099, "poverty_rate": 0.2303706656038262, "school_age_5_17": 467, "school_age_white_non_hispanic_5_17": 143, "school_age_black_alone_5_17": 109, "school_age_other_or_unclassified_5_17": 215, "school_age_white_non_hispanic_5_17_moe": 83.8212383587835, "school_age_black_alone_5_17_moe": 94.79451460923254, "school_age_white_non_hispanic_5_17_share": 0.30620985010706636, "school_age_black_alone_5_17_share": 0.2334047109207709, "school_age_other_or_unclassified_5_17_share": 0.4603854389721627, "school_age_5_17_per_capita": 0.18612993224392188, "public_school_enrolled_5_17": 441, "private_school_enrolled_5_17": 26, "public_school_enrolled_5_17_moe": 231.25743231299617, "private_school_enrolled_5_17_moe": 37.69615364994153, "public_school_enrolled_5_17_per_school_age": 0.9443254817987152, "private_school_enrolled_5_17_per_school_age": 0.055674518201284794, "source_area_sq_m": 978380.2573776495, "city_area_sq_m": 978380.2573776497, "city_area_share": 1.0000000000000002, "tornado_damage_intersects": false, "tornado_max_efscale": "<NA>", "tornado_damage_area_sq_m": 0.0, "tornado_damage_area_share": 0.0, "tornado_damage_point_count": 0, "tornado_ef2_plus_point_count": 0, "tornado_distance_to_path_m": 7426.684388486506}, "geometry": {"type": "Polygon", "coordinates": [[[-90.26902, 38.579826], [-90.268862, 38.579951], [-90.268808, 38.579993], [-90.267961, 38.580659], [-90.267274, 38.581203], [-90.266908, 38.581495], [-90.266722, 38.581401], [-90.266453, 38.581266], [-90.266281, 38.58118], [-90.266167, 38.581119], [-90.265984, 38.581023], [-90.265797, 38.580923], [-90.265236, 38.580626], [-90.265049, 38.580527], [-90.264265, 38.580112], [-90.263851, 38.579896], [-90.263512, 38.579721], [-90.263428, 38.579677], [-90.262586, 38.579244], [-90.26218, 38.579027], [-90.262147, 38.579009], [-90.261713, 38.578775], [-90.260926, 38.578355], [-90.260823, 38.5783], [-90.260029, 38.577882], [-90.259138, 38.577402], [-90.258245, 38.576916], [-90.258157, 38.576869], [-90.257943, 38.576755], [-90.257801, 38.576679], [-90.257631, 38.576589], [-90.257225, 38.576373], [-90.256938, 38.57622], [-90.256892, 38.576196], [-90.256068, 38.57578], [-90.255778, 38.575634], [-90.255595, 38.575541], [-90.255442, 38.575464], [-90.255166, 38.575317], [-90.255052, 38.575256], [-90.254872, 38.57516], [-90.254661, 38.575048], [-90.25436, 38.574888], [-90.254273, 38.574842], [-90.254031, 38.574713], [-90.253822, 38.574602], [-90.253613, 38.574492], [-90.253312, 38.574333], [-90.252987, 38.574162], [-90.252779, 38.574053], [-90.252572, 38.573944], [-90.252255, 38.573777], [-90.251952, 38.573617], [-90.251746, 38.573508], [-90.251528, 38.573392], [-90.251229, 38.573234], [-90.250874, 38.573046], [-90.250799, 38.573006], [-90.250656, 38.572931], [-90.250693, 38.572887], [-90.250766, 38.5728], [-90.250814, 38.572742], [-90.251033, 38.572483], [-90.251834, 38.571545], [-90.252736, 38.570472], [-90.252757, 38.570446], [-90.252768, 38.570433], [-90.25329, 38.569813], [-90.253598, 38.569447], [-90.254391, 38.568549], [-90.254605, 38.568661], [-90.254681, 38.568701], [-90.254953, 38.568844], [-90.255248, 38.568998], [-90.255463, 38.569111], [-90.255669, 38.569218], [-90.256288, 38.56954], [-90.256495, 38.569648], [-90.256708, 38.569759], [-90.257285, 38.570059], [-90.257349, 38.570094], [-90.257561, 38.57021], [-90.257725, 38.570299], [-90.258218, 38.570569], [-90.258383, 38.570659], [-90.258509, 38.570727], [-90.258605, 38.57078], [-90.258888, 38.570935], [-90.259015, 38.571005], [-90.25932, 38.571172], [-90.260237, 38.571675], [-90.260432, 38.571783], [-90.260544, 38.571841], [-90.260742, 38.571944], [-90.261339, 38.572253], [-90.261538, 38.572356], [-90.261648, 38.572413], [-90.261982, 38.572586], [-90.262093, 38.572644], [-90.262244, 38.572723], [-90.262697, 38.57296], [-90.262848, 38.57304], [-90.263109, 38.573177], [-90.263894, 38.57359], [-90.264156, 38.573728], [-90.264861, 38.574095], [-90.26552, 38.574438], [-90.266975, 38.575205], [-90.267382, 38.57542], [-90.267681, 38.575574], [-90.267964, 38.57572], [-90.268816, 38.576161], [-90.2691, 38.576308], [-90.269048, 38.576468], [-90.268972, 38.576711], [-90.268895, 38.57695], [-90.268844, 38.577111], [-90.26879, 38.577262], [-90.268632, 38.577718], [-90.268579, 38.57787], [-90.268552, 38.577946], [-90.268475, 38.578175], [-90.268449, 38.578252], [-90.268315, 38.578646], [-90.268583, 38.578781], [-90.269177, 38.579082], [-90.269388, 38.579191], [-90.269656, 38.579329], [-90.269497, 38.579453], [-90.26902, 38.579826]]]}}, {"id": "32", "type": "Feature", "properties": {"geoid": "29510115500", "name": "Census Tract 1155; St. Louis city; Missouri", "total_population": 5304, "total_population_moe": 888, "race_total": 5304, "race_total_moe": 888, "race_white_non_hispanic": 1618, "race_white_non_hispanic_moe": 391, "race_black_non_hispanic": 2984, "race_black_non_hispanic_moe": 748, "poverty_universe": 5208, "poverty_universe_moe": 906, "poverty_below": 702, "poverty_below_moe": 473, "male_5_9": 33, "male_5_9_moe": 63, "male_10_14": 188, "male_10_14_moe": 163, "male_15_17": 86, "male_15_17_moe": 101, "female_5_9": 286, "female_5_9_moe": 195, "female_10_14": 123, "female_10_14_moe": 146, "female_15_17": 117, "female_15_17_moe": 122, "male_white_non_hispanic_5_9": 0, "male_white_non_hispanic_5_9_moe": 17, "male_white_non_hispanic_10_14": 6, "male_white_non_hispanic_10_14_moe": 25, "male_white_non_hispanic_15_17": 7, "male_white_non_hispanic_15_17_moe": 29, "female_white_non_hispanic_5_9": 0, "female_white_non_hispanic_5_9_moe": 17, "female_white_non_hispanic_10_14": 0, "female_white_non_hispanic_10_14_moe": 17, "female_white_non_hispanic_15_17": 0, "female_white_non_hispanic_15_17_moe": 17, "male_black_alone_5_9": 33, "male_black_alone_5_9_moe": 63, "male_black_alone_10_14": 133, "male_black_alone_10_14_moe": 145, "male_black_alone_15_17": 79, "male_black_alone_15_17_moe": 97, "female_black_alone_5_9": 199, "female_black_alone_5_9_moe": 180, "female_black_alone_10_14": 123, "female_black_alone_10_14_moe": 146, "female_black_alone_15_17": 111, "female_black_alone_15_17_moe": 120, "male_public_school_5_9": 0, "state": "29", "county": "510", "tract": "115500", "male_public_school_5_9_moe": 17, "male_public_school_10_14": 160, "male_public_school_10_14_moe": 155, "male_public_school_15_17": 79, "male_public_school_15_17_moe": 97, "male_private_school_5_9": 33, "male_private_school_5_9_moe": 63, "male_private_school_10_14": 28, "male_private_school_10_14_moe": 44, "male_private_school_15_17": 7, "male_private_school_15_17_moe": 29, "female_public_school_5_9": 45, "female_public_school_5_9_moe": 80, "female_public_school_10_14": 123, "female_public_school_10_14_moe": 146, "female_public_school_15_17": 111, "female_public_school_15_17_moe": 120, "female_private_school_5_9": 42, "female_private_school_5_9_moe": 69, "female_private_school_10_14": 0, "female_private_school_10_14_moe": 17, "female_private_school_15_17": 6, "female_private_school_15_17_moe": 21, "median_household_income": 50871, "median_household_income_moe": 8787, "acs_median_owner_occupied_home_value": 139300, "acs_median_owner_occupied_home_value_moe": 26073, "race_other": 702, "race_white_share": 0.305052790346908, "race_black_share": 0.5625942684766214, "race_other_share": 0.1323529411764706, "poverty_rate": 0.1347926267281106, "school_age_5_17": 833, "school_age_white_non_hispanic_5_17": 13, "school_age_black_alone_5_17": 678, "school_age_other_or_unclassified_5_17": 142, "school_age_white_non_hispanic_5_17_moe": 51.20546845796843, "school_age_black_alone_5_17_moe": 320.1858835114378, "school_age_white_non_hispanic_5_17_share": 0.015606242496998799, "school_age_black_alone_5_17_share": 0.8139255702280912, "school_age_other_or_unclassified_5_17_share": 0.17046818727490998, "school_age_5_17_per_capita": 0.15705128205128205, "public_school_enrolled_5_17": 518, "private_school_enrolled_5_17": 116, "public_school_enrolled_5_17_moe": 275.388816040158, "private_school_enrolled_5_17_moe": 110.62097450302994, "public_school_enrolled_5_17_per_school_age": 0.6218487394957983, "private_school_enrolled_5_17_per_school_age": 0.13925570228091236, "source_area_sq_m": 1216211.3713839524, "city_area_sq_m": 1216211.3713839536, "city_area_share": 1.0000000000000009, "tornado_damage_intersects": false, "tornado_max_efscale": "<NA>", "tornado_damage_area_sq_m": 0.0, "tornado_damage_area_share": 0.0, "tornado_damage_point_count": 0, "tornado_ef2_plus_point_count": 0, "tornado_distance_to_path_m": 8144.12407632484}, "geometry": {"type": "Polygon", "coordinates": [[[-90.253598, 38.569447], [-90.25329, 38.569813], [-90.252768, 38.570433], [-90.252757, 38.570446], [-90.252736, 38.570472], [-90.251834, 38.571545], [-90.251033, 38.572483], [-90.250814, 38.572742], [-90.250766, 38.5728], [-90.250693, 38.572887], [-90.250656, 38.572931], [-90.250546, 38.57306], [-90.250219, 38.57345], [-90.25011, 38.57358], [-90.250004, 38.573706], [-90.249944, 38.573778], [-90.249451, 38.574377], [-90.249287, 38.574577], [-90.249242, 38.57463], [-90.249109, 38.574792], [-90.249065, 38.574846], [-90.249001, 38.574921], [-90.248813, 38.575149], [-90.24875, 38.575225], [-90.248646, 38.575348], [-90.248334, 38.575719], [-90.248231, 38.575843], [-90.248073, 38.576028], [-90.247602, 38.576586], [-90.247445, 38.576772], [-90.246094, 38.578377], [-90.245902, 38.578613], [-90.245183, 38.579499], [-90.245148, 38.579542], [-90.244759, 38.580025], [-90.244459, 38.5804], [-90.244293, 38.580607], [-90.244217, 38.580724], [-90.24419, 38.580798], [-90.24419, 38.580849], [-90.244204, 38.580936], [-90.243584, 38.580852], [-90.243287, 38.580811], [-90.242091, 38.580664], [-90.240936, 38.580521], [-90.240708, 38.58049], [-90.240385, 38.580448], [-90.240026, 38.5804], [-90.239799, 38.580371], [-90.239978, 38.579596], [-90.240189, 38.57856], [-90.24026, 38.578208], [-90.240304, 38.577996], [-90.240483, 38.577155], [-90.240559, 38.576805], [-90.240594, 38.576626], [-90.240701, 38.576092], [-90.240738, 38.575914], [-90.240937, 38.575017], [-90.241032, 38.574593], [-90.24111, 38.574186], [-90.241146, 38.573995], [-90.241207, 38.573679], [-90.241256, 38.573423], [-90.241293, 38.573233], [-90.241334, 38.573051], [-90.241395, 38.572785], [-90.241453, 38.572531], [-90.241458, 38.572504], [-90.241495, 38.572322], [-90.241531, 38.572139], [-90.241641, 38.571591], [-90.241679, 38.571409], [-90.241716, 38.571219], [-90.241773, 38.570938], [-90.241835, 38.570651], [-90.241876, 38.570462], [-90.241912, 38.570296], [-90.241966, 38.570057], [-90.242019, 38.569799], [-90.242054, 38.569634], [-90.242118, 38.569535], [-90.242179, 38.569444], [-90.242307, 38.569237], [-90.24237, 38.569138], [-90.24249, 38.568965], [-90.242853, 38.568448], [-90.242975, 38.568276], [-90.243092, 38.568108], [-90.243571, 38.567428], [-90.244167, 38.56658], [-90.244286, 38.566413], [-90.244376, 38.566289], [-90.24465, 38.565918], [-90.244772, 38.565754], [-90.245366, 38.564919], [-90.245495, 38.564756], [-90.245617, 38.564604], [-90.245682, 38.564515], [-90.245869, 38.564257], [-90.245992, 38.56409], [-90.246057, 38.564125], [-90.246255, 38.564233], [-90.246321, 38.564269], [-90.246414, 38.564318], [-90.246693, 38.564466], [-90.246786, 38.564516], [-90.246835, 38.564542], [-90.246984, 38.564622], [-90.247034, 38.564649], [-90.247175, 38.564724], [-90.247601, 38.564951], [-90.247743, 38.565027], [-90.247809, 38.565062], [-90.248008, 38.565167], [-90.248075, 38.565203], [-90.248201, 38.56527], [-90.248581, 38.565472], [-90.248708, 38.56554], [-90.248788, 38.565582], [-90.24903, 38.565708], [-90.249111, 38.565751], [-90.249324, 38.565862], [-90.249965, 38.566197], [-90.250179, 38.566309], [-90.250266, 38.566354], [-90.250527, 38.566489], [-90.250614, 38.566534], [-90.250732, 38.566597], [-90.251089, 38.566786], [-90.251105, 38.566794], [-90.251209, 38.566849], [-90.25142, 38.566962], [-90.252056, 38.567301], [-90.252268, 38.567414], [-90.252319, 38.567441], [-90.252472, 38.567524], [-90.252524, 38.567552], [-90.252676, 38.567633], [-90.253132, 38.567879], [-90.253284, 38.567961], [-90.253504, 38.568079], [-90.253769, 38.568222], [-90.254169, 38.568432], [-90.254391, 38.568549], [-90.253598, 38.569447]]]}}, {"id": "33", "type": "Feature", "properties": {"geoid": "29510115600", "name": "Census Tract 1156; St. Louis city; Missouri", "total_population": 3818, "total_population_moe": 488, "race_total": 3818, "race_total_moe": 488, "race_white_non_hispanic": 1144, "race_white_non_hispanic_moe": 367, "race_black_non_hispanic": 2580, "race_black_non_hispanic_moe": 413, "poverty_universe": 3632, "poverty_universe_moe": 487, "poverty_below": 860, "poverty_below_moe": 297, "male_5_9": 0, "male_5_9_moe": 12, "male_10_14": 142, "male_10_14_moe": 148, "male_15_17": 2, "male_15_17_moe": 37, "female_5_9": 0, "female_5_9_moe": 12, "female_10_14": 78, "female_10_14_moe": 147, "female_15_17": 92, "female_15_17_moe": 97, "male_white_non_hispanic_5_9": 0, "male_white_non_hispanic_5_9_moe": 12, "male_white_non_hispanic_10_14": 0, "male_white_non_hispanic_10_14_moe": 12, "male_white_non_hispanic_15_17": 2, "male_white_non_hispanic_15_17_moe": 37, "female_white_non_hispanic_5_9": 0, "female_white_non_hispanic_5_9_moe": 12, "female_white_non_hispanic_10_14": 0, "female_white_non_hispanic_10_14_moe": 12, "female_white_non_hispanic_15_17": 0, "female_white_non_hispanic_15_17_moe": 12, "male_black_alone_5_9": 0, "male_black_alone_5_9_moe": 12, "male_black_alone_10_14": 142, "male_black_alone_10_14_moe": 148, "male_black_alone_15_17": 0, "male_black_alone_15_17_moe": 12, "female_black_alone_5_9": 0, "female_black_alone_5_9_moe": 12, "female_black_alone_10_14": 78, "female_black_alone_10_14_moe": 147, "female_black_alone_15_17": 92, "female_black_alone_15_17_moe": 97, "male_public_school_5_9": 0, "state": "29", "county": "510", "tract": "115600", "male_public_school_5_9_moe": 12, "male_public_school_10_14": 142, "male_public_school_10_14_moe": 148, "male_public_school_15_17": 2, "male_public_school_15_17_moe": 37, "male_private_school_5_9": 0, "male_private_school_5_9_moe": 12, "male_private_school_10_14": 0, "male_private_school_10_14_moe": 12, "male_private_school_15_17": 0, "male_private_school_15_17_moe": 12, "female_public_school_5_9": 0, "female_public_school_5_9_moe": 12, "female_public_school_10_14": 78, "female_public_school_10_14_moe": 147, "female_public_school_15_17": 92, "female_public_school_15_17_moe": 97, "female_private_school_5_9": 0, "female_private_school_5_9_moe": 12, "female_private_school_10_14": 0, "female_private_school_10_14_moe": 12, "female_private_school_15_17": 0, "female_private_school_15_17_moe": 12, "median_household_income": 32363, "median_household_income_moe": 14029, "acs_median_owner_occupied_home_value": -666666666, "acs_median_owner_occupied_home_value_moe": -222222222, "race_other": 94, "race_white_share": 0.2996333158721844, "race_black_share": 0.675746464117339, "race_other_share": 0.02462022001047669, "poverty_rate": 0.236784140969163, "school_age_5_17": 314, "school_age_white_non_hispanic_5_17": 2, "school_age_black_alone_5_17": 312, "school_age_other_or_unclassified_5_17": 0, "school_age_white_non_hispanic_5_17_moe": 45.70557952810576, "school_age_black_alone_5_17_moe": 230.98484798791458, "school_age_white_non_hispanic_5_17_share": 0.006369426751592357, "school_age_black_alone_5_17_share": 0.9936305732484076, "school_age_other_or_unclassified_5_17_share": 0.0, "school_age_5_17_per_capita": 0.0822420115243583, "public_school_enrolled_5_17": 314, "private_school_enrolled_5_17": 0, "public_school_enrolled_5_17_moe": 233.62148873765872, "private_school_enrolled_5_17_moe": 29.393876913398138, "public_school_enrolled_5_17_per_school_age": 1.0, "private_school_enrolled_5_17_per_school_age": 0.0, "source_area_sq_m": 2679078.2846495626, "city_area_sq_m": 2504315.1562082553, "city_area_share": 0.9347674424287429, "tornado_damage_intersects": false, "tornado_max_efscale": "<NA>", "tornado_damage_area_sq_m": 0.0, "tornado_damage_area_share": 0.0, "tornado_damage_point_count": 0, "tornado_ef2_plus_point_count": 0, "tornado_distance_to_path_m": 8345.371769229496}, "geometry": {"type": "Polygon", "coordinates": [[[-90.246577, 38.56347], [-90.24651, 38.563528], [-90.246336, 38.563684], [-90.246314, 38.563708], [-90.246256, 38.563776], [-90.246202, 38.563837], [-90.24617, 38.563875], [-90.246044, 38.564026], [-90.245992, 38.56409], [-90.245869, 38.564257], [-90.245682, 38.564515], [-90.245617, 38.564604], [-90.245495, 38.564756], [-90.245366, 38.564919], [-90.244772, 38.565754], [-90.24465, 38.565918], [-90.244376, 38.566289], [-90.244286, 38.566413], [-90.244167, 38.56658], [-90.243571, 38.567428], [-90.243092, 38.568108], [-90.242975, 38.568276], [-90.242853, 38.568448], [-90.24249, 38.568965], [-90.24237, 38.569138], [-90.242307, 38.569237], [-90.242179, 38.569444], [-90.242118, 38.569535], [-90.242054, 38.569634], [-90.242019, 38.569799], [-90.241966, 38.570057], [-90.241912, 38.570296], [-90.241876, 38.570462], [-90.241835, 38.570651], [-90.241773, 38.570938], [-90.241716, 38.571219], [-90.241679, 38.571409], [-90.241641, 38.571591], [-90.241531, 38.572139], [-90.241495, 38.572322], [-90.241458, 38.572504], [-90.241453, 38.572531], [-90.241395, 38.572785], [-90.241334, 38.573051], [-90.241293, 38.573233], [-90.241256, 38.573423], [-90.241207, 38.573679], [-90.241146, 38.573995], [-90.24111, 38.574186], [-90.241032, 38.574593], [-90.240937, 38.575017], [-90.240738, 38.575914], [-90.240701, 38.576092], [-90.240594, 38.576626], [-90.240559, 38.576805], [-90.240483, 38.577155], [-90.240304, 38.577996], [-90.24026, 38.578208], [-90.240189, 38.57856], [-90.239978, 38.579596], [-90.239799, 38.580371], [-90.238768, 38.580234], [-90.238752, 38.580217], [-90.238671, 38.580221], [-90.238153, 38.580152], [-90.237528, 38.580076], [-90.23637, 38.579934], [-90.236146, 38.579906], [-90.235476, 38.579824], [-90.235253, 38.579797], [-90.235027, 38.579769], [-90.234349, 38.579685], [-90.234124, 38.579658], [-90.233897, 38.57963], [-90.233216, 38.579547], [-90.23299, 38.57952], [-90.232758, 38.579492], [-90.232063, 38.579409], [-90.231832, 38.579382], [-90.231605, 38.579355], [-90.231213, 38.579309], [-90.230925, 38.579274], [-90.230699, 38.579248], [-90.229908, 38.579166], [-90.229699, 38.579143], [-90.229579, 38.57912], [-90.22953, 38.579087], [-90.229502, 38.579039], [-90.229516, 38.578925], [-90.229281, 38.578889], [-90.22863, 38.578792], [-90.228576, 38.578783], [-90.228341, 38.578749], [-90.227866, 38.578764], [-90.227839, 38.578765], [-90.226443, 38.578809], [-90.225969, 38.578825], [-90.225843, 38.578736], [-90.225654, 38.578604], [-90.224711, 38.577944], [-90.224397, 38.577724], [-90.22419822097697, 38.57766809022912], [-90.2243576082232, 38.5775556754234], [-90.225960504632, 38.5751885080908], [-90.2274923059355, 38.57315937050011], [-90.23387864277146, 38.56321262986591], [-90.234484, 38.56247], [-90.236635, 38.559832], [-90.238071, 38.558071], [-90.238206, 38.558133], [-90.238584, 38.558307], [-90.238599, 38.558314], [-90.240134, 38.55902], [-90.240898, 38.559371], [-90.24167, 38.559726], [-90.241791, 38.55975], [-90.242156, 38.559822], [-90.242278, 38.559847], [-90.242314, 38.559857], [-90.242423, 38.55989], [-90.24246, 38.559902], [-90.242593, 38.559975], [-90.242993, 38.560195], [-90.243127, 38.560269], [-90.24332, 38.560371], [-90.243477, 38.560455], [-90.243902, 38.560674], [-90.244097, 38.560775], [-90.245136, 38.561318], [-90.245351, 38.56142], [-90.245923, 38.561723], [-90.246137, 38.561849], [-90.246225, 38.561874], [-90.246212, 38.561887], [-90.246135, 38.561958], [-90.246141, 38.562072], [-90.246166, 38.562207], [-90.246238, 38.562378], [-90.246367, 38.562656], [-90.246444, 38.562821], [-90.246518, 38.563005], [-90.246536, 38.563053], [-90.246574, 38.563206], [-90.246582, 38.563269], [-90.24659, 38.563335], [-90.246577, 38.56347]]]}}, {"id": "34", "type": "Feature", "properties": {"geoid": "29510119200", "name": "Census Tract 1192; St. Louis city; Missouri", "total_population": 1501, "total_population_moe": 218, "race_total": 1501, "race_total_moe": 218, "race_white_non_hispanic": 734, "race_white_non_hispanic_moe": 158, "race_black_non_hispanic": 505, "race_black_non_hispanic_moe": 157, "poverty_universe": 1435, "poverty_universe_moe": 216, "poverty_below": 275, "poverty_below_moe": 141, "male_5_9": 31, "male_5_9_moe": 46, "male_10_14": 12, "male_10_14_moe": 20, "male_15_17": 14, "male_15_17_moe": 22, "female_5_9": 22, "female_5_9_moe": 23, "female_10_14": 23, "female_10_14_moe": 24, "female_15_17": 6, "female_15_17_moe": 11, "male_white_non_hispanic_5_9": 31, "male_white_non_hispanic_5_9_moe": 46, "male_white_non_hispanic_10_14": 0, "male_white_non_hispanic_10_14_moe": 12, "male_white_non_hispanic_15_17": 14, "male_white_non_hispanic_15_17_moe": 22, "female_white_non_hispanic_5_9": 22, "female_white_non_hispanic_5_9_moe": 23, "female_white_non_hispanic_10_14": 23, "female_white_non_hispanic_10_14_moe": 24, "female_white_non_hispanic_15_17": 6, "female_white_non_hispanic_15_17_moe": 11, "male_black_alone_5_9": 0, "male_black_alone_5_9_moe": 12, "male_black_alone_10_14": 12, "male_black_alone_10_14_moe": 20, "male_black_alone_15_17": 0, "male_black_alone_15_17_moe": 12, "female_black_alone_5_9": 0, "female_black_alone_5_9_moe": 12, "female_black_alone_10_14": 0, "female_black_alone_10_14_moe": 12, "female_black_alone_15_17": 0, "female_black_alone_15_17_moe": 12, "male_public_school_5_9": 31, "state": "29", "county": "510", "tract": "119200", "male_public_school_5_9_moe": 46, "male_public_school_10_14": 11, "male_public_school_10_14_moe": 20, "male_public_school_15_17": 13, "male_public_school_15_17_moe": 23, "male_private_school_5_9": 0, "male_private_school_5_9_moe": 12, "male_private_school_10_14": 1, "male_private_school_10_14_moe": 3, "male_private_school_15_17": 1, "male_private_school_15_17_moe": 2, "female_public_school_5_9": 0, "female_public_school_5_9_moe": 12, "female_public_school_10_14": 0, "female_public_school_10_14_moe": 12, "female_public_school_15_17": 6, "female_public_school_15_17_moe": 11, "female_private_school_5_9": 22, "female_private_school_5_9_moe": 23, "female_private_school_10_14": 23, "female_private_school_10_14_moe": 24, "female_private_school_15_17": 0, "female_private_school_15_17_moe": 12, "median_household_income": 86280, "median_household_income_moe": 25931, "acs_median_owner_occupied_home_value": 427300, "acs_median_owner_occupied_home_value_moe": 57753, "race_other": 262, "race_white_share": 0.4890073284477015, "race_black_share": 0.33644237175216524, "race_other_share": 0.17455029980013326, "poverty_rate": 0.1916376306620209, "school_age_5_17": 108, "school_age_white_non_hispanic_5_17": 96, "school_age_black_alone_5_17": 12, "school_age_other_or_unclassified_5_17": 0, "school_age_white_non_hispanic_5_17_moe": 63.00793600809346, "school_age_black_alone_5_17_moe": 33.46640106136302, "school_age_white_non_hispanic_5_17_share": 0.8888888888888888, "school_age_black_alone_5_17_share": 0.1111111111111111, "school_age_other_or_unclassified_5_17_share": 0.0, "school_age_5_17_per_capita": 0.07195203197868089, "public_school_enrolled_5_17": 61, "private_school_enrolled_5_17": 47, "public_school_enrolled_5_17_moe": 58.770741019660456, "private_school_enrolled_5_17_moe": 37.49666651850535, "public_school_enrolled_5_17_per_school_age": 0.5648148148148148, "private_school_enrolled_5_17_per_school_age": 0.4351851851851852, "source_area_sq_m": 734108.885829808, "city_area_sq_m": 734108.8858298083, "city_area_share": 1.0000000000000004, "tornado_damage_intersects": false, "tornado_max_efscale": "<NA>", "tornado_damage_area_sq_m": 0.0, "tornado_damage_area_share": 0.0, "tornado_damage_point_count": 0, "tornado_ef2_plus_point_count": 0, "tornado_distance_to_path_m": 760.3845587295282}, "geometry": {"type": "Polygon", "coordinates": [[[-90.255907, 38.646799], [-90.255717, 38.647061], [-90.255588, 38.647241], [-90.255456, 38.647422], [-90.255257, 38.647698], [-90.255059, 38.647966], [-90.254926, 38.648147], [-90.254756, 38.648374], [-90.25459, 38.648609], [-90.254511, 38.64872], [-90.254263, 38.649068], [-90.254099, 38.6493], [-90.253969, 38.649483], [-90.253778, 38.649756], [-90.253581, 38.650035], [-90.253452, 38.650219], [-90.253315, 38.650409], [-90.253106, 38.650702], [-90.252906, 38.650982], [-90.25277, 38.651173], [-90.252543, 38.651064], [-90.252188, 38.650908], [-90.250434, 38.65014], [-90.24985, 38.649885], [-90.249317, 38.649653], [-90.24772, 38.648958], [-90.247482, 38.648855], [-90.24719, 38.648724], [-90.24671, 38.64851], [-90.24527, 38.647871], [-90.244791, 38.647658], [-90.244186, 38.647391], [-90.242373, 38.646593], [-90.241769, 38.646327], [-90.241133, 38.646051], [-90.239553, 38.645366], [-90.23923, 38.64522], [-90.238971, 38.645104], [-90.238599, 38.644937], [-90.237696, 38.644531], [-90.237109, 38.644266], [-90.23744, 38.643806], [-90.237774, 38.643333], [-90.239256, 38.64397], [-90.239894, 38.644244], [-90.240076, 38.644323], [-90.2418, 38.645094], [-90.242435, 38.645379], [-90.242565, 38.645194], [-90.242763, 38.644915], [-90.242956, 38.64464], [-90.243087, 38.644456], [-90.24325, 38.644222], [-90.243573, 38.643763], [-90.243741, 38.643521], [-90.243904, 38.643287], [-90.244029, 38.643104], [-90.24422, 38.642829], [-90.244332, 38.642667], [-90.244411, 38.642559], [-90.244544, 38.642382], [-90.244675, 38.642204], [-90.244866, 38.641948], [-90.24502, 38.641741], [-90.245067, 38.641669], [-90.245191, 38.641486], [-90.245657, 38.64169], [-90.24659, 38.6421], [-90.247058, 38.642304], [-90.247525, 38.642509], [-90.247957, 38.642695], [-90.249253, 38.643256], [-90.249685, 38.643443], [-90.250013, 38.643585], [-90.250375, 38.64375], [-90.251497, 38.644263], [-90.252446, 38.644677], [-90.253139, 38.64498], [-90.253252, 38.645029], [-90.253298, 38.645049], [-90.253759, 38.645248], [-90.254389, 38.64552], [-90.255616, 38.646066], [-90.256235, 38.646341], [-90.256105, 38.646521], [-90.255907, 38.646799]]]}}, {"id": "35", "type": "Feature", "properties": {"geoid": "29510119300", "name": "Census Tract 1193; St. Louis city; Missouri", "total_population": 4759, "total_population_moe": 466, "race_total": 4759, "race_total_moe": 466, "race_white_non_hispanic": 2947, "race_white_non_hispanic_moe": 462, "race_black_non_hispanic": 765, "race_black_non_hispanic_moe": 271, "poverty_universe": 2624, "poverty_universe_moe": 467, "poverty_below": 986, "poverty_below_moe": 307, "male_5_9": 18, "male_5_9_moe": 27, "male_10_14": 0, "male_10_14_moe": 12, "male_15_17": 10, "male_15_17_moe": 17, "female_5_9": 30, "female_5_9_moe": 51, "female_10_14": 0, "female_10_14_moe": 12, "female_15_17": 0, "female_15_17_moe": 12, "male_white_non_hispanic_5_9": 0, "male_white_non_hispanic_5_9_moe": 12, "male_white_non_hispanic_10_14": 0, "male_white_non_hispanic_10_14_moe": 12, "male_white_non_hispanic_15_17": 10, "male_white_non_hispanic_15_17_moe": 17, "female_white_non_hispanic_5_9": 0, "female_white_non_hispanic_5_9_moe": 12, "female_white_non_hispanic_10_14": 0, "female_white_non_hispanic_10_14_moe": 12, "female_white_non_hispanic_15_17": 0, "female_white_non_hispanic_15_17_moe": 12, "male_black_alone_5_9": 0, "male_black_alone_5_9_moe": 12, "male_black_alone_10_14": 0, "male_black_alone_10_14_moe": 12, "male_black_alone_15_17": 0, "male_black_alone_15_17_moe": 12, "female_black_alone_5_9": 30, "female_black_alone_5_9_moe": 51, "female_black_alone_10_14": 0, "female_black_alone_10_14_moe": 12, "female_black_alone_15_17": 0, "female_black_alone_15_17_moe": 12, "male_public_school_5_9": 0, "state": "29", "county": "510", "tract": "119300", "male_public_school_5_9_moe": 12, "male_public_school_10_14": 0, "male_public_school_10_14_moe": 12, "male_public_school_15_17": 10, "male_public_school_15_17_moe": 17, "male_private_school_5_9": 0, "male_private_school_5_9_moe": 12, "male_private_school_10_14": 0, "male_private_school_10_14_moe": 12, "male_private_school_15_17": 0, "male_private_school_15_17_moe": 12, "female_public_school_5_9": 30, "female_public_school_5_9_moe": 51, "female_public_school_10_14": 0, "female_public_school_10_14_moe": 12, "female_public_school_15_17": 0, "female_public_school_15_17_moe": 12, "female_private_school_5_9": 0, "female_private_school_5_9_moe": 12, "female_private_school_10_14": 0, "female_private_school_10_14_moe": 12, "female_private_school_15_17": 0, "female_private_school_15_17_moe": 12, "median_household_income": 31434, "median_household_income_moe": 11997, "acs_median_owner_occupied_home_value": 324500, "acs_median_owner_occupied_home_value_moe": 117261, "race_other": 1047, "race_white_share": 0.6192477411220845, "race_black_share": 0.16074805631435177, "race_other_share": 0.22000420256356376, "poverty_rate": 0.3757621951219512, "school_age_5_17": 58, "school_age_white_non_hispanic_5_17": 10, "school_age_black_alone_5_17": 30, "school_age_other_or_unclassified_5_17": 18, "school_age_white_non_hispanic_5_17_moe": 31.76476034853718, "school_age_black_alone_5_17_moe": 57.62811813689564, "school_age_white_non_hispanic_5_17_share": 0.1724137931034483, "school_age_black_alone_5_17_share": 0.5172413793103449, "school_age_other_or_unclassified_5_17_share": 0.3103448275862069, "school_age_5_17_per_capita": 0.012187434334944316, "public_school_enrolled_5_17": 40, "private_school_enrolled_5_17": 0, "public_school_enrolled_5_17_moe": 58.872744118140105, "private_school_enrolled_5_17_moe": 29.393876913398138, "public_school_enrolled_5_17_per_school_age": 0.6896551724137931, "private_school_enrolled_5_17_per_school_age": 0.0, "source_area_sq_m": 1180499.962457882, "city_area_sq_m": 1180499.962457882, "city_area_share": 1.0, "tornado_damage_intersects": false, "tornado_max_efscale": "<NA>", "tornado_damage_area_sq_m": 0.0, "tornado_damage_area_share": 0.0, "tornado_damage_point_count": 0, "tornado_ef2_plus_point_count": 0, "tornado_distance_to_path_m": 1737.6624876923674}, "geometry": {"type": "Polygon", "coordinates": [[[-90.246488, 38.637813], [-90.246351, 38.638228], [-90.246259, 38.638509], [-90.246154, 38.638794], [-90.246001, 38.639213], [-90.245848, 38.639655], [-90.245749, 38.639943], [-90.245643, 38.640254], [-90.245563, 38.640493], [-90.245517, 38.64063], [-90.245326, 38.641188], [-90.245318, 38.641215], [-90.245275, 38.641343], [-90.245191, 38.641486], [-90.245067, 38.641669], [-90.24502, 38.641741], [-90.244866, 38.641948], [-90.244675, 38.642204], [-90.244544, 38.642382], [-90.244411, 38.642559], [-90.244332, 38.642667], [-90.24422, 38.642829], [-90.244029, 38.643104], [-90.243904, 38.643287], [-90.243741, 38.643521], [-90.243573, 38.643763], [-90.24325, 38.644222], [-90.243087, 38.644456], [-90.242956, 38.64464], [-90.242763, 38.644915], [-90.242565, 38.645194], [-90.242435, 38.645379], [-90.2418, 38.645094], [-90.240076, 38.644323], [-90.239894, 38.644244], [-90.239256, 38.64397], [-90.237774, 38.643333], [-90.23744, 38.643806], [-90.237109, 38.644266], [-90.236945, 38.644492], [-90.236656, 38.644893], [-90.236457, 38.645174], [-90.236296, 38.645403], [-90.235858, 38.645209], [-90.235639, 38.645114], [-90.234055, 38.644424], [-90.233667, 38.644256], [-90.23301, 38.643971], [-90.230561, 38.642905], [-90.230009, 38.642654], [-90.229316, 38.642339], [-90.229445, 38.642119], [-90.22946, 38.642096], [-90.229955, 38.641238], [-90.230017, 38.641139], [-90.230089, 38.641025], [-90.230215, 38.64085], [-90.230284, 38.640756], [-90.230365, 38.640642], [-90.230611, 38.6403], [-90.230655, 38.640241], [-90.230694, 38.640187], [-90.230735, 38.640129], [-90.23086, 38.639956], [-90.230902, 38.639899], [-90.230992, 38.639772], [-90.231235, 38.639437], [-90.231266, 38.639394], [-90.23136, 38.63927], [-90.231428, 38.639178], [-90.231632, 38.638905], [-90.231701, 38.638814], [-90.2318, 38.638681], [-90.231865, 38.638595], [-90.232098, 38.638282], [-90.23214, 38.638227], [-90.232195, 38.638148], [-90.232317, 38.637971], [-90.2324, 38.637852], [-90.232536, 38.637636], [-90.232657, 38.63742], [-90.232743, 38.637225], [-90.232857, 38.636964], [-90.233181, 38.636115], [-90.233318, 38.635733], [-90.233788, 38.634422], [-90.233831, 38.634434], [-90.237277, 38.635163], [-90.238187, 38.63535], [-90.239187, 38.635557], [-90.239848, 38.635693], [-90.240536, 38.635834], [-90.240919, 38.635912], [-90.241477, 38.636026], [-90.24183, 38.636099], [-90.242809, 38.636298], [-90.24341, 38.636421], [-90.24469, 38.636691], [-90.245349, 38.636829], [-90.245745, 38.636909], [-90.246725, 38.63711], [-90.24663, 38.637389], [-90.246488, 38.637813]]]}}, {"id": "36", "type": "Feature", "properties": {"geoid": "29510120200", "name": "Census Tract 1202; St. Louis city; Missouri", "total_population": 1115, "total_population_moe": 201, "race_total": 1115, "race_total_moe": 201, "race_white_non_hispanic": 6, "race_white_non_hispanic_moe": 11, "race_black_non_hispanic": 1061, "race_black_non_hispanic_moe": 203, "poverty_universe": 1077, "poverty_universe_moe": 201, "poverty_below": 292, "poverty_below_moe": 230, "male_5_9": 22, "male_5_9_moe": 30, "male_10_14": 0, "male_10_14_moe": 12, "male_15_17": 0, "male_15_17_moe": 12, "female_5_9": 31, "female_5_9_moe": 42, "female_10_14": 148, "female_10_14_moe": 107, "female_15_17": 74, "female_15_17_moe": 82, "male_white_non_hispanic_5_9": 0, "male_white_non_hispanic_5_9_moe": 12, "male_white_non_hispanic_10_14": 0, "male_white_non_hispanic_10_14_moe": 12, "male_white_non_hispanic_15_17": 0, "male_white_non_hispanic_15_17_moe": 12, "female_white_non_hispanic_5_9": 0, "female_white_non_hispanic_5_9_moe": 12, "female_white_non_hispanic_10_14": 0, "female_white_non_hispanic_10_14_moe": 12, "female_white_non_hispanic_15_17": 0, "female_white_non_hispanic_15_17_moe": 12, "male_black_alone_5_9": 22, "male_black_alone_5_9_moe": 30, "male_black_alone_10_14": 0, "male_black_alone_10_14_moe": 12, "male_black_alone_15_17": 0, "male_black_alone_15_17_moe": 12, "female_black_alone_5_9": 31, "female_black_alone_5_9_moe": 42, "female_black_alone_10_14": 148, "female_black_alone_10_14_moe": 107, "female_black_alone_15_17": 74, "female_black_alone_15_17_moe": 82, "male_public_school_5_9": 22, "state": "29", "county": "510", "tract": "120200", "male_public_school_5_9_moe": 30, "male_public_school_10_14": 0, "male_public_school_10_14_moe": 12, "male_public_school_15_17": 0, "male_public_school_15_17_moe": 12, "male_private_school_5_9": 0, "male_private_school_5_9_moe": 12, "male_private_school_10_14": 0, "male_private_school_10_14_moe": 12, "male_private_school_15_17": 0, "male_private_school_15_17_moe": 12, "female_public_school_5_9": 31, "female_public_school_5_9_moe": 42, "female_public_school_10_14": 148, "female_public_school_10_14_moe": 107, "female_public_school_15_17": 74, "female_public_school_15_17_moe": 82, "female_private_school_5_9": 0, "female_private_school_5_9_moe": 12, "female_private_school_10_14": 0, "female_private_school_10_14_moe": 12, "female_private_school_15_17": 0, "female_private_school_15_17_moe": 12, "median_household_income": 46645, "median_household_income_moe": 21922, "acs_median_owner_occupied_home_value": -666666666, "acs_median_owner_occupied_home_value_moe": -222222222, "race_other": 48, "race_white_share": 0.0053811659192825115, "race_black_share": 0.9515695067264573, "race_other_share": 0.04304932735426009, "poverty_rate": 0.2711234911792015, "school_age_5_17": 275, "school_age_white_non_hispanic_5_17": 0, "school_age_black_alone_5_17": 275, "school_age_other_or_unclassified_5_17": 0, "school_age_white_non_hispanic_5_17_moe": 29.393876913398138, "school_age_black_alone_5_17_moe": 145.34441853748632, "school_age_white_non_hispanic_5_17_share": 0.0, "school_age_black_alone_5_17_share": 1.0, "school_age_other_or_unclassified_5_17_share": 0.0, "school_age_5_17_per_capita": 0.24663677130044842, "public_school_enrolled_5_17": 275, "private_school_enrolled_5_17": 0, "public_school_enrolled_5_17_moe": 145.34441853748632, "private_school_enrolled_5_17_moe": 29.393876913398138, "public_school_enrolled_5_17_per_school_age": 1.0, "private_school_enrolled_5_17_per_school_age": 0.0, "source_area_sq_m": 579800.942154504, "city_area_sq_m": 579800.9421545037, "city_area_share": 0.9999999999999994, "tornado_damage_intersects": false, "tornado_max_efscale": "<NA>", "tornado_damage_area_sq_m": 0.0, "tornado_damage_area_share": 0.0, "tornado_damage_point_count": 0, "tornado_ef2_plus_point_count": 0, "tornado_distance_to_path_m": 1578.0834786032335}, "geometry": {"type": "Polygon", "coordinates": [[[-90.21396, 38.658522], [-90.213892, 38.658616], [-90.213206, 38.659581], [-90.213098, 38.659733], [-90.212924, 38.659982], [-90.212777, 38.660191], [-90.212671, 38.660345], [-90.212192, 38.661027], [-90.212172, 38.661051], [-90.212144, 38.6611], [-90.211909, 38.661438], [-90.211729, 38.661721], [-90.211611, 38.661838], [-90.210898, 38.662846], [-90.21071, 38.663154], [-90.210626, 38.663247], [-90.210108, 38.663959], [-90.209856, 38.664302], [-90.209301, 38.665086], [-90.208837, 38.665751], [-90.208705, 38.66594], [-90.208493, 38.666223], [-90.208416, 38.666283], [-90.207876, 38.665225], [-90.207738, 38.664927], [-90.207346, 38.66409], [-90.207213, 38.66383], [-90.206816, 38.663052], [-90.206684, 38.662793], [-90.206075, 38.661557], [-90.205521, 38.660447], [-90.205477, 38.660359], [-90.205345, 38.660096], [-90.205301, 38.660009], [-90.205145, 38.659698], [-90.204991, 38.659372], [-90.204595, 38.658536], [-90.204572, 38.658485], [-90.204549, 38.658445], [-90.204117, 38.65758], [-90.204028, 38.657401], [-90.203898, 38.657141], [-90.203672, 38.656688], [-90.203453, 38.6564], [-90.203278, 38.65617], [-90.20318, 38.656043], [-90.202917, 38.655703], [-90.20289, 38.655663], [-90.202802, 38.655531], [-90.202402, 38.654938], [-90.203252, 38.655117], [-90.203404, 38.655148], [-90.20354, 38.655177], [-90.203863, 38.655245], [-90.204016, 38.655278], [-90.204621, 38.655416], [-90.205921, 38.655691], [-90.207804, 38.656086], [-90.209782, 38.6565], [-90.211612, 38.656888], [-90.211873, 38.656944], [-90.212397, 38.657056], [-90.21266, 38.657107], [-90.212924, 38.657158], [-90.213196, 38.657211], [-90.213247, 38.657221], [-90.213713, 38.657327], [-90.213997, 38.657437], [-90.214257, 38.657538], [-90.214554, 38.657675], [-90.21396, 38.658522]]]}}, {"id": "37", "type": "Feature", "properties": {"geoid": "29510114200", "name": "Census Tract 1142; St. Louis city; Missouri", "total_population": 3897, "total_population_moe": 345, "race_total": 3897, "race_total_moe": 345, "race_white_non_hispanic": 2926, "race_white_non_hispanic_moe": 361, "race_black_non_hispanic": 293, "race_black_non_hispanic_moe": 206, "poverty_universe": 3897, "poverty_universe_moe": 345, "poverty_below": 169, "poverty_below_moe": 104, "male_5_9": 68, "male_5_9_moe": 49, "male_10_14": 186, "male_10_14_moe": 167, "male_15_17": 38, "male_15_17_moe": 45, "female_5_9": 89, "female_5_9_moe": 69, "female_10_14": 7, "female_10_14_moe": 19, "female_15_17": 25, "female_15_17_moe": 32, "male_white_non_hispanic_5_9": 48, "male_white_non_hispanic_5_9_moe": 44, "male_white_non_hispanic_10_14": 76, "male_white_non_hispanic_10_14_moe": 73, "male_white_non_hispanic_15_17": 18, "male_white_non_hispanic_15_17_moe": 30, "female_white_non_hispanic_5_9": 82, "female_white_non_hispanic_5_9_moe": 71, "female_white_non_hispanic_10_14": 0, "female_white_non_hispanic_10_14_moe": 12, "female_white_non_hispanic_15_17": 19, "female_white_non_hispanic_15_17_moe": 28, "male_black_alone_5_9": 0, "male_black_alone_5_9_moe": 12, "male_black_alone_10_14": 0, "male_black_alone_10_14_moe": 12, "male_black_alone_15_17": 0, "male_black_alone_15_17_moe": 12, "female_black_alone_5_9": 0, "female_black_alone_5_9_moe": 12, "female_black_alone_10_14": 0, "female_black_alone_10_14_moe": 12, "female_black_alone_15_17": 0, "female_black_alone_15_17_moe": 12, "male_public_school_5_9": 64, "state": "29", "county": "510", "tract": "114200", "male_public_school_5_9_moe": 45, "male_public_school_10_14": 147, "male_public_school_10_14_moe": 162, "male_public_school_15_17": 38, "male_public_school_15_17_moe": 45, "male_private_school_5_9": 4, "male_private_school_5_9_moe": 11, "male_private_school_10_14": 39, "male_private_school_10_14_moe": 61, "male_private_school_15_17": 0, "male_private_school_15_17_moe": 12, "female_public_school_5_9": 47, "female_public_school_5_9_moe": 49, "female_public_school_10_14": 7, "female_public_school_10_14_moe": 19, "female_public_school_15_17": 19, "female_public_school_15_17_moe": 28, "female_private_school_5_9": 42, "female_private_school_5_9_moe": 64, "female_private_school_10_14": 0, "female_private_school_10_14_moe": 12, "female_private_school_15_17": 6, "female_private_school_15_17_moe": 16, "median_household_income": 78851, "median_household_income_moe": 13906, "acs_median_owner_occupied_home_value": 220700, "acs_median_owner_occupied_home_value_moe": 23394, "race_other": 678, "race_white_share": 0.7508339748524506, "race_black_share": 0.07518604054400821, "race_other_share": 0.1739799846035412, "poverty_rate": 0.04336669232743136, "school_age_5_17": 413, "school_age_white_non_hispanic_5_17": 243, "school_age_black_alone_5_17": 0, "school_age_other_or_unclassified_5_17": 170, "school_age_white_non_hispanic_5_17_moe": 118.88650049522023, "school_age_black_alone_5_17_moe": 29.393876913398138, "school_age_white_non_hispanic_5_17_share": 0.5883777239709443, "school_age_black_alone_5_17_share": 0.0, "school_age_other_or_unclassified_5_17_share": 0.4116222760290557, "school_age_5_17_per_capita": 0.10597895817295355, "public_school_enrolled_5_17": 322, "private_school_enrolled_5_17": 91, "public_school_enrolled_5_17_moe": 183.9565166010707, "private_school_enrolled_5_17_moe": 92.09777413162601, "public_school_enrolled_5_17_per_school_age": 0.7796610169491526, "private_school_enrolled_5_17_per_school_age": 0.22033898305084745, "source_area_sq_m": 1513656.0630817008, "city_area_sq_m": 1513656.0630817018, "city_area_share": 1.0000000000000007, "tornado_damage_intersects": false, "tornado_max_efscale": "<NA>", "tornado_damage_area_sq_m": 0.0, "tornado_damage_area_share": 0.0, "tornado_damage_point_count": 0, "tornado_ef2_plus_point_count": 0, "tornado_distance_to_path_m": 4456.4577349166}, "geometry": {"type": "Polygon", "coordinates": [[[-90.300467, 38.597642], [-90.300379, 38.598175], [-90.30035, 38.598353], [-90.300323, 38.598524], [-90.300244, 38.599041], [-90.300218, 38.599213], [-90.300206, 38.599286], [-90.300173, 38.599508], [-90.300162, 38.599582], [-90.300145, 38.59968], [-90.300096, 38.599976], [-90.30008, 38.600075], [-90.300058, 38.600135], [-90.299996, 38.600317], [-90.299976, 38.600378], [-90.299954, 38.600442], [-90.299929, 38.600492], [-90.299771, 38.600829], [-90.299719, 38.600942], [-90.299679, 38.601027], [-90.299559, 38.601282], [-90.299519, 38.601367], [-90.299475, 38.601456], [-90.299345, 38.601723], [-90.299302, 38.601813], [-90.299218, 38.601981], [-90.299014, 38.602397], [-90.298966, 38.602487], [-90.29888, 38.602655], [-90.298631, 38.60263], [-90.298282, 38.602595], [-90.297886, 38.602555], [-90.297638, 38.60253], [-90.296986, 38.602462], [-90.295031, 38.602261], [-90.294952, 38.602253], [-90.294379, 38.602198], [-90.293887, 38.60215], [-90.292527, 38.602018], [-90.292413, 38.602005], [-90.291923, 38.601953], [-90.291552, 38.601913], [-90.290438, 38.601795], [-90.290068, 38.601756], [-90.289589, 38.601708], [-90.288452, 38.601596], [-90.288154, 38.601564], [-90.287676, 38.601515], [-90.287254, 38.601471], [-90.285988, 38.601339], [-90.285566, 38.601296], [-90.285324, 38.601271], [-90.284951, 38.601234], [-90.2846, 38.601198], [-90.284359, 38.601174], [-90.284139, 38.601152], [-90.283479, 38.601086], [-90.28326, 38.601064], [-90.283072, 38.601045], [-90.282511, 38.600989], [-90.282324, 38.600971], [-90.282175, 38.600955], [-90.281731, 38.600907], [-90.281583, 38.600891], [-90.280498, 38.600775], [-90.280317, 38.600755], [-90.279999, 38.600721], [-90.279837, 38.600706], [-90.278386, 38.600572], [-90.277854, 38.600519], [-90.277194, 38.600455], [-90.276768, 38.600411], [-90.276145, 38.600348], [-90.27549, 38.600281], [-90.275064, 38.600238], [-90.274492, 38.60018], [-90.274332, 38.600164], [-90.273742, 38.600105], [-90.273709, 38.600101], [-90.272558, 38.599985], [-90.272139, 38.59994], [-90.271409, 38.599862], [-90.27117, 38.599835], [-90.270987, 38.599815], [-90.270886, 38.599804], [-90.270453, 38.599764], [-90.270214, 38.599743], [-90.270221, 38.599706], [-90.270243, 38.599594], [-90.270251, 38.599558], [-90.270261, 38.599506], [-90.270289, 38.599359], [-90.270405, 38.598763], [-90.270445, 38.598565], [-90.270483, 38.598375], [-90.270599, 38.597804], [-90.270638, 38.597615], [-90.270677, 38.597427], [-90.270794, 38.596863], [-90.270834, 38.596676], [-90.270868, 38.596499], [-90.270972, 38.595971], [-90.271008, 38.595795], [-90.27101, 38.595781], [-90.271018, 38.595742], [-90.271021, 38.595729], [-90.271033, 38.595667], [-90.271055, 38.595551], [-90.271148, 38.595083], [-90.271161, 38.595021], [-90.271201, 38.594845], [-90.27122, 38.594755], [-90.27127, 38.594528], [-90.271281, 38.594488], [-90.271308, 38.594401], [-90.271568, 38.594437], [-90.271755, 38.594463], [-90.271945, 38.594484], [-90.272095, 38.594501], [-90.272353, 38.594528], [-90.272615, 38.594557], [-90.273167, 38.594618], [-90.273264, 38.594628], [-90.273278, 38.594629], [-90.27527, 38.594841], [-90.275526, 38.594869], [-90.275702, 38.594889], [-90.275805, 38.594901], [-90.275934, 38.594917], [-90.276485, 38.594981], [-90.277606, 38.595112], [-90.278141, 38.595167], [-90.278694, 38.595224], [-90.279245, 38.59528], [-90.279642, 38.595321], [-90.280899, 38.59546], [-90.281451, 38.595522], [-90.281675, 38.595545], [-90.282349, 38.595614], [-90.282574, 38.595638], [-90.282791, 38.59566], [-90.283442, 38.595726], [-90.28366, 38.595749], [-90.283979, 38.595782], [-90.284729, 38.595861], [-90.284938, 38.595881], [-90.285258, 38.595912], [-90.285927, 38.595976], [-90.286321, 38.596014], [-90.287933, 38.596199], [-90.288204, 38.59623], [-90.288603, 38.59627], [-90.289085, 38.596318], [-90.290006, 38.596411], [-90.290532, 38.59647], [-90.291015, 38.596524], [-90.29137, 38.596563], [-90.291724, 38.596603], [-90.292195, 38.59665], [-90.292436, 38.596673], [-90.292792, 38.596709], [-90.293284, 38.596756], [-90.293353, 38.596763], [-90.294654, 38.596875], [-90.294763, 38.596885], [-90.295256, 38.596934], [-90.295773, 38.596987], [-90.296962, 38.59711], [-90.297327, 38.597145], [-90.297845, 38.597196], [-90.298151, 38.597226], [-90.29907, 38.597318], [-90.299377, 38.597349], [-90.299602, 38.597371], [-90.299917, 38.597404], [-90.300277, 38.597442], [-90.300503, 38.597466], [-90.300486, 38.597534], [-90.300467, 38.597642]]]}}, {"id": "38", "type": "Feature", "properties": {"geoid": "29510114300", "name": "Census Tract 1143; St. Louis city; Missouri", "total_population": 5627, "total_population_moe": 853, "race_total": 5627, "race_total_moe": 853, "race_white_non_hispanic": 4853, "race_white_non_hispanic_moe": 738, "race_black_non_hispanic": 47, "race_black_non_hispanic_moe": 56, "poverty_universe": 5627, "poverty_universe_moe": 853, "poverty_below": 682, "poverty_below_moe": 362, "male_5_9": 87, "male_5_9_moe": 79, "male_10_14": 48, "male_10_14_moe": 66, "male_15_17": 70, "male_15_17_moe": 72, "female_5_9": 79, "female_5_9_moe": 118, "female_10_14": 164, "female_10_14_moe": 129, "female_15_17": 156, "female_15_17_moe": 123, "male_white_non_hispanic_5_9": 87, "male_white_non_hispanic_5_9_moe": 79, "male_white_non_hispanic_10_14": 48, "male_white_non_hispanic_10_14_moe": 66, "male_white_non_hispanic_15_17": 47, "male_white_non_hispanic_15_17_moe": 59, "female_white_non_hispanic_5_9": 0, "female_white_non_hispanic_5_9_moe": 17, "female_white_non_hispanic_10_14": 114, "female_white_non_hispanic_10_14_moe": 114, "female_white_non_hispanic_15_17": 119, "female_white_non_hispanic_15_17_moe": 95, "male_black_alone_5_9": 0, "male_black_alone_5_9_moe": 17, "male_black_alone_10_14": 0, "male_black_alone_10_14_moe": 17, "male_black_alone_15_17": 23, "male_black_alone_15_17_moe": 39, "female_black_alone_5_9": 0, "female_black_alone_5_9_moe": 17, "female_black_alone_10_14": 0, "female_black_alone_10_14_moe": 17, "female_black_alone_15_17": 0, "female_black_alone_15_17_moe": 17, "male_public_school_5_9": 67, "state": "29", "county": "510", "tract": "114300", "male_public_school_5_9_moe": 72, "male_public_school_10_14": 48, "male_public_school_10_14_moe": 66, "male_public_school_15_17": 70, "male_public_school_15_17_moe": 72, "male_private_school_5_9": 20, "male_private_school_5_9_moe": 29, "male_private_school_10_14": 0, "male_private_school_10_14_moe": 17, "male_private_school_15_17": 0, "male_private_school_15_17_moe": 17, "female_public_school_5_9": 79, "female_public_school_5_9_moe": 118, "female_public_school_10_14": 102, "female_public_school_10_14_moe": 94, "female_public_school_15_17": 117, "female_public_school_15_17_moe": 102, "female_private_school_5_9": 0, "female_private_school_5_9_moe": 17, "female_private_school_10_14": 62, "female_private_school_10_14_moe": 95, "female_private_school_15_17": 39, "female_private_school_15_17_moe": 57, "median_household_income": 85113, "median_household_income_moe": 12857, "acs_median_owner_occupied_home_value": 257700, "acs_median_owner_occupied_home_value_moe": 19735, "race_other": 727, "race_white_share": 0.8624489070552692, "race_black_share": 0.008352585747289852, "race_other_share": 0.12919850719744091, "poverty_rate": 0.1212013506308868, "school_age_5_17": 604, "school_age_white_non_hispanic_5_17": 415, "school_age_black_alone_5_17": 23, "school_age_other_or_unclassified_5_17": 166, "school_age_white_non_hispanic_5_17_moe": 190.75638914594708, "school_age_black_alone_5_17_moe": 54.46099521676041, "school_age_white_non_hispanic_5_17_share": 0.6870860927152318, "school_age_black_alone_5_17_share": 0.0380794701986755, "school_age_other_or_unclassified_5_17_share": 0.27483443708609273, "school_age_5_17_per_capita": 0.107339612582193, "public_school_enrolled_5_17": 483, "private_school_enrolled_5_17": 121, "public_school_enrolled_5_17_moe": 218.8332698654389, "private_school_enrolled_5_17_moe": 118.2455073142316, "public_school_enrolled_5_17_per_school_age": 0.7996688741721855, "private_school_enrolled_5_17_per_school_age": 0.20033112582781457, "source_area_sq_m": 1367689.6398503433, "city_area_sq_m": 1367689.6398503438, "city_area_share": 1.0000000000000004, "tornado_damage_intersects": false, "tornado_max_efscale": "<NA>", "tornado_damage_area_sq_m": 0.0, "tornado_damage_area_share": 0.0, "tornado_damage_point_count": 0, "tornado_ef2_plus_point_count": 0, "tornado_distance_to_path_m": 5808.109728591094}, "geometry": {"type": "Polygon", "coordinates": [[[-90.293313, 38.58217], [-90.293278, 38.582347], [-90.293263, 38.582424], [-90.293228, 38.582602], [-90.293176, 38.582877], [-90.293127, 38.583139], [-90.293095, 38.583319], [-90.293063, 38.583499], [-90.293016, 38.583774], [-90.292985, 38.583957], [-90.292973, 38.584042], [-90.29295, 38.584224], [-90.292917, 38.5844], [-90.292869, 38.584658], [-90.292819, 38.58493], [-90.292787, 38.585107], [-90.292754, 38.585282], [-90.292707, 38.585546], [-90.292663, 38.58581], [-90.292634, 38.585987], [-90.292541, 38.586428], [-90.292484, 38.58673], [-90.292475, 38.586874], [-90.292476, 38.586887], [-90.29249, 38.587065], [-90.29251, 38.587151], [-90.292367, 38.587302], [-90.292292, 38.587748], [-90.292261, 38.587922], [-90.292217, 38.588178], [-90.292169, 38.588447], [-90.292138, 38.588622], [-90.292106, 38.588798], [-90.292058, 38.589072], [-90.292014, 38.589326], [-90.291984, 38.589503], [-90.291958, 38.58968], [-90.291921, 38.589946], [-90.291866, 38.590211], [-90.291831, 38.590387], [-90.2918, 38.590565], [-90.29179, 38.590628], [-90.291697, 38.591097], [-90.291662, 38.591275], [-90.290859, 38.591192], [-90.290369, 38.591142], [-90.288727, 38.590962], [-90.288455, 38.590934], [-90.287653, 38.590853], [-90.287264, 38.590813], [-90.28685, 38.590765], [-90.285373, 38.590598], [-90.284442, 38.590515], [-90.283638, 38.590445], [-90.28283, 38.590353], [-90.282438, 38.590309], [-90.280406, 38.59009], [-90.279598, 38.590004], [-90.27861, 38.589903], [-90.277327, 38.589772], [-90.275915, 38.589618], [-90.275649, 38.589588], [-90.274817, 38.589495], [-90.274665, 38.589466], [-90.274783, 38.589294], [-90.274919, 38.589099], [-90.275139, 38.58878], [-90.275258, 38.588609], [-90.27537, 38.588447], [-90.275552, 38.588185], [-90.275707, 38.587963], [-90.27582, 38.587802], [-90.275933, 38.58764], [-90.27614, 38.587346], [-90.276185, 38.587281], [-90.276238, 38.587138], [-90.27625, 38.587106], [-90.276281, 38.586946], [-90.276315, 38.586769], [-90.276366, 38.586507], [-90.276412, 38.586237], [-90.276435, 38.586108], [-90.276443, 38.58606], [-90.276473, 38.585884], [-90.276516, 38.585634], [-90.276563, 38.585356], [-90.276593, 38.58518], [-90.276609, 38.585113], [-90.276618, 38.585079], [-90.27666, 38.584915], [-90.276678, 38.584849], [-90.276745, 38.584723], [-90.276752, 38.584711], [-90.276877, 38.584504], [-90.276967, 38.584356], [-90.277042, 38.584235], [-90.277156, 38.584049], [-90.277245, 38.583881], [-90.277464, 38.583469], [-90.277568, 38.583276], [-90.277889, 38.582674], [-90.278002, 38.582462], [-90.27846, 38.581606], [-90.278531, 38.581472], [-90.278745, 38.58107], [-90.278817, 38.580937], [-90.279409, 38.580994], [-90.279492, 38.581003], [-90.281185, 38.581186], [-90.281777, 38.581251], [-90.282453, 38.581318], [-90.284213, 38.581495], [-90.284483, 38.581526], [-90.285159, 38.581605], [-90.285897, 38.581697], [-90.285961, 38.581702], [-90.287343, 38.581829], [-90.288377, 38.58193], [-90.289183, 38.58201], [-90.289699, 38.582061], [-90.290487, 38.582141], [-90.291248, 38.582223], [-90.291517, 38.582253], [-90.291808, 38.58231], [-90.291953, 38.582276], [-90.292077, 38.582257], [-90.292483, 38.582196], [-90.29302, 38.582098], [-90.293334, 38.582041], [-90.293321, 38.582117], [-90.293313, 38.58217]]]}}, {"id": "39", "type": "Feature", "properties": {"geoid": "29510115100", "name": "Census Tract 1151; St. Louis city; Missouri", "total_population": 4055, "total_population_moe": 586, "race_total": 4055, "race_total_moe": 586, "race_white_non_hispanic": 2052, "race_white_non_hispanic_moe": 392, "race_black_non_hispanic": 810, "race_black_non_hispanic_moe": 289, "poverty_universe": 3909, "poverty_universe_moe": 587, "poverty_below": 751, "poverty_below_moe": 363, "male_5_9": 67, "male_5_9_moe": 65, "male_10_14": 273, "male_10_14_moe": 121, "male_15_17": 114, "male_15_17_moe": 90, "female_5_9": 91, "female_5_9_moe": 79, "female_10_14": 131, "female_10_14_moe": 125, "female_15_17": 38, "female_15_17_moe": 36, "male_white_non_hispanic_5_9": 0, "male_white_non_hispanic_5_9_moe": 12, "male_white_non_hispanic_10_14": 25, "male_white_non_hispanic_10_14_moe": 27, "male_white_non_hispanic_15_17": 30, "male_white_non_hispanic_15_17_moe": 32, "female_white_non_hispanic_5_9": 26, "female_white_non_hispanic_5_9_moe": 39, "female_white_non_hispanic_10_14": 0, "female_white_non_hispanic_10_14_moe": 12, "female_white_non_hispanic_15_17": 12, "female_white_non_hispanic_15_17_moe": 22, "male_black_alone_5_9": 0, "male_black_alone_5_9_moe": 12, "male_black_alone_10_14": 65, "male_black_alone_10_14_moe": 75, "male_black_alone_15_17": 0, "male_black_alone_15_17_moe": 12, "female_black_alone_5_9": 0, "female_black_alone_5_9_moe": 12, "female_black_alone_10_14": 51, "female_black_alone_10_14_moe": 40, "female_black_alone_15_17": 15, "female_black_alone_15_17_moe": 18, "male_public_school_5_9": 0, "state": "29", "county": "510", "tract": "115100", "male_public_school_5_9_moe": 12, "male_public_school_10_14": 157, "male_public_school_10_14_moe": 107, "male_public_school_15_17": 73, "male_public_school_15_17_moe": 73, "male_private_school_5_9": 67, "male_private_school_5_9_moe": 65, "male_private_school_10_14": 92, "male_private_school_10_14_moe": 82, "male_private_school_15_17": 41, "male_private_school_15_17_moe": 62, "female_public_school_5_9": 91, "female_public_school_5_9_moe": 79, "female_public_school_10_14": 51, "female_public_school_10_14_moe": 40, "female_public_school_15_17": 38, "female_public_school_15_17_moe": 36, "female_private_school_5_9": 0, "female_private_school_5_9_moe": 12, "female_private_school_10_14": 80, "female_private_school_10_14_moe": 109, "female_private_school_15_17": 0, "female_private_school_15_17_moe": 12, "median_household_income": 47958, "median_household_income_moe": 6288, "acs_median_owner_occupied_home_value": 161900, "acs_median_owner_occupied_home_value_moe": 15680, "race_other": 1193, "race_white_share": 0.5060419235511714, "race_black_share": 0.1997533908754624, "race_other_share": 0.2942046855733662, "poverty_rate": 0.19212074699411613, "school_age_5_17": 714, "school_age_white_non_hispanic_5_17": 93, "school_age_black_alone_5_17": 131, "school_age_other_or_unclassified_5_17": 490, "school_age_white_non_hispanic_5_17_moe": 63.608175575157006, "school_age_black_alone_5_17_moe": 89.3364427319557, "school_age_white_non_hispanic_5_17_share": 0.13025210084033614, "school_age_black_alone_5_17_share": 0.18347338935574228, "school_age_other_or_unclassified_5_17_share": 0.6862745098039216, "school_age_5_17_per_capita": 0.17607891491985203, "public_school_enrolled_5_17": 410, "private_school_enrolled_5_17": 280, "public_school_enrolled_5_17_moe": 161.42800252744254, "private_school_enrolled_5_17_moe": 164.20109622045769, "public_school_enrolled_5_17_per_school_age": 0.5742296918767507, "private_school_enrolled_5_17_per_school_age": 0.39215686274509803, "source_area_sq_m": 1146028.9834103778, "city_area_sq_m": 1146028.9834103787, "city_area_share": 1.0000000000000009, "tornado_damage_intersects": false, "tornado_max_efscale": "<NA>", "tornado_damage_area_sq_m": 0.0, "tornado_damage_area_share": 0.0, "tornado_damage_point_count": 0, "tornado_ef2_plus_point_count": 0, "tornado_distance_to_path_m": 6198.423357280874}, "geometry": {"type": "Polygon", "coordinates": [[[-90.278531, 38.581472], [-90.27846, 38.581606], [-90.278002, 38.582462], [-90.277889, 38.582674], [-90.277568, 38.583276], [-90.277464, 38.583469], [-90.277245, 38.583881], [-90.277156, 38.584049], [-90.277042, 38.584235], [-90.276967, 38.584356], [-90.276877, 38.584504], [-90.276752, 38.584711], [-90.276745, 38.584723], [-90.276678, 38.584849], [-90.27666, 38.584915], [-90.276618, 38.585079], [-90.276609, 38.585113], [-90.276593, 38.58518], [-90.276563, 38.585356], [-90.276516, 38.585634], [-90.276473, 38.585884], [-90.276443, 38.58606], [-90.276435, 38.586108], [-90.276412, 38.586237], [-90.276366, 38.586507], [-90.276315, 38.586769], [-90.276281, 38.586946], [-90.27625, 38.587106], [-90.276238, 38.587138], [-90.276185, 38.587281], [-90.27614, 38.587346], [-90.275933, 38.58764], [-90.27582, 38.587802], [-90.275707, 38.587963], [-90.275552, 38.588185], [-90.27537, 38.588447], [-90.275258, 38.588609], [-90.275139, 38.58878], [-90.274919, 38.589099], [-90.274783, 38.589294], [-90.274665, 38.589466], [-90.274285, 38.590003], [-90.27356, 38.591028], [-90.273252, 38.591469], [-90.27265, 38.59139], [-90.271968, 38.591317], [-90.271053, 38.591212], [-90.270682, 38.591169], [-90.269752, 38.591061], [-90.269177, 38.590995], [-90.267422, 38.590793], [-90.26684, 38.590726], [-90.266276, 38.59066], [-90.26509, 38.590524], [-90.264954, 38.590511], [-90.264635, 38.590479], [-90.264586, 38.590474], [-90.264022, 38.590417], [-90.264123, 38.590136], [-90.264331, 38.589559], [-90.264361, 38.589473], [-90.264678, 38.588572], [-90.264763, 38.588328], [-90.264976, 38.587713], [-90.26505, 38.587501], [-90.265314, 38.586747], [-90.265354, 38.586639], [-90.265504, 38.586227], [-90.265664, 38.585788], [-90.265818, 38.585358], [-90.265956, 38.584961], [-90.265979, 38.584897], [-90.266137, 38.584447], [-90.266255, 38.584118], [-90.266314, 38.583953], [-90.266361, 38.583818], [-90.266504, 38.583416], [-90.266553, 38.583282], [-90.266611, 38.583117], [-90.266786, 38.582624], [-90.266845, 38.58246], [-90.266904, 38.582291], [-90.267082, 38.581785], [-90.267142, 38.581617], [-90.267226, 38.581376], [-90.267274, 38.581203], [-90.267961, 38.580659], [-90.268808, 38.579993], [-90.268862, 38.579951], [-90.26902, 38.579826], [-90.269497, 38.579453], [-90.269656, 38.579329], [-90.269686, 38.579304], [-90.269779, 38.579231], [-90.26981, 38.579208], [-90.269992, 38.579312], [-90.270304, 38.57949], [-90.270406, 38.579548], [-90.270543, 38.579615], [-90.27064, 38.579662], [-90.270739, 38.579689], [-90.27095, 38.579697], [-90.271256, 38.579697], [-90.271827, 38.579699], [-90.271931, 38.579698], [-90.272242, 38.579698], [-90.272347, 38.579698], [-90.272567, 38.579699], [-90.272963, 38.579702], [-90.273227, 38.579702], [-90.273245, 38.579703], [-90.273448, 38.579705], [-90.27365, 38.579706], [-90.273934, 38.579709], [-90.274259, 38.579712], [-90.274462, 38.579714], [-90.274658, 38.579715], [-90.274954, 38.579718], [-90.275247, 38.579722], [-90.275444, 38.579726], [-90.275517, 38.579729], [-90.275738, 38.579739], [-90.275812, 38.579743], [-90.275923, 38.579841], [-90.27614, 38.580006], [-90.276351, 38.580166], [-90.276482, 38.580273], [-90.276831, 38.58056], [-90.277042, 38.580709], [-90.277113, 38.580739], [-90.277156, 38.580751], [-90.277189, 38.580761], [-90.277408, 38.580794], [-90.277573, 38.580814], [-90.277628, 38.58082], [-90.277795, 38.580838], [-90.277851, 38.580845], [-90.278044, 38.580864], [-90.278174, 38.580877], [-90.278623, 38.580918], [-90.278817, 38.580937], [-90.278745, 38.58107], [-90.278531, 38.581472]]]}}, {"id": "40", "type": "Feature", "properties": {"geoid": "29510110400", "name": "Census Tract 1104; St. Louis city; Missouri", "total_population": 2480, "total_population_moe": 810, "race_total": 2480, "race_total_moe": 810, "race_white_non_hispanic": 122, "race_white_non_hispanic_moe": 111, "race_black_non_hispanic": 2185, "race_black_non_hispanic_moe": 859, "poverty_universe": 2469, "poverty_universe_moe": 810, "poverty_below": 420, "poverty_below_moe": 216, "male_5_9": 138, "male_5_9_moe": 150, "male_10_14": 43, "male_10_14_moe": 40, "male_15_17": 0, "male_15_17_moe": 12, "female_5_9": 44, "female_5_9_moe": 45, "female_10_14": 180, "female_10_14_moe": 182, "female_15_17": 82, "female_15_17_moe": 83, "male_white_non_hispanic_5_9": 13, "male_white_non_hispanic_5_9_moe": 20, "male_white_non_hispanic_10_14": 14, "male_white_non_hispanic_10_14_moe": 20, "male_white_non_hispanic_15_17": 0, "male_white_non_hispanic_15_17_moe": 12, "female_white_non_hispanic_5_9": 0, "female_white_non_hispanic_5_9_moe": 12, "female_white_non_hispanic_10_14": 15, "female_white_non_hispanic_10_14_moe": 21, "female_white_non_hispanic_15_17": 0, "female_white_non_hispanic_15_17_moe": 12, "male_black_alone_5_9": 125, "male_black_alone_5_9_moe": 158, "male_black_alone_10_14": 29, "male_black_alone_10_14_moe": 41, "male_black_alone_15_17": 0, "male_black_alone_15_17_moe": 12, "female_black_alone_5_9": 33, "female_black_alone_5_9_moe": 40, "female_black_alone_10_14": 165, "female_black_alone_10_14_moe": 192, "female_black_alone_15_17": 76, "female_black_alone_15_17_moe": 83, "male_public_school_5_9": 125, "state": "29", "county": "510", "tract": "110400", "male_public_school_5_9_moe": 158, "male_public_school_10_14": 29, "male_public_school_10_14_moe": 41, "male_public_school_15_17": 0, "male_public_school_15_17_moe": 12, "male_private_school_5_9": 13, "male_private_school_5_9_moe": 20, "male_private_school_10_14": 14, "male_private_school_10_14_moe": 20, "male_private_school_15_17": 0, "male_private_school_15_17_moe": 12, "female_public_school_5_9": 44, "female_public_school_5_9_moe": 45, "female_public_school_10_14": 165, "female_public_school_10_14_moe": 192, "female_public_school_15_17": 76, "female_public_school_15_17_moe": 83, "female_private_school_5_9": 0, "female_private_school_5_9_moe": 12, "female_private_school_10_14": 15, "female_private_school_10_14_moe": 21, "female_private_school_15_17": 6, "female_private_school_15_17_moe": 9, "median_household_income": 53075, "median_household_income_moe": 10483, "acs_median_owner_occupied_home_value": 63300, "acs_median_owner_occupied_home_value_moe": 13109, "race_other": 173, "race_white_share": 0.049193548387096775, "race_black_share": 0.8810483870967742, "race_other_share": 0.06975806451612904, "poverty_rate": 0.1701093560145808, "school_age_5_17": 487, "school_age_white_non_hispanic_5_17": 42, "school_age_black_alone_5_17": 428, "school_age_other_or_unclassified_5_17": 17, "school_age_white_non_hispanic_5_17_moe": 40.90232267243512, "school_age_black_alone_5_17_moe": 268.59262834262597, "school_age_white_non_hispanic_5_17_share": 0.08624229979466119, "school_age_black_alone_5_17_share": 0.8788501026694046, "school_age_other_or_unclassified_5_17_share": 0.03490759753593429, "school_age_5_17_per_capita": 0.1963709677419355, "public_school_enrolled_5_17": 439, "private_school_enrolled_5_17": 48, "public_school_enrolled_5_17_moe": 269.3826275022203, "private_school_enrolled_5_17_moe": 40.124805295477756, "public_school_enrolled_5_17_per_school_age": 0.9014373716632443, "private_school_enrolled_5_17_per_school_age": 0.09856262833675565, "source_area_sq_m": 885762.7328978785, "city_area_sq_m": 885762.7328978786, "city_area_share": 1.0000000000000002, "tornado_damage_intersects": true, "tornado_max_efscale": "1", "tornado_damage_area_sq_m": 30529.61837692202, "tornado_damage_area_share": 0.03446703868092854, "tornado_damage_point_count": 0, "tornado_ef2_plus_point_count": 0, "tornado_distance_to_path_m": 853.2217886825119}, "geometry": {"type": "Polygon", "coordinates": [[[-90.228658, 38.659656], [-90.228483, 38.659897], [-90.228357, 38.660073], [-90.228226, 38.660255], [-90.227999, 38.660572], [-90.227836, 38.660804], [-90.227708, 38.660989], [-90.227592, 38.661153], [-90.227425, 38.661393], [-90.227247, 38.661647], [-90.227133, 38.661812], [-90.227016, 38.661979], [-90.226839, 38.662232], [-90.226664, 38.66248], [-90.226547, 38.662647], [-90.226445, 38.66279], [-90.22628, 38.663026], [-90.22614, 38.663218], [-90.226037, 38.663361], [-90.225938, 38.663496], [-90.225794, 38.663696], [-90.225643, 38.663903], [-90.225545, 38.664039], [-90.22544, 38.664183], [-90.225298, 38.664381], [-90.225126, 38.664617], [-90.225022, 38.664762], [-90.224554, 38.664557], [-90.223151, 38.663945], [-90.222684, 38.663741], [-90.222219, 38.663533], [-90.221807, 38.663349], [-90.220819, 38.662922], [-90.220352, 38.662721], [-90.219991, 38.662561], [-90.218908, 38.662081], [-90.218548, 38.661922], [-90.218189, 38.661767], [-90.217115, 38.661305], [-90.217005, 38.661258], [-90.21676, 38.661146], [-90.216601, 38.661068], [-90.216363, 38.660963], [-90.215165, 38.660433], [-90.214965, 38.660345], [-90.214764, 38.660261], [-90.21471, 38.660238], [-90.214548, 38.66017], [-90.214494, 38.660148], [-90.213516, 38.659741], [-90.213206, 38.659581], [-90.213892, 38.658616], [-90.21396, 38.658522], [-90.214554, 38.657675], [-90.215191, 38.656767], [-90.215483, 38.656359], [-90.215699, 38.656062], [-90.215777, 38.655955], [-90.216066, 38.655557], [-90.216367, 38.655138], [-90.216482, 38.654975], [-90.21665, 38.654738], [-90.216827, 38.654487], [-90.216943, 38.654325], [-90.217077, 38.654133], [-90.217209, 38.653948], [-90.21728, 38.653848], [-90.217469, 38.65358], [-90.217482, 38.653561], [-90.217624, 38.653375], [-90.217957, 38.653522], [-90.218861, 38.653965], [-90.21917, 38.654117], [-90.219358, 38.654209], [-90.219923, 38.654486], [-90.220112, 38.654579], [-90.220308, 38.654675], [-90.220569, 38.654803], [-90.220652, 38.654843], [-90.220901, 38.654952], [-90.221102, 38.655041], [-90.221292, 38.655124], [-90.221863, 38.655375], [-90.222054, 38.655459], [-90.222846, 38.655807], [-90.222887, 38.655831], [-90.223403, 38.656056], [-90.223893, 38.65627], [-90.224692, 38.656616], [-90.224635, 38.656697], [-90.224614, 38.656725], [-90.224385, 38.657056], [-90.224309, 38.657167], [-90.224547, 38.657258], [-90.226056, 38.657925], [-90.226644, 38.658177], [-90.227114, 38.658378], [-90.228098, 38.658799], [-90.228408, 38.658938], [-90.228521, 38.658988], [-90.228988, 38.659197], [-90.228861, 38.659372], [-90.228658, 38.659656]]]}}, {"id": "41", "type": "Feature", "properties": {"geoid": "29510110500", "name": "Census Tract 1105; St. Louis city; Missouri", "total_population": 780, "total_population_moe": 250, "race_total": 780, "race_total_moe": 250, "race_white_non_hispanic": 68, "race_white_non_hispanic_moe": 46, "race_black_non_hispanic": 689, "race_black_non_hispanic_moe": 214, "poverty_universe": 780, "poverty_universe_moe": 250, "poverty_below": 336, "poverty_below_moe": 202, "male_5_9": 0, "male_5_9_moe": 12, "male_10_14": 25, "male_10_14_moe": 30, "male_15_17": 13, "male_15_17_moe": 22, "female_5_9": 23, "female_5_9_moe": 30, "female_10_14": 26, "female_10_14_moe": 42, "female_15_17": 0, "female_15_17_moe": 12, "male_white_non_hispanic_5_9": 0, "male_white_non_hispanic_5_9_moe": 12, "male_white_non_hispanic_10_14": 0, "male_white_non_hispanic_10_14_moe": 12, "male_white_non_hispanic_15_17": 0, "male_white_non_hispanic_15_17_moe": 12, "female_white_non_hispanic_5_9": 0, "female_white_non_hispanic_5_9_moe": 12, "female_white_non_hispanic_10_14": 0, "female_white_non_hispanic_10_14_moe": 12, "female_white_non_hispanic_15_17": 0, "female_white_non_hispanic_15_17_moe": 12, "male_black_alone_5_9": 0, "male_black_alone_5_9_moe": 12, "male_black_alone_10_14": 25, "male_black_alone_10_14_moe": 30, "male_black_alone_15_17": 13, "male_black_alone_15_17_moe": 22, "female_black_alone_5_9": 23, "female_black_alone_5_9_moe": 30, "female_black_alone_10_14": 26, "female_black_alone_10_14_moe": 42, "female_black_alone_15_17": 0, "female_black_alone_15_17_moe": 12, "male_public_school_5_9": 0, "state": "29", "county": "510", "tract": "110500", "male_public_school_5_9_moe": 12, "male_public_school_10_14": 25, "male_public_school_10_14_moe": 30, "male_public_school_15_17": 13, "male_public_school_15_17_moe": 22, "male_private_school_5_9": 0, "male_private_school_5_9_moe": 12, "male_private_school_10_14": 0, "male_private_school_10_14_moe": 12, "male_private_school_15_17": 0, "male_private_school_15_17_moe": 12, "female_public_school_5_9": 23, "female_public_school_5_9_moe": 30, "female_public_school_10_14": 26, "female_public_school_10_14_moe": 42, "female_public_school_15_17": 0, "female_public_school_15_17_moe": 12, "female_private_school_5_9": 0, "female_private_school_5_9_moe": 12, "female_private_school_10_14": 0, "female_private_school_10_14_moe": 12, "female_private_school_15_17": 0, "female_private_school_15_17_moe": 12, "median_household_income": 21991, "median_household_income_moe": 14965, "acs_median_owner_occupied_home_value": 67800, "acs_median_owner_occupied_home_value_moe": 39440, "race_other": 23, "race_white_share": 0.08717948717948718, "race_black_share": 0.8833333333333333, "race_other_share": 0.029487179487179487, "poverty_rate": 0.4307692307692308, "school_age_5_17": 87, "school_age_white_non_hispanic_5_17": 0, "school_age_black_alone_5_17": 87, "school_age_other_or_unclassified_5_17": 0, "school_age_white_non_hispanic_5_17_moe": 29.393876913398138, "school_age_black_alone_5_17_moe": 65.84831053261732, "school_age_white_non_hispanic_5_17_share": 0.0, "school_age_black_alone_5_17_share": 1.0, "school_age_other_or_unclassified_5_17_share": 0.0, "school_age_5_17_per_capita": 0.11153846153846154, "public_school_enrolled_5_17": 87, "private_school_enrolled_5_17": 0, "public_school_enrolled_5_17_moe": 65.84831053261732, "private_school_enrolled_5_17_moe": 29.393876913398138, "public_school_enrolled_5_17_per_school_age": 1.0, "private_school_enrolled_5_17_per_school_age": 0.0, "source_area_sq_m": 1247941.8360807889, "city_area_sq_m": 1247941.8360807886, "city_area_share": 0.9999999999999998, "tornado_damage_intersects": true, "tornado_max_efscale": "1", "tornado_damage_area_sq_m": 905487.6456950905, "tornado_damage_area_share": 0.7255848145445367, "tornado_damage_point_count": 2, "tornado_ef2_plus_point_count": 0, "tornado_distance_to_path_m": 316.86087607421223}, "geometry": {"type": "Polygon", "coordinates": [[[-90.228325, 38.667148], [-90.227786, 38.667895], [-90.227498, 38.668305], [-90.227241, 38.668671], [-90.226761, 38.669353], [-90.226428, 38.669824], [-90.226368, 38.669908], [-90.22628, 38.670035], [-90.226271, 38.670048], [-90.225929, 38.669903], [-90.224054, 38.669079], [-90.223023, 38.668635], [-90.222019, 38.668197], [-90.221667, 38.668692], [-90.221442, 38.66901], [-90.221185, 38.669372], [-90.220751, 38.669999], [-90.220734, 38.670066], [-90.220694, 38.670178], [-90.220107, 38.670959], [-90.219644, 38.671557], [-90.218606, 38.671134], [-90.218408, 38.671055], [-90.218107, 38.670935], [-90.217814, 38.670819], [-90.217616, 38.670741], [-90.217415, 38.670661], [-90.21712, 38.670545], [-90.216813, 38.67042], [-90.216613, 38.670339], [-90.216417, 38.670259], [-90.216144, 38.670148], [-90.215828, 38.670026], [-90.215631, 38.669951], [-90.215119, 38.66973], [-90.214631, 38.669514], [-90.2142, 38.66932], [-90.213729, 38.669114], [-90.213299, 38.668924], [-90.212848, 38.668724], [-90.212265, 38.669617], [-90.211769, 38.669379], [-90.211063, 38.66905], [-90.210879, 38.668927], [-90.210413, 38.668616], [-90.210329, 38.668559], [-90.210146, 38.668436], [-90.20938, 38.6679], [-90.209287, 38.667834], [-90.20913, 38.667678], [-90.208941, 38.667335], [-90.208758, 38.666967], [-90.208712, 38.666875], [-90.208622, 38.666694], [-90.208416, 38.666283], [-90.208493, 38.666223], [-90.208705, 38.66594], [-90.208837, 38.665751], [-90.209301, 38.665086], [-90.209856, 38.664302], [-90.210108, 38.663959], [-90.210626, 38.663247], [-90.21071, 38.663154], [-90.210898, 38.662846], [-90.211611, 38.661838], [-90.211729, 38.661721], [-90.211909, 38.661438], [-90.212144, 38.6611], [-90.212172, 38.661051], [-90.212192, 38.661027], [-90.212671, 38.660345], [-90.212777, 38.660191], [-90.212924, 38.659982], [-90.213098, 38.659733], [-90.213206, 38.659581], [-90.213516, 38.659741], [-90.214494, 38.660148], [-90.214548, 38.66017], [-90.21471, 38.660238], [-90.214764, 38.660261], [-90.214965, 38.660345], [-90.215165, 38.660433], [-90.216363, 38.660963], [-90.216601, 38.661068], [-90.21676, 38.661146], [-90.217005, 38.661258], [-90.217115, 38.661305], [-90.218189, 38.661767], [-90.218548, 38.661922], [-90.218908, 38.662081], [-90.219991, 38.662561], [-90.220352, 38.662721], [-90.220819, 38.662922], [-90.221807, 38.663349], [-90.222219, 38.663533], [-90.222684, 38.663741], [-90.223151, 38.663945], [-90.224554, 38.664557], [-90.225022, 38.664762], [-90.225344, 38.664903], [-90.226314, 38.665328], [-90.226637, 38.66547], [-90.22708, 38.665663], [-90.228409, 38.666244], [-90.228853, 38.666438], [-90.228602, 38.666775], [-90.228325, 38.667148]]]}}, {"id": "42", "type": "Feature", "properties": {"geoid": "29510110100", "name": "Census Tract 1101; St. Louis city; Missouri", "total_population": 1843, "total_population_moe": 351, "race_total": 1843, "race_total_moe": 351, "race_white_non_hispanic": 24, "race_white_non_hispanic_moe": 28, "race_black_non_hispanic": 1819, "race_black_non_hispanic_moe": 356, "poverty_universe": 1843, "poverty_universe_moe": 351, "poverty_below": 1107, "poverty_below_moe": 381, "male_5_9": 0, "male_5_9_moe": 12, "male_10_14": 45, "male_10_14_moe": 83, "male_15_17": 88, "male_15_17_moe": 136, "female_5_9": 0, "female_5_9_moe": 12, "female_10_14": 103, "female_10_14_moe": 132, "female_15_17": 0, "female_15_17_moe": 12, "male_white_non_hispanic_5_9": 0, "male_white_non_hispanic_5_9_moe": 12, "male_white_non_hispanic_10_14": 0, "male_white_non_hispanic_10_14_moe": 12, "male_white_non_hispanic_15_17": 0, "male_white_non_hispanic_15_17_moe": 12, "female_white_non_hispanic_5_9": 0, "female_white_non_hispanic_5_9_moe": 12, "female_white_non_hispanic_10_14": 0, "female_white_non_hispanic_10_14_moe": 12, "female_white_non_hispanic_15_17": 0, "female_white_non_hispanic_15_17_moe": 12, "male_black_alone_5_9": 0, "male_black_alone_5_9_moe": 12, "male_black_alone_10_14": 45, "male_black_alone_10_14_moe": 83, "male_black_alone_15_17": 88, "male_black_alone_15_17_moe": 136, "female_black_alone_5_9": 0, "female_black_alone_5_9_moe": 12, "female_black_alone_10_14": 103, "female_black_alone_10_14_moe": 132, "female_black_alone_15_17": 0, "female_black_alone_15_17_moe": 12, "male_public_school_5_9": 0, "state": "29", "county": "510", "tract": "110100", "male_public_school_5_9_moe": 12, "male_public_school_10_14": 45, "male_public_school_10_14_moe": 83, "male_public_school_15_17": 88, "male_public_school_15_17_moe": 136, "male_private_school_5_9": 0, "male_private_school_5_9_moe": 12, "male_private_school_10_14": 0, "male_private_school_10_14_moe": 12, "male_private_school_15_17": 0, "male_private_school_15_17_moe": 12, "female_public_school_5_9": 0, "female_public_school_5_9_moe": 12, "female_public_school_10_14": 103, "female_public_school_10_14_moe": 132, "female_public_school_15_17": 0, "female_public_school_15_17_moe": 12, "female_private_school_5_9": 0, "female_private_school_5_9_moe": 12, "female_private_school_10_14": 0, "female_private_school_10_14_moe": 12, "female_private_school_15_17": 0, "female_private_school_15_17_moe": 12, "median_household_income": 14984, "median_household_income_moe": 7162, "acs_median_owner_occupied_home_value": -666666666, "acs_median_owner_occupied_home_value_moe": -222222222, "race_other": 0, "race_white_share": 0.013022246337493217, "race_black_share": 0.9869777536625067, "race_other_share": 0.0, "poverty_rate": 0.6006511123168746, "school_age_5_17": 236, "school_age_white_non_hispanic_5_17": 0, "school_age_black_alone_5_17": 236, "school_age_other_or_unclassified_5_17": 0, "school_age_white_non_hispanic_5_17_moe": 29.393876913398138, "school_age_black_alone_5_17_moe": 207.94470418839717, "school_age_white_non_hispanic_5_17_share": 0.0, "school_age_black_alone_5_17_share": 1.0, "school_age_other_or_unclassified_5_17_share": 0.0, "school_age_5_17_per_capita": 0.12805208898534998, "public_school_enrolled_5_17": 236, "private_school_enrolled_5_17": 0, "public_school_enrolled_5_17_moe": 207.94470418839717, "private_school_enrolled_5_17_moe": 29.393876913398138, "public_school_enrolled_5_17_per_school_age": 1.0, "private_school_enrolled_5_17_per_school_age": 0.0, "source_area_sq_m": 994531.0263091992, "city_area_sq_m": 994531.0263091994, "city_area_share": 1.0000000000000002, "tornado_damage_intersects": true, "tornado_max_efscale": "3", "tornado_damage_area_sq_m": 2453647.7783445017, "tornado_damage_area_share": 2.4671405048566064, "tornado_damage_point_count": 14, "tornado_ef2_plus_point_count": 10, "tornado_distance_to_path_m": 0.0}, "geometry": {"type": "Polygon", "coordinates": [[[-90.247568, 38.668472], [-90.247235, 38.668933], [-90.246928, 38.669359], [-90.246907, 38.669388], [-90.246816, 38.669517], [-90.246234, 38.670346], [-90.245754, 38.670995], [-90.245662, 38.67112], [-90.245527, 38.671304], [-90.245387, 38.671496], [-90.245296, 38.671622], [-90.245233, 38.671708], [-90.245045, 38.671966], [-90.244983, 38.672053], [-90.244952, 38.672095], [-90.244859, 38.672222], [-90.244829, 38.672265], [-90.244805, 38.672298], [-90.244735, 38.672399], [-90.244712, 38.672433], [-90.244264, 38.67307], [-90.243916, 38.672925], [-90.243778, 38.672868], [-90.242864, 38.672519], [-90.242744, 38.672474], [-90.242515, 38.672381], [-90.242274, 38.672286], [-90.241551, 38.672001], [-90.24131, 38.671906], [-90.241212, 38.672047], [-90.241085, 38.672232], [-90.240919, 38.672473], [-90.240822, 38.672615], [-90.240767, 38.672692], [-90.240604, 38.672925], [-90.240551, 38.673003], [-90.240497, 38.673079], [-90.240436, 38.673168], [-90.240338, 38.673307], [-90.240285, 38.673383], [-90.240176, 38.673535], [-90.240146, 38.673579], [-90.240017, 38.673758], [-90.239847, 38.673989], [-90.239737, 38.674141], [-90.239678, 38.674115], [-90.239504, 38.674039], [-90.239446, 38.674014], [-90.238714, 38.675028], [-90.238468, 38.675359], [-90.237831, 38.676256], [-90.237798, 38.676342], [-90.237656, 38.676351], [-90.237632, 38.676468], [-90.237431, 38.676744], [-90.237118, 38.677171], [-90.236312, 38.676824], [-90.23627, 38.676891], [-90.236173, 38.676958], [-90.236088, 38.677019], [-90.23594, 38.677116], [-90.23568, 38.677285], [-90.235516, 38.677394], [-90.235348, 38.677503], [-90.23509, 38.677672], [-90.234847, 38.67783], [-90.23468, 38.67794], [-90.234883, 38.678028], [-90.235495, 38.678294], [-90.235699, 38.678383], [-90.235515, 38.678554], [-90.235478, 38.678585], [-90.234792, 38.679164], [-90.234746, 38.679204], [-90.234548, 38.679337], [-90.234316, 38.679233], [-90.234064, 38.679121], [-90.233617, 38.678935], [-90.233383, 38.678838], [-90.232848, 38.678602], [-90.231896, 38.678182], [-90.231713, 38.678097], [-90.231247, 38.677893], [-90.231093, 38.677826], [-90.230714, 38.677656], [-90.230874, 38.677434], [-90.231304, 38.676843], [-90.231355, 38.67677], [-90.231513, 38.676548], [-90.231611, 38.676408], [-90.231907, 38.675991], [-90.232006, 38.675852], [-90.232102, 38.675715], [-90.232391, 38.675307], [-90.232488, 38.675171], [-90.232583, 38.675037], [-90.232713, 38.674855], [-90.232871, 38.674636], [-90.232968, 38.674504], [-90.233137, 38.67427], [-90.233644, 38.673572], [-90.233814, 38.673339], [-90.233886, 38.673237], [-90.234105, 38.672934], [-90.234179, 38.672834], [-90.234204, 38.672798], [-90.234279, 38.672693], [-90.234305, 38.672658], [-90.234402, 38.672521], [-90.234696, 38.672114], [-90.234794, 38.671978], [-90.234902, 38.671826], [-90.235229, 38.671373], [-90.235338, 38.671222], [-90.235393, 38.671145], [-90.235561, 38.670914], [-90.235617, 38.670838], [-90.23566, 38.670781], [-90.235672, 38.670764], [-90.235838, 38.670544], [-90.235894, 38.670471], [-90.236132, 38.67015], [-90.236333, 38.669897], [-90.236454, 38.669773], [-90.236494, 38.669732], [-90.236889, 38.669225], [-90.237276, 38.66868], [-90.238016, 38.667642], [-90.238456, 38.66698], [-90.238559, 38.666817], [-90.239168, 38.665977], [-90.239811, 38.665086], [-90.23994, 38.664907], [-90.240122, 38.664656], [-90.240322, 38.664366], [-90.240448, 38.664185], [-90.240725, 38.664301], [-90.240921, 38.664383], [-90.241867, 38.664779], [-90.242335, 38.664989], [-90.242804, 38.665199], [-90.242914, 38.665247], [-90.243244, 38.665394], [-90.243355, 38.665443], [-90.243982, 38.665718], [-90.245865, 38.666544], [-90.246274, 38.666724], [-90.246495, 38.666816], [-90.247534, 38.667252], [-90.247657, 38.667304], [-90.248222, 38.667557], [-90.247877, 38.668041], [-90.247568, 38.668472]]]}}, {"id": "43", "type": "Feature", "properties": {"geoid": "29510110200", "name": "Census Tract 1102; St. Louis city; Missouri", "total_population": 1734, "total_population_moe": 388, "race_total": 1734, "race_total_moe": 388, "race_white_non_hispanic": 24, "race_white_non_hispanic_moe": 27, "race_black_non_hispanic": 1618, "race_black_non_hispanic_moe": 378, "poverty_universe": 1734, "poverty_universe_moe": 388, "poverty_below": 660, "poverty_below_moe": 266, "male_5_9": 0, "male_5_9_moe": 12, "male_10_14": 26, "male_10_14_moe": 39, "male_15_17": 0, "male_15_17_moe": 12, "female_5_9": 61, "female_5_9_moe": 53, "female_10_14": 102, "female_10_14_moe": 86, "female_15_17": 0, "female_15_17_moe": 12, "male_white_non_hispanic_5_9": 0, "male_white_non_hispanic_5_9_moe": 12, "male_white_non_hispanic_10_14": 0, "male_white_non_hispanic_10_14_moe": 12, "male_white_non_hispanic_15_17": 0, "male_white_non_hispanic_15_17_moe": 12, "female_white_non_hispanic_5_9": 0, "female_white_non_hispanic_5_9_moe": 12, "female_white_non_hispanic_10_14": 0, "female_white_non_hispanic_10_14_moe": 12, "female_white_non_hispanic_15_17": 0, "female_white_non_hispanic_15_17_moe": 12, "male_black_alone_5_9": 0, "male_black_alone_5_9_moe": 12, "male_black_alone_10_14": 26, "male_black_alone_10_14_moe": 39, "male_black_alone_15_17": 0, "male_black_alone_15_17_moe": 12, "female_black_alone_5_9": 61, "female_black_alone_5_9_moe": 53, "female_black_alone_10_14": 102, "female_black_alone_10_14_moe": 86, "female_black_alone_15_17": 0, "female_black_alone_15_17_moe": 12, "male_public_school_5_9": 0, "state": "29", "county": "510", "tract": "110200", "male_public_school_5_9_moe": 12, "male_public_school_10_14": 26, "male_public_school_10_14_moe": 39, "male_public_school_15_17": 0, "male_public_school_15_17_moe": 12, "male_private_school_5_9": 0, "male_private_school_5_9_moe": 12, "male_private_school_10_14": 0, "male_private_school_10_14_moe": 12, "male_private_school_15_17": 0, "male_private_school_15_17_moe": 12, "female_public_school_5_9": 61, "female_public_school_5_9_moe": 53, "female_public_school_10_14": 102, "female_public_school_10_14_moe": 86, "female_public_school_15_17": 0, "female_public_school_15_17_moe": 12, "female_private_school_5_9": 0, "female_private_school_5_9_moe": 12, "female_private_school_10_14": 0, "female_private_school_10_14_moe": 12, "female_private_school_15_17": 0, "female_private_school_15_17_moe": 12, "median_household_income": 22581, "median_household_income_moe": 11913, "acs_median_owner_occupied_home_value": 40600, "acs_median_owner_occupied_home_value_moe": 13123, "race_other": 92, "race_white_share": 0.01384083044982699, "race_black_share": 0.9331026528258363, "race_other_share": 0.0530565167243368, "poverty_rate": 0.3806228373702422, "school_age_5_17": 189, "school_age_white_non_hispanic_5_17": 0, "school_age_black_alone_5_17": 189, "school_age_other_or_unclassified_5_17": 0, "school_age_white_non_hispanic_5_17_moe": 29.393876913398138, "school_age_black_alone_5_17_moe": 110.26332119068425, "school_age_white_non_hispanic_5_17_share": 0.0, "school_age_black_alone_5_17_share": 1.0, "school_age_other_or_unclassified_5_17_share": 0.0, "school_age_5_17_per_capita": 0.10899653979238755, "public_school_enrolled_5_17": 189, "private_school_enrolled_5_17": 0, "public_school_enrolled_5_17_moe": 110.26332119068425, "private_school_enrolled_5_17_moe": 29.393876913398138, "public_school_enrolled_5_17_per_school_age": 1.0, "private_school_enrolled_5_17_per_school_age": 0.0, "source_area_sq_m": 778096.3884704758, "city_area_sq_m": 778096.3884704764, "city_area_share": 1.0000000000000007, "tornado_damage_intersects": true, "tornado_max_efscale": "2", "tornado_damage_area_sq_m": 2046655.8120704293, "tornado_damage_area_share": 2.63033711812248, "tornado_damage_point_count": 17, "tornado_ef2_plus_point_count": 11, "tornado_distance_to_path_m": 0.0}, "geometry": {"type": "Polygon", "coordinates": [[[-90.236132, 38.67015], [-90.235894, 38.670471], [-90.235838, 38.670544], [-90.235672, 38.670764], [-90.23566, 38.670781], [-90.235617, 38.670838], [-90.235561, 38.670914], [-90.235393, 38.671145], [-90.235338, 38.671222], [-90.235229, 38.671373], [-90.234902, 38.671826], [-90.234794, 38.671978], [-90.234696, 38.672114], [-90.234402, 38.672521], [-90.234305, 38.672658], [-90.234279, 38.672693], [-90.234204, 38.672798], [-90.234179, 38.672834], [-90.234105, 38.672934], [-90.233886, 38.673237], [-90.233814, 38.673339], [-90.233644, 38.673572], [-90.233137, 38.67427], [-90.232968, 38.674504], [-90.232871, 38.674636], [-90.232713, 38.674855], [-90.232583, 38.675037], [-90.232488, 38.675171], [-90.232391, 38.675307], [-90.232102, 38.675715], [-90.232006, 38.675852], [-90.231907, 38.675991], [-90.231611, 38.676408], [-90.231513, 38.676548], [-90.231355, 38.67677], [-90.231304, 38.676843], [-90.230874, 38.677434], [-90.230714, 38.677656], [-90.230587, 38.677608], [-90.230498, 38.67756], [-90.230322, 38.677467], [-90.230199, 38.677389], [-90.229891, 38.677193], [-90.229692, 38.677067], [-90.229479, 38.676931], [-90.229344, 38.676845], [-90.229162, 38.676738], [-90.228831, 38.676542], [-90.228614, 38.676415], [-90.228391, 38.676283], [-90.227774, 38.675921], [-90.227723, 38.67589], [-90.227502, 38.675757], [-90.227288, 38.675627], [-90.226976, 38.675437], [-90.226647, 38.675239], [-90.226434, 38.675111], [-90.226214, 38.674981], [-90.225554, 38.674591], [-90.225335, 38.674462], [-90.225107, 38.67433], [-90.225015, 38.674284], [-90.224781, 38.674168], [-90.22413, 38.673888], [-90.224012, 38.673836], [-90.223678, 38.673689], [-90.2234, 38.673567], [-90.223148, 38.673456], [-90.222967, 38.673376], [-90.222564, 38.673213], [-90.222509, 38.673191], [-90.222443, 38.673177], [-90.222376, 38.673175], [-90.222272, 38.673207], [-90.221838, 38.672731], [-90.221615, 38.672474], [-90.221532, 38.672373], [-90.221379, 38.672237], [-90.221272, 38.672202], [-90.221, 38.672115], [-90.219644, 38.671557], [-90.220107, 38.670959], [-90.220694, 38.670178], [-90.220734, 38.670066], [-90.220751, 38.669999], [-90.221185, 38.669372], [-90.221442, 38.66901], [-90.221667, 38.668692], [-90.222019, 38.668197], [-90.223023, 38.668635], [-90.224054, 38.669079], [-90.225929, 38.669903], [-90.226271, 38.670048], [-90.22628, 38.670035], [-90.226368, 38.669908], [-90.226428, 38.669824], [-90.226761, 38.669353], [-90.227241, 38.668671], [-90.227776, 38.668905], [-90.228765, 38.66934], [-90.22907, 38.669473], [-90.229985, 38.669872], [-90.230291, 38.670006], [-90.231789, 38.670661], [-90.232053, 38.670287], [-90.232329, 38.669896], [-90.232599, 38.669512], [-90.232858, 38.669143], [-90.233132, 38.668753], [-90.233363, 38.668423], [-90.234704, 38.669012], [-90.234841, 38.669064], [-90.234871, 38.669085], [-90.236454, 38.669773], [-90.236333, 38.669897], [-90.236132, 38.67015]]]}}, {"id": "44", "type": "Feature", "properties": {"geoid": "29510112300", "name": "Census Tract 1123; St. Louis city; Missouri", "total_population": 1725, "total_population_moe": 421, "race_total": 1725, "race_total_moe": 421, "race_white_non_hispanic": 149, "race_white_non_hispanic_moe": 183, "race_black_non_hispanic": 1486, "race_black_non_hispanic_moe": 349, "poverty_universe": 1725, "poverty_universe_moe": 421, "poverty_below": 602, "poverty_below_moe": 246, "male_5_9": 69, "male_5_9_moe": 73, "male_10_14": 76, "male_10_14_moe": 106, "male_15_17": 70, "male_15_17_moe": 66, "female_5_9": 77, "female_5_9_moe": 84, "female_10_14": 14, "female_10_14_moe": 21, "female_15_17": 56, "female_15_17_moe": 45, "male_white_non_hispanic_5_9": 0, "male_white_non_hispanic_5_9_moe": 12, "male_white_non_hispanic_10_14": 0, "male_white_non_hispanic_10_14_moe": 12, "male_white_non_hispanic_15_17": 0, "male_white_non_hispanic_15_17_moe": 12, "female_white_non_hispanic_5_9": 0, "female_white_non_hispanic_5_9_moe": 12, "female_white_non_hispanic_10_14": 0, "female_white_non_hispanic_10_14_moe": 12, "female_white_non_hispanic_15_17": 0, "female_white_non_hispanic_15_17_moe": 12, "male_black_alone_5_9": 69, "male_black_alone_5_9_moe": 73, "male_black_alone_10_14": 76, "male_black_alone_10_14_moe": 106, "male_black_alone_15_17": 70, "male_black_alone_15_17_moe": 66, "female_black_alone_5_9": 77, "female_black_alone_5_9_moe": 84, "female_black_alone_10_14": 14, "female_black_alone_10_14_moe": 21, "female_black_alone_15_17": 56, "female_black_alone_15_17_moe": 45, "male_public_school_5_9": 43, "state": "29", "county": "510", "tract": "112300", "male_public_school_5_9_moe": 53, "male_public_school_10_14": 76, "male_public_school_10_14_moe": 106, "male_public_school_15_17": 70, "male_public_school_15_17_moe": 66, "male_private_school_5_9": 0, "male_private_school_5_9_moe": 12, "male_private_school_10_14": 0, "male_private_school_10_14_moe": 12, "male_private_school_15_17": 0, "male_private_school_15_17_moe": 12, "female_public_school_5_9": 77, "female_public_school_5_9_moe": 84, "female_public_school_10_14": 0, "female_public_school_10_14_moe": 12, "female_public_school_15_17": 56, "female_public_school_15_17_moe": 45, "female_private_school_5_9": 0, "female_private_school_5_9_moe": 12, "female_private_school_10_14": 14, "female_private_school_10_14_moe": 21, "female_private_school_15_17": 0, "female_private_school_15_17_moe": 12, "median_household_income": 32656, "median_household_income_moe": 23651, "acs_median_owner_occupied_home_value": 92800, "acs_median_owner_occupied_home_value_moe": 22545, "race_other": 90, "race_white_share": 0.08637681159420289, "race_black_share": 0.8614492753623189, "race_other_share": 0.05217391304347826, "poverty_rate": 0.34898550724637684, "school_age_5_17": 362, "school_age_white_non_hispanic_5_17": 0, "school_age_black_alone_5_17": 362, "school_age_other_or_unclassified_5_17": 0, "school_age_white_non_hispanic_5_17_moe": 29.393876913398138, "school_age_black_alone_5_17_moe": 174.47922512436833, "school_age_white_non_hispanic_5_17_share": 0.0, "school_age_black_alone_5_17_share": 1.0, "school_age_other_or_unclassified_5_17_share": 0.0, "school_age_5_17_per_capita": 0.2098550724637681, "public_school_enrolled_5_17": 322, "private_school_enrolled_5_17": 14, "public_school_enrolled_5_17_moe": 166.21070964291079, "private_school_enrolled_5_17_moe": 34.07345007480164, "public_school_enrolled_5_17_per_school_age": 0.8895027624309392, "private_school_enrolled_5_17_per_school_age": 0.03867403314917127, "source_area_sq_m": 852343.8437232643, "city_area_sq_m": 852343.8437232643, "city_area_share": 1.0, "tornado_damage_intersects": true, "tornado_max_efscale": "3", "tornado_damage_area_sq_m": 1879871.3133074578, "tornado_damage_area_share": 2.2055316374388427, "tornado_damage_point_count": 12, "tornado_ef2_plus_point_count": 7, "tornado_distance_to_path_m": 0.0}, "geometry": {"type": "Polygon", "coordinates": [[[-90.263406, 38.652153], [-90.263305, 38.65272], [-90.263202, 38.653284], [-90.263109, 38.653869], [-90.26301, 38.654483], [-90.262969, 38.654724], [-90.262909, 38.65508], [-90.262888, 38.655199], [-90.262826, 38.655558], [-90.262819, 38.6556], [-90.262805, 38.655678], [-90.26279, 38.655763], [-90.262746, 38.656017], [-90.262732, 38.656103], [-90.262701, 38.65628], [-90.262679, 38.656414], [-90.262656, 38.656552], [-90.262582, 38.656993], [-90.262504, 38.657459], [-90.262424, 38.657917], [-90.262412, 38.657984], [-90.262376, 38.658186], [-90.262365, 38.658254], [-90.26235, 38.658338], [-90.262305, 38.658591], [-90.262291, 38.658676], [-90.262284, 38.658713], [-90.262265, 38.658824], [-90.262259, 38.658862], [-90.262224, 38.659065], [-90.262175, 38.65935], [-90.262122, 38.659675], [-90.262089, 38.659879], [-90.261797, 38.65985], [-90.260921, 38.659766], [-90.26063, 38.659738], [-90.259935, 38.659676], [-90.259129, 38.659605], [-90.258434, 38.659545], [-90.258402, 38.659532], [-90.257678, 38.659212], [-90.257001, 38.658903], [-90.256306, 38.658598], [-90.255053, 38.658062], [-90.253232, 38.657262], [-90.252468, 38.656929], [-90.251531, 38.656517], [-90.249586, 38.655652], [-90.249965, 38.6551], [-90.250321, 38.654601], [-90.250444, 38.65443], [-90.250655, 38.654142], [-90.250941, 38.653752], [-90.250977, 38.653702], [-90.251321, 38.653229], [-90.251359, 38.653175], [-90.251679, 38.652723], [-90.251737, 38.65264], [-90.251911, 38.652394], [-90.25197, 38.652312], [-90.252005, 38.652261], [-90.25211, 38.652112], [-90.252146, 38.652062], [-90.252271, 38.651884], [-90.252315, 38.651823], [-90.252365, 38.651751], [-90.25261, 38.651401], [-90.252645, 38.65135], [-90.25277, 38.651173], [-90.252906, 38.650982], [-90.253106, 38.650702], [-90.253315, 38.650409], [-90.253452, 38.650219], [-90.254903, 38.65086], [-90.257571, 38.65108], [-90.259025, 38.651204], [-90.260523, 38.651341], [-90.261197, 38.651411], [-90.26135, 38.651427], [-90.261442, 38.651434], [-90.262222, 38.651492], [-90.262796, 38.651535], [-90.263503, 38.651564], [-90.263464, 38.651795], [-90.263406, 38.652153]]]}}, {"id": "45", "type": "Feature", "properties": {"geoid": "29510116100", "name": "Census Tract 1161; St. Louis city; Missouri", "total_population": 3424, "total_population_moe": 842, "race_total": 3424, "race_total_moe": 842, "race_white_non_hispanic": 1403, "race_white_non_hispanic_moe": 221, "race_black_non_hispanic": 1401, "race_black_non_hispanic_moe": 831, "poverty_universe": 3404, "poverty_universe_moe": 838, "poverty_below": 1085, "poverty_below_moe": 772, "male_5_9": 213, "male_5_9_moe": 203, "male_10_14": 86, "male_10_14_moe": 99, "male_15_17": 51, "male_15_17_moe": 75, "female_5_9": 151, "female_5_9_moe": 199, "female_10_14": 77, "female_10_14_moe": 126, "female_15_17": 15, "female_15_17_moe": 24, "male_white_non_hispanic_5_9": 0, "male_white_non_hispanic_5_9_moe": 12, "male_white_non_hispanic_10_14": 11, "male_white_non_hispanic_10_14_moe": 18, "male_white_non_hispanic_15_17": 51, "male_white_non_hispanic_15_17_moe": 75, "female_white_non_hispanic_5_9": 0, "female_white_non_hispanic_5_9_moe": 12, "female_white_non_hispanic_10_14": 0, "female_white_non_hispanic_10_14_moe": 12, "female_white_non_hispanic_15_17": 0, "female_white_non_hispanic_15_17_moe": 12, "male_black_alone_5_9": 150, "male_black_alone_5_9_moe": 194, "male_black_alone_10_14": 58, "male_black_alone_10_14_moe": 98, "male_black_alone_15_17": 0, "male_black_alone_15_17_moe": 12, "female_black_alone_5_9": 133, "female_black_alone_5_9_moe": 198, "female_black_alone_10_14": 77, "female_black_alone_10_14_moe": 126, "female_black_alone_15_17": 15, "female_black_alone_15_17_moe": 24, "male_public_school_5_9": 86, "state": "29", "county": "510", "tract": "116100", "male_public_school_5_9_moe": 76, "male_public_school_10_14": 71, "male_public_school_10_14_moe": 100, "male_public_school_15_17": 51, "male_public_school_15_17_moe": 75, "male_private_school_5_9": 0, "male_private_school_5_9_moe": 12, "male_private_school_10_14": 15, "male_private_school_10_14_moe": 20, "male_private_school_15_17": 0, "male_private_school_15_17_moe": 12, "female_public_school_5_9": 0, "female_public_school_5_9_moe": 12, "female_public_school_10_14": 77, "female_public_school_10_14_moe": 126, "female_public_school_15_17": 15, "female_public_school_15_17_moe": 24, "female_private_school_5_9": 18, "female_private_school_5_9_moe": 32, "female_private_school_10_14": 0, "female_private_school_10_14_moe": 12, "female_private_school_15_17": 0, "female_private_school_15_17_moe": 12, "median_household_income": 43884, "median_household_income_moe": 19912, "acs_median_owner_occupied_home_value": 191400, "acs_median_owner_occupied_home_value_moe": 40669, "race_other": 620, "race_white_share": 0.40975467289719625, "race_black_share": 0.40917056074766356, "race_other_share": 0.1810747663551402, "poverty_rate": 0.3187426556991774, "school_age_5_17": 593, "school_age_white_non_hispanic_5_17": 62, "school_age_black_alone_5_17": 433, "school_age_other_or_unclassified_5_17": 98, "school_age_white_non_hispanic_5_17_moe": 80.77747210701756, "school_age_black_alone_5_17_moe": 320.99844236382205, "school_age_white_non_hispanic_5_17_share": 0.1045531197301855, "school_age_black_alone_5_17_share": 0.730185497470489, "school_age_other_or_unclassified_5_17_share": 0.16526138279932545, "school_age_5_17_per_capita": 0.1731892523364486, "public_school_enrolled_5_17": 300, "private_school_enrolled_5_17": 33, "public_school_enrolled_5_17_moe": 194.92819190666086, "private_school_enrolled_5_17_moe": 44.721359549995796, "public_school_enrolled_5_17_per_school_age": 0.5059021922428331, "private_school_enrolled_5_17_per_school_age": 0.05564924114671164, "source_area_sq_m": 765638.4320281254, "city_area_sq_m": 765638.4320281252, "city_area_share": 0.9999999999999997, "tornado_damage_intersects": false, "tornado_max_efscale": "<NA>", "tornado_damage_area_sq_m": 0.0, "tornado_damage_area_share": 0.0, "tornado_damage_point_count": 0, "tornado_ef2_plus_point_count": 0, "tornado_distance_to_path_m": 5956.571963055592}, "geometry": {"type": "Polygon", "coordinates": [[[-90.259472, 38.589908], [-90.259438, 38.589904], [-90.25911, 38.58987], [-90.258799, 38.589845], [-90.258634, 38.589832], [-90.258366, 38.589811], [-90.258355, 38.589923], [-90.258351, 38.589964], [-90.258328, 38.590085], [-90.258272, 38.590394], [-90.258177, 38.590902], [-90.258127, 38.591175], [-90.258079, 38.59144], [-90.257936, 38.592238], [-90.257889, 38.592504], [-90.258227, 38.59254], [-90.258515, 38.592571], [-90.259241, 38.592652], [-90.259579, 38.592691], [-90.259547, 38.592862], [-90.259499, 38.593123], [-90.259452, 38.593378], [-90.259421, 38.593551], [-90.259395, 38.593722], [-90.259357, 38.593981], [-90.259323, 38.594214], [-90.259319, 38.594236], [-90.259295, 38.594408], [-90.259287, 38.594465], [-90.259269, 38.594581], [-90.259231, 38.594847], [-90.259194, 38.595103], [-90.259169, 38.595277], [-90.259145, 38.595436], [-90.259112, 38.595672], [-90.259076, 38.595916], [-90.259054, 38.596077], [-90.25903, 38.596237], [-90.258961, 38.59672], [-90.258938, 38.596881], [-90.258929, 38.596943], [-90.258912, 38.597057], [-90.258874, 38.597326], [-90.258836, 38.597588], [-90.258811, 38.597766], [-90.25826, 38.597707], [-90.256607, 38.597532], [-90.256056, 38.597474], [-90.255526, 38.59742], [-90.254825, 38.59735], [-90.253941, 38.597243], [-90.253414, 38.59718], [-90.252936, 38.597122], [-90.252844, 38.597112], [-90.251134, 38.596935], [-90.250565, 38.596877], [-90.250568, 38.596852], [-90.250577, 38.59678], [-90.250581, 38.596756], [-90.2506, 38.596608], [-90.250622, 38.596447], [-90.250662, 38.596194], [-90.250666, 38.596166], [-90.25069, 38.59602], [-90.250704, 38.59594], [-90.250746, 38.595701], [-90.250761, 38.595622], [-90.250772, 38.59554], [-90.250807, 38.595294], [-90.25082, 38.595213], [-90.250838, 38.595085], [-90.250839, 38.595071], [-90.250875, 38.59481], [-90.250895, 38.594645], [-90.250914, 38.594504], [-90.250916, 38.594482], [-90.250921, 38.594447], [-90.25093, 38.59442], [-90.250938, 38.5944], [-90.250981, 38.594283], [-90.251023, 38.594199], [-90.251046, 38.594155], [-90.251197, 38.594049], [-90.251318, 38.593977], [-90.251398, 38.593928], [-90.251502, 38.593835], [-90.251524, 38.593795], [-90.251552, 38.593746], [-90.251587, 38.593588], [-90.251615, 38.593419], [-90.251659, 38.593162], [-90.251694, 38.592911], [-90.251718, 38.592742], [-90.251739, 38.592597], [-90.251738, 38.592561], [-90.251737, 38.592443], [-90.251702, 38.592327], [-90.251686, 38.592303], [-90.25153, 38.592073], [-90.251429, 38.591923], [-90.251353, 38.591832], [-90.251275, 38.591737], [-90.251137, 38.591552], [-90.251067, 38.591458], [-90.25112, 38.591451], [-90.251214, 38.59144], [-90.251277, 38.591418], [-90.251328, 38.591402], [-90.251386, 38.591383], [-90.251381, 38.591152], [-90.25139, 38.590949], [-90.251413, 38.590809], [-90.251617, 38.589582], [-90.251693, 38.589128], [-90.251726, 38.588922], [-90.251779, 38.5886], [-90.251824, 38.588304], [-90.251857, 38.588099], [-90.251889, 38.587889], [-90.251978, 38.58731], [-90.251986, 38.587262], [-90.252022, 38.587054], [-90.252067, 38.586797], [-90.252125, 38.586617], [-90.252217, 38.586412], [-90.252288, 38.586304], [-90.252394, 38.586171], [-90.252718, 38.585808], [-90.253032, 38.585446], [-90.253077, 38.58547], [-90.253143, 38.585505], [-90.254109, 38.586011], [-90.255496, 38.586734], [-90.255848, 38.586922], [-90.256821, 38.587443], [-90.256967, 38.58752], [-90.257702, 38.587911], [-90.258246, 38.58819], [-90.258336, 38.588236], [-90.25845, 38.588309], [-90.258579, 38.588382], [-90.259141, 38.588699], [-90.259326, 38.588794], [-90.259579, 38.588925], [-90.259579, 38.589083], [-90.259582, 38.589128], [-90.259601, 38.589377], [-90.259647, 38.589653], [-90.259663, 38.589733], [-90.259706, 38.589933], [-90.259472, 38.589908]]]}}, {"id": "46", "type": "Feature", "properties": {"geoid": "29510116200", "name": "Census Tract 1162; St. Louis city; Missouri", "total_population": 3644, "total_population_moe": 405, "race_total": 3644, "race_total_moe": 405, "race_white_non_hispanic": 2698, "race_white_non_hispanic_moe": 432, "race_black_non_hispanic": 402, "race_black_non_hispanic_moe": 147, "poverty_universe": 3644, "poverty_universe_moe": 405, "poverty_below": 188, "poverty_below_moe": 116, "male_5_9": 63, "male_5_9_moe": 48, "male_10_14": 72, "male_10_14_moe": 83, "male_15_17": 0, "male_15_17_moe": 12, "female_5_9": 161, "female_5_9_moe": 71, "female_10_14": 48, "female_10_14_moe": 38, "female_15_17": 10, "female_15_17_moe": 18, "male_white_non_hispanic_5_9": 56, "male_white_non_hispanic_5_9_moe": 46, "male_white_non_hispanic_10_14": 21, "male_white_non_hispanic_10_14_moe": 33, "male_white_non_hispanic_15_17": 0, "male_white_non_hispanic_15_17_moe": 12, "female_white_non_hispanic_5_9": 147, "female_white_non_hispanic_5_9_moe": 75, "female_white_non_hispanic_10_14": 18, "female_white_non_hispanic_10_14_moe": 31, "female_white_non_hispanic_15_17": 0, "female_white_non_hispanic_15_17_moe": 12, "male_black_alone_5_9": 0, "male_black_alone_5_9_moe": 12, "male_black_alone_10_14": 0, "male_black_alone_10_14_moe": 12, "male_black_alone_15_17": 0, "male_black_alone_15_17_moe": 12, "female_black_alone_5_9": 0, "female_black_alone_5_9_moe": 12, "female_black_alone_10_14": 15, "female_black_alone_10_14_moe": 27, "female_black_alone_15_17": 0, "female_black_alone_15_17_moe": 12, "male_public_school_5_9": 7, "state": "29", "county": "510", "tract": "116200", "male_public_school_5_9_moe": 15, "male_public_school_10_14": 72, "male_public_school_10_14_moe": 83, "male_public_school_15_17": 0, "male_public_school_15_17_moe": 12, "male_private_school_5_9": 56, "male_private_school_5_9_moe": 46, "male_private_school_10_14": 0, "male_private_school_10_14_moe": 12, "male_private_school_15_17": 0, "male_private_school_15_17_moe": 12, "female_public_school_5_9": 55, "female_public_school_5_9_moe": 49, "female_public_school_10_14": 48, "female_public_school_10_14_moe": 38, "female_public_school_15_17": 10, "female_public_school_15_17_moe": 18, "female_private_school_5_9": 88, "female_private_school_5_9_moe": 46, "female_private_school_10_14": 0, "female_private_school_10_14_moe": 12, "female_private_school_15_17": 0, "female_private_school_15_17_moe": 12, "median_household_income": 87492, "median_household_income_moe": 26381, "acs_median_owner_occupied_home_value": 266600, "acs_median_owner_occupied_home_value_moe": 29326, "race_other": 544, "race_white_share": 0.7403951701427003, "race_black_share": 0.11031833150384193, "race_other_share": 0.14928649835345773, "poverty_rate": 0.05159165751920966, "school_age_5_17": 354, "school_age_white_non_hispanic_5_17": 242, "school_age_black_alone_5_17": 15, "school_age_other_or_unclassified_5_17": 97, "school_age_white_non_hispanic_5_17_moe": 100.39422294136251, "school_age_black_alone_5_17_moe": 38.06573262134856, "school_age_white_non_hispanic_5_17_share": 0.6836158192090396, "school_age_black_alone_5_17_share": 0.0423728813559322, "school_age_other_or_unclassified_5_17_share": 0.2740112994350282, "school_age_5_17_per_capita": 0.09714599341383096, "public_school_enrolled_5_17": 192, "private_school_enrolled_5_17": 144, "public_school_enrolled_5_17_moe": 106.8971468281544, "private_school_enrolled_5_17_moe": 69.33974329343886, "public_school_enrolled_5_17_per_school_age": 0.5423728813559322, "private_school_enrolled_5_17_per_school_age": 0.4067796610169492, "source_area_sq_m": 2348719.4533139407, "city_area_sq_m": 2348719.45331394, "city_area_share": 0.9999999999999998, "tornado_damage_intersects": false, "tornado_max_efscale": "<NA>", "tornado_damage_area_sq_m": 0.0, "tornado_damage_area_share": 0.0, "tornado_damage_point_count": 0, "tornado_ef2_plus_point_count": 0, "tornado_distance_to_path_m": 4428.922977832282}, "geometry": {"type": "Polygon", "coordinates": [[[-90.270221, 38.599706], [-90.270214, 38.599743], [-90.270161, 38.600015], [-90.270003, 38.600833], [-90.269951, 38.601106], [-90.269897, 38.601353], [-90.269739, 38.602095], [-90.269704, 38.602261], [-90.269686, 38.602343], [-90.26963, 38.602603], [-90.269597, 38.602759], [-90.269477, 38.603388], [-90.269428, 38.60365], [-90.269419, 38.603698], [-90.269413, 38.60373], [-90.269392, 38.603842], [-90.269383, 38.60389], [-90.269339, 38.604116], [-90.269329, 38.604173], [-90.269271, 38.604532], [-90.269228, 38.604798], [-90.269192, 38.605026], [-90.269152, 38.60527], [-90.269115, 38.605499], [-90.26901, 38.606], [-90.26896, 38.606243], [-90.26884, 38.606814], [-90.268749, 38.607281], [-90.268721, 38.607426], [-90.26868, 38.607639], [-90.26865, 38.607793], [-90.268427, 38.608874], [-90.268247, 38.609745], [-90.268029, 38.609729], [-90.267521, 38.609694], [-90.266968, 38.609662], [-90.2668, 38.60965], [-90.266709, 38.609643], [-90.266486, 38.609625], [-90.265817, 38.609574], [-90.265595, 38.609557], [-90.265293, 38.609521], [-90.26439, 38.609415], [-90.264089, 38.60938], [-90.263978, 38.609371], [-90.263863, 38.609359], [-90.263634, 38.609337], [-90.263188, 38.609282], [-90.262964, 38.609255], [-90.26268, 38.609221], [-90.261955, 38.609152], [-90.26103, 38.609065], [-90.259236, 38.608904], [-90.258926, 38.608867], [-90.258245, 38.608786], [-90.257918, 38.608762], [-90.257285, 38.608709], [-90.255861, 38.608591], [-90.25539, 38.608542], [-90.254759, 38.608477], [-90.25447, 38.608447], [-90.253604, 38.608357], [-90.253316, 38.608327], [-90.253196, 38.608315], [-90.253009, 38.608296], [-90.25209, 38.608207], [-90.251784, 38.608178], [-90.251265, 38.608128], [-90.249711, 38.607979], [-90.249193, 38.60793], [-90.248658, 38.607879], [-90.247053, 38.607729], [-90.246518, 38.607679], [-90.245991, 38.607631], [-90.245512, 38.607589], [-90.244626, 38.607512], [-90.244412, 38.607491], [-90.243886, 38.607441], [-90.243386, 38.607392], [-90.243023, 38.607358], [-90.241887, 38.607242], [-90.241388, 38.607191], [-90.241433, 38.607002], [-90.241441, 38.606973], [-90.241554, 38.606432], [-90.241595, 38.606242], [-90.241631, 38.606066], [-90.241681, 38.605834], [-90.241742, 38.60554], [-90.241779, 38.605365], [-90.241794, 38.605289], [-90.241838, 38.605061], [-90.241854, 38.604986], [-90.241856, 38.604971], [-90.241864, 38.604926], [-90.241868, 38.604912], [-90.241885, 38.604823], [-90.241938, 38.604556], [-90.241956, 38.604468], [-90.24199, 38.604292], [-90.242042, 38.604029], [-90.242067, 38.603902], [-90.242088, 38.603763], [-90.242115, 38.603586], [-90.242141, 38.603411], [-90.242221, 38.602886], [-90.242248, 38.602712], [-90.242295, 38.602719], [-90.242529, 38.602791], [-90.242724, 38.602837], [-90.242992, 38.602867], [-90.243628, 38.602939], [-90.24527, 38.603101], [-90.245797, 38.603153], [-90.246028, 38.603192], [-90.246728, 38.603255], [-90.247456, 38.603321], [-90.248827, 38.603453], [-90.249527, 38.603521], [-90.249557, 38.60332], [-90.249607, 38.603], [-90.24965, 38.60272], [-90.249682, 38.602521], [-90.24975, 38.602088], [-90.249766, 38.601987], [-90.24982, 38.601639], [-90.249848, 38.60145], [-90.249888, 38.601184], [-90.249916, 38.600995], [-90.249955, 38.600738], [-90.249971, 38.600603], [-90.249975, 38.600568], [-90.250007, 38.600289], [-90.25003, 38.600163], [-90.250044, 38.600091], [-90.250095, 38.59982], [-90.250101, 38.599785], [-90.250125, 38.59966], [-90.250133, 38.599607], [-90.250159, 38.599447], [-90.250168, 38.599395], [-90.250187, 38.59927], [-90.250195, 38.599227], [-90.250237, 38.598966], [-90.250247, 38.598898], [-90.250268, 38.598775], [-90.250314, 38.598491], [-90.250338, 38.598349], [-90.250391, 38.59804], [-90.250405, 38.59796], [-90.250417, 38.597884], [-90.250425, 38.597838], [-90.250457, 38.597646], [-90.250483, 38.5975], [-90.250502, 38.597355], [-90.250518, 38.597231], [-90.250539, 38.597069], [-90.250565, 38.596877], [-90.251134, 38.596935], [-90.252844, 38.597112], [-90.252936, 38.597122], [-90.253414, 38.59718], [-90.253941, 38.597243], [-90.254825, 38.59735], [-90.255526, 38.59742], [-90.256056, 38.597474], [-90.256607, 38.597532], [-90.25826, 38.597707], [-90.258811, 38.597766], [-90.258784, 38.597947], [-90.258745, 38.598226], [-90.258703, 38.598491], [-90.258676, 38.598673], [-90.260336, 38.598822], [-90.261441, 38.598941], [-90.261971, 38.599011], [-90.261998, 38.598843], [-90.262025, 38.598679], [-90.262182, 38.598683], [-90.262434, 38.598706], [-90.262555, 38.598717], [-90.262943, 38.598755], [-90.263658, 38.598826], [-90.264067, 38.598868], [-90.264244, 38.598887], [-90.264777, 38.598944], [-90.264955, 38.598963], [-90.26506, 38.598983], [-90.265377, 38.599044], [-90.265417, 38.599052], [-90.265483, 38.599066], [-90.265727, 38.599079], [-90.266461, 38.599119], [-90.266706, 38.599133], [-90.267008, 38.599162], [-90.267571, 38.599217], [-90.267916, 38.599257], [-90.268124, 38.599281], [-90.268219, 38.599292], [-90.268625, 38.599345], [-90.269844, 38.599504], [-90.270251, 38.599558], [-90.270243, 38.599594], [-90.270221, 38.599706]]]}}, {"id": "47", "type": "Feature", "properties": {"geoid": "29510116400", "name": "Census Tract 1164; St. Louis city; Missouri", "total_population": 4223, "total_population_moe": 1025, "race_total": 4223, "race_total_moe": 1025, "race_white_non_hispanic": 1550, "race_white_non_hispanic_moe": 669, "race_black_non_hispanic": 1947, "race_black_non_hispanic_moe": 980, "poverty_universe": 4223, "poverty_universe_moe": 1025, "poverty_below": 876, "poverty_below_moe": 546, "male_5_9": 57, "male_5_9_moe": 86, "male_10_14": 93, "male_10_14_moe": 97, "male_15_17": 58, "male_15_17_moe": 64, "female_5_9": 54, "female_5_9_moe": 73, "female_10_14": 86, "female_10_14_moe": 102, "female_15_17": 197, "female_15_17_moe": 148, "male_white_non_hispanic_5_9": 50, "male_white_non_hispanic_5_9_moe": 82, "male_white_non_hispanic_10_14": 50, "male_white_non_hispanic_10_14_moe": 82, "male_white_non_hispanic_15_17": 43, "male_white_non_hispanic_15_17_moe": 57, "female_white_non_hispanic_5_9": 3, "female_white_non_hispanic_5_9_moe": 22, "female_white_non_hispanic_10_14": 66, "female_white_non_hispanic_10_14_moe": 93, "female_white_non_hispanic_15_17": 50, "female_white_non_hispanic_15_17_moe": 79, "male_black_alone_5_9": 7, "male_black_alone_5_9_moe": 15, "male_black_alone_10_14": 10, "male_black_alone_10_14_moe": 19, "male_black_alone_15_17": 15, "male_black_alone_15_17_moe": 28, "female_black_alone_5_9": 0, "female_black_alone_5_9_moe": 12, "female_black_alone_10_14": 20, "female_black_alone_10_14_moe": 35, "female_black_alone_15_17": 143, "female_black_alone_15_17_moe": 136, "male_public_school_5_9": 57, "state": "29", "county": "510", "tract": "116400", "male_public_school_5_9_moe": 86, "male_public_school_10_14": 93, "male_public_school_10_14_moe": 97, "male_public_school_15_17": 58, "male_public_school_15_17_moe": 64, "male_private_school_5_9": 0, "male_private_school_5_9_moe": 12, "male_private_school_10_14": 0, "male_private_school_10_14_moe": 12, "male_private_school_15_17": 0, "male_private_school_15_17_moe": 12, "female_public_school_5_9": 37, "female_public_school_5_9_moe": 60, "female_public_school_10_14": 86, "female_public_school_10_14_moe": 102, "female_public_school_15_17": 197, "female_public_school_15_17_moe": 148, "female_private_school_5_9": 17, "female_private_school_5_9_moe": 33, "female_private_school_10_14": 0, "female_private_school_10_14_moe": 12, "female_private_school_15_17": 0, "female_private_school_15_17_moe": 12, "median_household_income": 49378, "median_household_income_moe": 13328, "acs_median_owner_occupied_home_value": 132600, "acs_median_owner_occupied_home_value_moe": 16297, "race_other": 726, "race_white_share": 0.36703765095903385, "race_black_share": 0.46104664930144446, "race_other_share": 0.17191569973952167, "poverty_rate": 0.20743547241297655, "school_age_5_17": 545, "school_age_white_non_hispanic_5_17": 262, "school_age_black_alone_5_17": 195, "school_age_other_or_unclassified_5_17": 88, "school_age_white_non_hispanic_5_17_moe": 179.08377927662795, "school_age_black_alone_5_17_moe": 145.722338713047, "school_age_white_non_hispanic_5_17_share": 0.48073394495412847, "school_age_black_alone_5_17_share": 0.3577981651376147, "school_age_other_or_unclassified_5_17_share": 0.1614678899082569, "school_age_5_17_per_capita": 0.1290551740468861, "public_school_enrolled_5_17": 528, "private_school_enrolled_5_17": 17, "public_school_enrolled_5_17_moe": 238.3463865889307, "private_school_enrolled_5_17_moe": 42.532340636273474, "public_school_enrolled_5_17_per_school_age": 0.9688073394495413, "private_school_enrolled_5_17_per_school_age": 0.031192660550458717, "source_area_sq_m": 1004743.6748054399, "city_area_sq_m": 1004743.6748054399, "city_area_share": 1.0, "tornado_damage_intersects": false, "tornado_max_efscale": "<NA>", "tornado_damage_area_sq_m": 0.0, "tornado_damage_area_share": 0.0, "tornado_damage_point_count": 0, "tornado_ef2_plus_point_count": 0, "tornado_distance_to_path_m": 6516.728788001115}, "geometry": {"type": "Polygon", "coordinates": [[[-90.244951, 38.585507], [-90.244946, 38.585534], [-90.244936, 38.585607], [-90.244914, 38.585748], [-90.244851, 38.586171], [-90.24483, 38.586313], [-90.244822, 38.586353], [-90.244802, 38.586476], [-90.244796, 38.586518], [-90.244767, 38.586684], [-90.244684, 38.587184], [-90.244657, 38.587351], [-90.244521, 38.588152], [-90.244493, 38.588316], [-90.244488, 38.588343], [-90.244337, 38.589204], [-90.244185, 38.590103], [-90.244189, 38.590116], [-90.244175, 38.590165], [-90.244045, 38.591004], [-90.243967, 38.591509], [-90.243916, 38.591903], [-90.243901, 38.592015], [-90.243857, 38.592351], [-90.243856, 38.592367], [-90.243839, 38.592463], [-90.2438, 38.59273], [-90.243773, 38.592919], [-90.243709, 38.593373], [-90.243682, 38.593533], [-90.243638, 38.5938], [-90.243489, 38.594703], [-90.243453, 38.594919], [-90.243351, 38.595524], [-90.243277, 38.595964], [-90.243262, 38.596049], [-90.243202, 38.596406], [-90.243093, 38.597122], [-90.243086, 38.597161], [-90.243069, 38.597281], [-90.243064, 38.597321], [-90.241059, 38.597055], [-90.240603, 38.596998], [-90.239235, 38.596827], [-90.23878, 38.59677], [-90.238248, 38.596703], [-90.237643, 38.59663], [-90.236493, 38.596493], [-90.236261, 38.596465], [-90.236087, 38.596445], [-90.235565, 38.596378], [-90.235334, 38.596349], [-90.235112, 38.596319], [-90.234782, 38.596276], [-90.234448, 38.596235], [-90.234227, 38.596209], [-90.233062, 38.596062], [-90.233353, 38.594729], [-90.233453, 38.59429], [-90.233679, 38.594316], [-90.234357, 38.594395], [-90.234583, 38.594422], [-90.234653, 38.59406], [-90.23467, 38.593976], [-90.234706, 38.593793], [-90.234866, 38.592977], [-90.234937, 38.592616], [-90.235011, 38.59226], [-90.235222, 38.591256], [-90.235235, 38.591192], [-90.23531, 38.590837], [-90.235383, 38.590477], [-90.235401, 38.590393], [-90.235603, 38.589397], [-90.235677, 38.589038], [-90.235753, 38.58868], [-90.235981, 38.587605], [-90.236058, 38.587248], [-90.236285, 38.587277], [-90.236682, 38.587328], [-90.236966, 38.587365], [-90.237194, 38.587395], [-90.237421, 38.587423], [-90.238103, 38.58751], [-90.238331, 38.587539], [-90.238403, 38.587181], [-90.23842, 38.587097], [-90.238607, 38.586179], [-90.238621, 38.586107], [-90.238694, 38.58575], [-90.238769, 38.58539], [-90.238818, 38.585156], [-90.238987, 38.58431], [-90.23906, 38.583951], [-90.239287, 38.583979], [-90.239969, 38.584063], [-90.240197, 38.584092], [-90.240428, 38.584121], [-90.241123, 38.58421], [-90.241355, 38.58424], [-90.241808, 38.584297], [-90.243167, 38.584471], [-90.243621, 38.584529], [-90.243874, 38.584561], [-90.244299, 38.584616], [-90.244636, 38.584659], [-90.244663, 38.584663], [-90.244892, 38.584675], [-90.244912, 38.584787], [-90.244931, 38.584889], [-90.244951, 38.585128], [-90.244961, 38.585242], [-90.244964, 38.58528], [-90.244961, 38.585315], [-90.244951, 38.585507]]]}}, {"id": "48", "type": "Feature", "properties": {"geoid": "29510107300", "name": "Census Tract 1073; St. Louis city; Missouri", "total_population": 4108, "total_population_moe": 897, "race_total": 4108, "race_total_moe": 897, "race_white_non_hispanic": 25, "race_white_non_hispanic_moe": 31, "race_black_non_hispanic": 3955, "race_black_non_hispanic_moe": 895, "poverty_universe": 4108, "poverty_universe_moe": 897, "poverty_below": 1070, "poverty_below_moe": 432, "male_5_9": 49, "male_5_9_moe": 54, "male_10_14": 179, "male_10_14_moe": 239, "male_15_17": 65, "male_15_17_moe": 55, "female_5_9": 39, "female_5_9_moe": 39, "female_10_14": 291, "female_10_14_moe": 171, "female_15_17": 39, "female_15_17_moe": 40, "male_white_non_hispanic_5_9": 0, "male_white_non_hispanic_5_9_moe": 12, "male_white_non_hispanic_10_14": 0, "male_white_non_hispanic_10_14_moe": 12, "male_white_non_hispanic_15_17": 0, "male_white_non_hispanic_15_17_moe": 12, "female_white_non_hispanic_5_9": 0, "female_white_non_hispanic_5_9_moe": 12, "female_white_non_hispanic_10_14": 0, "female_white_non_hispanic_10_14_moe": 12, "female_white_non_hispanic_15_17": 0, "female_white_non_hispanic_15_17_moe": 12, "male_black_alone_5_9": 49, "male_black_alone_5_9_moe": 54, "male_black_alone_10_14": 179, "male_black_alone_10_14_moe": 239, "male_black_alone_15_17": 65, "male_black_alone_15_17_moe": 55, "female_black_alone_5_9": 39, "female_black_alone_5_9_moe": 39, "female_black_alone_10_14": 291, "female_black_alone_10_14_moe": 171, "female_black_alone_15_17": 39, "female_black_alone_15_17_moe": 40, "male_public_school_5_9": 49, "state": "29", "county": "510", "tract": "107300", "male_public_school_5_9_moe": 54, "male_public_school_10_14": 179, "male_public_school_10_14_moe": 239, "male_public_school_15_17": 65, "male_public_school_15_17_moe": 55, "male_private_school_5_9": 0, "male_private_school_5_9_moe": 12, "male_private_school_10_14": 0, "male_private_school_10_14_moe": 12, "male_private_school_15_17": 0, "male_private_school_15_17_moe": 12, "female_public_school_5_9": 39, "female_public_school_5_9_moe": 39, "female_public_school_10_14": 214, "female_public_school_10_14_moe": 126, "female_public_school_15_17": 39, "female_public_school_15_17_moe": 40, "female_private_school_5_9": 0, "female_private_school_5_9_moe": 12, "female_private_school_10_14": 0, "female_private_school_10_14_moe": 12, "female_private_school_15_17": 0, "female_private_school_15_17_moe": 12, "median_household_income": 41844, "median_household_income_moe": 7680, "acs_median_owner_occupied_home_value": 89700, "acs_median_owner_occupied_home_value_moe": 17055, "race_other": 128, "race_white_share": 0.006085686465433301, "race_black_share": 0.9627555988315482, "race_other_share": 0.0311587147030185, "poverty_rate": 0.26046738072054526, "school_age_5_17": 662, "school_age_white_non_hispanic_5_17": 0, "school_age_black_alone_5_17": 662, "school_age_other_or_unclassified_5_17": 0, "school_age_white_non_hispanic_5_17_moe": 29.393876913398138, "school_age_black_alone_5_17_moe": 308.90775322092514, "school_age_white_non_hispanic_5_17_share": 0.0, "school_age_black_alone_5_17_share": 1.0, "school_age_other_or_unclassified_5_17_share": 0.0, "school_age_5_17_per_capita": 0.1611489776046738, "public_school_enrolled_5_17": 585, "private_school_enrolled_5_17": 0, "public_school_enrolled_5_17_moe": 286.4594212100555, "private_school_enrolled_5_17_moe": 29.393876913398138, "public_school_enrolled_5_17_per_school_age": 0.8836858006042296, "private_school_enrolled_5_17_per_school_age": 0.0, "source_area_sq_m": 1574538.8973419138, "city_area_sq_m": 1572301.0961116028, "city_area_share": 0.9985787577340333, "tornado_damage_intersects": false, "tornado_max_efscale": "<NA>", "tornado_damage_area_sq_m": 0.0, "tornado_damage_area_share": 0.0, "tornado_damage_point_count": 0, "tornado_ef2_plus_point_count": 0, "tornado_distance_to_path_m": 3969.889473867844}, "geometry": {"type": "Polygon", "coordinates": [[[-90.264381, 38.702981], [-90.264081, 38.703366], [-90.263859, 38.703644], [-90.263796, 38.703722], [-90.263636, 38.703922], [-90.263443, 38.704172], [-90.263094, 38.704609], [-90.262121, 38.705835], [-90.262004, 38.705982], [-90.261813, 38.706221], [-90.261002, 38.707217], [-90.260353, 38.708028], [-90.259966, 38.708518], [-90.259896, 38.708603], [-90.259315, 38.709336], [-90.258717, 38.710087], [-90.258065, 38.710818], [-90.256471, 38.71291], [-90.256198, 38.713252], [-90.255791, 38.713764], [-90.254084, 38.715907], [-90.253999, 38.716016], [-90.253937, 38.715978], [-90.253883, 38.715947], [-90.253377, 38.715672], [-90.253264, 38.71561], [-90.252763, 38.715361], [-90.252354, 38.715176], [-90.252073, 38.715049], [-90.251856, 38.714951], [-90.25175, 38.714905], [-90.251575, 38.71483], [-90.251487, 38.714794], [-90.251227, 38.714688], [-90.250879, 38.714557], [-90.250816, 38.714535], [-90.25048, 38.714416], [-90.250391, 38.714386], [-90.250203, 38.714322], [-90.249643, 38.714131], [-90.249456, 38.714068], [-90.24933, 38.714025], [-90.248952, 38.713897], [-90.248827, 38.713855], [-90.248798, 38.713845], [-90.248072, 38.713608], [-90.247114, 38.713294], [-90.244108, 38.71226], [-90.244264, 38.712101], [-90.24519, 38.711158], [-90.245427, 38.710926], [-90.245635, 38.710723], [-90.246134, 38.710225], [-90.246369, 38.709991], [-90.246676, 38.709687], [-90.247305, 38.709049], [-90.247988, 38.708337], [-90.248688, 38.707627], [-90.249274, 38.707018], [-90.24946, 38.706834], [-90.249475, 38.706821], [-90.249686, 38.706613], [-90.24998, 38.706301], [-90.250366, 38.705913], [-90.250504, 38.705772], [-90.250705, 38.705569], [-90.250924, 38.705354], [-90.251065, 38.705216], [-90.251207, 38.705074], [-90.251439, 38.704844], [-90.251634, 38.704649], [-90.251711, 38.704573], [-90.251774, 38.704505], [-90.25191, 38.704358], [-90.251987, 38.704277], [-90.252128, 38.704135], [-90.252332, 38.703929], [-90.252474, 38.703788], [-90.25256, 38.703702], [-90.252719, 38.703545], [-90.252823, 38.703449], [-90.252848, 38.703427], [-90.252919, 38.703375], [-90.252992, 38.703323], [-90.253044, 38.703287], [-90.253223, 38.70318], [-90.253301, 38.703135], [-90.253527, 38.702996], [-90.253584, 38.702962], [-90.254211, 38.702591], [-90.254271, 38.702556], [-90.254438, 38.702453], [-90.254607, 38.702346], [-90.254882, 38.702172], [-90.255118, 38.702031], [-90.25529, 38.701929], [-90.25548, 38.701816], [-90.255753, 38.701656], [-90.256058, 38.701486], [-90.256158, 38.701432], [-90.25625, 38.701375], [-90.256442, 38.701255], [-90.256749, 38.701065], [-90.257018, 38.700894], [-90.25721, 38.700774], [-90.257718, 38.700475], [-90.258182, 38.7002], [-90.258375, 38.700081], [-90.258508, 38.7], [-90.258691, 38.699898], [-90.258965, 38.699744], [-90.25899, 38.699731], [-90.25915, 38.699613], [-90.259225, 38.699557], [-90.259332, 38.699489], [-90.259627, 38.699305], [-90.259659, 38.699286], [-90.259883, 38.699121], [-90.259938, 38.699081], [-90.260049, 38.698976], [-90.260099, 38.698928], [-90.260185, 38.698826], [-90.260226, 38.698779], [-90.260568, 38.698355], [-90.260611, 38.698303], [-90.260689, 38.698192], [-90.260699, 38.698176], [-90.260733, 38.698128], [-90.260745, 38.698113], [-90.260755, 38.698099], [-90.260785, 38.698057], [-90.260795, 38.698043], [-90.260845, 38.698159], [-90.260981, 38.69839], [-90.261082, 38.698535], [-90.261165, 38.698652], [-90.261327, 38.698851], [-90.261494, 38.69904], [-90.261748, 38.699288], [-90.261825, 38.699363], [-90.262059, 38.69953], [-90.262134, 38.699582], [-90.262258, 38.699668], [-90.262348, 38.699731], [-90.262699, 38.699953], [-90.262877, 38.700053], [-90.263031, 38.70014], [-90.26309, 38.70017], [-90.263248, 38.70025], [-90.263298, 38.700276], [-90.263556, 38.700401], [-90.263735, 38.700466], [-90.2638, 38.70049], [-90.263904, 38.700523], [-90.263945, 38.700544], [-90.264075, 38.7006], [-90.264182, 38.700645], [-90.264284, 38.700684], [-90.264467, 38.700756], [-90.264647, 38.700828], [-90.265472, 38.70119], [-90.2655134422333, 38.70120690407811], [-90.2655099787722, 38.701208865168596], [-90.2653499619334, 38.701450869197295], [-90.2649469697451, 38.70209888529331], [-90.264442965057, 38.702900878453505], [-90.2644312769245, 38.702919645120595], [-90.264381, 38.702981]]]}}, {"id": "49", "type": "Feature", "properties": {"geoid": "29510118600", "name": "Census Tract 1186; St. Louis city; Missouri", "total_population": 3599, "total_population_moe": 396, "race_total": 3599, "race_total_moe": 396, "race_white_non_hispanic": 2069, "race_white_non_hispanic_moe": 340, "race_black_non_hispanic": 661, "race_black_non_hispanic_moe": 231, "poverty_universe": 2991, "poverty_universe_moe": 401, "poverty_below": 729, "poverty_below_moe": 181, "male_5_9": 23, "male_5_9_moe": 31, "male_10_14": 0, "male_10_14_moe": 12, "male_15_17": 9, "male_15_17_moe": 19, "female_5_9": 109, "female_5_9_moe": 93, "female_10_14": 9, "female_10_14_moe": 19, "female_15_17": 0, "female_15_17_moe": 12, "male_white_non_hispanic_5_9": 0, "male_white_non_hispanic_5_9_moe": 12, "male_white_non_hispanic_10_14": 0, "male_white_non_hispanic_10_14_moe": 12, "male_white_non_hispanic_15_17": 9, "male_white_non_hispanic_15_17_moe": 19, "female_white_non_hispanic_5_9": 70, "female_white_non_hispanic_5_9_moe": 60, "female_white_non_hispanic_10_14": 0, "female_white_non_hispanic_10_14_moe": 12, "female_white_non_hispanic_15_17": 0, "female_white_non_hispanic_15_17_moe": 12, "male_black_alone_5_9": 0, "male_black_alone_5_9_moe": 12, "male_black_alone_10_14": 0, "male_black_alone_10_14_moe": 12, "male_black_alone_15_17": 0, "male_black_alone_15_17_moe": 12, "female_black_alone_5_9": 0, "female_black_alone_5_9_moe": 12, "female_black_alone_10_14": 9, "female_black_alone_10_14_moe": 19, "female_black_alone_15_17": 0, "female_black_alone_15_17_moe": 12, "male_public_school_5_9": 23, "state": "29", "county": "510", "tract": "118600", "male_public_school_5_9_moe": 31, "male_public_school_10_14": 0, "male_public_school_10_14_moe": 12, "male_public_school_15_17": 0, "male_public_school_15_17_moe": 12, "male_private_school_5_9": 0, "male_private_school_5_9_moe": 12, "male_private_school_10_14": 0, "male_private_school_10_14_moe": 12, "male_private_school_15_17": 9, "male_private_school_15_17_moe": 19, "female_public_school_5_9": 70, "female_public_school_5_9_moe": 60, "female_public_school_10_14": 9, "female_public_school_10_14_moe": 19, "female_public_school_15_17": 0, "female_public_school_15_17_moe": 12, "female_private_school_5_9": 0, "female_private_school_5_9_moe": 12, "female_private_school_10_14": 0, "female_private_school_10_14_moe": 12, "female_private_school_15_17": 0, "female_private_school_15_17_moe": 12, "median_household_income": 49917, "median_household_income_moe": 11914, "acs_median_owner_occupied_home_value": 287000, "acs_median_owner_occupied_home_value_moe": 51500, "race_other": 869, "race_white_share": 0.5748819116421228, "race_black_share": 0.18366212836899137, "race_other_share": 0.2414559599888858, "poverty_rate": 0.24373119358074222, "school_age_5_17": 150, "school_age_white_non_hispanic_5_17": 79, "school_age_black_alone_5_17": 9, "school_age_other_or_unclassified_5_17": 62, "school_age_white_non_hispanic_5_17_moe": 67.35725647619564, "school_age_black_alone_5_17_moe": 32.87856444554719, "school_age_white_non_hispanic_5_17_share": 0.5266666666666666, "school_age_black_alone_5_17_share": 0.06, "school_age_other_or_unclassified_5_17_share": 0.41333333333333333, "school_age_5_17_per_capita": 0.04167824395665463, "public_school_enrolled_5_17": 102, "private_school_enrolled_5_17": 9, "public_school_enrolled_5_17_moe": 73.17103251970687, "private_school_enrolled_5_17_moe": 32.87856444554719, "public_school_enrolled_5_17_per_school_age": 0.68, "private_school_enrolled_5_17_per_school_age": 0.06, "source_area_sq_m": 2739600.854278548, "city_area_sq_m": 2739600.85427855, "city_area_share": 1.0000000000000007, "tornado_damage_intersects": false, "tornado_max_efscale": "<NA>", "tornado_damage_area_sq_m": 0.0, "tornado_damage_area_share": 0.0, "tornado_damage_point_count": 0, "tornado_ef2_plus_point_count": 0, "tornado_distance_to_path_m": 1745.5653535231945}, "geometry": {"type": "Polygon", "coordinates": [[[-90.266597, 38.634558], [-90.266587, 38.634635], [-90.266528, 38.634985], [-90.266511, 38.635083], [-90.266406, 38.635074], [-90.26634, 38.635068], [-90.266295, 38.635064], [-90.266186, 38.635054], [-90.266065, 38.635044], [-90.265771, 38.635019], [-90.265679, 38.635011], [-90.264659, 38.634924], [-90.263816, 38.634843], [-90.263167, 38.63477], [-90.263133, 38.634902], [-90.263029, 38.635317], [-90.263004, 38.635467], [-90.26293, 38.63592], [-90.262917, 38.636], [-90.262905, 38.636071], [-90.262885, 38.636189], [-90.262847, 38.636426], [-90.262821, 38.636545], [-90.262797, 38.636663], [-90.262781, 38.636738], [-90.262734, 38.636966], [-90.262719, 38.637042], [-90.262693, 38.637159], [-90.262679, 38.637227], [-90.262619, 38.63751], [-90.262595, 38.637628], [-90.262252, 38.637567], [-90.262017, 38.637514], [-90.261806, 38.637468], [-90.260959, 38.637285], [-90.260291, 38.637141], [-90.260182, 38.637118], [-90.259716, 38.63702], [-90.259596, 38.636994], [-90.259239, 38.636919], [-90.259121, 38.636894], [-90.258486, 38.636759], [-90.257884, 38.636632], [-90.257029, 38.636449], [-90.256585, 38.636346], [-90.25608, 38.63623], [-90.256022, 38.636217], [-90.256005, 38.636213], [-90.255953, 38.636201], [-90.255424, 38.636105], [-90.25524, 38.636067], [-90.254826, 38.635982], [-90.254619, 38.635939], [-90.254082, 38.635828], [-90.253547, 38.635718], [-90.253111, 38.635627], [-90.252924, 38.635589], [-90.252403, 38.635474], [-90.252309, 38.635759], [-90.252196, 38.636103], [-90.252035, 38.636573], [-90.252022, 38.636613], [-90.251985, 38.636737], [-90.251934, 38.636901], [-90.25186, 38.637143], [-90.251741, 38.637533], [-90.251624, 38.637865], [-90.25154, 38.638104], [-90.250576, 38.637906], [-90.250003, 38.637789], [-90.248906, 38.637556], [-90.247958, 38.637362], [-90.247688, 38.637306], [-90.246725, 38.63711], [-90.245745, 38.636909], [-90.245349, 38.636829], [-90.24469, 38.636691], [-90.24341, 38.636421], [-90.242809, 38.636298], [-90.24183, 38.636099], [-90.241477, 38.636026], [-90.240919, 38.635912], [-90.240536, 38.635834], [-90.239848, 38.635693], [-90.239187, 38.635557], [-90.238187, 38.63535], [-90.237277, 38.635163], [-90.233831, 38.634434], [-90.233788, 38.634422], [-90.233855, 38.63422], [-90.234058, 38.633617], [-90.234126, 38.633416], [-90.234142, 38.633367], [-90.23419, 38.633223], [-90.234207, 38.633175], [-90.234225, 38.633118], [-90.234234, 38.63309], [-90.234246, 38.633056], [-90.234255, 38.633029], [-90.234265, 38.633], [-90.234328, 38.632818], [-90.234432, 38.63252], [-90.234465, 38.632426], [-90.234523, 38.632258], [-90.234588, 38.632071], [-90.234623, 38.631971], [-90.234668, 38.631816], [-90.234775, 38.631525], [-90.23494, 38.631075], [-90.234956, 38.631031], [-90.235086, 38.630679], [-90.235425, 38.629764], [-90.235445, 38.629708], [-90.235474, 38.62963], [-90.235507, 38.62954], [-90.235528, 38.629485], [-90.235557, 38.629408], [-90.23589, 38.628508], [-90.236097, 38.627877], [-90.236157, 38.627692], [-90.236338, 38.62714], [-90.236399, 38.626956], [-90.236462, 38.626762], [-90.236551, 38.626493], [-90.236653, 38.626183], [-90.236718, 38.625991], [-90.237405, 38.626135], [-90.238054, 38.626271], [-90.238606, 38.626386], [-90.239264, 38.626522], [-90.239468, 38.626563], [-90.239904, 38.626653], [-90.240157, 38.626705], [-90.24022, 38.626718], [-90.240409, 38.626759], [-90.240472, 38.626773], [-90.240804, 38.626839], [-90.24118, 38.626914], [-90.241802, 38.627041], [-90.242135, 38.627109], [-90.242622, 38.627209], [-90.243065, 38.627297], [-90.244383, 38.627561], [-90.244395, 38.627563], [-90.244839, 38.627652], [-90.245319, 38.627757], [-90.245608, 38.627691], [-90.245591, 38.62781], [-90.246459, 38.627973], [-90.246691, 38.628019], [-90.247324, 38.628144], [-90.247659, 38.628193], [-90.247723, 38.628197], [-90.247851, 38.628199], [-90.248144, 38.628154], [-90.248623, 38.628089], [-90.248934, 38.628047], [-90.249374, 38.627988], [-90.249525, 38.627967], [-90.250184, 38.627881], [-90.250514, 38.62784], [-90.251566, 38.627694], [-90.251827, 38.627659], [-90.252613, 38.627554], [-90.252876, 38.62752], [-90.253137, 38.627484], [-90.253919, 38.627376], [-90.254181, 38.627341], [-90.254336, 38.627319], [-90.254801, 38.627255], [-90.254957, 38.627234], [-90.255337, 38.627182], [-90.256335, 38.627048], [-90.256479, 38.62703], [-90.256861, 38.626983], [-90.25728, 38.626927], [-90.257658, 38.626877], [-90.258535, 38.626749], [-90.258954, 38.626688], [-90.25908, 38.62667], [-90.25946, 38.626617], [-90.259587, 38.6266], [-90.259992, 38.626542], [-90.261209, 38.626368], [-90.261615, 38.626311], [-90.262259, 38.62622], [-90.262625, 38.626172], [-90.263109, 38.626109], [-90.264744, 38.625885], [-90.264978, 38.625855], [-90.264961, 38.625947], [-90.264914, 38.626223], [-90.264899, 38.626316], [-90.26489, 38.626363], [-90.264867, 38.626507], [-90.264859, 38.626555], [-90.264834, 38.626699], [-90.264763, 38.627132], [-90.26474, 38.627277], [-90.264728, 38.627348], [-90.264693, 38.627563], [-90.264682, 38.627635], [-90.264655, 38.627797], [-90.264575, 38.628285], [-90.264549, 38.628448], [-90.264538, 38.628508], [-90.264509, 38.628691], [-90.2645, 38.628752], [-90.264617, 38.629239], [-90.264685, 38.629416], [-90.264781, 38.629655], [-90.264845, 38.629753], [-90.264924, 38.629873], [-90.265007, 38.630009], [-90.265074, 38.630118], [-90.26515, 38.630239], [-90.265556, 38.630888], [-90.26561, 38.630975], [-90.265645, 38.63103], [-90.265704, 38.631115], [-90.265776, 38.631218], [-90.265839, 38.631314], [-90.265855, 38.631338], [-90.265999, 38.63156], [-90.266037, 38.631618], [-90.266085, 38.631693], [-90.26611, 38.63174], [-90.26617, 38.631857], [-90.266225, 38.631983], [-90.266281, 38.632112], [-90.266314, 38.632245], [-90.266366, 38.632452], [-90.266461, 38.633048], [-90.266479, 38.633162], [-90.266541, 38.633403], [-90.266592, 38.633683], [-90.266611, 38.633924], [-90.266611, 38.634165], [-90.266597, 38.634558]]]}}, {"id": "50", "type": "Feature", "properties": {"geoid": "29510113500", "name": "Census Tract 1135; St. Louis city; Missouri", "total_population": 2780, "total_population_moe": 389, "race_total": 2780, "race_total_moe": 389, "race_white_non_hispanic": 2601, "race_white_non_hispanic_moe": 375, "race_black_non_hispanic": 16, "race_black_non_hispanic_moe": 25, "poverty_universe": 2780, "poverty_universe_moe": 389, "poverty_below": 60, "poverty_below_moe": 39, "male_5_9": 46, "male_5_9_moe": 32, "male_10_14": 35, "male_10_14_moe": 43, "male_15_17": 0, "male_15_17_moe": 12, "female_5_9": 42, "female_5_9_moe": 38, "female_10_14": 73, "female_10_14_moe": 72, "female_15_17": 0, "female_15_17_moe": 12, "male_white_non_hispanic_5_9": 46, "male_white_non_hispanic_5_9_moe": 32, "male_white_non_hispanic_10_14": 35, "male_white_non_hispanic_10_14_moe": 43, "male_white_non_hispanic_15_17": 0, "male_white_non_hispanic_15_17_moe": 12, "female_white_non_hispanic_5_9": 42, "female_white_non_hispanic_5_9_moe": 38, "female_white_non_hispanic_10_14": 57, "female_white_non_hispanic_10_14_moe": 71, "female_white_non_hispanic_15_17": 0, "female_white_non_hispanic_15_17_moe": 12, "male_black_alone_5_9": 0, "male_black_alone_5_9_moe": 12, "male_black_alone_10_14": 0, "male_black_alone_10_14_moe": 12, "male_black_alone_15_17": 0, "male_black_alone_15_17_moe": 12, "female_black_alone_5_9": 0, "female_black_alone_5_9_moe": 12, "female_black_alone_10_14": 16, "female_black_alone_10_14_moe": 25, "female_black_alone_15_17": 0, "female_black_alone_15_17_moe": 12, "male_public_school_5_9": 11, "state": "29", "county": "510", "tract": "113500", "male_public_school_5_9_moe": 18, "male_public_school_10_14": 11, "male_public_school_10_14_moe": 17, "male_public_school_15_17": 0, "male_public_school_15_17_moe": 12, "male_private_school_5_9": 23, "male_private_school_5_9_moe": 19, "male_private_school_10_14": 24, "male_private_school_10_14_moe": 39, "male_private_school_15_17": 0, "male_private_school_15_17_moe": 12, "female_public_school_5_9": 16, "female_public_school_5_9_moe": 25, "female_public_school_10_14": 0, "female_public_school_10_14_moe": 12, "female_public_school_15_17": 0, "female_public_school_15_17_moe": 12, "female_private_school_5_9": 13, "female_private_school_5_9_moe": 21, "female_private_school_10_14": 73, "female_private_school_10_14_moe": 72, "female_private_school_15_17": 0, "female_private_school_15_17_moe": 12, "median_household_income": 84330, "median_household_income_moe": 12218, "acs_median_owner_occupied_home_value": 248400, "acs_median_owner_occupied_home_value_moe": 28754, "race_other": 163, "race_white_share": 0.935611510791367, "race_black_share": 0.0057553956834532375, "race_other_share": 0.058633093525179855, "poverty_rate": 0.02158273381294964, "school_age_5_17": 196, "school_age_white_non_hispanic_5_17": 180, "school_age_black_alone_5_17": 16, "school_age_other_or_unclassified_5_17": 0, "school_age_white_non_hispanic_5_17_moe": 98.21405194777374, "school_age_black_alone_5_17_moe": 36.6742416417845, "school_age_white_non_hispanic_5_17_share": 0.9183673469387755, "school_age_black_alone_5_17_share": 0.08163265306122448, "school_age_other_or_unclassified_5_17_share": 0.0, "school_age_5_17_per_capita": 0.07050359712230216, "public_school_enrolled_5_17": 38, "private_school_enrolled_5_17": 133, "public_school_enrolled_5_17_moe": 40.8656334834051, "private_school_enrolled_5_17_moe": 88.28929719960398, "public_school_enrolled_5_17_per_school_age": 0.19387755102040816, "private_school_enrolled_5_17_per_school_age": 0.6785714285714286, "source_area_sq_m": 1798252.8183875754, "city_area_sq_m": 1798252.8183875757, "city_area_share": 1.0000000000000002, "tornado_damage_intersects": false, "tornado_max_efscale": "<NA>", "tornado_damage_area_sq_m": 0.0, "tornado_damage_area_share": 0.0, "tornado_damage_point_count": 0, "tornado_ef2_plus_point_count": 0, "tornado_distance_to_path_m": 2679.172210421714}, "geometry": {"type": "Polygon", "coordinates": [[[-90.283786, 38.612296], [-90.283778, 38.61234], [-90.283764, 38.612415], [-90.283723, 38.61264], [-90.28371, 38.612716], [-90.283679, 38.612887], [-90.283632, 38.613148], [-90.283586, 38.613402], [-90.283555, 38.613574], [-90.283528, 38.613718], [-90.283488, 38.613933], [-90.283447, 38.614152], [-90.28342, 38.614297], [-90.283404, 38.614379], [-90.283358, 38.614628], [-90.283343, 38.614711], [-90.283286, 38.615021], [-90.283142, 38.615809], [-90.283113, 38.615953], [-90.283053, 38.616263], [-90.283017, 38.616441], [-90.282912, 38.616979], [-90.282877, 38.617158], [-90.282561, 38.617121], [-90.282471, 38.61711], [-90.281596, 38.617009], [-90.281255, 38.616974], [-90.280849, 38.616933], [-90.28086, 38.617034], [-90.280864, 38.617074], [-90.280907, 38.617498], [-90.280922, 38.61764], [-90.28102, 38.618712], [-90.281051, 38.61908], [-90.281055, 38.619102], [-90.280946, 38.619278], [-90.280924, 38.619431], [-90.280872, 38.619682], [-90.280841, 38.619826], [-90.280792, 38.620063], [-90.280694, 38.620536], [-90.28051, 38.62147], [-90.280455, 38.621754], [-90.28042, 38.621939], [-90.280405, 38.622019], [-90.280393, 38.622082], [-90.280361, 38.622248], [-90.280351, 38.622306], [-90.280318, 38.622464], [-90.280315, 38.622475], [-90.280209, 38.622983], [-90.280194, 38.62306], [-90.280184, 38.623154], [-90.279293, 38.623259], [-90.277663, 38.623453], [-90.276621, 38.623572], [-90.275731, 38.623674], [-90.274005, 38.623867], [-90.273671, 38.623908], [-90.272823, 38.624014], [-90.272431, 38.624041], [-90.27193, 38.624074], [-90.270131, 38.624101], [-90.26918, 38.624035], [-90.268721, 38.623962], [-90.268504, 38.623925], [-90.267955, 38.623832], [-90.267492, 38.623729], [-90.266795, 38.623574], [-90.265703, 38.623277], [-90.265485, 38.623217], [-90.265588, 38.622691], [-90.265677, 38.622271], [-90.265896, 38.621253], [-90.265942, 38.621014], [-90.266015, 38.620646], [-90.266034, 38.620596], [-90.266083, 38.620367], [-90.266097, 38.620299], [-90.266222, 38.619712], [-90.266287, 38.619408], [-90.266352, 38.619112], [-90.266358, 38.619082], [-90.266379, 38.618991], [-90.266386, 38.618962], [-90.266407, 38.618867], [-90.266443, 38.618708], [-90.266466, 38.618581], [-90.266484, 38.618486], [-90.26652, 38.618297], [-90.266543, 38.618171], [-90.266585, 38.617949], [-90.266614, 38.617794], [-90.266638, 38.617669], [-90.266647, 38.617622], [-90.266708, 38.617301], [-90.266751, 38.617073], [-90.266882, 38.616388], [-90.266926, 38.616161], [-90.266948, 38.616047], [-90.267014, 38.615705], [-90.267037, 38.615592], [-90.267073, 38.615406], [-90.267108, 38.615234], [-90.26719, 38.61485], [-90.26723, 38.614666], [-90.267287, 38.614402], [-90.267367, 38.613997], [-90.267509, 38.613268], [-90.267643, 38.612625], [-90.26814, 38.612495], [-90.270208, 38.612018], [-90.271244, 38.611782], [-90.27138, 38.61175], [-90.271615, 38.611686], [-90.272305, 38.611499], [-90.27276, 38.611369], [-90.272843, 38.611345], [-90.273499, 38.611228], [-90.273583, 38.611214], [-90.273714, 38.611193], [-90.274052, 38.611133], [-90.27421, 38.611111], [-90.274974, 38.611005], [-90.275056, 38.610992], [-90.275149, 38.610978], [-90.275801, 38.611058], [-90.276003, 38.611078], [-90.276546, 38.61113], [-90.278246, 38.611278], [-90.278658, 38.611314], [-90.27882, 38.611329], [-90.27897, 38.611342], [-90.279892, 38.611446], [-90.280056, 38.611465], [-90.280304, 38.611488], [-90.280573, 38.611513], [-90.280997, 38.611552], [-90.28138, 38.611588], [-90.28165, 38.611614], [-90.28213, 38.611659], [-90.282706, 38.611717], [-90.283245, 38.611772], [-90.283869, 38.611835], [-90.28379, 38.612274], [-90.283786, 38.612296]]]}}, {"id": "51", "type": "Feature", "properties": {"geoid": "29510117100", "name": "Census Tract 1171; St. Louis city; Missouri", "total_population": 1465, "total_population_moe": 410, "race_total": 1465, "race_total_moe": 410, "race_white_non_hispanic": 971, "race_white_non_hispanic_moe": 179, "race_black_non_hispanic": 144, "race_black_non_hispanic_moe": 69, "poverty_universe": 1465, "poverty_universe_moe": 410, "poverty_below": 134, "poverty_below_moe": 52, "male_5_9": 95, "male_5_9_moe": 107, "male_10_14": 0, "male_10_14_moe": 12, "male_15_17": 0, "male_15_17_moe": 12, "female_5_9": 0, "female_5_9_moe": 12, "female_10_14": 11, "female_10_14_moe": 19, "female_15_17": 8, "female_15_17_moe": 13, "male_white_non_hispanic_5_9": 10, "male_white_non_hispanic_5_9_moe": 15, "male_white_non_hispanic_10_14": 0, "male_white_non_hispanic_10_14_moe": 12, "male_white_non_hispanic_15_17": 0, "male_white_non_hispanic_15_17_moe": 12, "female_white_non_hispanic_5_9": 0, "female_white_non_hispanic_5_9_moe": 12, "female_white_non_hispanic_10_14": 11, "female_white_non_hispanic_10_14_moe": 19, "female_white_non_hispanic_15_17": 8, "female_white_non_hispanic_15_17_moe": 13, "male_black_alone_5_9": 0, "male_black_alone_5_9_moe": 12, "male_black_alone_10_14": 0, "male_black_alone_10_14_moe": 12, "male_black_alone_15_17": 0, "male_black_alone_15_17_moe": 12, "female_black_alone_5_9": 0, "female_black_alone_5_9_moe": 12, "female_black_alone_10_14": 0, "female_black_alone_10_14_moe": 12, "female_black_alone_15_17": 0, "female_black_alone_15_17_moe": 12, "male_public_school_5_9": 85, "state": "29", "county": "510", "tract": "117100", "male_public_school_5_9_moe": 106, "male_public_school_10_14": 0, "male_public_school_10_14_moe": 12, "male_public_school_15_17": 0, "male_public_school_15_17_moe": 12, "male_private_school_5_9": 0, "male_private_school_5_9_moe": 12, "male_private_school_10_14": 0, "male_private_school_10_14_moe": 12, "male_private_school_15_17": 0, "male_private_school_15_17_moe": 12, "female_public_school_5_9": 0, "female_public_school_5_9_moe": 12, "female_public_school_10_14": 11, "female_public_school_10_14_moe": 19, "female_public_school_15_17": 8, "female_public_school_15_17_moe": 13, "female_private_school_5_9": 0, "female_private_school_5_9_moe": 12, "female_private_school_10_14": 0, "female_private_school_10_14_moe": 12, "female_private_school_15_17": 0, "female_private_school_15_17_moe": 12, "median_household_income": 69038, "median_household_income_moe": 13551, "acs_median_owner_occupied_home_value": 323200, "acs_median_owner_occupied_home_value_moe": 40498, "race_other": 350, "race_white_share": 0.6627986348122867, "race_black_share": 0.09829351535836177, "race_other_share": 0.23890784982935154, "poverty_rate": 0.09146757679180888, "school_age_5_17": 114, "school_age_white_non_hispanic_5_17": 29, "school_age_black_alone_5_17": 0, "school_age_other_or_unclassified_5_17": 85, "school_age_white_non_hispanic_5_17_moe": 34.45286635390443, "school_age_black_alone_5_17_moe": 29.393876913398138, "school_age_white_non_hispanic_5_17_share": 0.2543859649122807, "school_age_black_alone_5_17_share": 0.0, "school_age_other_or_unclassified_5_17_share": 0.7456140350877193, "school_age_5_17_per_capita": 0.07781569965870307, "public_school_enrolled_5_17": 104, "private_school_enrolled_5_17": 0, "public_school_enrolled_5_17_moe": 110.4445562261898, "private_school_enrolled_5_17_moe": 29.393876913398138, "public_school_enrolled_5_17_per_school_age": 0.9122807017543859, "private_school_enrolled_5_17_per_school_age": 0.0, "source_area_sq_m": 1083703.8239720908, "city_area_sq_m": 1083703.8239720906, "city_area_share": 0.9999999999999998, "tornado_damage_intersects": false, "tornado_max_efscale": "<NA>", "tornado_damage_area_sq_m": 0.0, "tornado_damage_area_share": 0.0, "tornado_damage_point_count": 0, "tornado_ef2_plus_point_count": 0, "tornado_distance_to_path_m": 3356.3273729033194}, "geometry": {"type": "Polygon", "coordinates": [[[-90.268159, 38.610179], [-90.268138, 38.610288], [-90.268108, 38.610432], [-90.268095, 38.610497], [-90.268089, 38.610525], [-90.268001, 38.610964], [-90.267966, 38.611123], [-90.267921, 38.611332], [-90.267873, 38.61155], [-90.267745, 38.612137], [-90.267643, 38.612625], [-90.267509, 38.613268], [-90.267367, 38.613997], [-90.267287, 38.614402], [-90.26723, 38.614666], [-90.26719, 38.61485], [-90.267108, 38.615234], [-90.267073, 38.615406], [-90.267037, 38.615592], [-90.267014, 38.615705], [-90.266948, 38.616047], [-90.266926, 38.616161], [-90.266882, 38.616388], [-90.266751, 38.617073], [-90.266708, 38.617301], [-90.266647, 38.617622], [-90.266638, 38.617669], [-90.266614, 38.617794], [-90.266585, 38.617949], [-90.266543, 38.618171], [-90.26652, 38.618297], [-90.266484, 38.618486], [-90.266466, 38.618581], [-90.266443, 38.618708], [-90.266407, 38.618867], [-90.266386, 38.618962], [-90.266379, 38.618991], [-90.266358, 38.619082], [-90.266352, 38.619112], [-90.266287, 38.619408], [-90.266222, 38.619712], [-90.266097, 38.620299], [-90.266083, 38.620367], [-90.266034, 38.620596], [-90.265809, 38.620567], [-90.264955, 38.62046], [-90.264472, 38.6204], [-90.264227, 38.620374], [-90.264115, 38.620361], [-90.263632, 38.620309], [-90.262793, 38.620219], [-90.262407, 38.620177], [-90.261714, 38.620108], [-90.261494, 38.620087], [-90.261436, 38.620082], [-90.261004, 38.619954], [-90.260677, 38.619812], [-90.260539, 38.619751], [-90.260281, 38.619639], [-90.25927, 38.619125], [-90.259188, 38.619188], [-90.25893, 38.619411], [-90.258381, 38.619858], [-90.258306, 38.619802], [-90.255783, 38.619578], [-90.255817, 38.619397], [-90.255866, 38.619148], [-90.255923, 38.618856], [-90.255959, 38.618676], [-90.256038, 38.61828], [-90.256058, 38.618173], [-90.256074, 38.618095], [-90.256081, 38.618061], [-90.256122, 38.617853], [-90.256144, 38.617747], [-90.256186, 38.617532], [-90.256237, 38.617279], [-90.256316, 38.616888], [-90.25636, 38.616674], [-90.256394, 38.616504], [-90.256498, 38.615996], [-90.256533, 38.615827], [-90.256565, 38.615662], [-90.256664, 38.615168], [-90.256698, 38.615004], [-90.256742, 38.614768], [-90.256787, 38.614538], [-90.256877, 38.614061], [-90.256923, 38.613826], [-90.256957, 38.613644], [-90.257061, 38.613098], [-90.257097, 38.612917], [-90.25713, 38.612741], [-90.257231, 38.612214], [-90.257265, 38.612039], [-90.257297, 38.611864], [-90.257393, 38.611341], [-90.257426, 38.611167], [-90.257456, 38.610995], [-90.257545, 38.610503], [-90.257549, 38.61048], [-90.257583, 38.610309], [-90.257642, 38.609998], [-90.257658, 38.60992], [-90.257848, 38.60907], [-90.257918, 38.608762], [-90.258245, 38.608786], [-90.258926, 38.608867], [-90.259236, 38.608904], [-90.26103, 38.609065], [-90.261955, 38.609152], [-90.26268, 38.609221], [-90.262964, 38.609255], [-90.263188, 38.609282], [-90.263634, 38.609337], [-90.263863, 38.609359], [-90.263978, 38.609371], [-90.264089, 38.60938], [-90.26439, 38.609415], [-90.265293, 38.609521], [-90.265595, 38.609557], [-90.265817, 38.609574], [-90.266486, 38.609625], [-90.266709, 38.609643], [-90.2668, 38.60965], [-90.266968, 38.609662], [-90.267521, 38.609694], [-90.268029, 38.609729], [-90.268247, 38.609745], [-90.268224, 38.609853], [-90.268159, 38.610179]]]}}, {"id": "52", "type": "Feature", "properties": {"geoid": "29510115700", "name": "Census Tract 1157; St. Louis city; Missouri", "total_population": 4084, "total_population_moe": 928, "race_total": 4084, "race_total_moe": 928, "race_white_non_hispanic": 1076, "race_white_non_hispanic_moe": 455, "race_black_non_hispanic": 2388, "race_black_non_hispanic_moe": 911, "poverty_universe": 3930, "poverty_universe_moe": 911, "poverty_below": 1202, "poverty_below_moe": 817, "male_5_9": 159, "male_5_9_moe": 111, "male_10_14": 128, "male_10_14_moe": 108, "male_15_17": 47, "male_15_17_moe": 52, "female_5_9": 26, "female_5_9_moe": 33, "female_10_14": 74, "female_10_14_moe": 85, "female_15_17": 34, "female_15_17_moe": 35, "male_white_non_hispanic_5_9": 0, "male_white_non_hispanic_5_9_moe": 12, "male_white_non_hispanic_10_14": 59, "male_white_non_hispanic_10_14_moe": 91, "male_white_non_hispanic_15_17": 0, "male_white_non_hispanic_15_17_moe": 12, "female_white_non_hispanic_5_9": 0, "female_white_non_hispanic_5_9_moe": 12, "female_white_non_hispanic_10_14": 0, "female_white_non_hispanic_10_14_moe": 12, "female_white_non_hispanic_15_17": 0, "female_white_non_hispanic_15_17_moe": 12, "male_black_alone_5_9": 137, "male_black_alone_5_9_moe": 105, "male_black_alone_10_14": 59, "male_black_alone_10_14_moe": 52, "male_black_alone_15_17": 47, "male_black_alone_15_17_moe": 52, "female_black_alone_5_9": 15, "female_black_alone_5_9_moe": 25, "female_black_alone_10_14": 62, "female_black_alone_10_14_moe": 85, "female_black_alone_15_17": 26, "female_black_alone_15_17_moe": 31, "male_public_school_5_9": 108, "state": "29", "county": "510", "tract": "115700", "male_public_school_5_9_moe": 82, "male_public_school_10_14": 118, "male_public_school_10_14_moe": 105, "male_public_school_15_17": 0, "male_public_school_15_17_moe": 12, "male_private_school_5_9": 0, "male_private_school_5_9_moe": 12, "male_private_school_10_14": 10, "male_private_school_10_14_moe": 19, "male_private_school_15_17": 47, "male_private_school_15_17_moe": 52, "female_public_school_5_9": 26, "female_public_school_5_9_moe": 33, "female_public_school_10_14": 62, "female_public_school_10_14_moe": 85, "female_public_school_15_17": 8, "female_public_school_15_17_moe": 17, "female_private_school_5_9": 0, "female_private_school_5_9_moe": 12, "female_private_school_10_14": 12, "female_private_school_10_14_moe": 23, "female_private_school_15_17": 26, "female_private_school_15_17_moe": 31, "median_household_income": 41267, "median_household_income_moe": 14352, "acs_median_owner_occupied_home_value": 89800, "acs_median_owner_occupied_home_value_moe": 40790, "race_other": 620, "race_white_share": 0.26346718903036237, "race_black_share": 0.584720861900098, "race_other_share": 0.15181194906953965, "poverty_rate": 0.305852417302799, "school_age_5_17": 468, "school_age_white_non_hispanic_5_17": 59, "school_age_black_alone_5_17": 346, "school_age_other_or_unclassified_5_17": 63, "school_age_white_non_hispanic_5_17_moe": 94.87360012142472, "school_age_black_alone_5_17_moe": 158.8836051957533, "school_age_white_non_hispanic_5_17_share": 0.12606837606837606, "school_age_black_alone_5_17_share": 0.7393162393162394, "school_age_other_or_unclassified_5_17_share": 0.1346153846153846, "school_age_5_17_per_capita": 0.11459353574926542, "public_school_enrolled_5_17": 322, "private_school_enrolled_5_17": 95, "public_school_enrolled_5_17_moe": 162.77591959500643, "private_school_enrolled_5_17_moe": 69.59166616772443, "public_school_enrolled_5_17_per_school_age": 0.688034188034188, "private_school_enrolled_5_17_per_school_age": 0.202991452991453, "source_area_sq_m": 1048281.1700425607, "city_area_sq_m": 962454.525622779, "city_area_share": 0.9181263129850009, "tornado_damage_intersects": false, "tornado_max_efscale": "<NA>", "tornado_damage_area_sq_m": 0.0, "tornado_damage_area_share": 0.0, "tornado_damage_point_count": 0, "tornado_ef2_plus_point_count": 0, "tornado_distance_to_path_m": 7356.714356527851}, "geometry": {"type": "Polygon", "coordinates": [[[-90.252394, 38.586171], [-90.251915, 38.586], [-90.251461, 38.585921], [-90.250913, 38.585868], [-90.250388, 38.585811], [-90.2499, 38.585752], [-90.249415, 38.585701], [-90.248926, 38.58565], [-90.248713, 38.585627], [-90.248389, 38.585593], [-90.248075, 38.585561], [-90.247863, 38.58554], [-90.247754, 38.585529], [-90.247429, 38.585496], [-90.247321, 38.585486], [-90.246848, 38.585438], [-90.246322, 38.585386], [-90.245599, 38.585309], [-90.245432, 38.585291], [-90.244961, 38.585242], [-90.244951, 38.585128], [-90.244931, 38.584889], [-90.244912, 38.584787], [-90.244892, 38.584675], [-90.244663, 38.584663], [-90.244636, 38.584659], [-90.244299, 38.584616], [-90.243874, 38.584561], [-90.243621, 38.584529], [-90.243167, 38.584471], [-90.241808, 38.584297], [-90.241355, 38.58424], [-90.241123, 38.58421], [-90.240428, 38.584121], [-90.240197, 38.584092], [-90.239969, 38.584063], [-90.239287, 38.583979], [-90.23906, 38.583951], [-90.238827, 38.583922], [-90.238128, 38.583836], [-90.237895, 38.583808], [-90.237671, 38.583778], [-90.237, 38.583691], [-90.236777, 38.583662], [-90.236549, 38.583633], [-90.235866, 38.583549], [-90.235639, 38.583521], [-90.235412, 38.583492], [-90.234731, 38.583406], [-90.234504, 38.583378], [-90.234276, 38.583349], [-90.233594, 38.583262], [-90.233367, 38.583234], [-90.233139, 38.583205], [-90.232455, 38.58312], [-90.232228, 38.583092], [-90.232001, 38.583064], [-90.23132, 38.582983], [-90.231094, 38.582956], [-90.230865, 38.582928], [-90.230179, 38.582845], [-90.229951, 38.582818], [-90.229497, 38.58276], [-90.228335, 38.582612], [-90.228137, 38.582586], [-90.227684, 38.582529], [-90.227225, 38.582471], [-90.227039, 38.582448], [-90.226974, 38.58244], [-90.22585, 38.5823], [-90.225392, 38.582244], [-90.225165, 38.582215], [-90.224832, 38.582174], [-90.224484, 38.582138], [-90.224257, 38.582115], [-90.22408, 38.582097], [-90.223903, 38.582079], [-90.22371, 38.582075], [-90.22361, 38.582094], [-90.223557, 38.582121], [-90.2234, 38.582205], [-90.223269, 38.58218], [-90.223076, 38.582144], [-90.222876, 38.582105], [-90.222746, 38.582081], [-90.222941, 38.581964], [-90.222961, 38.581953], [-90.223028, 38.581914], [-90.223604, 38.581567], [-90.223819, 38.581439], [-90.224162, 38.581232], [-90.224423, 38.581076], [-90.225192, 38.580609], [-90.225535, 38.580402], [-90.22537, 38.580382], [-90.224874, 38.580322], [-90.224795, 38.580313], [-90.224712, 38.580292], [-90.224593, 38.580262], [-90.22445, 38.580228], [-90.224241, 38.580146], [-90.224136, 38.580093], [-90.224026, 38.580135], [-90.223696, 38.580264], [-90.223587, 38.580307], [-90.223212, 38.580136], [-90.222087, 38.579624], [-90.221713, 38.579454], [-90.22165971014999, 38.57945840656466], [-90.22419822097697, 38.57766809022912], [-90.224397, 38.577724], [-90.224711, 38.577944], [-90.225654, 38.578604], [-90.225843, 38.578736], [-90.225969, 38.578825], [-90.226443, 38.578809], [-90.227839, 38.578765], [-90.227866, 38.578764], [-90.228341, 38.578749], [-90.228576, 38.578783], [-90.22863, 38.578792], [-90.229281, 38.578889], [-90.229516, 38.578925], [-90.229502, 38.579039], [-90.22953, 38.579087], [-90.229579, 38.57912], [-90.229699, 38.579143], [-90.229908, 38.579166], [-90.230699, 38.579248], [-90.230925, 38.579274], [-90.231213, 38.579309], [-90.231605, 38.579355], [-90.231832, 38.579382], [-90.232063, 38.579409], [-90.232758, 38.579492], [-90.23299, 38.57952], [-90.233216, 38.579547], [-90.233897, 38.57963], [-90.234124, 38.579658], [-90.234349, 38.579685], [-90.235027, 38.579769], [-90.235253, 38.579797], [-90.235476, 38.579824], [-90.236146, 38.579906], [-90.23637, 38.579934], [-90.237528, 38.580076], [-90.238153, 38.580152], [-90.238671, 38.580221], [-90.238752, 38.580217], [-90.238768, 38.580234], [-90.239799, 38.580371], [-90.240026, 38.5804], [-90.240385, 38.580448], [-90.240708, 38.58049], [-90.240936, 38.580521], [-90.242091, 38.580664], [-90.243287, 38.580811], [-90.243584, 38.580852], [-90.244204, 38.580936], [-90.244524, 38.580983], [-90.244657, 38.581008], [-90.245007, 38.581192], [-90.245148, 38.581266], [-90.246094, 38.581767], [-90.246281, 38.581866], [-90.246842, 38.582165], [-90.247029, 38.582265], [-90.247218, 38.582366], [-90.247788, 38.582669], [-90.247978, 38.582771], [-90.248084, 38.582828], [-90.248405, 38.582999], [-90.248512, 38.583057], [-90.248588, 38.583097], [-90.248816, 38.583219], [-90.248892, 38.58326], [-90.249016, 38.583325], [-90.24939, 38.583521], [-90.249515, 38.583587], [-90.249704, 38.583686], [-90.250006, 38.583845], [-90.250275, 38.583982], [-90.250466, 38.58408], [-90.250573, 38.584134], [-90.250894, 38.584298], [-90.251002, 38.584353], [-90.25119, 38.584448], [-90.251292, 38.5845], [-90.252439, 38.585134], [-90.253032, 38.585446], [-90.252718, 38.585808], [-90.252394, 38.586171]]]}}, {"id": "53", "type": "Feature", "properties": {"geoid": "29510121200", "name": "Census Tract 1212; St. Louis city; Missouri", "total_population": 1619, "total_population_moe": 723, "race_total": 1619, "race_total_moe": 723, "race_white_non_hispanic": 7, "race_white_non_hispanic_moe": 13, "race_black_non_hispanic": 1576, "race_black_non_hispanic_moe": 725, "poverty_universe": 1619, "poverty_universe_moe": 723, "poverty_below": 593, "poverty_below_moe": 286, "male_5_9": 0, "male_5_9_moe": 12, "male_10_14": 16, "male_10_14_moe": 19, "male_15_17": 0, "male_15_17_moe": 12, "female_5_9": 214, "female_5_9_moe": 187, "female_10_14": 88, "female_10_14_moe": 77, "female_15_17": 18, "female_15_17_moe": 21, "male_white_non_hispanic_5_9": 0, "male_white_non_hispanic_5_9_moe": 12, "male_white_non_hispanic_10_14": 0, "male_white_non_hispanic_10_14_moe": 12, "male_white_non_hispanic_15_17": 0, "male_white_non_hispanic_15_17_moe": 12, "female_white_non_hispanic_5_9": 0, "female_white_non_hispanic_5_9_moe": 12, "female_white_non_hispanic_10_14": 0, "female_white_non_hispanic_10_14_moe": 12, "female_white_non_hispanic_15_17": 0, "female_white_non_hispanic_15_17_moe": 12, "male_black_alone_5_9": 0, "male_black_alone_5_9_moe": 12, "male_black_alone_10_14": 16, "male_black_alone_10_14_moe": 19, "male_black_alone_15_17": 0, "male_black_alone_15_17_moe": 12, "female_black_alone_5_9": 214, "female_black_alone_5_9_moe": 187, "female_black_alone_10_14": 88, "female_black_alone_10_14_moe": 77, "female_black_alone_15_17": 18, "female_black_alone_15_17_moe": 21, "male_public_school_5_9": 0, "state": "29", "county": "510", "tract": "121200", "male_public_school_5_9_moe": 12, "male_public_school_10_14": 16, "male_public_school_10_14_moe": 19, "male_public_school_15_17": 0, "male_public_school_15_17_moe": 12, "male_private_school_5_9": 0, "male_private_school_5_9_moe": 12, "male_private_school_10_14": 0, "male_private_school_10_14_moe": 12, "male_private_school_15_17": 0, "male_private_school_15_17_moe": 12, "female_public_school_5_9": 214, "female_public_school_5_9_moe": 187, "female_public_school_10_14": 88, "female_public_school_10_14_moe": 77, "female_public_school_15_17": 12, "female_public_school_15_17_moe": 18, "female_private_school_5_9": 0, "female_private_school_5_9_moe": 12, "female_private_school_10_14": 0, "female_private_school_10_14_moe": 12, "female_private_school_15_17": 0, "female_private_school_15_17_moe": 12, "median_household_income": 25233, "median_household_income_moe": 5046, "acs_median_owner_occupied_home_value": -666666666, "acs_median_owner_occupied_home_value_moe": -222222222, "race_other": 36, "race_white_share": 0.004323656578134651, "race_black_share": 0.9734403953057443, "race_other_share": 0.022235948116121063, "poverty_rate": 0.3662754786905497, "school_age_5_17": 336, "school_age_white_non_hispanic_5_17": 0, "school_age_black_alone_5_17": 336, "school_age_other_or_unclassified_5_17": 0, "school_age_white_non_hispanic_5_17_moe": 29.393876913398138, "school_age_black_alone_5_17_moe": 204.90973622549026, "school_age_white_non_hispanic_5_17_share": 0.0, "school_age_black_alone_5_17_share": 1.0, "school_age_other_or_unclassified_5_17_share": 0.0, "school_age_5_17_per_capita": 0.20753551575046325, "public_school_enrolled_5_17": 330, "private_school_enrolled_5_17": 0, "public_school_enrolled_5_17_moe": 204.62404550785325, "private_school_enrolled_5_17_moe": 29.393876913398138, "public_school_enrolled_5_17_per_school_age": 0.9821428571428571, "private_school_enrolled_5_17_per_school_age": 0.0, "source_area_sq_m": 865689.0577630915, "city_area_sq_m": 865689.0577630922, "city_area_share": 1.0000000000000009, "tornado_damage_intersects": false, "tornado_max_efscale": "<NA>", "tornado_damage_area_sq_m": 0.0, "tornado_damage_area_share": 0.0, "tornado_damage_point_count": 0, "tornado_ef2_plus_point_count": 0, "tornado_distance_to_path_m": 2302.0681247167554}, "geometry": {"type": "Polygon", "coordinates": [[[-90.229445, 38.642119], [-90.229316, 38.642339], [-90.229257, 38.642443], [-90.229083, 38.642756], [-90.229025, 38.642861], [-90.228917, 38.643051], [-90.228783, 38.643291], [-90.228653, 38.643515], [-90.228591, 38.64362], [-90.228482, 38.64381], [-90.228372, 38.643999], [-90.228043, 38.644569], [-90.227934, 38.644759], [-90.227595, 38.645349], [-90.227307, 38.645874], [-90.227102, 38.646249], [-90.226835, 38.646686], [-90.2265, 38.647237], [-90.226407, 38.647411], [-90.226098, 38.647987], [-90.225985, 38.648159], [-90.225719, 38.64804], [-90.225474, 38.647932], [-90.22492, 38.647691], [-90.224654, 38.647575], [-90.224551, 38.647529], [-90.22449, 38.647503], [-90.224225, 38.64745], [-90.224116, 38.647428], [-90.223779, 38.647358], [-90.22277, 38.64715], [-90.222434, 38.647081], [-90.221936, 38.646978], [-90.221256, 38.646838], [-90.220444, 38.646669], [-90.219947, 38.646567], [-90.219484, 38.646469], [-90.218105, 38.64618], [-90.217637, 38.646081], [-90.217289, 38.646008], [-90.216248, 38.645789], [-90.215901, 38.645716], [-90.215898, 38.645522], [-90.215891, 38.644941], [-90.215889, 38.644748], [-90.215887, 38.64456], [-90.215884, 38.644248], [-90.215881, 38.643996], [-90.21588, 38.643809], [-90.215878, 38.643636], [-90.215876, 38.643377], [-90.215874, 38.643117], [-90.215873, 38.642945], [-90.215871, 38.642774], [-90.21587, 38.642525], [-90.215868, 38.642262], [-90.215867, 38.642092], [-90.215865, 38.641922], [-90.215864, 38.641677], [-90.215856, 38.641415], [-90.215852, 38.641246], [-90.215847, 38.641073], [-90.215841, 38.640814], [-90.215834, 38.640557], [-90.21583, 38.640385], [-90.215825, 38.640213], [-90.215823, 38.640133], [-90.215827, 38.639958], [-90.215833, 38.639698], [-90.215836, 38.639612], [-90.215833, 38.639578], [-90.215799, 38.63954], [-90.215744, 38.63953], [-90.215314, 38.639542], [-90.214081, 38.639559], [-90.214073, 38.639124], [-90.214071, 38.638989], [-90.214093, 38.638939], [-90.214119, 38.638911], [-90.214164, 38.638893], [-90.214299, 38.63887], [-90.214628, 38.638866], [-90.215782, 38.638853], [-90.215798, 38.638556], [-90.215811, 38.638464], [-90.215926, 38.638501], [-90.216158, 38.638599], [-90.216525, 38.638829], [-90.216598, 38.638876], [-90.216672, 38.638777], [-90.216717, 38.63866], [-90.217495, 38.638809], [-90.21766, 38.638844], [-90.218573, 38.639034], [-90.218948, 38.639111], [-90.220075, 38.639345], [-90.220451, 38.639423], [-90.220798, 38.639493], [-90.22093, 38.63952], [-90.221128, 38.63956], [-90.221701, 38.639676], [-90.22184, 38.639704], [-90.222188, 38.639775], [-90.222547, 38.639853], [-90.223624, 38.640087], [-90.223905, 38.640148], [-90.223985, 38.640153], [-90.22416, 38.640173], [-90.224862, 38.640329], [-90.225276, 38.640422], [-90.225722, 38.640518], [-90.225852, 38.640546], [-90.226382, 38.64066], [-90.226839, 38.640759], [-90.227271, 38.640853], [-90.227395, 38.640879], [-90.227489, 38.640899], [-90.227814, 38.640971], [-90.228018, 38.641015], [-90.228367, 38.641083], [-90.228389, 38.641087], [-90.229102, 38.641217], [-90.229955, 38.641238], [-90.22946, 38.642096], [-90.229445, 38.642119]]]}}, {"id": "54", "type": "Feature", "properties": {"geoid": "29510115200", "name": "Census Tract 1152; St. Louis city; Missouri", "total_population": 2478, "total_population_moe": 541, "race_total": 2478, "race_total_moe": 541, "race_white_non_hispanic": 1139, "race_white_non_hispanic_moe": 268, "race_black_non_hispanic": 902, "race_black_non_hispanic_moe": 449, "poverty_universe": 2478, "poverty_universe_moe": 541, "poverty_below": 380, "poverty_below_moe": 183, "male_5_9": 18, "male_5_9_moe": 30, "male_10_14": 41, "male_10_14_moe": 49, "male_15_17": 69, "male_15_17_moe": 116, "female_5_9": 81, "female_5_9_moe": 108, "female_10_14": 20, "female_10_14_moe": 33, "female_15_17": 13, "female_15_17_moe": 21, "male_white_non_hispanic_5_9": 18, "male_white_non_hispanic_5_9_moe": 30, "male_white_non_hispanic_10_14": 24, "male_white_non_hispanic_10_14_moe": 41, "male_white_non_hispanic_15_17": 0, "male_white_non_hispanic_15_17_moe": 12, "female_white_non_hispanic_5_9": 0, "female_white_non_hispanic_5_9_moe": 12, "female_white_non_hispanic_10_14": 0, "female_white_non_hispanic_10_14_moe": 12, "female_white_non_hispanic_15_17": 0, "female_white_non_hispanic_15_17_moe": 12, "male_black_alone_5_9": 0, "male_black_alone_5_9_moe": 12, "male_black_alone_10_14": 17, "male_black_alone_10_14_moe": 28, "male_black_alone_15_17": 69, "male_black_alone_15_17_moe": 116, "female_black_alone_5_9": 0, "female_black_alone_5_9_moe": 12, "female_black_alone_10_14": 20, "female_black_alone_10_14_moe": 33, "female_black_alone_15_17": 0, "female_black_alone_15_17_moe": 12, "male_public_school_5_9": 0, "state": "29", "county": "510", "tract": "115200", "male_public_school_5_9_moe": 12, "male_public_school_10_14": 41, "male_public_school_10_14_moe": 49, "male_public_school_15_17": 8, "male_public_school_15_17_moe": 21, "male_private_school_5_9": 18, "male_private_school_5_9_moe": 30, "male_private_school_10_14": 0, "male_private_school_10_14_moe": 12, "male_private_school_15_17": 0, "male_private_school_15_17_moe": 12, "female_public_school_5_9": 0, "female_public_school_5_9_moe": 12, "female_public_school_10_14": 20, "female_public_school_10_14_moe": 33, "female_public_school_15_17": 0, "female_public_school_15_17_moe": 12, "female_private_school_5_9": 81, "female_private_school_5_9_moe": 108, "female_private_school_10_14": 0, "female_private_school_10_14_moe": 12, "female_private_school_15_17": 13, "female_private_school_15_17_moe": 21, "median_household_income": 44286, "median_household_income_moe": 23883, "acs_median_owner_occupied_home_value": 142100, "acs_median_owner_occupied_home_value_moe": 12106, "race_other": 437, "race_white_share": 0.4596448748991122, "race_black_share": 0.3640032284100081, "race_other_share": 0.17635189669087975, "poverty_rate": 0.15334947538337368, "school_age_5_17": 242, "school_age_white_non_hispanic_5_17": 42, "school_age_black_alone_5_17": 106, "school_age_other_or_unclassified_5_17": 94, "school_age_white_non_hispanic_5_17_moe": 56.18718715152058, "school_age_black_alone_5_17_moe": 125.54282137979854, "school_age_white_non_hispanic_5_17_share": 0.17355371900826447, "school_age_black_alone_5_17_share": 0.4380165289256198, "school_age_other_or_unclassified_5_17_share": 0.3884297520661157, "school_age_5_17_per_capita": 0.09765940274414851, "public_school_enrolled_5_17": 69, "private_school_enrolled_5_17": 112, "public_school_enrolled_5_17_moe": 66.05300901548695, "private_school_enrolled_5_17_moe": 115.91807451816995, "public_school_enrolled_5_17_per_school_age": 0.28512396694214875, "private_school_enrolled_5_17_per_school_age": 0.4628099173553719, "source_area_sq_m": 1350328.110776755, "city_area_sq_m": 1350328.1107767564, "city_area_share": 1.000000000000001, "tornado_damage_intersects": false, "tornado_max_efscale": "<NA>", "tornado_damage_area_sq_m": 0.0, "tornado_damage_area_share": 0.0, "tornado_damage_point_count": 0, "tornado_ef2_plus_point_count": 0, "tornado_distance_to_path_m": 5437.984201525156}, "geometry": {"type": "Polygon", "coordinates": [[[-90.272269, 38.592878], [-90.272248, 38.592906], [-90.272189, 38.592993], [-90.272169, 38.593022], [-90.272037, 38.59321], [-90.271643, 38.593776], [-90.271604, 38.593833], [-90.271518, 38.59397], [-90.271466, 38.594051], [-90.271385, 38.594182], [-90.271336, 38.594308], [-90.271328, 38.594331], [-90.271308, 38.594401], [-90.271281, 38.594488], [-90.27127, 38.594528], [-90.27122, 38.594755], [-90.271201, 38.594845], [-90.271161, 38.595021], [-90.271148, 38.595083], [-90.271055, 38.595551], [-90.271033, 38.595667], [-90.271021, 38.595729], [-90.271018, 38.595742], [-90.27101, 38.595781], [-90.271008, 38.595795], [-90.270972, 38.595971], [-90.270868, 38.596499], [-90.270834, 38.596676], [-90.270794, 38.596863], [-90.270677, 38.597427], [-90.270638, 38.597615], [-90.270599, 38.597804], [-90.270483, 38.598375], [-90.270445, 38.598565], [-90.270405, 38.598763], [-90.270289, 38.599359], [-90.270261, 38.599506], [-90.270251, 38.599558], [-90.269844, 38.599504], [-90.268625, 38.599345], [-90.268219, 38.599292], [-90.268124, 38.599281], [-90.267916, 38.599257], [-90.267571, 38.599217], [-90.267008, 38.599162], [-90.266706, 38.599133], [-90.266461, 38.599119], [-90.265727, 38.599079], [-90.265483, 38.599066], [-90.265417, 38.599052], [-90.265377, 38.599044], [-90.26506, 38.598983], [-90.264955, 38.598963], [-90.264777, 38.598944], [-90.264244, 38.598887], [-90.264067, 38.598868], [-90.263658, 38.598826], [-90.262943, 38.598755], [-90.262555, 38.598717], [-90.262434, 38.598706], [-90.262182, 38.598683], [-90.262025, 38.598679], [-90.261998, 38.598843], [-90.261971, 38.599011], [-90.261441, 38.598941], [-90.260336, 38.598822], [-90.258676, 38.598673], [-90.258703, 38.598491], [-90.258745, 38.598226], [-90.258784, 38.597947], [-90.258811, 38.597766], [-90.258836, 38.597588], [-90.258874, 38.597326], [-90.258912, 38.597057], [-90.258929, 38.596943], [-90.258938, 38.596881], [-90.258961, 38.59672], [-90.25903, 38.596237], [-90.259054, 38.596077], [-90.259076, 38.595916], [-90.259112, 38.595672], [-90.259145, 38.595436], [-90.259169, 38.595277], [-90.259194, 38.595103], [-90.259231, 38.594847], [-90.259269, 38.594581], [-90.259287, 38.594465], [-90.259295, 38.594408], [-90.259319, 38.594236], [-90.259323, 38.594214], [-90.259357, 38.593981], [-90.259395, 38.593722], [-90.259421, 38.593551], [-90.259452, 38.593378], [-90.259499, 38.593123], [-90.259547, 38.592862], [-90.259579, 38.592691], [-90.259241, 38.592652], [-90.258515, 38.592571], [-90.258227, 38.59254], [-90.257889, 38.592504], [-90.257936, 38.592238], [-90.258079, 38.59144], [-90.258127, 38.591175], [-90.258177, 38.590902], [-90.258272, 38.590394], [-90.258328, 38.590085], [-90.258351, 38.589964], [-90.258355, 38.589923], [-90.258366, 38.589811], [-90.258634, 38.589832], [-90.258799, 38.589845], [-90.25911, 38.58987], [-90.259438, 38.589904], [-90.259472, 38.589908], [-90.259706, 38.589933], [-90.259663, 38.589733], [-90.259647, 38.589653], [-90.259601, 38.589377], [-90.259582, 38.589128], [-90.259579, 38.589083], [-90.259579, 38.588925], [-90.259326, 38.588794], [-90.259141, 38.588699], [-90.258579, 38.588382], [-90.25845, 38.588309], [-90.258336, 38.588236], [-90.258592, 38.588055], [-90.258885, 38.58785], [-90.259335, 38.587476], [-90.259432, 38.587397], [-90.259577, 38.587276], [-90.259628, 38.587233], [-90.259783, 38.587104], [-90.259835, 38.587062], [-90.26, 38.586924], [-90.260497, 38.586512], [-90.260663, 38.586375], [-90.260807, 38.58625], [-90.261238, 38.585876], [-90.261383, 38.585752], [-90.261554, 38.585604], [-90.262026, 38.585251], [-90.262222, 38.585104], [-90.262404, 38.584968], [-90.262595, 38.584827], [-90.262951, 38.584562], [-90.263134, 38.584427], [-90.263379, 38.584246], [-90.263782, 38.58394], [-90.263833, 38.583911], [-90.263951, 38.583813], [-90.264481, 38.583412], [-90.264808, 38.583159], [-90.264949, 38.583047], [-90.265375, 38.582712], [-90.265517, 38.582601], [-90.265796, 38.582381], [-90.265936, 38.58227], [-90.26618, 38.582079], [-90.26663, 38.581717], [-90.266908, 38.581495], [-90.267274, 38.581203], [-90.267226, 38.581376], [-90.267142, 38.581617], [-90.267082, 38.581785], [-90.266904, 38.582291], [-90.266845, 38.58246], [-90.266786, 38.582624], [-90.266611, 38.583117], [-90.266553, 38.583282], [-90.266504, 38.583416], [-90.266361, 38.583818], [-90.266314, 38.583953], [-90.266255, 38.584118], [-90.266137, 38.584447], [-90.265979, 38.584897], [-90.265956, 38.584961], [-90.265818, 38.585358], [-90.265664, 38.585788], [-90.265504, 38.586227], [-90.265354, 38.586639], [-90.265314, 38.586747], [-90.26505, 38.587501], [-90.264976, 38.587713], [-90.264763, 38.588328], [-90.264678, 38.588572], [-90.264361, 38.589473], [-90.264331, 38.589559], [-90.264123, 38.590136], [-90.264022, 38.590417], [-90.264586, 38.590474], [-90.264635, 38.590479], [-90.264954, 38.590511], [-90.26509, 38.590524], [-90.266276, 38.59066], [-90.26684, 38.590726], [-90.267422, 38.590793], [-90.269177, 38.590995], [-90.269752, 38.591061], [-90.270682, 38.591169], [-90.271053, 38.591212], [-90.271968, 38.591317], [-90.27265, 38.59139], [-90.273252, 38.591469], [-90.272684, 38.592283], [-90.272269, 38.592878]]]}}, {"id": "55", "type": "Feature", "properties": {"geoid": "29510108200", "name": "Census Tract 1082; St. Louis city; Missouri", "total_population": 1710, "total_population_moe": 385, "race_total": 1710, "race_total_moe": 385, "race_white_non_hispanic": 68, "race_white_non_hispanic_moe": 37, "race_black_non_hispanic": 1597, "race_black_non_hispanic_moe": 385, "poverty_universe": 1582, "poverty_universe_moe": 385, "poverty_below": 181, "poverty_below_moe": 97, "male_5_9": 0, "male_5_9_moe": 12, "male_10_14": 0, "male_10_14_moe": 12, "male_15_17": 0, "male_15_17_moe": 12, "female_5_9": 0, "female_5_9_moe": 12, "female_10_14": 182, "female_10_14_moe": 202, "female_15_17": 113, "female_15_17_moe": 125, "male_white_non_hispanic_5_9": 0, "male_white_non_hispanic_5_9_moe": 12, "male_white_non_hispanic_10_14": 0, "male_white_non_hispanic_10_14_moe": 12, "male_white_non_hispanic_15_17": 0, "male_white_non_hispanic_15_17_moe": 12, "female_white_non_hispanic_5_9": 0, "female_white_non_hispanic_5_9_moe": 12, "female_white_non_hispanic_10_14": 0, "female_white_non_hispanic_10_14_moe": 12, "female_white_non_hispanic_15_17": 0, "female_white_non_hispanic_15_17_moe": 12, "male_black_alone_5_9": 0, "male_black_alone_5_9_moe": 12, "male_black_alone_10_14": 0, "male_black_alone_10_14_moe": 12, "male_black_alone_15_17": 0, "male_black_alone_15_17_moe": 12, "female_black_alone_5_9": 0, "female_black_alone_5_9_moe": 12, "female_black_alone_10_14": 182, "female_black_alone_10_14_moe": 202, "female_black_alone_15_17": 113, "female_black_alone_15_17_moe": 125, "male_public_school_5_9": 0, "state": "29", "county": "510", "tract": "108200", "male_public_school_5_9_moe": 12, "male_public_school_10_14": 0, "male_public_school_10_14_moe": 12, "male_public_school_15_17": 0, "male_public_school_15_17_moe": 12, "male_private_school_5_9": 0, "male_private_school_5_9_moe": 12, "male_private_school_10_14": 0, "male_private_school_10_14_moe": 12, "male_private_school_15_17": 0, "male_private_school_15_17_moe": 12, "female_public_school_5_9": 0, "female_public_school_5_9_moe": 12, "female_public_school_10_14": 182, "female_public_school_10_14_moe": 202, "female_public_school_15_17": 113, "female_public_school_15_17_moe": 125, "female_private_school_5_9": 0, "female_private_school_5_9_moe": 12, "female_private_school_10_14": 0, "female_private_school_10_14_moe": 12, "female_private_school_15_17": 0, "female_private_school_15_17_moe": 12, "median_household_income": 56656, "median_household_income_moe": 18105, "acs_median_owner_occupied_home_value": 80200, "acs_median_owner_occupied_home_value_moe": 17699, "race_other": 45, "race_white_share": 0.03976608187134503, "race_black_share": 0.9339181286549708, "race_other_share": 0.02631578947368421, "poverty_rate": 0.11441213653603034, "school_age_5_17": 295, "school_age_white_non_hispanic_5_17": 0, "school_age_black_alone_5_17": 295, "school_age_other_or_unclassified_5_17": 0, "school_age_white_non_hispanic_5_17_moe": 29.393876913398138, "school_age_black_alone_5_17_moe": 238.75719884434898, "school_age_white_non_hispanic_5_17_share": 0.0, "school_age_black_alone_5_17_share": 1.0, "school_age_other_or_unclassified_5_17_share": 0.0, "school_age_5_17_per_capita": 0.17251461988304093, "public_school_enrolled_5_17": 295, "private_school_enrolled_5_17": 0, "public_school_enrolled_5_17_moe": 238.75719884434898, "private_school_enrolled_5_17_moe": 29.393876913398138, "public_school_enrolled_5_17_per_school_age": 1.0, "private_school_enrolled_5_17_per_school_age": 0.0, "source_area_sq_m": 817436.728534138, "city_area_sq_m": 817436.728534138, "city_area_share": 1.0, "tornado_damage_intersects": false, "tornado_max_efscale": "<NA>", "tornado_damage_area_sq_m": 0.0, "tornado_damage_area_share": 0.0, "tornado_damage_point_count": 0, "tornado_ef2_plus_point_count": 0, "tornado_distance_to_path_m": 3894.540231527914}, "geometry": {"type": "Polygon", "coordinates": [[[-90.250127, 38.719523], [-90.249229, 38.719874], [-90.248295, 38.720241], [-90.247332, 38.720619], [-90.246405, 38.720983], [-90.245102, 38.721495], [-90.243916, 38.721961], [-90.240614, 38.723257], [-90.240589, 38.723218], [-90.240555, 38.723163], [-90.240428, 38.722966], [-90.240374, 38.722882], [-90.24047, 38.722831], [-90.240534, 38.722799], [-90.240612, 38.722713], [-90.240666, 38.722598], [-90.240667, 38.722586], [-90.240683, 38.722479], [-90.240647, 38.722384], [-90.240623, 38.722321], [-90.240539, 38.722241], [-90.24044, 38.722173], [-90.240426, 38.722164], [-90.240345, 38.722144], [-90.240283, 38.722128], [-90.240265, 38.722127], [-90.240146, 38.722122], [-90.240026, 38.722138], [-90.239949, 38.722172], [-90.239865, 38.72204], [-90.239805, 38.721944], [-90.239623, 38.721639], [-90.239606, 38.72161], [-90.239544, 38.721505], [-90.239447, 38.721339], [-90.239159, 38.720844], [-90.239146, 38.720822], [-90.239057, 38.720683], [-90.238994, 38.720584], [-90.238805, 38.720288], [-90.238743, 38.72019], [-90.23863, 38.720005], [-90.238291, 38.71945], [-90.238178, 38.719265], [-90.238051, 38.719249], [-90.23767, 38.719203], [-90.237544, 38.719188], [-90.23733, 38.719171], [-90.236843, 38.719135], [-90.23669, 38.719117], [-90.236478, 38.719093], [-90.236254, 38.719067], [-90.235897, 38.719027], [-90.235583, 38.718996], [-90.23536, 38.718974], [-90.234882, 38.71893], [-90.234622, 38.718907], [-90.233451, 38.718786], [-90.232974, 38.718737], [-90.232754, 38.718712], [-90.232509, 38.718686], [-90.232355, 38.718654], [-90.232185, 38.718627], [-90.232099, 38.718616], [-90.23188, 38.718588], [-90.231856, 38.718585], [-90.231478, 38.718541], [-90.231104, 38.718498], [-90.23044, 38.71844], [-90.230273, 38.718425], [-90.229871, 38.718391], [-90.2293, 38.718334], [-90.229522, 38.717043], [-90.229743, 38.715728], [-90.229874, 38.714918], [-90.229976, 38.714881], [-90.230033, 38.71486], [-90.230093, 38.714867], [-90.230455, 38.714909], [-90.230858, 38.714956], [-90.232035, 38.715075], [-90.23247, 38.715125], [-90.233056, 38.715213], [-90.233724, 38.715291], [-90.23452, 38.715371], [-90.234879, 38.715415], [-90.235939, 38.715525], [-90.236361, 38.715568], [-90.236468, 38.71558], [-90.236853, 38.71561], [-90.23737, 38.715651], [-90.237552, 38.715669], [-90.23763, 38.715676], [-90.238053, 38.715718], [-90.23911, 38.715824], [-90.239324, 38.715845], [-90.239645, 38.715878], [-90.239967, 38.715911], [-90.240182, 38.715933], [-90.240428, 38.715959], [-90.240695, 38.715988], [-90.240855, 38.716006], [-90.24117, 38.71603], [-90.241196, 38.716032], [-90.24124, 38.716039], [-90.241415, 38.71607], [-90.241562, 38.716101], [-90.241873, 38.716181], [-90.241916, 38.716193], [-90.242394, 38.71632], [-90.243243, 38.716537], [-90.243478, 38.716598], [-90.243699, 38.716661], [-90.243952, 38.716733], [-90.244711, 38.716951], [-90.244965, 38.717024], [-90.245159, 38.717075], [-90.245742, 38.717228], [-90.245937, 38.71728], [-90.246037, 38.717306], [-90.246337, 38.717384], [-90.246437, 38.717411], [-90.246519, 38.717432], [-90.246769, 38.717498], [-90.246852, 38.71752], [-90.247063, 38.717575], [-90.247698, 38.717743], [-90.24791, 38.717799], [-90.249205, 38.718146], [-90.250004, 38.718363], [-90.250239, 38.718432], [-90.250502, 38.718498], [-90.250785, 38.718572], [-90.251156, 38.718659], [-90.251499, 38.718755], [-90.2516, 38.718794], [-90.251773, 38.71885], [-90.251745, 38.718887], [-90.250127, 38.719523]]]}}, {"id": "56", "type": "Feature", "properties": {"geoid": "29510108300", "name": "Census Tract 1083; St. Louis city; Missouri", "total_population": 1590, "total_population_moe": 240, "race_total": 1590, "race_total_moe": 240, "race_white_non_hispanic": 88, "race_white_non_hispanic_moe": 60, "race_black_non_hispanic": 1451, "race_black_non_hispanic_moe": 229, "poverty_universe": 1590, "poverty_universe_moe": 240, "poverty_below": 404, "poverty_below_moe": 166, "male_5_9": 2, "male_5_9_moe": 4, "male_10_14": 74, "male_10_14_moe": 68, "male_15_17": 65, "male_15_17_moe": 62, "female_5_9": 64, "female_5_9_moe": 54, "female_10_14": 18, "female_10_14_moe": 28, "female_15_17": 35, "female_15_17_moe": 28, "male_white_non_hispanic_5_9": 0, "male_white_non_hispanic_5_9_moe": 12, "male_white_non_hispanic_10_14": 0, "male_white_non_hispanic_10_14_moe": 12, "male_white_non_hispanic_15_17": 0, "male_white_non_hispanic_15_17_moe": 12, "female_white_non_hispanic_5_9": 0, "female_white_non_hispanic_5_9_moe": 12, "female_white_non_hispanic_10_14": 0, "female_white_non_hispanic_10_14_moe": 12, "female_white_non_hispanic_15_17": 0, "female_white_non_hispanic_15_17_moe": 12, "male_black_alone_5_9": 2, "male_black_alone_5_9_moe": 4, "male_black_alone_10_14": 74, "male_black_alone_10_14_moe": 68, "male_black_alone_15_17": 65, "male_black_alone_15_17_moe": 62, "female_black_alone_5_9": 64, "female_black_alone_5_9_moe": 54, "female_black_alone_10_14": 18, "female_black_alone_10_14_moe": 28, "female_black_alone_15_17": 28, "female_black_alone_15_17_moe": 27, "male_public_school_5_9": 2, "state": "29", "county": "510", "tract": "108300", "male_public_school_5_9_moe": 4, "male_public_school_10_14": 74, "male_public_school_10_14_moe": 68, "male_public_school_15_17": 65, "male_public_school_15_17_moe": 62, "male_private_school_5_9": 0, "male_private_school_5_9_moe": 12, "male_private_school_10_14": 0, "male_private_school_10_14_moe": 12, "male_private_school_15_17": 0, "male_private_school_15_17_moe": 12, "female_public_school_5_9": 64, "female_public_school_5_9_moe": 54, "female_public_school_10_14": 18, "female_public_school_10_14_moe": 28, "female_public_school_15_17": 28, "female_public_school_15_17_moe": 27, "female_private_school_5_9": 0, "female_private_school_5_9_moe": 12, "female_private_school_10_14": 0, "female_private_school_10_14_moe": 12, "female_private_school_15_17": 0, "female_private_school_15_17_moe": 12, "median_household_income": 42123, "median_household_income_moe": 5182, "acs_median_owner_occupied_home_value": 63800, "acs_median_owner_occupied_home_value_moe": 10241, "race_other": 51, "race_white_share": 0.055345911949685536, "race_black_share": 0.9125786163522013, "race_other_share": 0.03207547169811321, "poverty_rate": 0.2540880503144654, "school_age_5_17": 258, "school_age_white_non_hispanic_5_17": 0, "school_age_black_alone_5_17": 251, "school_age_other_or_unclassified_5_17": 7, "school_age_white_non_hispanic_5_17_moe": 29.393876913398138, "school_age_black_alone_5_17_moe": 113.63538181394033, "school_age_white_non_hispanic_5_17_share": 0.0, "school_age_black_alone_5_17_share": 0.9728682170542635, "school_age_other_or_unclassified_5_17_share": 0.027131782945736434, "school_age_5_17_per_capita": 0.16226415094339622, "public_school_enrolled_5_17": 251, "private_school_enrolled_5_17": 0, "public_school_enrolled_5_17_moe": 113.63538181394033, "private_school_enrolled_5_17_moe": 29.393876913398138, "public_school_enrolled_5_17_per_school_age": 0.9728682170542635, "private_school_enrolled_5_17_per_school_age": 0.0, "source_area_sq_m": 741312.8315171304, "city_area_sq_m": 739904.1356505502, "city_area_share": 0.9980997282028733, "tornado_damage_intersects": false, "tornado_max_efscale": "<NA>", "tornado_damage_area_sq_m": 0.0, "tornado_damage_area_share": 0.0, "tornado_damage_point_count": 0, "tornado_ef2_plus_point_count": 0, "tornado_distance_to_path_m": 4190.891546233404}, "geometry": {"type": "Polygon", "coordinates": [[[-90.240666, 38.722598], [-90.240612, 38.722713], [-90.240534, 38.722799], [-90.24047, 38.722831], [-90.240374, 38.722882], [-90.240428, 38.722966], [-90.240555, 38.723163], [-90.240589, 38.723218], [-90.240614, 38.723257], [-90.240464, 38.723316], [-90.239943, 38.723521], [-90.239908, 38.723535], [-90.239844, 38.72356], [-90.239724, 38.723607], [-90.239341, 38.723713], [-90.23912683517709, 38.72379617882289], [-90.23812992424891, 38.7241029183573], [-90.23779842083755, 38.72431233198355], [-90.236993, 38.724628], [-90.235309, 38.725276], [-90.234383, 38.725636], [-90.233748, 38.725876], [-90.231109, 38.726912], [-90.2301, 38.727301], [-90.22945087387511, 38.72755775202943], [-90.22801419318378, 38.72799620391475], [-90.228009, 38.727942], [-90.228, 38.727869], [-90.227953, 38.727438], [-90.227921, 38.727047], [-90.227917, 38.726772], [-90.227906, 38.726573], [-90.227911, 38.726516], [-90.22793, 38.726317], [-90.228027, 38.725758], [-90.228072, 38.725507], [-90.228078, 38.725467], [-90.228097, 38.725351], [-90.228104, 38.725312], [-90.22813, 38.725156], [-90.228211, 38.72469], [-90.228238, 38.724535], [-90.228267, 38.724362], [-90.228357, 38.723845], [-90.228387, 38.723673], [-90.228449, 38.723316], [-90.228508, 38.72298], [-90.228639, 38.722245], [-90.228703, 38.721889], [-90.228734, 38.721713], [-90.228815, 38.721264], [-90.228827, 38.721187], [-90.228856, 38.721012], [-90.229004, 38.720136], [-90.229118, 38.719453], [-90.229154, 38.719232], [-90.2293, 38.718334], [-90.229871, 38.718391], [-90.230273, 38.718425], [-90.23044, 38.71844], [-90.231104, 38.718498], [-90.231478, 38.718541], [-90.231856, 38.718585], [-90.23188, 38.718588], [-90.232099, 38.718616], [-90.232185, 38.718627], [-90.232355, 38.718654], [-90.232509, 38.718686], [-90.232754, 38.718712], [-90.232974, 38.718737], [-90.233451, 38.718786], [-90.234622, 38.718907], [-90.234882, 38.71893], [-90.23536, 38.718974], [-90.235583, 38.718996], [-90.235897, 38.719027], [-90.236254, 38.719067], [-90.236478, 38.719093], [-90.23669, 38.719117], [-90.236843, 38.719135], [-90.23733, 38.719171], [-90.237544, 38.719188], [-90.23767, 38.719203], [-90.238051, 38.719249], [-90.238178, 38.719265], [-90.238291, 38.71945], [-90.23863, 38.720005], [-90.238743, 38.72019], [-90.238805, 38.720288], [-90.238994, 38.720584], [-90.239057, 38.720683], [-90.239146, 38.720822], [-90.239159, 38.720844], [-90.239447, 38.721339], [-90.239544, 38.721505], [-90.239606, 38.72161], [-90.239623, 38.721639], [-90.239805, 38.721944], [-90.239865, 38.72204], [-90.239949, 38.722172], [-90.240026, 38.722138], [-90.240146, 38.722122], [-90.240265, 38.722127], [-90.240283, 38.722128], [-90.240345, 38.722144], [-90.240426, 38.722164], [-90.24044, 38.722173], [-90.240539, 38.722241], [-90.240623, 38.722321], [-90.240647, 38.722384], [-90.240683, 38.722479], [-90.240667, 38.722586], [-90.240666, 38.722598]]]}}, {"id": "57", "type": "Feature", "properties": {"geoid": "29510112400", "name": "Census Tract 1124; St. Louis city; Missouri", "total_population": 3843, "total_population_moe": 460, "race_total": 3843, "race_total_moe": 460, "race_white_non_hispanic": 2692, "race_white_non_hispanic_moe": 386, "race_black_non_hispanic": 169, "race_black_non_hispanic_moe": 101, "poverty_universe": 3769, "poverty_universe_moe": 460, "poverty_below": 655, "poverty_below_moe": 234, "male_5_9": 19, "male_5_9_moe": 30, "male_10_14": 6, "male_10_14_moe": 16, "male_15_17": 29, "male_15_17_moe": 56, "female_5_9": 56, "female_5_9_moe": 51, "female_10_14": 0, "female_10_14_moe": 12, "female_15_17": 25, "female_15_17_moe": 41, "male_white_non_hispanic_5_9": 0, "male_white_non_hispanic_5_9_moe": 12, "male_white_non_hispanic_10_14": 6, "male_white_non_hispanic_10_14_moe": 16, "male_white_non_hispanic_15_17": 0, "male_white_non_hispanic_15_17_moe": 12, "female_white_non_hispanic_5_9": 32, "female_white_non_hispanic_5_9_moe": 32, "female_white_non_hispanic_10_14": 0, "female_white_non_hispanic_10_14_moe": 12, "female_white_non_hispanic_15_17": 25, "female_white_non_hispanic_15_17_moe": 41, "male_black_alone_5_9": 0, "male_black_alone_5_9_moe": 12, "male_black_alone_10_14": 0, "male_black_alone_10_14_moe": 12, "male_black_alone_15_17": 0, "male_black_alone_15_17_moe": 12, "female_black_alone_5_9": 0, "female_black_alone_5_9_moe": 12, "female_black_alone_10_14": 0, "female_black_alone_10_14_moe": 12, "female_black_alone_15_17": 0, "female_black_alone_15_17_moe": 12, "male_public_school_5_9": 0, "state": "29", "county": "510", "tract": "112400", "male_public_school_5_9_moe": 12, "male_public_school_10_14": 6, "male_public_school_10_14_moe": 16, "male_public_school_15_17": 0, "male_public_school_15_17_moe": 12, "male_private_school_5_9": 0, "male_private_school_5_9_moe": 12, "male_private_school_10_14": 0, "male_private_school_10_14_moe": 12, "male_private_school_15_17": 29, "male_private_school_15_17_moe": 56, "female_public_school_5_9": 41, "female_public_school_5_9_moe": 48, "female_public_school_10_14": 0, "female_public_school_10_14_moe": 12, "female_public_school_15_17": 25, "female_public_school_15_17_moe": 41, "female_private_school_5_9": 15, "female_private_school_5_9_moe": 25, "female_private_school_10_14": 0, "female_private_school_10_14_moe": 12, "female_private_school_15_17": 0, "female_private_school_15_17_moe": 12, "median_household_income": 78185, "median_household_income_moe": 13328, "acs_median_owner_occupied_home_value": 532500, "acs_median_owner_occupied_home_value_moe": 194612, "race_other": 982, "race_white_share": 0.7004944054124382, "race_black_share": 0.043976060369502995, "race_other_share": 0.2555295342180588, "poverty_rate": 0.17378615017245955, "school_age_5_17": 135, "school_age_white_non_hispanic_5_17": 63, "school_age_black_alone_5_17": 0, "school_age_other_or_unclassified_5_17": 72, "school_age_white_non_hispanic_5_17_moe": 58.249463516842795, "school_age_black_alone_5_17_moe": 29.393876913398138, "school_age_white_non_hispanic_5_17_share": 0.4666666666666667, "school_age_black_alone_5_17_share": 0.0, "school_age_other_or_unclassified_5_17_share": 0.5333333333333333, "school_age_5_17_per_capita": 0.0351288056206089, "public_school_enrolled_5_17": 72, "private_school_enrolled_5_17": 44, "public_school_enrolled_5_17_moe": 68.3593446428504, "private_school_enrolled_5_17_moe": 65.85590330410783, "public_school_enrolled_5_17_per_school_age": 0.5333333333333333, "private_school_enrolled_5_17_per_school_age": 0.32592592592592595, "source_area_sq_m": 939051.0267304267, "city_area_sq_m": 939051.0267304262, "city_area_share": 0.9999999999999996, "tornado_damage_intersects": true, "tornado_max_efscale": "1", "tornado_damage_area_sq_m": 508978.3784440184, "tornado_damage_area_share": 0.5420135476727205, "tornado_damage_point_count": 0, "tornado_ef2_plus_point_count": 0, "tornado_distance_to_path_m": 316.51461423555673}, "geometry": {"type": "Polygon", "coordinates": [[[-90.266216, 38.635473], [-90.266129, 38.636022], [-90.266058, 38.636471], [-90.266047, 38.636538], [-90.26592, 38.637351], [-90.26589, 38.637543], [-90.265733, 38.638389], [-90.265718, 38.638467], [-90.2657, 38.638566], [-90.265677, 38.638701], [-90.265665, 38.63878], [-90.265639, 38.638931], [-90.265564, 38.639386], [-90.265539, 38.639538], [-90.265517, 38.639661], [-90.265501, 38.63975], [-90.265427, 38.640157], [-90.265397, 38.64032], [-90.265368, 38.640481], [-90.265311, 38.640811], [-90.265284, 38.640975], [-90.265221, 38.641342], [-90.265085, 38.64223], [-90.265052, 38.642398], [-90.264954, 38.642896], [-90.264912, 38.643151], [-90.264839, 38.643595], [-90.264805, 38.643747], [-90.264785, 38.643906], [-90.264798, 38.644101], [-90.264785, 38.644157], [-90.264778, 38.64418], [-90.264706, 38.644495], [-90.264548, 38.645362], [-90.264498, 38.645647], [-90.264458, 38.645877], [-90.264421, 38.646092], [-90.264341, 38.646567], [-90.264303, 38.646798], [-90.264197, 38.647437], [-90.264082, 38.648118], [-90.264073, 38.648171], [-90.263966, 38.648798], [-90.263861, 38.649388], [-90.263823, 38.649618], [-90.263794, 38.649789], [-90.263709, 38.650305], [-90.263681, 38.650477], [-90.263645, 38.650694], [-90.263595, 38.651003], [-90.263576, 38.651119], [-90.263538, 38.651346], [-90.263503, 38.651564], [-90.262796, 38.651535], [-90.262222, 38.651492], [-90.261442, 38.651434], [-90.26135, 38.651427], [-90.261197, 38.651411], [-90.260523, 38.651341], [-90.259025, 38.651204], [-90.257571, 38.65108], [-90.254903, 38.65086], [-90.253452, 38.650219], [-90.253581, 38.650035], [-90.253778, 38.649756], [-90.253969, 38.649483], [-90.254099, 38.6493], [-90.254263, 38.649068], [-90.254511, 38.64872], [-90.25459, 38.648609], [-90.254756, 38.648374], [-90.254926, 38.648147], [-90.255059, 38.647966], [-90.255257, 38.647698], [-90.255456, 38.647422], [-90.255588, 38.647241], [-90.255717, 38.647061], [-90.255907, 38.646799], [-90.256105, 38.646521], [-90.256235, 38.646341], [-90.256304, 38.646238], [-90.256514, 38.64593], [-90.256584, 38.645828], [-90.256661, 38.645714], [-90.256895, 38.645374], [-90.256931, 38.645323], [-90.25696, 38.645254], [-90.257034, 38.645081], [-90.257066, 38.644982], [-90.257342, 38.644152], [-90.257434, 38.643876], [-90.257537, 38.643591], [-90.257678, 38.643204], [-90.257839, 38.642737], [-90.257939, 38.642452], [-90.258338, 38.642536], [-90.259395, 38.642761], [-90.259535, 38.642791], [-90.259935, 38.642876], [-90.260037, 38.642898], [-90.26029, 38.642948], [-90.260458, 38.642981], [-90.261359, 38.643161], [-90.261716, 38.643233], [-90.261761, 38.642938], [-90.261832, 38.642479], [-90.261843, 38.64239], [-90.261889, 38.642054], [-90.26193, 38.64176], [-90.26195, 38.641616], [-90.262012, 38.641186], [-90.262033, 38.641043], [-90.26205, 38.640891], [-90.262109, 38.640465], [-90.26213, 38.640321], [-90.262167, 38.640067], [-90.262224, 38.639692], [-90.262267, 38.639405], [-90.262283, 38.639307], [-90.262326, 38.639055], [-90.262357, 38.638869], [-90.262358, 38.638856], [-90.262453, 38.638262], [-90.262462, 38.638209], [-90.262495, 38.638066], [-90.262515, 38.637978], [-90.262574, 38.637715], [-90.262595, 38.637628], [-90.262619, 38.63751], [-90.262679, 38.637227], [-90.262693, 38.637159], [-90.262719, 38.637042], [-90.262734, 38.636966], [-90.262781, 38.636738], [-90.262797, 38.636663], [-90.262821, 38.636545], [-90.262847, 38.636426], [-90.262885, 38.636189], [-90.262905, 38.636071], [-90.262917, 38.636], [-90.26293, 38.63592], [-90.263004, 38.635467], [-90.263029, 38.635317], [-90.263133, 38.634902], [-90.263167, 38.63477], [-90.263816, 38.634843], [-90.264659, 38.634924], [-90.265679, 38.635011], [-90.265771, 38.635019], [-90.266065, 38.635044], [-90.266186, 38.635054], [-90.266295, 38.635064], [-90.266261, 38.635243], [-90.266216, 38.635473]]]}}, {"id": "58", "type": "Feature", "properties": {"geoid": "29510115300", "name": "Census Tract 1153; St. Louis city; Missouri", "total_population": 5331, "total_population_moe": 826, "race_total": 5331, "race_total_moe": 826, "race_white_non_hispanic": 1610, "race_white_non_hispanic_moe": 520, "race_black_non_hispanic": 1827, "race_black_non_hispanic_moe": 443, "poverty_universe": 5331, "poverty_universe_moe": 826, "poverty_below": 947, "poverty_below_moe": 372, "male_5_9": 185, "male_5_9_moe": 99, "male_10_14": 285, "male_10_14_moe": 147, "male_15_17": 188, "male_15_17_moe": 171, "female_5_9": 54, "female_5_9_moe": 87, "female_10_14": 179, "female_10_14_moe": 154, "female_15_17": 270, "female_15_17_moe": 148, "male_white_non_hispanic_5_9": 11, "male_white_non_hispanic_5_9_moe": 18, "male_white_non_hispanic_10_14": 65, "male_white_non_hispanic_10_14_moe": 80, "male_white_non_hispanic_15_17": 0, "male_white_non_hispanic_15_17_moe": 17, "female_white_non_hispanic_5_9": 0, "female_white_non_hispanic_5_9_moe": 17, "female_white_non_hispanic_10_14": 36, "female_white_non_hispanic_10_14_moe": 40, "female_white_non_hispanic_15_17": 0, "female_white_non_hispanic_15_17_moe": 17, "male_black_alone_5_9": 88, "male_black_alone_5_9_moe": 68, "male_black_alone_10_14": 88, "male_black_alone_10_14_moe": 68, "male_black_alone_15_17": 149, "male_black_alone_15_17_moe": 153, "female_black_alone_5_9": 0, "female_black_alone_5_9_moe": 17, "female_black_alone_10_14": 124, "female_black_alone_10_14_moe": 151, "female_black_alone_15_17": 140, "female_black_alone_15_17_moe": 104, "male_public_school_5_9": 150, "state": "29", "county": "510", "tract": "115300", "male_public_school_5_9_moe": 88, "male_public_school_10_14": 250, "male_public_school_10_14_moe": 131, "male_public_school_15_17": 177, "male_public_school_15_17_moe": 169, "male_private_school_5_9": 11, "male_private_school_5_9_moe": 18, "male_private_school_10_14": 35, "male_private_school_10_14_moe": 49, "male_private_school_15_17": 11, "male_private_school_15_17_moe": 19, "female_public_school_5_9": 54, "female_public_school_5_9_moe": 87, "female_public_school_10_14": 163, "female_public_school_10_14_moe": 155, "female_public_school_15_17": 170, "female_public_school_15_17_moe": 103, "female_private_school_5_9": 0, "female_private_school_5_9_moe": 17, "female_private_school_10_14": 16, "female_private_school_10_14_moe": 25, "female_private_school_15_17": 100, "female_private_school_15_17_moe": 89, "median_household_income": 61726, "median_household_income_moe": 20222, "acs_median_owner_occupied_home_value": 142000, "acs_median_owner_occupied_home_value_moe": 17273, "race_other": 1894, "race_white_share": 0.30200712811855185, "race_black_share": 0.34271243669105234, "race_other_share": 0.3552804351903958, "poverty_rate": 0.1776402175951979, "school_age_5_17": 1161, "school_age_white_non_hispanic_5_17": 112, "school_age_black_alone_5_17": 589, "school_age_other_or_unclassified_5_17": 460, "school_age_white_non_hispanic_5_17_moe": 95.86970324351692, "school_age_black_alone_5_17_moe": 257.9980620082252, "school_age_white_non_hispanic_5_17_share": 0.09646856158484066, "school_age_black_alone_5_17_share": 0.5073212747631353, "school_age_other_or_unclassified_5_17_share": 0.3962101636520241, "school_age_5_17_per_capita": 0.21778277996623524, "public_school_enrolled_5_17": 964, "private_school_enrolled_5_17": 173, "public_school_enrolled_5_17_moe": 309.30405752269075, "private_school_enrolled_5_17_moe": 109.1833320612629, "public_school_enrolled_5_17_per_school_age": 0.830318690783807, "private_school_enrolled_5_17_per_school_age": 0.14900947459086994, "source_area_sq_m": 1656625.1194262756, "city_area_sq_m": 1656625.119426276, "city_area_share": 1.0000000000000002, "tornado_damage_intersects": false, "tornado_max_efscale": "<NA>", "tornado_damage_area_sq_m": 0.0, "tornado_damage_area_share": 0.0, "tornado_damage_point_count": 0, "tornado_ef2_plus_point_count": 0, "tornado_distance_to_path_m": 6968.560921077336}, "geometry": {"type": "Polygon", "coordinates": [[[-90.26663, 38.581717], [-90.26618, 38.582079], [-90.265936, 38.58227], [-90.265796, 38.582381], [-90.265517, 38.582601], [-90.265375, 38.582712], [-90.264949, 38.583047], [-90.264808, 38.583159], [-90.264481, 38.583412], [-90.263951, 38.583813], [-90.263833, 38.583911], [-90.263782, 38.58394], [-90.263379, 38.584246], [-90.263134, 38.584427], [-90.262951, 38.584562], [-90.262595, 38.584827], [-90.262404, 38.584968], [-90.262222, 38.585104], [-90.262026, 38.585251], [-90.261554, 38.585604], [-90.261383, 38.585752], [-90.261238, 38.585876], [-90.260807, 38.58625], [-90.260663, 38.586375], [-90.260497, 38.586512], [-90.26, 38.586924], [-90.259835, 38.587062], [-90.259783, 38.587104], [-90.259628, 38.587233], [-90.259577, 38.587276], [-90.259432, 38.587397], [-90.259335, 38.587476], [-90.258885, 38.58785], [-90.258592, 38.588055], [-90.258336, 38.588236], [-90.258246, 38.58819], [-90.257702, 38.587911], [-90.256967, 38.58752], [-90.256821, 38.587443], [-90.255848, 38.586922], [-90.255496, 38.586734], [-90.254109, 38.586011], [-90.253143, 38.585505], [-90.253077, 38.58547], [-90.253032, 38.585446], [-90.252439, 38.585134], [-90.251292, 38.5845], [-90.25119, 38.584448], [-90.251002, 38.584353], [-90.250894, 38.584298], [-90.250573, 38.584134], [-90.250466, 38.58408], [-90.250275, 38.583982], [-90.250006, 38.583845], [-90.249704, 38.583686], [-90.249515, 38.583587], [-90.24939, 38.583521], [-90.249016, 38.583325], [-90.248892, 38.58326], [-90.248816, 38.583219], [-90.248588, 38.583097], [-90.248512, 38.583057], [-90.248405, 38.582999], [-90.248084, 38.582828], [-90.247978, 38.582771], [-90.247788, 38.582669], [-90.247218, 38.582366], [-90.247029, 38.582265], [-90.246842, 38.582165], [-90.246281, 38.581866], [-90.246094, 38.581767], [-90.245148, 38.581266], [-90.245007, 38.581192], [-90.244657, 38.581008], [-90.244524, 38.580983], [-90.244204, 38.580936], [-90.24419, 38.580849], [-90.24419, 38.580798], [-90.244217, 38.580724], [-90.244293, 38.580607], [-90.244459, 38.5804], [-90.244759, 38.580025], [-90.245148, 38.579542], [-90.245183, 38.579499], [-90.245902, 38.578613], [-90.246094, 38.578377], [-90.247445, 38.576772], [-90.247602, 38.576586], [-90.248073, 38.576028], [-90.248231, 38.575843], [-90.248334, 38.575719], [-90.248646, 38.575348], [-90.24875, 38.575225], [-90.248813, 38.575149], [-90.249001, 38.574921], [-90.249065, 38.574846], [-90.249109, 38.574792], [-90.249242, 38.57463], [-90.249287, 38.574577], [-90.249451, 38.574377], [-90.249944, 38.573778], [-90.250004, 38.573706], [-90.25011, 38.57358], [-90.250219, 38.57345], [-90.250546, 38.57306], [-90.250656, 38.572931], [-90.250799, 38.573006], [-90.250874, 38.573046], [-90.251229, 38.573234], [-90.251528, 38.573392], [-90.251746, 38.573508], [-90.251952, 38.573617], [-90.252255, 38.573777], [-90.252572, 38.573944], [-90.252779, 38.574053], [-90.252987, 38.574162], [-90.253312, 38.574333], [-90.253613, 38.574492], [-90.253822, 38.574602], [-90.254031, 38.574713], [-90.254273, 38.574842], [-90.25436, 38.574888], [-90.254661, 38.575048], [-90.254872, 38.57516], [-90.255052, 38.575256], [-90.255166, 38.575317], [-90.255442, 38.575464], [-90.255595, 38.575541], [-90.255778, 38.575634], [-90.256068, 38.57578], [-90.256892, 38.576196], [-90.256938, 38.57622], [-90.257225, 38.576373], [-90.257631, 38.576589], [-90.257801, 38.576679], [-90.257943, 38.576755], [-90.258157, 38.576869], [-90.258245, 38.576916], [-90.259138, 38.577402], [-90.260029, 38.577882], [-90.260823, 38.5783], [-90.260926, 38.578355], [-90.261713, 38.578775], [-90.262147, 38.579009], [-90.26218, 38.579027], [-90.262586, 38.579244], [-90.263428, 38.579677], [-90.263512, 38.579721], [-90.263851, 38.579896], [-90.264265, 38.580112], [-90.265049, 38.580527], [-90.265236, 38.580626], [-90.265797, 38.580923], [-90.265984, 38.581023], [-90.266167, 38.581119], [-90.266281, 38.58118], [-90.266453, 38.581266], [-90.266722, 38.581401], [-90.266908, 38.581495], [-90.26663, 38.581717]]]}}, {"id": "59", "type": "Feature", "properties": {"geoid": "29510117200", "name": "Census Tract 1172; St. Louis city; Missouri", "total_population": 5283, "total_population_moe": 539, "race_total": 5283, "race_total_moe": 539, "race_white_non_hispanic": 3459, "race_white_non_hispanic_moe": 504, "race_black_non_hispanic": 1240, "race_black_non_hispanic_moe": 426, "poverty_universe": 5283, "poverty_universe_moe": 539, "poverty_below": 206, "poverty_below_moe": 109, "male_5_9": 93, "male_5_9_moe": 73, "male_10_14": 97, "male_10_14_moe": 107, "male_15_17": 63, "male_15_17_moe": 59, "female_5_9": 238, "female_5_9_moe": 128, "female_10_14": 170, "female_10_14_moe": 105, "female_15_17": 55, "female_15_17_moe": 64, "male_white_non_hispanic_5_9": 93, "male_white_non_hispanic_5_9_moe": 73, "male_white_non_hispanic_10_14": 0, "male_white_non_hispanic_10_14_moe": 17, "male_white_non_hispanic_15_17": 63, "male_white_non_hispanic_15_17_moe": 59, "female_white_non_hispanic_5_9": 80, "female_white_non_hispanic_5_9_moe": 62, "female_white_non_hispanic_10_14": 67, "female_white_non_hispanic_10_14_moe": 61, "female_white_non_hispanic_15_17": 18, "female_white_non_hispanic_15_17_moe": 29, "male_black_alone_5_9": 0, "male_black_alone_5_9_moe": 17, "male_black_alone_10_14": 82, "male_black_alone_10_14_moe": 104, "male_black_alone_15_17": 0, "male_black_alone_15_17_moe": 17, "female_black_alone_5_9": 158, "female_black_alone_5_9_moe": 110, "female_black_alone_10_14": 75, "female_black_alone_10_14_moe": 96, "female_black_alone_15_17": 37, "female_black_alone_15_17_moe": 59, "male_public_school_5_9": 30, "state": "29", "county": "510", "tract": "117200", "male_public_school_5_9_moe": 34, "male_public_school_10_14": 97, "male_public_school_10_14_moe": 107, "male_public_school_15_17": 63, "male_public_school_15_17_moe": 59, "male_private_school_5_9": 63, "male_private_school_5_9_moe": 66, "male_private_school_10_14": 0, "male_private_school_10_14_moe": 17, "male_private_school_15_17": 0, "male_private_school_15_17_moe": 17, "female_public_school_5_9": 158, "female_public_school_5_9_moe": 110, "female_public_school_10_14": 141, "female_public_school_10_14_moe": 99, "female_public_school_15_17": 55, "female_public_school_15_17_moe": 64, "female_private_school_5_9": 60, "female_private_school_5_9_moe": 54, "female_private_school_10_14": 29, "female_private_school_10_14_moe": 35, "female_private_school_15_17": 0, "female_private_school_15_17_moe": 17, "median_household_income": 127772, "median_household_income_moe": 22674, "acs_median_owner_occupied_home_value": 409200, "acs_median_owner_occupied_home_value_moe": 38588, "race_other": 584, "race_white_share": 0.6547416240772288, "race_black_share": 0.23471512398258565, "race_other_share": 0.1105432519401855, "poverty_rate": 0.038992996403558584, "school_age_5_17": 716, "school_age_white_non_hispanic_5_17": 321, "school_age_black_alone_5_17": 352, "school_age_other_or_unclassified_5_17": 43, "school_age_white_non_hispanic_5_17_moe": 132.30646242719968, "school_age_black_alone_5_17_moe": 190.23932295926622, "school_age_white_non_hispanic_5_17_share": 0.4483240223463687, "school_age_black_alone_5_17_share": 0.49162011173184356, "school_age_other_or_unclassified_5_17_share": 0.06005586592178771, "school_age_5_17_per_capita": 0.13552905546091237, "public_school_enrolled_5_17": 544, "private_school_enrolled_5_17": 152, "public_school_enrolled_5_17_moe": 205.14141463878033, "private_school_enrolled_5_17_moe": 96.76776322722355, "public_school_enrolled_5_17_per_school_age": 0.7597765363128491, "private_school_enrolled_5_17_per_school_age": 0.2122905027932961, "source_area_sq_m": 1268265.818537924, "city_area_sq_m": 1268265.818537925, "city_area_share": 1.0000000000000007, "tornado_damage_intersects": false, "tornado_max_efscale": "<NA>", "tornado_damage_area_sq_m": 0.0, "tornado_damage_area_share": 0.0, "tornado_damage_point_count": 0, "tornado_ef2_plus_point_count": 0, "tornado_distance_to_path_m": 3809.122352975658}, "geometry": {"type": "Polygon", "coordinates": [[[-90.257658, 38.60992], [-90.257642, 38.609998], [-90.257583, 38.610309], [-90.257549, 38.61048], [-90.257545, 38.610503], [-90.257456, 38.610995], [-90.257426, 38.611167], [-90.257393, 38.611341], [-90.257297, 38.611864], [-90.257265, 38.612039], [-90.257231, 38.612214], [-90.25713, 38.612741], [-90.257097, 38.612917], [-90.257061, 38.613098], [-90.256957, 38.613644], [-90.256923, 38.613826], [-90.256877, 38.614061], [-90.256787, 38.614538], [-90.256742, 38.614768], [-90.256698, 38.615004], [-90.256664, 38.615168], [-90.256565, 38.615662], [-90.256533, 38.615827], [-90.256498, 38.615996], [-90.256394, 38.616504], [-90.25636, 38.616674], [-90.256316, 38.616888], [-90.256237, 38.617279], [-90.256186, 38.617532], [-90.256144, 38.617747], [-90.256122, 38.617853], [-90.256081, 38.618061], [-90.256074, 38.618095], [-90.256058, 38.618173], [-90.256038, 38.61828], [-90.255959, 38.618676], [-90.255923, 38.618856], [-90.255866, 38.619148], [-90.255817, 38.619397], [-90.255783, 38.619578], [-90.253104, 38.619346], [-90.250144, 38.619071], [-90.249869, 38.619047], [-90.24752, 38.618842], [-90.247458, 38.619285], [-90.24739, 38.619746], [-90.247323, 38.620198], [-90.247255, 38.620639], [-90.247211, 38.620817], [-90.247081, 38.621353], [-90.247038, 38.621532], [-90.246514, 38.621482], [-90.245408, 38.621378], [-90.244943, 38.621335], [-90.24442, 38.621287], [-90.244484, 38.620831], [-90.244544, 38.620401], [-90.244605, 38.619953], [-90.244675, 38.619496], [-90.24475, 38.61905], [-90.244795, 38.618774], [-90.244826, 38.618594], [-90.244853, 38.618408], [-90.244897, 38.618117], [-90.244959, 38.617667], [-90.245018, 38.617247], [-90.245032, 38.617136], [-90.245043, 38.617054], [-90.245074, 38.616804], [-90.245089, 38.616694], [-90.245116, 38.616478], [-90.245129, 38.616384], [-90.245153, 38.616233], [-90.245217, 38.615835], [-90.245252, 38.615621], [-90.245389, 38.614772], [-90.245511, 38.613959], [-90.245541, 38.613757], [-90.24558, 38.613503], [-90.245632, 38.613151], [-90.245663, 38.61295], [-90.245697, 38.612733], [-90.245763, 38.612312], [-90.245803, 38.612054], [-90.245838, 38.611831], [-90.245864, 38.611657], [-90.245904, 38.611405], [-90.245945, 38.611138], [-90.245972, 38.610965], [-90.245998, 38.61079], [-90.246036, 38.610547], [-90.246041, 38.61051], [-90.246078, 38.610264], [-90.246105, 38.61009], [-90.24613, 38.609914], [-90.24617, 38.609642], [-90.246206, 38.609389], [-90.246232, 38.609214], [-90.246281, 38.608905], [-90.246306, 38.608756], [-90.246411, 38.608129], [-90.246445, 38.607982], [-90.246518, 38.607679], [-90.247053, 38.607729], [-90.248658, 38.607879], [-90.249193, 38.60793], [-90.249711, 38.607979], [-90.251265, 38.608128], [-90.251784, 38.608178], [-90.25209, 38.608207], [-90.253009, 38.608296], [-90.253196, 38.608315], [-90.253316, 38.608327], [-90.253604, 38.608357], [-90.25447, 38.608447], [-90.254759, 38.608477], [-90.25539, 38.608542], [-90.255861, 38.608591], [-90.257285, 38.608709], [-90.257918, 38.608762], [-90.257848, 38.60907], [-90.257658, 38.60992]]]}}, {"id": "60", "type": "Feature", "properties": {"geoid": "29510109700", "name": "Census Tract 1097; St. Louis city; Missouri", "total_population": 1614, "total_population_moe": 328, "race_total": 1614, "race_total_moe": 328, "race_white_non_hispanic": 155, "race_white_non_hispanic_moe": 80, "race_black_non_hispanic": 1452, "race_black_non_hispanic_moe": 323, "poverty_universe": 1614, "poverty_universe_moe": 328, "poverty_below": 457, "poverty_below_moe": 206, "male_5_9": 31, "male_5_9_moe": 43, "male_10_14": 115, "male_10_14_moe": 104, "male_15_17": 0, "male_15_17_moe": 12, "female_5_9": 16, "female_5_9_moe": 29, "female_10_14": 12, "female_10_14_moe": 18, "female_15_17": 19, "female_15_17_moe": 31, "male_white_non_hispanic_5_9": 0, "male_white_non_hispanic_5_9_moe": 12, "male_white_non_hispanic_10_14": 0, "male_white_non_hispanic_10_14_moe": 12, "male_white_non_hispanic_15_17": 0, "male_white_non_hispanic_15_17_moe": 12, "female_white_non_hispanic_5_9": 0, "female_white_non_hispanic_5_9_moe": 12, "female_white_non_hispanic_10_14": 0, "female_white_non_hispanic_10_14_moe": 12, "female_white_non_hispanic_15_17": 0, "female_white_non_hispanic_15_17_moe": 12, "male_black_alone_5_9": 31, "male_black_alone_5_9_moe": 43, "male_black_alone_10_14": 115, "male_black_alone_10_14_moe": 104, "male_black_alone_15_17": 0, "male_black_alone_15_17_moe": 12, "female_black_alone_5_9": 16, "female_black_alone_5_9_moe": 29, "female_black_alone_10_14": 12, "female_black_alone_10_14_moe": 18, "female_black_alone_15_17": 19, "female_black_alone_15_17_moe": 31, "male_public_school_5_9": 24, "state": "29", "county": "510", "tract": "109700", "male_public_school_5_9_moe": 41, "male_public_school_10_14": 115, "male_public_school_10_14_moe": 104, "male_public_school_15_17": 0, "male_public_school_15_17_moe": 12, "male_private_school_5_9": 0, "male_private_school_5_9_moe": 12, "male_private_school_10_14": 0, "male_private_school_10_14_moe": 12, "male_private_school_15_17": 0, "male_private_school_15_17_moe": 12, "female_public_school_5_9": 16, "female_public_school_5_9_moe": 29, "female_public_school_10_14": 12, "female_public_school_10_14_moe": 18, "female_public_school_15_17": 19, "female_public_school_15_17_moe": 31, "female_private_school_5_9": 0, "female_private_school_5_9_moe": 12, "female_private_school_10_14": 0, "female_private_school_10_14_moe": 12, "female_private_school_15_17": 0, "female_private_school_15_17_moe": 12, "median_household_income": 39881, "median_household_income_moe": 23378, "acs_median_owner_occupied_home_value": 58100, "acs_median_owner_occupied_home_value_moe": 21786, "race_other": 7, "race_white_share": 0.09603469640644362, "race_black_share": 0.8996282527881041, "race_other_share": 0.004337050805452293, "poverty_rate": 0.28314745972738536, "school_age_5_17": 193, "school_age_white_non_hispanic_5_17": 0, "school_age_black_alone_5_17": 193, "school_age_other_or_unclassified_5_17": 0, "school_age_white_non_hispanic_5_17_moe": 29.393876913398138, "school_age_black_alone_5_17_moe": 122.20883765096532, "school_age_white_non_hispanic_5_17_share": 0.0, "school_age_black_alone_5_17_share": 1.0, "school_age_other_or_unclassified_5_17_share": 0.0, "school_age_5_17_per_capita": 0.11957868649318464, "public_school_enrolled_5_17": 186, "private_school_enrolled_5_17": 0, "public_school_enrolled_5_17_moe": 121.51954575293638, "private_school_enrolled_5_17_moe": 29.393876913398138, "public_school_enrolled_5_17_per_school_age": 0.9637305699481865, "private_school_enrolled_5_17_per_school_age": 0.0, "source_area_sq_m": 4019908.6059288275, "city_area_sq_m": 3774660.926007621, "city_area_share": 0.9389917274339274, "tornado_damage_intersects": true, "tornado_max_efscale": "1", "tornado_damage_area_sq_m": 1060519.318999837, "tornado_damage_area_share": 0.28095750579684114, "tornado_damage_point_count": 4, "tornado_ef2_plus_point_count": 0, "tornado_distance_to_path_m": 241.3915388736378}, "geometry": {"type": "Polygon", "coordinates": [[[-90.218477, 38.673016], [-90.218169, 38.673296], [-90.217909, 38.673542], [-90.217819, 38.673628], [-90.217133, 38.674285], [-90.216875, 38.674533], [-90.216748, 38.674654], [-90.21637, 38.675017], [-90.216244, 38.675139], [-90.216114, 38.675263], [-90.216105, 38.675271], [-90.215697, 38.675679], [-90.215562, 38.675815], [-90.21547, 38.675897], [-90.215309, 38.676042], [-90.21521, 38.676159], [-90.215199, 38.676173], [-90.215152, 38.676267], [-90.214874, 38.676478], [-90.214361, 38.67699], [-90.214031, 38.677295], [-90.213897, 38.67743], [-90.213469, 38.677822], [-90.213039, 38.678265], [-90.212754, 38.678548], [-90.212603, 38.678675], [-90.212678, 38.67877], [-90.212702, 38.678774], [-90.211797, 38.679236], [-90.211634, 38.67932], [-90.211285, 38.679501], [-90.211146, 38.679573], [-90.211133, 38.679581], [-90.210984, 38.679658], [-90.210626, 38.679845], [-90.210572, 38.679874], [-90.210414, 38.679962], [-90.210361, 38.679992], [-90.210205, 38.680076], [-90.209739, 38.680328], [-90.209584, 38.680413], [-90.209483, 38.680468], [-90.209467, 38.680475], [-90.209116, 38.68066], [-90.209, 38.680722], [-90.208777, 38.680837], [-90.208109, 38.681185], [-90.207887, 38.681301], [-90.206809, 38.681877], [-90.20674, 38.681919], [-90.206664, 38.681954], [-90.205119, 38.682779], [-90.204734, 38.682986], [-90.204583, 38.683054], [-90.204085, 38.683227], [-90.203582, 38.683461], [-90.202181, 38.684118], [-90.200728, 38.684761], [-90.200629, 38.684804], [-90.199641, 38.685243], [-90.199356, 38.685399], [-90.198957, 38.685619], [-90.198504, 38.685867], [-90.198441, 38.685902], [-90.19822, 38.686023], [-90.196958, 38.686662], [-90.19661600571062, 38.68684059670384], [-90.1908096990178, 38.6799278100097], [-90.1876619614488, 38.67178306975021], [-90.188472, 38.671561], [-90.188787, 38.671461], [-90.189278, 38.671305], [-90.189657, 38.671185], [-90.189926, 38.671066], [-90.19142, 38.670522], [-90.194575, 38.669395], [-90.194849, 38.669295], [-90.194877, 38.669286], [-90.194962, 38.669261], [-90.194991, 38.669254], [-90.195123, 38.669216], [-90.196367, 38.668543], [-90.196967, 38.668226], [-90.19845, 38.667426], [-90.19901, 38.667124], [-90.199448, 38.666863], [-90.199517, 38.666827], [-90.199723, 38.666719], [-90.199793, 38.666684], [-90.199924, 38.666616], [-90.199962, 38.666597], [-90.20012, 38.666515], [-90.200302, 38.66642], [-90.200317, 38.666416], [-90.200462, 38.666385], [-90.200921, 38.666227], [-90.201386, 38.666068], [-90.202301, 38.665761], [-90.202762, 38.665608], [-90.203918, 38.665212], [-90.204166, 38.66513], [-90.204912, 38.664883], [-90.205161, 38.664802], [-90.205714, 38.66462], [-90.20631, 38.664426], [-90.207346, 38.66409], [-90.207738, 38.664927], [-90.207876, 38.665225], [-90.208416, 38.666283], [-90.208622, 38.666694], [-90.208712, 38.666875], [-90.208758, 38.666967], [-90.208941, 38.667335], [-90.20913, 38.667678], [-90.209287, 38.667834], [-90.20938, 38.6679], [-90.210146, 38.668436], [-90.210329, 38.668559], [-90.210413, 38.668616], [-90.210879, 38.668927], [-90.211063, 38.66905], [-90.211769, 38.669379], [-90.212265, 38.669617], [-90.212848, 38.668724], [-90.213299, 38.668924], [-90.213729, 38.669114], [-90.2142, 38.66932], [-90.214631, 38.669514], [-90.215119, 38.66973], [-90.215631, 38.669951], [-90.215828, 38.670026], [-90.216144, 38.670148], [-90.216417, 38.670259], [-90.216613, 38.670339], [-90.216813, 38.67042], [-90.21712, 38.670545], [-90.217415, 38.670661], [-90.217616, 38.670741], [-90.217814, 38.670819], [-90.218107, 38.670935], [-90.218408, 38.671055], [-90.218606, 38.671134], [-90.219644, 38.671557], [-90.218477, 38.673016]]]}}, {"id": "61", "type": "Feature", "properties": {"geoid": "29510106200", "name": "Census Tract 1062; St. Louis city; Missouri", "total_population": 1691, "total_population_moe": 712, "race_total": 1691, "race_total_moe": 712, "race_white_non_hispanic": 2, "race_white_non_hispanic_moe": 9, "race_black_non_hispanic": 1672, "race_black_non_hispanic_moe": 714, "poverty_universe": 1691, "poverty_universe_moe": 712, "poverty_below": 1148, "poverty_below_moe": 652, "male_5_9": 55, "male_5_9_moe": 55, "male_10_14": 156, "male_10_14_moe": 160, "male_15_17": 0, "male_15_17_moe": 12, "female_5_9": 77, "female_5_9_moe": 73, "female_10_14": 118, "female_10_14_moe": 114, "female_15_17": 10, "female_15_17_moe": 17, "male_white_non_hispanic_5_9": 0, "male_white_non_hispanic_5_9_moe": 12, "male_white_non_hispanic_10_14": 0, "male_white_non_hispanic_10_14_moe": 12, "male_white_non_hispanic_15_17": 0, "male_white_non_hispanic_15_17_moe": 12, "female_white_non_hispanic_5_9": 0, "female_white_non_hispanic_5_9_moe": 12, "female_white_non_hispanic_10_14": 0, "female_white_non_hispanic_10_14_moe": 12, "female_white_non_hispanic_15_17": 0, "female_white_non_hispanic_15_17_moe": 12, "male_black_alone_5_9": 55, "male_black_alone_5_9_moe": 55, "male_black_alone_10_14": 156, "male_black_alone_10_14_moe": 160, "male_black_alone_15_17": 0, "male_black_alone_15_17_moe": 12, "female_black_alone_5_9": 77, "female_black_alone_5_9_moe": 73, "female_black_alone_10_14": 118, "female_black_alone_10_14_moe": 114, "female_black_alone_15_17": 10, "female_black_alone_15_17_moe": 17, "male_public_school_5_9": 28, "state": "29", "county": "510", "tract": "106200", "male_public_school_5_9_moe": 43, "male_public_school_10_14": 129, "male_public_school_10_14_moe": 154, "male_public_school_15_17": 0, "male_public_school_15_17_moe": 12, "male_private_school_5_9": 27, "male_private_school_5_9_moe": 43, "male_private_school_10_14": 27, "male_private_school_10_14_moe": 43, "male_private_school_15_17": 0, "male_private_school_15_17_moe": 12, "female_public_school_5_9": 77, "female_public_school_5_9_moe": 73, "female_public_school_10_14": 118, "female_public_school_10_14_moe": 114, "female_public_school_15_17": 10, "female_public_school_15_17_moe": 17, "female_private_school_5_9": 0, "female_private_school_5_9_moe": 12, "female_private_school_10_14": 0, "female_private_school_10_14_moe": 12, "female_private_school_15_17": 0, "female_private_school_15_17_moe": 12, "median_household_income": 23961, "median_household_income_moe": 20932, "acs_median_owner_occupied_home_value": 34000, "acs_median_owner_occupied_home_value_moe": 18125, "race_other": 17, "race_white_share": 0.0011827321111768185, "race_black_share": 0.9887640449438202, "race_other_share": 0.010053222945002957, "poverty_rate": 0.6788882318154937, "school_age_5_17": 416, "school_age_white_non_hispanic_5_17": 0, "school_age_black_alone_5_17": 416, "school_age_other_or_unclassified_5_17": 0, "school_age_white_non_hispanic_5_17_moe": 29.393876913398138, "school_age_black_alone_5_17_moe": 217.67636527652698, "school_age_white_non_hispanic_5_17_share": 0.0, "school_age_black_alone_5_17_share": 1.0, "school_age_other_or_unclassified_5_17_share": 0.0, "school_age_5_17_per_capita": 0.24600827912477824, "public_school_enrolled_5_17": 362, "private_school_enrolled_5_17": 54, "public_school_enrolled_5_17_moe": 210.53028285735996, "private_school_enrolled_5_17_moe": 65.37583651472461, "public_school_enrolled_5_17_per_school_age": 0.8701923076923077, "private_school_enrolled_5_17_per_school_age": 0.12980769230769232, "source_area_sq_m": 1073584.4570105947, "city_area_sq_m": 1070315.89541298, "city_area_share": 0.9969554685928335, "tornado_damage_intersects": false, "tornado_max_efscale": "<NA>", "tornado_damage_area_sq_m": 0.0, "tornado_damage_area_share": 0.0, "tornado_damage_point_count": 0, "tornado_ef2_plus_point_count": 0, "tornado_distance_to_path_m": 2335.0555300311867}, "geometry": {"type": "Polygon", "coordinates": [[[-90.282753, 38.679688], [-90.28231, 38.680249], [-90.28185727645293, 38.68082073106848], [-90.2814480241343, 38.68130581764009], [-90.2787599256904, 38.68471996870651], [-90.27690373709434, 38.687077288428966], [-90.27525, 38.689165], [-90.275192, 38.689232], [-90.27518, 38.689221], [-90.27446, 38.688582], [-90.273304, 38.687556], [-90.273152, 38.687424], [-90.272699, 38.68703], [-90.272548, 38.686899], [-90.272306, 38.686706], [-90.27225, 38.686661], [-90.271838, 38.686374], [-90.271537, 38.686193], [-90.271273, 38.686035], [-90.271429, 38.685488], [-90.271478, 38.685317], [-90.271663, 38.684688], [-90.271968, 38.683853], [-90.271972, 38.683843], [-90.272165, 38.683315], [-90.27235, 38.682857], [-90.272659, 38.681992], [-90.272693, 38.681932], [-90.272713, 38.681896], [-90.272808, 38.681759], [-90.27294, 38.681567], [-90.273222, 38.681155], [-90.27365, 38.680529], [-90.274073, 38.679887], [-90.274109, 38.679856], [-90.274124, 38.679836], [-90.274609, 38.679099], [-90.274713, 38.678939], [-90.274853, 38.678728], [-90.275027, 38.678462], [-90.275132, 38.678304], [-90.275235, 38.678152], [-90.275402, 38.677907], [-90.275648, 38.677546], [-90.275667, 38.677514], [-90.27588, 38.677205], [-90.276112, 38.676864], [-90.276129, 38.676837], [-90.276183, 38.676759], [-90.276201, 38.676733], [-90.276278, 38.67662], [-90.276349, 38.676518], [-90.276468, 38.676344], [-90.276509, 38.676284], [-90.276586, 38.676172], [-90.276614, 38.67613], [-90.276698, 38.676006], [-90.276727, 38.675965], [-90.277078, 38.675453], [-90.277268, 38.675174], [-90.27774, 38.67448], [-90.277788, 38.674405], [-90.277828, 38.674342], [-90.278044, 38.674035], [-90.278301, 38.673659], [-90.278404, 38.673504], [-90.278496, 38.673372], [-90.278569, 38.673265], [-90.278754, 38.672991], [-90.278842, 38.672863], [-90.278949, 38.672704], [-90.279273, 38.672229], [-90.279281, 38.672219], [-90.279385, 38.672073], [-90.279579, 38.672177], [-90.280162, 38.67249], [-90.280357, 38.672595], [-90.28055, 38.672702], [-90.280987, 38.672945], [-90.281133, 38.673022], [-90.28133, 38.673126], [-90.281893, 38.673425], [-90.282316, 38.673648], [-90.282561, 38.673779], [-90.28302, 38.674025], [-90.284037, 38.674555], [-90.285217, 38.675198], [-90.285526, 38.675368], [-90.285601, 38.675405], [-90.285725, 38.675468], [-90.285751, 38.675487], [-90.285823, 38.675526], [-90.285898, 38.675567], [-90.28594046218446, 38.67559302521753], [-90.2843940255592, 38.67755582961951], [-90.2838390310933, 38.67826181887939], [-90.2833500304865, 38.6788838220699], [-90.28314722434028, 38.67919077494085], [-90.282753, 38.679688]]]}}, {"id": "62", "type": "Feature", "properties": {"geoid": "29510109600", "name": "Census Tract 1096; St. Louis city; Missouri", "total_population": 2659, "total_population_moe": 664, "race_total": 2659, "race_total_moe": 664, "race_white_non_hispanic": 138, "race_white_non_hispanic_moe": 78, "race_black_non_hispanic": 2505, "race_black_non_hispanic_moe": 635, "poverty_universe": 2659, "poverty_universe_moe": 664, "poverty_below": 875, "poverty_below_moe": 508, "male_5_9": 117, "male_5_9_moe": 160, "male_10_14": 52, "male_10_14_moe": 81, "male_15_17": 51, "male_15_17_moe": 79, "female_5_9": 213, "female_5_9_moe": 217, "female_10_14": 32, "female_10_14_moe": 55, "female_15_17": 26, "female_15_17_moe": 41, "male_white_non_hispanic_5_9": 0, "male_white_non_hispanic_5_9_moe": 12, "male_white_non_hispanic_10_14": 0, "male_white_non_hispanic_10_14_moe": 12, "male_white_non_hispanic_15_17": 0, "male_white_non_hispanic_15_17_moe": 12, "female_white_non_hispanic_5_9": 0, "female_white_non_hispanic_5_9_moe": 12, "female_white_non_hispanic_10_14": 0, "female_white_non_hispanic_10_14_moe": 12, "female_white_non_hispanic_15_17": 0, "female_white_non_hispanic_15_17_moe": 12, "male_black_alone_5_9": 117, "male_black_alone_5_9_moe": 160, "male_black_alone_10_14": 52, "male_black_alone_10_14_moe": 81, "male_black_alone_15_17": 51, "male_black_alone_15_17_moe": 79, "female_black_alone_5_9": 213, "female_black_alone_5_9_moe": 217, "female_black_alone_10_14": 32, "female_black_alone_10_14_moe": 55, "female_black_alone_15_17": 26, "female_black_alone_15_17_moe": 41, "male_public_school_5_9": 117, "state": "29", "county": "510", "tract": "109600", "male_public_school_5_9_moe": 160, "male_public_school_10_14": 52, "male_public_school_10_14_moe": 81, "male_public_school_15_17": 51, "male_public_school_15_17_moe": 79, "male_private_school_5_9": 0, "male_private_school_5_9_moe": 12, "male_private_school_10_14": 0, "male_private_school_10_14_moe": 12, "male_private_school_15_17": 0, "male_private_school_15_17_moe": 12, "female_public_school_5_9": 161, "female_public_school_5_9_moe": 207, "female_public_school_10_14": 32, "female_public_school_10_14_moe": 55, "female_public_school_15_17": 26, "female_public_school_15_17_moe": 41, "female_private_school_5_9": 0, "female_private_school_5_9_moe": 12, "female_private_school_10_14": 0, "female_private_school_10_14_moe": 12, "female_private_school_15_17": 0, "female_private_school_15_17_moe": 12, "median_household_income": 31250, "median_household_income_moe": 13184, "acs_median_owner_occupied_home_value": 91700, "acs_median_owner_occupied_home_value_moe": 55463, "race_other": 16, "race_white_share": 0.051899210229409555, "race_black_share": 0.9420834900338473, "race_other_share": 0.006017299736743136, "poverty_rate": 0.3290710793531403, "school_age_5_17": 491, "school_age_white_non_hispanic_5_17": 0, "school_age_black_alone_5_17": 491, "school_age_other_or_unclassified_5_17": 0, "school_age_white_non_hispanic_5_17_moe": 29.393876913398138, "school_age_black_alone_5_17_moe": 300.3281538584087, "school_age_white_non_hispanic_5_17_share": 0.0, "school_age_black_alone_5_17_share": 1.0, "school_age_other_or_unclassified_5_17_share": 0.0, "school_age_5_17_per_capita": 0.184655885671305, "public_school_enrolled_5_17": 439, "private_school_enrolled_5_17": 0, "public_school_enrolled_5_17_moe": 293.1842424142198, "private_school_enrolled_5_17_moe": 29.393876913398138, "public_school_enrolled_5_17_per_school_age": 0.8940936863543788, "private_school_enrolled_5_17_per_school_age": 0.0, "source_area_sq_m": 3189023.6075609997, "city_area_sq_m": 3117405.464963914, "city_area_share": 0.9775422977655972, "tornado_damage_intersects": true, "tornado_max_efscale": "2", "tornado_damage_area_sq_m": 6102240.534704197, "tornado_damage_area_share": 1.9574741249692886, "tornado_damage_point_count": 26, "tornado_ef2_plus_point_count": 4, "tornado_distance_to_path_m": 0.0}, "geometry": {"type": "Polygon", "coordinates": [[[-90.23415, 38.679604], [-90.234021, 38.679692], [-90.233933, 38.679758], [-90.233784, 38.67987], [-90.233681, 38.679938], [-90.233375, 38.680144], [-90.233273, 38.680214], [-90.232519, 38.680732], [-90.232037, 38.681045], [-90.230982, 38.68176], [-90.230172, 38.682272], [-90.229999, 38.682727], [-90.229407, 38.682735], [-90.228829, 38.682593], [-90.228727, 38.682551], [-90.228569, 38.682451], [-90.228322, 38.68227], [-90.228145, 38.68214], [-90.227998, 38.682083], [-90.227784, 38.682057], [-90.227611, 38.68207], [-90.227434, 38.682088], [-90.227339, 38.682098], [-90.226971, 38.682176], [-90.226884, 38.682206], [-90.226816, 38.68224], [-90.22674, 38.682288], [-90.22658, 38.682394], [-90.226479, 38.682485], [-90.226225, 38.682746], [-90.226072, 38.682905], [-90.225928, 38.683043], [-90.225759, 38.683204], [-90.225593, 38.683361], [-90.225488, 38.68347], [-90.224963, 38.68395], [-90.22481, 38.684054], [-90.224529, 38.684234], [-90.223953, 38.684537], [-90.223034, 38.685012], [-90.221308, 38.685942], [-90.221039, 38.686069], [-90.220596, 38.686293], [-90.220531, 38.686319], [-90.219963, 38.686616], [-90.219289, 38.686949], [-90.219074, 38.687061], [-90.218623, 38.687298], [-90.218432, 38.687401], [-90.218219, 38.687517], [-90.217975, 38.687268], [-90.217384, 38.686667], [-90.217244, 38.686522], [-90.217003, 38.686272], [-90.216642, 38.686465], [-90.216481, 38.686552], [-90.215557, 38.687037], [-90.215195, 38.687228], [-90.215064, 38.687297], [-90.215008, 38.687326], [-90.214905, 38.687381], [-90.214445, 38.687617], [-90.214258, 38.687714], [-90.213963, 38.687864], [-90.213075, 38.688356], [-90.21296, 38.688419], [-90.212875, 38.688467], [-90.211689, 38.689093], [-90.210726, 38.689602], [-90.210451, 38.689742], [-90.209612, 38.690112], [-90.207425, 38.691078], [-90.207098, 38.691222], [-90.20626, 38.691592], [-90.206111, 38.691664], [-90.206046, 38.691697], [-90.205664, 38.691882], [-90.205516, 38.691955], [-90.205425, 38.691996], [-90.204854, 38.692253], [-90.202871, 38.693151], [-90.20235881039834, 38.69340211899855], [-90.197139042237, 38.687463229269895], [-90.19661600571062, 38.68684059670384], [-90.196958, 38.686662], [-90.19822, 38.686023], [-90.198441, 38.685902], [-90.198504, 38.685867], [-90.198957, 38.685619], [-90.199356, 38.685399], [-90.199641, 38.685243], [-90.200629, 38.684804], [-90.200728, 38.684761], [-90.202181, 38.684118], [-90.203582, 38.683461], [-90.204085, 38.683227], [-90.204583, 38.683054], [-90.204734, 38.682986], [-90.205119, 38.682779], [-90.206664, 38.681954], [-90.20674, 38.681919], [-90.206809, 38.681877], [-90.207887, 38.681301], [-90.208109, 38.681185], [-90.208777, 38.680837], [-90.209, 38.680722], [-90.209116, 38.68066], [-90.209467, 38.680475], [-90.209483, 38.680468], [-90.209584, 38.680413], [-90.209739, 38.680328], [-90.210205, 38.680076], [-90.210361, 38.679992], [-90.210414, 38.679962], [-90.210572, 38.679874], [-90.210626, 38.679845], [-90.210984, 38.679658], [-90.211133, 38.679581], [-90.211146, 38.679573], [-90.211285, 38.679501], [-90.211634, 38.67932], [-90.211797, 38.679236], [-90.212702, 38.678774], [-90.212678, 38.67877], [-90.212603, 38.678675], [-90.212754, 38.678548], [-90.213039, 38.678265], [-90.213469, 38.677822], [-90.213897, 38.67743], [-90.214031, 38.677295], [-90.214361, 38.67699], [-90.214874, 38.676478], [-90.215152, 38.676267], [-90.215199, 38.676173], [-90.21521, 38.676159], [-90.215309, 38.676042], [-90.21547, 38.675897], [-90.215562, 38.675815], [-90.215697, 38.675679], [-90.216105, 38.675271], [-90.216114, 38.675263], [-90.216244, 38.675139], [-90.21637, 38.675017], [-90.216748, 38.674654], [-90.216875, 38.674533], [-90.217133, 38.674285], [-90.217819, 38.673628], [-90.217909, 38.673542], [-90.218169, 38.673296], [-90.218477, 38.673016], [-90.219644, 38.671557], [-90.221, 38.672115], [-90.221272, 38.672202], [-90.221379, 38.672237], [-90.221532, 38.672373], [-90.221615, 38.672474], [-90.221838, 38.672731], [-90.222272, 38.673207], [-90.222376, 38.673175], [-90.222443, 38.673177], [-90.222509, 38.673191], [-90.222564, 38.673213], [-90.222967, 38.673376], [-90.223148, 38.673456], [-90.2234, 38.673567], [-90.223678, 38.673689], [-90.224012, 38.673836], [-90.22413, 38.673888], [-90.224781, 38.674168], [-90.225015, 38.674284], [-90.225107, 38.67433], [-90.225335, 38.674462], [-90.225554, 38.674591], [-90.226214, 38.674981], [-90.226434, 38.675111], [-90.226647, 38.675239], [-90.226976, 38.675437], [-90.227288, 38.675627], [-90.227502, 38.675757], [-90.227723, 38.67589], [-90.227774, 38.675921], [-90.228391, 38.676283], [-90.228614, 38.676415], [-90.228831, 38.676542], [-90.229162, 38.676738], [-90.229344, 38.676845], [-90.229479, 38.676931], [-90.229692, 38.677067], [-90.229891, 38.677193], [-90.230199, 38.677389], [-90.230322, 38.677467], [-90.230498, 38.67756], [-90.230587, 38.677608], [-90.230714, 38.677656], [-90.231093, 38.677826], [-90.231247, 38.677893], [-90.231713, 38.678097], [-90.231896, 38.678182], [-90.232848, 38.678602], [-90.233383, 38.678838], [-90.233617, 38.678935], [-90.234064, 38.679121], [-90.234316, 38.679233], [-90.234548, 38.679337], [-90.234393, 38.679441], [-90.23415, 38.679604]]]}}, {"id": "63", "type": "Feature", "properties": {"geoid": "29510118100", "name": "Census Tract 1181; St. Louis city; Missouri", "total_population": 1526, "total_population_moe": 206, "race_total": 1526, "race_total_moe": 206, "race_white_non_hispanic": 770, "race_white_non_hispanic_moe": 167, "race_black_non_hispanic": 377, "race_black_non_hispanic_moe": 140, "poverty_universe": 1522, "poverty_universe_moe": 205, "poverty_below": 237, "poverty_below_moe": 121, "male_5_9": 23, "male_5_9_moe": 20, "male_10_14": 18, "male_10_14_moe": 18, "male_15_17": 10, "male_15_17_moe": 12, "female_5_9": 26, "female_5_9_moe": 25, "female_10_14": 31, "female_10_14_moe": 27, "female_15_17": 8, "female_15_17_moe": 13, "male_white_non_hispanic_5_9": 4, "male_white_non_hispanic_5_9_moe": 7, "male_white_non_hispanic_10_14": 0, "male_white_non_hispanic_10_14_moe": 12, "male_white_non_hispanic_15_17": 0, "male_white_non_hispanic_15_17_moe": 12, "female_white_non_hispanic_5_9": 11, "female_white_non_hispanic_5_9_moe": 16, "female_white_non_hispanic_10_14": 31, "female_white_non_hispanic_10_14_moe": 27, "female_white_non_hispanic_15_17": 0, "female_white_non_hispanic_15_17_moe": 12, "male_black_alone_5_9": 0, "male_black_alone_5_9_moe": 12, "male_black_alone_10_14": 0, "male_black_alone_10_14_moe": 12, "male_black_alone_15_17": 6, "male_black_alone_15_17_moe": 10, "female_black_alone_5_9": 9, "female_black_alone_5_9_moe": 13, "female_black_alone_10_14": 0, "female_black_alone_10_14_moe": 12, "female_black_alone_15_17": 4, "female_black_alone_15_17_moe": 8, "male_public_school_5_9": 20, "state": "29", "county": "510", "tract": "118100", "male_public_school_5_9_moe": 21, "male_public_school_10_14": 15, "male_public_school_10_14_moe": 19, "male_public_school_15_17": 10, "male_public_school_15_17_moe": 12, "male_private_school_5_9": 3, "male_private_school_5_9_moe": 6, "male_private_school_10_14": 3, "male_private_school_10_14_moe": 5, "male_private_school_15_17": 0, "male_private_school_15_17_moe": 12, "female_public_school_5_9": 20, "female_public_school_5_9_moe": 21, "female_public_school_10_14": 16, "female_public_school_10_14_moe": 20, "female_public_school_15_17": 4, "female_public_school_15_17_moe": 8, "female_private_school_5_9": 6, "female_private_school_5_9_moe": 11, "female_private_school_10_14": 15, "female_private_school_10_14_moe": 18, "female_private_school_15_17": 4, "female_private_school_15_17_moe": 9, "median_household_income": 87738, "median_household_income_moe": 14490, "acs_median_owner_occupied_home_value": 401100, "acs_median_owner_occupied_home_value_moe": 59878, "race_other": 379, "race_white_share": 0.5045871559633027, "race_black_share": 0.2470511140235911, "race_other_share": 0.24836173001310616, "poverty_rate": 0.1557161629434954, "school_age_5_17": 116, "school_age_white_non_hispanic_5_17": 46, "school_age_black_alone_5_17": 19, "school_age_other_or_unclassified_5_17": 51, "school_age_white_non_hispanic_5_17_moe": 38.28837943815329, "school_age_black_alone_5_17_moe": 27.65863337187866, "school_age_white_non_hispanic_5_17_share": 0.39655172413793105, "school_age_black_alone_5_17_share": 0.16379310344827586, "school_age_other_or_unclassified_5_17_share": 0.4396551724137931, "school_age_5_17_per_capita": 0.07601572739187418, "public_school_enrolled_5_17": 85, "private_school_enrolled_5_17": 31, "public_school_enrolled_5_17_moe": 43.02324952859791, "private_school_enrolled_5_17_moe": 27.03701166919155, "public_school_enrolled_5_17_per_school_age": 0.7327586206896551, "private_school_enrolled_5_17_per_school_age": 0.2672413793103448, "source_area_sq_m": 1564825.7120306636, "city_area_sq_m": 1564825.7120306632, "city_area_share": 0.9999999999999997, "tornado_damage_intersects": false, "tornado_max_efscale": "<NA>", "tornado_damage_area_sq_m": 0.0, "tornado_damage_area_share": 0.0, "tornado_damage_point_count": 0, "tornado_ef2_plus_point_count": 0, "tornado_distance_to_path_m": 2839.310863943208}, "geometry": {"type": "Polygon", "coordinates": [[[-90.265942, 38.621014], [-90.265896, 38.621253], [-90.265677, 38.622271], [-90.265588, 38.622691], [-90.265485, 38.623217], [-90.265341, 38.623952], [-90.265138, 38.624934], [-90.265123, 38.625006], [-90.265103, 38.625117], [-90.265009, 38.62567], [-90.264978, 38.625855], [-90.264744, 38.625885], [-90.263109, 38.626109], [-90.262625, 38.626172], [-90.262259, 38.62622], [-90.261615, 38.626311], [-90.261209, 38.626368], [-90.259992, 38.626542], [-90.259587, 38.6266], [-90.25946, 38.626617], [-90.25908, 38.62667], [-90.258954, 38.626688], [-90.258535, 38.626749], [-90.257658, 38.626877], [-90.25728, 38.626927], [-90.256861, 38.626983], [-90.256479, 38.62703], [-90.256335, 38.627048], [-90.255337, 38.627182], [-90.254957, 38.627234], [-90.254801, 38.627255], [-90.254336, 38.627319], [-90.254181, 38.627341], [-90.253919, 38.627376], [-90.253137, 38.627484], [-90.252876, 38.62752], [-90.252613, 38.627554], [-90.251827, 38.627659], [-90.251566, 38.627694], [-90.250514, 38.62784], [-90.250184, 38.627881], [-90.249525, 38.627967], [-90.249374, 38.627988], [-90.248934, 38.628047], [-90.248623, 38.628089], [-90.248144, 38.628154], [-90.247851, 38.628199], [-90.247723, 38.628197], [-90.247659, 38.628193], [-90.247324, 38.628144], [-90.246691, 38.628019], [-90.246459, 38.627973], [-90.245591, 38.62781], [-90.245608, 38.627691], [-90.245319, 38.627757], [-90.244839, 38.627652], [-90.244395, 38.627563], [-90.244383, 38.627561], [-90.243065, 38.627297], [-90.242622, 38.627209], [-90.242135, 38.627109], [-90.242209, 38.626879], [-90.24243, 38.62619], [-90.242505, 38.625961], [-90.242553, 38.625811], [-90.242696, 38.625364], [-90.242745, 38.625215], [-90.242805, 38.62503], [-90.242981, 38.624491], [-90.242985, 38.624477], [-90.243045, 38.624293], [-90.243104, 38.624111], [-90.243196, 38.623831], [-90.243292, 38.623571], [-90.243346, 38.623428], [-90.243363, 38.623395], [-90.243487, 38.623156], [-90.243595, 38.622978], [-90.243987, 38.622337], [-90.244343, 38.621767], [-90.244344, 38.621758], [-90.24442, 38.621287], [-90.244943, 38.621335], [-90.245408, 38.621378], [-90.246514, 38.621482], [-90.247038, 38.621532], [-90.247081, 38.621353], [-90.247211, 38.620817], [-90.247255, 38.620639], [-90.247323, 38.620198], [-90.24739, 38.619746], [-90.247458, 38.619285], [-90.24752, 38.618842], [-90.249869, 38.619047], [-90.250144, 38.619071], [-90.253104, 38.619346], [-90.255783, 38.619578], [-90.258306, 38.619802], [-90.258381, 38.619858], [-90.25893, 38.619411], [-90.259188, 38.619188], [-90.25927, 38.619125], [-90.260281, 38.619639], [-90.260539, 38.619751], [-90.260677, 38.619812], [-90.261004, 38.619954], [-90.261436, 38.620082], [-90.261494, 38.620087], [-90.261714, 38.620108], [-90.262407, 38.620177], [-90.262793, 38.620219], [-90.263632, 38.620309], [-90.264115, 38.620361], [-90.264227, 38.620374], [-90.264472, 38.6204], [-90.264955, 38.62046], [-90.265809, 38.620567], [-90.266034, 38.620596], [-90.266015, 38.620646], [-90.265942, 38.621014]]]}}, {"id": "64", "type": "Feature", "properties": {"geoid": "29510117400", "name": "Census Tract 1174; St. Louis city; Missouri", "total_population": 4105, "total_population_moe": 552, "race_total": 4105, "race_total_moe": 552, "race_white_non_hispanic": 2848, "race_white_non_hispanic_moe": 580, "race_black_non_hispanic": 803, "race_black_non_hispanic_moe": 329, "poverty_universe": 3940, "poverty_universe_moe": 552, "poverty_below": 158, "poverty_below_moe": 202, "male_5_9": 53, "male_5_9_moe": 48, "male_10_14": 252, "male_10_14_moe": 134, "male_15_17": 0, "male_15_17_moe": 12, "female_5_9": 222, "female_5_9_moe": 158, "female_10_14": 71, "female_10_14_moe": 110, "female_15_17": 48, "female_15_17_moe": 52, "male_white_non_hispanic_5_9": 53, "male_white_non_hispanic_5_9_moe": 48, "male_white_non_hispanic_10_14": 108, "male_white_non_hispanic_10_14_moe": 99, "male_white_non_hispanic_15_17": 0, "male_white_non_hispanic_15_17_moe": 12, "female_white_non_hispanic_5_9": 178, "female_white_non_hispanic_5_9_moe": 155, "female_white_non_hispanic_10_14": 0, "female_white_non_hispanic_10_14_moe": 12, "female_white_non_hispanic_15_17": 48, "female_white_non_hispanic_15_17_moe": 52, "male_black_alone_5_9": 0, "male_black_alone_5_9_moe": 12, "male_black_alone_10_14": 95, "male_black_alone_10_14_moe": 76, "male_black_alone_15_17": 0, "male_black_alone_15_17_moe": 12, "female_black_alone_5_9": 44, "female_black_alone_5_9_moe": 48, "female_black_alone_10_14": 71, "female_black_alone_10_14_moe": 110, "female_black_alone_15_17": 0, "female_black_alone_15_17_moe": 12, "male_public_school_5_9": 0, "state": "29", "county": "510", "tract": "117400", "male_public_school_5_9_moe": 12, "male_public_school_10_14": 156, "male_public_school_10_14_moe": 134, "male_public_school_15_17": 0, "male_public_school_15_17_moe": 12, "male_private_school_5_9": 53, "male_private_school_5_9_moe": 48, "male_private_school_10_14": 96, "male_private_school_10_14_moe": 65, "male_private_school_15_17": 0, "male_private_school_15_17_moe": 12, "female_public_school_5_9": 153, "female_public_school_5_9_moe": 157, "female_public_school_10_14": 71, "female_public_school_10_14_moe": 110, "female_public_school_15_17": 36, "female_public_school_15_17_moe": 48, "female_private_school_5_9": 69, "female_private_school_5_9_moe": 54, "female_private_school_10_14": 0, "female_private_school_10_14_moe": 12, "female_private_school_15_17": 12, "female_private_school_15_17_moe": 23, "median_household_income": 106364, "median_household_income_moe": 49534, "acs_median_owner_occupied_home_value": 340600, "acs_median_owner_occupied_home_value_moe": 81979, "race_other": 454, "race_white_share": 0.6937880633373934, "race_black_share": 0.1956151035322777, "race_other_share": 0.11059683313032886, "poverty_rate": 0.04010152284263959, "school_age_5_17": 646, "school_age_white_non_hispanic_5_17": 387, "school_age_black_alone_5_17": 210, "school_age_other_or_unclassified_5_17": 49, "school_age_white_non_hispanic_5_17_moe": 197.79282090106304, "school_age_black_alone_5_17_moe": 143.5687988387449, "school_age_white_non_hispanic_5_17_share": 0.5990712074303406, "school_age_black_alone_5_17_share": 0.32507739938080493, "school_age_other_or_unclassified_5_17_share": 0.07585139318885449, "school_age_5_17_per_capita": 0.15736906211936663, "public_school_enrolled_5_17": 416, "private_school_enrolled_5_17": 230, "public_school_enrolled_5_17_moe": 239.367917649797, "private_school_enrolled_5_17_moe": 101.3015300970326, "public_school_enrolled_5_17_per_school_age": 0.6439628482972136, "private_school_enrolled_5_17_per_school_age": 0.3560371517027864, "source_area_sq_m": 1146807.146767853, "city_area_sq_m": 1146807.1467678533, "city_area_share": 1.0000000000000002, "tornado_damage_intersects": false, "tornado_max_efscale": "<NA>", "tornado_damage_area_sq_m": 0.0, "tornado_damage_area_share": 0.0, "tornado_damage_point_count": 0, "tornado_ef2_plus_point_count": 0, "tornado_distance_to_path_m": 4759.031609602154}, "geometry": {"type": "Polygon", "coordinates": [[[-90.246411, 38.608129], [-90.246306, 38.608756], [-90.246281, 38.608905], [-90.246232, 38.609214], [-90.246206, 38.609389], [-90.24617, 38.609642], [-90.24613, 38.609914], [-90.246105, 38.61009], [-90.246078, 38.610264], [-90.246041, 38.61051], [-90.246036, 38.610547], [-90.245998, 38.61079], [-90.245972, 38.610965], [-90.245945, 38.611138], [-90.245904, 38.611405], [-90.245864, 38.611657], [-90.245838, 38.611831], [-90.245803, 38.612054], [-90.245763, 38.612312], [-90.245697, 38.612733], [-90.245663, 38.61295], [-90.245632, 38.613151], [-90.24558, 38.613503], [-90.245541, 38.613757], [-90.245511, 38.613959], [-90.244987, 38.613909], [-90.243417, 38.613761], [-90.242894, 38.613712], [-90.240888, 38.613529], [-90.240679, 38.61351], [-90.240592, 38.613502], [-90.24053, 38.613497], [-90.240014, 38.613429], [-90.239578, 38.61336], [-90.239103, 38.6133], [-90.237711, 38.613124], [-90.236364, 38.612962], [-90.235621, 38.612873], [-90.235452, 38.612849], [-90.235221, 38.612817], [-90.234528, 38.612723], [-90.234298, 38.612692], [-90.234067, 38.612664], [-90.233374, 38.61258], [-90.233144, 38.612553], [-90.232653, 38.61249], [-90.232605, 38.612484], [-90.231475, 38.61234], [-90.231183, 38.612304], [-90.230693, 38.612244], [-90.230403, 38.612207], [-90.230342, 38.612199], [-90.23023, 38.612185], [-90.229226, 38.61206], [-90.228588, 38.611982], [-90.228593, 38.611957], [-90.22885, 38.610671], [-90.228948, 38.610206], [-90.228984, 38.61003], [-90.229001, 38.609955], [-90.229038, 38.60977], [-90.229091, 38.609504], [-90.229127, 38.609329], [-90.229162, 38.609152], [-90.229267, 38.608621], [-90.229303, 38.608445], [-90.229338, 38.608263], [-90.229392, 38.607993], [-90.229447, 38.60772], [-90.229485, 38.60754], [-90.229521, 38.607359], [-90.229576, 38.607095], [-90.229592, 38.607063], [-90.22963, 38.606833], [-90.229633, 38.606818], [-90.229673, 38.606638], [-90.22977, 38.606196], [-90.230041, 38.60497], [-90.23006, 38.604871], [-90.230146, 38.604427], [-90.230367, 38.604487], [-90.231031, 38.604669], [-90.231253, 38.60473], [-90.231478, 38.604793], [-90.232153, 38.604982], [-90.232379, 38.605045], [-90.2326, 38.605106], [-90.232951, 38.605204], [-90.233218, 38.605247], [-90.233274, 38.605253], [-90.233503, 38.605282], [-90.233729, 38.60531], [-90.233955, 38.605338], [-90.23441, 38.60539], [-90.234638, 38.605416], [-90.234864, 38.605446], [-90.235235, 38.605496], [-90.235545, 38.605531], [-90.235773, 38.605558], [-90.236006, 38.605584], [-90.236402, 38.605629], [-90.236707, 38.605666], [-90.236941, 38.605695], [-90.237152, 38.60572], [-90.237167, 38.605722], [-90.237845, 38.605813], [-90.238072, 38.605844], [-90.238299, 38.605874], [-90.238395, 38.605887], [-90.238981, 38.605957], [-90.239209, 38.605985], [-90.239431, 38.606011], [-90.240097, 38.606091], [-90.240319, 38.606118], [-90.240574, 38.606142], [-90.241339, 38.606217], [-90.241595, 38.606242], [-90.241554, 38.606432], [-90.241441, 38.606973], [-90.241433, 38.607002], [-90.241388, 38.607191], [-90.241887, 38.607242], [-90.243023, 38.607358], [-90.243386, 38.607392], [-90.243886, 38.607441], [-90.244412, 38.607491], [-90.244626, 38.607512], [-90.245512, 38.607589], [-90.245991, 38.607631], [-90.246518, 38.607679], [-90.246445, 38.607982], [-90.246411, 38.608129]]]}}, {"id": "65", "type": "Feature", "properties": {"geoid": "29510126700", "name": "Census Tract 1267; St. Louis city; Missouri", "total_population": 939, "total_population_moe": 186, "race_total": 939, "race_total_moe": 186, "race_white_non_hispanic": 129, "race_white_non_hispanic_moe": 76, "race_black_non_hispanic": 753, "race_black_non_hispanic_moe": 161, "poverty_universe": 939, "poverty_universe_moe": 186, "poverty_below": 160, "poverty_below_moe": 152, "male_5_9": 0, "male_5_9_moe": 12, "male_10_14": 5, "male_10_14_moe": 7, "male_15_17": 0, "male_15_17_moe": 12, "female_5_9": 119, "female_5_9_moe": 36, "female_10_14": 62, "female_10_14_moe": 19, "female_15_17": 39, "female_15_17_moe": 14, "male_white_non_hispanic_5_9": 0, "male_white_non_hispanic_5_9_moe": 12, "male_white_non_hispanic_10_14": 0, "male_white_non_hispanic_10_14_moe": 12, "male_white_non_hispanic_15_17": 0, "male_white_non_hispanic_15_17_moe": 12, "female_white_non_hispanic_5_9": 0, "female_white_non_hispanic_5_9_moe": 12, "female_white_non_hispanic_10_14": 0, "female_white_non_hispanic_10_14_moe": 12, "female_white_non_hispanic_15_17": 0, "female_white_non_hispanic_15_17_moe": 12, "male_black_alone_5_9": 0, "male_black_alone_5_9_moe": 12, "male_black_alone_10_14": 5, "male_black_alone_10_14_moe": 7, "male_black_alone_15_17": 0, "male_black_alone_15_17_moe": 12, "female_black_alone_5_9": 119, "female_black_alone_5_9_moe": 36, "female_black_alone_10_14": 62, "female_black_alone_10_14_moe": 19, "female_black_alone_15_17": 39, "female_black_alone_15_17_moe": 14, "male_public_school_5_9": 0, "state": "29", "county": "510", "tract": "126700", "male_public_school_5_9_moe": 12, "male_public_school_10_14": 5, "male_public_school_10_14_moe": 7, "male_public_school_15_17": 0, "male_public_school_15_17_moe": 12, "male_private_school_5_9": 0, "male_private_school_5_9_moe": 12, "male_private_school_10_14": 0, "male_private_school_10_14_moe": 12, "male_private_school_15_17": 0, "male_private_school_15_17_moe": 12, "female_public_school_5_9": 119, "female_public_school_5_9_moe": 36, "female_public_school_10_14": 62, "female_public_school_10_14_moe": 19, "female_public_school_15_17": 35, "female_public_school_15_17_moe": 11, "female_private_school_5_9": 0, "female_private_school_5_9_moe": 12, "female_private_school_10_14": 0, "female_private_school_10_14_moe": 12, "female_private_school_15_17": 0, "female_private_school_15_17_moe": 12, "median_household_income": 51500, "median_household_income_moe": 1279, "acs_median_owner_occupied_home_value": 100800, "acs_median_owner_occupied_home_value_moe": 84560, "race_other": 57, "race_white_share": 0.13738019169329074, "race_black_share": 0.8019169329073482, "race_other_share": 0.06070287539936102, "poverty_rate": 0.1703940362087327, "school_age_5_17": 225, "school_age_white_non_hispanic_5_17": 0, "school_age_black_alone_5_17": 225, "school_age_other_or_unclassified_5_17": 0, "school_age_white_non_hispanic_5_17_moe": 29.393876913398138, "school_age_black_alone_5_17_moe": 46.79743582719036, "school_age_white_non_hispanic_5_17_share": 0.0, "school_age_black_alone_5_17_share": 1.0, "school_age_other_or_unclassified_5_17_share": 0.0, "school_age_5_17_per_capita": 0.23961661341853036, "public_school_enrolled_5_17": 221, "private_school_enrolled_5_17": 0, "public_school_enrolled_5_17_moe": 45.98912915026767, "private_school_enrolled_5_17_moe": 29.393876913398138, "public_school_enrolled_5_17_per_school_age": 0.9822222222222222, "private_school_enrolled_5_17_per_school_age": 0.0, "source_area_sq_m": 2720351.7456849413, "city_area_sq_m": 2388002.488412241, "city_area_share": 0.8778285720587872, "tornado_damage_intersects": false, "tornado_max_efscale": "<NA>", "tornado_damage_area_sq_m": 0.0, "tornado_damage_area_share": 0.0, "tornado_damage_point_count": 0, "tornado_ef2_plus_point_count": 0, "tornado_distance_to_path_m": 1829.2211146287866}, "geometry": {"type": "Polygon", "coordinates": [[[-90.20631, 38.664426], [-90.205714, 38.66462], [-90.205161, 38.664802], [-90.204912, 38.664883], [-90.204166, 38.66513], [-90.203918, 38.665212], [-90.202762, 38.665608], [-90.202301, 38.665761], [-90.201386, 38.666068], [-90.200921, 38.666227], [-90.200462, 38.666385], [-90.200317, 38.666416], [-90.200302, 38.66642], [-90.20012, 38.666515], [-90.199962, 38.666597], [-90.199924, 38.666616], [-90.199793, 38.666684], [-90.199723, 38.666719], [-90.199517, 38.666827], [-90.199448, 38.666863], [-90.19901, 38.667124], [-90.19845, 38.667426], [-90.196967, 38.668226], [-90.196367, 38.668543], [-90.195123, 38.669216], [-90.194991, 38.669254], [-90.194962, 38.669261], [-90.194877, 38.669286], [-90.194849, 38.669295], [-90.194575, 38.669395], [-90.19142, 38.670522], [-90.189926, 38.671066], [-90.189657, 38.671185], [-90.189278, 38.671305], [-90.188787, 38.671461], [-90.188472, 38.671561], [-90.1876619614488, 38.67178306975021], [-90.18610816331, 38.66776197464689], [-90.1853095808125, 38.66578192990531], [-90.1850342808403, 38.665057478905005], [-90.18370914966872, 38.6584860074489], [-90.18370088071279, 38.658440235839976], [-90.184391, 38.658222], [-90.184496, 38.658191], [-90.185322, 38.657949], [-90.185584, 38.657872], [-90.185728, 38.65783], [-90.185797, 38.65781], [-90.18589, 38.657783], [-90.185942, 38.65777], [-90.185981, 38.657757], [-90.186467, 38.657598], [-90.186761, 38.657507], [-90.187094, 38.657403], [-90.188093, 38.657093], [-90.188427, 38.65699], [-90.189438, 38.656673], [-90.1911, 38.656148], [-90.191132, 38.656136], [-90.191229, 38.656103], [-90.191262, 38.656093], [-90.191703, 38.655945], [-90.19213, 38.655818], [-90.192958, 38.655551], [-90.193361, 38.655414], [-90.193773, 38.655275], [-90.193859, 38.655264], [-90.194566, 38.655411], [-90.195023, 38.655506], [-90.195185, 38.655539], [-90.195227, 38.655548], [-90.195437, 38.655592], [-90.19567, 38.65564], [-90.195833, 38.655674], [-90.196038, 38.655718], [-90.196211, 38.655755], [-90.196658, 38.655843], [-90.196865, 38.655884], [-90.197952, 38.65612], [-90.199119, 38.656382], [-90.199393, 38.656432], [-90.200054, 38.656576], [-90.200937, 38.656767], [-90.201, 38.656781], [-90.201028, 38.656786], [-90.201092, 38.6568], [-90.201574, 38.656901], [-90.201704, 38.656928], [-90.202148, 38.657021], [-90.202232, 38.657038], [-90.202486, 38.657092], [-90.202571, 38.65711], [-90.202862, 38.657169], [-90.203224, 38.657244], [-90.204028, 38.657401], [-90.204117, 38.65758], [-90.204549, 38.658445], [-90.204572, 38.658485], [-90.204595, 38.658536], [-90.204991, 38.659372], [-90.205145, 38.659698], [-90.205301, 38.660009], [-90.205345, 38.660096], [-90.205477, 38.660359], [-90.205521, 38.660447], [-90.206075, 38.661557], [-90.206684, 38.662793], [-90.206816, 38.663052], [-90.207213, 38.66383], [-90.207346, 38.66409], [-90.20631, 38.664426]]]}}, {"id": "66", "type": "Feature", "properties": {"geoid": "29510119102", "name": "Census Tract 1191.02; St. Louis city; Missouri", "total_population": 3432, "total_population_moe": 550, "race_total": 3432, "race_total_moe": 550, "race_white_non_hispanic": 1873, "race_white_non_hispanic_moe": 371, "race_black_non_hispanic": 735, "race_black_non_hispanic_moe": 450, "poverty_universe": 3292, "poverty_universe_moe": 551, "poverty_below": 676, "poverty_below_moe": 346, "male_5_9": 0, "male_5_9_moe": 12, "male_10_14": 4, "male_10_14_moe": 7, "male_15_17": 0, "male_15_17_moe": 12, "female_5_9": 92, "female_5_9_moe": 33, "female_10_14": 62, "female_10_14_moe": 92, "female_15_17": 27, "female_15_17_moe": 29, "male_white_non_hispanic_5_9": 0, "male_white_non_hispanic_5_9_moe": 12, "male_white_non_hispanic_10_14": 4, "male_white_non_hispanic_10_14_moe": 7, "male_white_non_hispanic_15_17": 0, "male_white_non_hispanic_15_17_moe": 12, "female_white_non_hispanic_5_9": 81, "female_white_non_hispanic_5_9_moe": 26, "female_white_non_hispanic_10_14": 62, "female_white_non_hispanic_10_14_moe": 92, "female_white_non_hispanic_15_17": 23, "female_white_non_hispanic_15_17_moe": 30, "male_black_alone_5_9": 0, "male_black_alone_5_9_moe": 12, "male_black_alone_10_14": 0, "male_black_alone_10_14_moe": 12, "male_black_alone_15_17": 0, "male_black_alone_15_17_moe": 12, "female_black_alone_5_9": 0, "female_black_alone_5_9_moe": 12, "female_black_alone_10_14": 0, "female_black_alone_10_14_moe": 12, "female_black_alone_15_17": 4, "female_black_alone_15_17_moe": 9, "male_public_school_5_9": 0, "state": "29", "county": "510", "tract": "119102", "male_public_school_5_9_moe": 12, "male_public_school_10_14": 0, "male_public_school_10_14_moe": 12, "male_public_school_15_17": 0, "male_public_school_15_17_moe": 12, "male_private_school_5_9": 0, "male_private_school_5_9_moe": 12, "male_private_school_10_14": 4, "male_private_school_10_14_moe": 7, "male_private_school_15_17": 0, "male_private_school_15_17_moe": 12, "female_public_school_5_9": 28, "female_public_school_5_9_moe": 32, "female_public_school_10_14": 62, "female_public_school_10_14_moe": 92, "female_public_school_15_17": 9, "female_public_school_15_17_moe": 7, "female_private_school_5_9": 64, "female_private_school_5_9_moe": 8, "female_private_school_10_14": 0, "female_private_school_10_14_moe": 12, "female_private_school_15_17": 18, "female_private_school_15_17_moe": 28, "median_household_income": 49735, "median_household_income_moe": 15429, "acs_median_owner_occupied_home_value": 372400, "acs_median_owner_occupied_home_value_moe": 100254, "race_other": 824, "race_white_share": 0.5457459207459208, "race_black_share": 0.21416083916083917, "race_other_share": 0.2400932400932401, "poverty_rate": 0.20534629404617255, "school_age_5_17": 185, "school_age_white_non_hispanic_5_17": 170, "school_age_black_alone_5_17": 4, "school_age_other_or_unclassified_5_17": 11, "school_age_white_non_hispanic_5_17_moe": 101.86756107809786, "school_age_black_alone_5_17_moe": 28.30194339616981, "school_age_white_non_hispanic_5_17_share": 0.918918918918919, "school_age_black_alone_5_17_share": 0.021621621621621623, "school_age_other_or_unclassified_5_17_share": 0.05945945945945946, "school_age_5_17_per_capita": 0.053904428904428904, "public_school_enrolled_5_17": 99, "private_school_enrolled_5_17": 86, "public_school_enrolled_5_17_moe": 99.84487968844472, "private_school_enrolled_5_17_moe": 36.45545226711637, "public_school_enrolled_5_17_per_school_age": 0.5351351351351351, "private_school_enrolled_5_17_per_school_age": 0.4648648648648649, "source_area_sq_m": 582107.3063434525, "city_area_sq_m": 582107.3063434523, "city_area_share": 0.9999999999999996, "tornado_damage_intersects": false, "tornado_max_efscale": "<NA>", "tornado_damage_area_sq_m": 0.0, "tornado_damage_area_share": 0.0, "tornado_damage_point_count": 0, "tornado_ef2_plus_point_count": 0, "tornado_distance_to_path_m": 1113.368786375701}, "geometry": {"type": "Polygon", "coordinates": [[[-90.261843, 38.64239], [-90.261832, 38.642479], [-90.261761, 38.642938], [-90.261716, 38.643233], [-90.261359, 38.643161], [-90.260458, 38.642981], [-90.26029, 38.642948], [-90.260037, 38.642898], [-90.259935, 38.642876], [-90.259535, 38.642791], [-90.259395, 38.642761], [-90.258338, 38.642536], [-90.257939, 38.642452], [-90.257839, 38.642737], [-90.257678, 38.643204], [-90.257537, 38.643591], [-90.257434, 38.643876], [-90.257342, 38.644152], [-90.257066, 38.644982], [-90.257034, 38.645081], [-90.25696, 38.645254], [-90.256931, 38.645323], [-90.256895, 38.645374], [-90.256661, 38.645714], [-90.256584, 38.645828], [-90.256514, 38.64593], [-90.256304, 38.646238], [-90.256235, 38.646341], [-90.255616, 38.646066], [-90.254389, 38.64552], [-90.253759, 38.645248], [-90.253298, 38.645049], [-90.253252, 38.645029], [-90.253139, 38.64498], [-90.252446, 38.644677], [-90.251497, 38.644263], [-90.250375, 38.64375], [-90.250013, 38.643585], [-90.249685, 38.643443], [-90.249253, 38.643256], [-90.247957, 38.642695], [-90.247525, 38.642509], [-90.247058, 38.642304], [-90.24659, 38.6421], [-90.245657, 38.64169], [-90.245191, 38.641486], [-90.245275, 38.641343], [-90.245318, 38.641215], [-90.245326, 38.641188], [-90.245517, 38.64063], [-90.245563, 38.640493], [-90.245643, 38.640254], [-90.245749, 38.639943], [-90.245848, 38.639655], [-90.246001, 38.639213], [-90.246154, 38.638794], [-90.246259, 38.638509], [-90.247215, 38.638709], [-90.249909, 38.639273], [-90.250082, 38.639313], [-90.250639, 38.639445], [-90.251036, 38.639523], [-90.251775, 38.63967], [-90.253376, 38.639989], [-90.253766, 38.640072], [-90.253992, 38.640119], [-90.254731, 38.640275], [-90.255708, 38.640475], [-90.256523, 38.640654], [-90.257107, 38.640783], [-90.257467, 38.640852], [-90.258407, 38.641034], [-90.258778, 38.641109], [-90.259438, 38.641243], [-90.259891, 38.641337], [-90.260263, 38.641414], [-90.260294, 38.64142], [-90.260391, 38.64144], [-90.260423, 38.641447], [-90.260724, 38.641509], [-90.26078, 38.641521], [-90.261573, 38.641684], [-90.261628, 38.641695], [-90.26193, 38.64176], [-90.261889, 38.642054], [-90.261843, 38.64239]]]}}, {"id": "67", "type": "Feature", "properties": {"geoid": "29510126800", "name": "Census Tract 1268; St. Louis city; Missouri", "total_population": 3095, "total_population_moe": 393, "race_total": 3095, "race_total_moe": 393, "race_white_non_hispanic": 2316, "race_white_non_hispanic_moe": 281, "race_black_non_hispanic": 312, "race_black_non_hispanic_moe": 281, "poverty_universe": 3088, "poverty_universe_moe": 393, "poverty_below": 173, "poverty_below_moe": 96, "male_5_9": 64, "male_5_9_moe": 51, "male_10_14": 17, "male_10_14_moe": 24, "male_15_17": 168, "male_15_17_moe": 214, "female_5_9": 50, "female_5_9_moe": 43, "female_10_14": 79, "female_10_14_moe": 40, "female_15_17": 28, "female_15_17_moe": 34, "male_white_non_hispanic_5_9": 0, "male_white_non_hispanic_5_9_moe": 12, "male_white_non_hispanic_10_14": 12, "male_white_non_hispanic_10_14_moe": 21, "male_white_non_hispanic_15_17": 0, "male_white_non_hispanic_15_17_moe": 12, "female_white_non_hispanic_5_9": 27, "female_white_non_hispanic_5_9_moe": 27, "female_white_non_hispanic_10_14": 30, "female_white_non_hispanic_10_14_moe": 31, "female_white_non_hispanic_15_17": 11, "female_white_non_hispanic_15_17_moe": 22, "male_black_alone_5_9": 0, "male_black_alone_5_9_moe": 12, "male_black_alone_10_14": 0, "male_black_alone_10_14_moe": 12, "male_black_alone_15_17": 168, "male_black_alone_15_17_moe": 214, "female_black_alone_5_9": 0, "female_black_alone_5_9_moe": 12, "female_black_alone_10_14": 20, "female_black_alone_10_14_moe": 23, "female_black_alone_15_17": 0, "female_black_alone_15_17_moe": 12, "male_public_school_5_9": 29, "state": "29", "county": "510", "tract": "126800", "male_public_school_5_9_moe": 33, "male_public_school_10_14": 17, "male_public_school_10_14_moe": 24, "male_public_school_15_17": 168, "male_public_school_15_17_moe": 214, "male_private_school_5_9": 23, "male_private_school_5_9_moe": 35, "male_private_school_10_14": 0, "male_private_school_10_14_moe": 12, "male_private_school_15_17": 0, "male_private_school_15_17_moe": 12, "female_public_school_5_9": 27, "female_public_school_5_9_moe": 27, "female_public_school_10_14": 64, "female_public_school_10_14_moe": 37, "female_public_school_15_17": 28, "female_public_school_15_17_moe": 34, "female_private_school_5_9": 23, "female_private_school_5_9_moe": 35, "female_private_school_10_14": 15, "female_private_school_10_14_moe": 19, "female_private_school_15_17": 0, "female_private_school_15_17_moe": 12, "median_household_income": 77188, "median_household_income_moe": 14649, "acs_median_owner_occupied_home_value": 202500, "acs_median_owner_occupied_home_value_moe": 21642, "race_other": 467, "race_white_share": 0.7483037156704362, "race_black_share": 0.10080775444264943, "race_other_share": 0.15088852988691437, "poverty_rate": 0.056023316062176164, "school_age_5_17": 406, "school_age_white_non_hispanic_5_17": 80, "school_age_black_alone_5_17": 188, "school_age_other_or_unclassified_5_17": 138, "school_age_white_non_hispanic_5_17_moe": 53.879495172096775, "school_age_black_alone_5_17_moe": 216.566387050253, "school_age_white_non_hispanic_5_17_share": 0.19704433497536947, "school_age_black_alone_5_17_share": 0.4630541871921182, "school_age_other_or_unclassified_5_17_share": 0.3399014778325123, "school_age_5_17_per_capita": 0.13117932148626818, "public_school_enrolled_5_17": 333, "private_school_enrolled_5_17": 61, "public_school_enrolled_5_17_moe": 225.19991119003578, "private_school_enrolled_5_17_moe": 56.94734409961539, "public_school_enrolled_5_17_per_school_age": 0.8201970443349754, "private_school_enrolled_5_17_per_school_age": 0.15024630541871922, "source_area_sq_m": 2762320.831109274, "city_area_sq_m": 2745512.6480226507, "city_area_share": 0.9939151951875649, "tornado_damage_intersects": false, "tornado_max_efscale": "<NA>", "tornado_damage_area_sq_m": 0.0, "tornado_damage_area_share": 0.0, "tornado_damage_point_count": 0, "tornado_ef2_plus_point_count": 0, "tornado_distance_to_path_m": 1648.7320104103603}, "geometry": {"type": "Polygon", "coordinates": [[[-90.318608, 38.598939], [-90.318542, 38.599106], [-90.318423, 38.599405], [-90.318163, 38.600058], [-90.317902, 38.600714], [-90.31759672115163, 38.6014814511047], [-90.31693209557622, 38.60299166483502], [-90.31675575411512, 38.60359428020158], [-90.316628, 38.603915], [-90.316395, 38.604502], [-90.316282, 38.604783], [-90.315678, 38.606303], [-90.315237, 38.607409], [-90.315012, 38.607975], [-90.314687, 38.60879], [-90.314316, 38.609726], [-90.314009, 38.610496], [-90.313611, 38.611495], [-90.313275, 38.612339], [-90.31315157007948, 38.612649215903446], [-90.3129120738962, 38.6130576927688], [-90.3125000852928, 38.6140356836938], [-90.31246527454773, 38.614340921785875], [-90.312203, 38.614892], [-90.312038, 38.615295], [-90.311233, 38.617261], [-90.310851, 38.618205], [-90.310838, 38.618276], [-90.310813, 38.618431], [-90.31058399577675, 38.61978755897561], [-90.3099700942578, 38.62213170738949], [-90.3097760770808, 38.62307170703361], [-90.3095340820139, 38.62424371423409], [-90.3092570852786, 38.62549070976689], [-90.30907523224624, 38.626938989182705], [-90.30901, 38.626932], [-90.308734, 38.626904], [-90.30782, 38.626812], [-90.307572, 38.62679], [-90.307185, 38.626757], [-90.306869, 38.626729], [-90.306756, 38.62672], [-90.306519, 38.626702], [-90.305923, 38.626657], [-90.305608, 38.626634], [-90.305474, 38.626624], [-90.30544, 38.626622], [-90.305075, 38.62658], [-90.304942, 38.626566], [-90.304704, 38.626541], [-90.303991, 38.626467], [-90.303754, 38.626443], [-90.303623, 38.62643], [-90.303231, 38.626391], [-90.303101, 38.626379], [-90.302889, 38.626359], [-90.302346, 38.626309], [-90.302254, 38.626298], [-90.302043, 38.626275], [-90.301879, 38.626257], [-90.301804, 38.626249], [-90.301475, 38.626212], [-90.301387, 38.626202], [-90.301224, 38.626186], [-90.301232, 38.62611], [-90.301244, 38.626013], [-90.301267, 38.625884], [-90.301281, 38.625809], [-90.301256, 38.625639], [-90.301247, 38.625571], [-90.301101, 38.625151], [-90.301074, 38.625072], [-90.301047, 38.62499], [-90.300903, 38.625014], [-90.300801, 38.625021], [-90.300784, 38.625018], [-90.300646, 38.625001], [-90.300237, 38.624936], [-90.30001, 38.6249], [-90.299999, 38.624897], [-90.299742, 38.624836], [-90.299684, 38.624822], [-90.299464, 38.624755], [-90.299273, 38.624698], [-90.2988, 38.624521], [-90.298651, 38.624454], [-90.298387, 38.624337], [-90.298226, 38.624265], [-90.298187, 38.624248], [-90.297746, 38.624043], [-90.297639, 38.623993], [-90.297596, 38.623955], [-90.297529, 38.623898], [-90.297434, 38.623776], [-90.29742, 38.623758], [-90.297028, 38.623175], [-90.296894, 38.622975], [-90.296804, 38.62284], [-90.296581, 38.622547], [-90.296513, 38.622457], [-90.296053, 38.622034], [-90.295946, 38.621952], [-90.295722, 38.62173], [-90.295621, 38.621577], [-90.295576, 38.621509], [-90.295515, 38.621386], [-90.295282, 38.620911], [-90.295235, 38.620846], [-90.295094, 38.620653], [-90.295048, 38.620589], [-90.294909, 38.620657], [-90.294858, 38.620683], [-90.294488, 38.62085], [-90.294348, 38.620914], [-90.294033, 38.621057], [-90.293536, 38.621241], [-90.293356, 38.621309], [-90.292022, 38.621672], [-90.291181, 38.621827], [-90.290984, 38.621852], [-90.290116, 38.621963], [-90.290128, 38.621896], [-90.290143, 38.621821], [-90.290167, 38.621697], [-90.290171, 38.621677], [-90.29018, 38.621631], [-90.290192, 38.62157], [-90.290223, 38.621409], [-90.290375, 38.620629], [-90.290495, 38.620588], [-90.292259, 38.619821], [-90.293458, 38.619179], [-90.294515, 38.618514], [-90.300595, 38.614681], [-90.302329, 38.613515], [-90.302495, 38.613403], [-90.303449, 38.612679], [-90.303886, 38.612347], [-90.304067, 38.612209], [-90.304232, 38.612085], [-90.304615, 38.611797], [-90.304798, 38.611661], [-90.304662, 38.611561], [-90.304402, 38.611372], [-90.304925, 38.611253], [-90.30505, 38.611106], [-90.30508, 38.611072], [-90.305419, 38.610661], [-90.305543, 38.610513], [-90.305596, 38.610449], [-90.305817, 38.61019], [-90.305991, 38.609988], [-90.306623, 38.60921], [-90.30689, 38.608882], [-90.306837, 38.608857], [-90.30681, 38.608845], [-90.306718, 38.608802], [-90.306678, 38.608793], [-90.306622, 38.608781], [-90.306651, 38.608504], [-90.306697, 38.608083], [-90.306791, 38.607682], [-90.306818, 38.607573], [-90.306863, 38.607414], [-90.306871, 38.607385], [-90.306895, 38.607299], [-90.306903, 38.607271], [-90.306988, 38.60695], [-90.307134, 38.60641], [-90.307183, 38.606212], [-90.307204, 38.606129], [-90.307215, 38.606059], [-90.307252, 38.605816], [-90.307257, 38.605786], [-90.307366, 38.605088], [-90.307404, 38.604846], [-90.307487, 38.604403], [-90.307523, 38.604142], [-90.30762, 38.603548], [-90.307992, 38.603602], [-90.308022, 38.603604], [-90.308939, 38.603679], [-90.309237, 38.60371], [-90.309572, 38.603745], [-90.309642, 38.603744], [-90.309798, 38.603749], [-90.309897, 38.603752], [-90.31004, 38.603758], [-90.310194, 38.603763], [-90.310333, 38.603769], [-90.310403, 38.603705], [-90.310738, 38.603382], [-90.310772, 38.603344], [-90.31112, 38.602971], [-90.311742, 38.60222], [-90.311975, 38.601959], [-90.312258, 38.601645], [-90.312401, 38.601522], [-90.3125, 38.601437], [-90.312539, 38.601405], [-90.312809, 38.601189], [-90.312971, 38.601072], [-90.313002, 38.60105], [-90.313123, 38.600973], [-90.31327, 38.600881], [-90.313299, 38.600865], [-90.313661, 38.60068], [-90.313852, 38.600582], [-90.313868, 38.600575], [-90.314042, 38.600499], [-90.31419, 38.600435], [-90.314316, 38.600383], [-90.314491, 38.600313], [-90.314863, 38.600168], [-90.315152, 38.600067], [-90.315392, 38.599984], [-90.315434, 38.599969], [-90.315494, 38.599948], [-90.315603, 38.599911], [-90.315673, 38.599882], [-90.315733, 38.599859], [-90.315806, 38.599829], [-90.315824, 38.599822], [-90.315914, 38.599786], [-90.315952, 38.599771], [-90.316027, 38.599743], [-90.316102, 38.599716], [-90.316344, 38.599626], [-90.316527, 38.599554], [-90.316695, 38.599484], [-90.317208, 38.599273], [-90.317576, 38.599102], [-90.317983, 38.598878], [-90.318331, 38.598675], [-90.318401, 38.598627], [-90.318674, 38.598443], [-90.318858, 38.598312], [-90.318686, 38.598744], [-90.318608, 38.598939]]]}}, {"id": "68", "type": "Feature", "properties": {"geoid": "29510126900", "name": "Census Tract 1269; St. Louis city; Missouri", "total_population": 4223, "total_population_moe": 945, "race_total": 4223, "race_total_moe": 945, "race_white_non_hispanic": 141, "race_white_non_hispanic_moe": 95, "race_black_non_hispanic": 3746, "race_black_non_hispanic_moe": 959, "poverty_universe": 4135, "poverty_universe_moe": 936, "poverty_below": 901, "poverty_below_moe": 471, "male_5_9": 317, "male_5_9_moe": 143, "male_10_14": 43, "male_10_14_moe": 50, "male_15_17": 209, "male_15_17_moe": 175, "female_5_9": 55, "female_5_9_moe": 62, "female_10_14": 194, "female_10_14_moe": 134, "female_15_17": 95, "female_15_17_moe": 77, "male_white_non_hispanic_5_9": 0, "male_white_non_hispanic_5_9_moe": 12, "male_white_non_hispanic_10_14": 0, "male_white_non_hispanic_10_14_moe": 12, "male_white_non_hispanic_15_17": 0, "male_white_non_hispanic_15_17_moe": 12, "female_white_non_hispanic_5_9": 0, "female_white_non_hispanic_5_9_moe": 12, "female_white_non_hispanic_10_14": 0, "female_white_non_hispanic_10_14_moe": 12, "female_white_non_hispanic_15_17": 0, "female_white_non_hispanic_15_17_moe": 12, "male_black_alone_5_9": 317, "male_black_alone_5_9_moe": 143, "male_black_alone_10_14": 22, "male_black_alone_10_14_moe": 35, "male_black_alone_15_17": 209, "male_black_alone_15_17_moe": 175, "female_black_alone_5_9": 55, "female_black_alone_5_9_moe": 62, "female_black_alone_10_14": 176, "female_black_alone_10_14_moe": 127, "female_black_alone_15_17": 77, "female_black_alone_15_17_moe": 74, "male_public_school_5_9": 246, "state": "29", "county": "510", "tract": "126900", "male_public_school_5_9_moe": 170, "male_public_school_10_14": 43, "male_public_school_10_14_moe": 50, "male_public_school_15_17": 200, "male_public_school_15_17_moe": 176, "male_private_school_5_9": 55, "male_private_school_5_9_moe": 63, "male_private_school_10_14": 0, "male_private_school_10_14_moe": 12, "male_private_school_15_17": 0, "male_private_school_15_17_moe": 12, "female_public_school_5_9": 10, "female_public_school_5_9_moe": 17, "female_public_school_10_14": 194, "female_public_school_10_14_moe": 134, "female_public_school_15_17": 83, "female_public_school_15_17_moe": 79, "female_private_school_5_9": 45, "female_private_school_5_9_moe": 62, "female_private_school_10_14": 0, "female_private_school_10_14_moe": 12, "female_private_school_15_17": 12, "female_private_school_15_17_moe": 20, "median_household_income": 50186, "median_household_income_moe": 17527, "acs_median_owner_occupied_home_value": 83100, "acs_median_owner_occupied_home_value_moe": 19305, "race_other": 336, "race_white_share": 0.0333885863130476, "race_black_share": 0.8870471228984135, "race_other_share": 0.07956429078853895, "poverty_rate": 0.21789600967351874, "school_age_5_17": 913, "school_age_white_non_hispanic_5_17": 0, "school_age_black_alone_5_17": 856, "school_age_other_or_unclassified_5_17": 57, "school_age_white_non_hispanic_5_17_moe": 29.393876913398138, "school_age_black_alone_5_17_moe": 278.83328352260963, "school_age_white_non_hispanic_5_17_share": 0.0, "school_age_black_alone_5_17_share": 0.9375684556407448, "school_age_other_or_unclassified_5_17_share": 0.0624315443592552, "school_age_5_17_per_capita": 0.21619701633909544, "public_school_enrolled_5_17": 776, "private_school_enrolled_5_17": 112, "public_school_enrolled_5_17_moe": 294.7235993265555, "private_school_enrolled_5_17_moe": 92.97849213662265, "public_school_enrolled_5_17_per_school_age": 0.8499452354874042, "private_school_enrolled_5_17_per_school_age": 0.12267250821467689, "source_area_sq_m": 4319156.237549511, "city_area_sq_m": 4318428.911124143, "city_area_share": 0.9998316045113059, "tornado_damage_intersects": true, "tornado_max_efscale": "1", "tornado_damage_area_sq_m": 1005260.3857805495, "tornado_damage_area_share": 0.23278382172531192, "tornado_damage_point_count": 0, "tornado_ef2_plus_point_count": 0, "tornado_distance_to_path_m": 623.4010573385643}, "geometry": {"type": "Polygon", "coordinates": [[[-90.27505472441395, 38.68940763942002], [-90.2745589846791, 38.6899768556289], [-90.27427428500339, 38.690396717859336], [-90.274013, 38.690726], [-90.273992, 38.690755], [-90.273962, 38.690791], [-90.273939, 38.690821], [-90.273904, 38.690866], [-90.273704, 38.691114], [-90.27368220770713, 38.69114011153546], [-90.2736560032212, 38.691169849180994], [-90.27364689688207, 38.691182420931256], [-90.273593, 38.691247], [-90.273491, 38.691385], [-90.272853, 38.692205], [-90.272643, 38.692471], [-90.271449, 38.693958], [-90.270246, 38.69548], [-90.270063, 38.695715], [-90.269749, 38.696109], [-90.269646, 38.696242], [-90.269428, 38.696516], [-90.269343, 38.696623], [-90.269311, 38.696668], [-90.269288, 38.696693], [-90.269068, 38.696974], [-90.268616, 38.697543], [-90.26844, 38.697766], [-90.268307, 38.697929], [-90.268081, 38.698213], [-90.268028, 38.698278], [-90.267823, 38.698528], [-90.267511, 38.698945], [-90.26701, 38.699571], [-90.266691, 38.699965], [-90.266578, 38.700114], [-90.266512, 38.700198], [-90.26645, 38.700293], [-90.266321, 38.70049], [-90.266254, 38.700595], [-90.266164, 38.700734], [-90.266058, 38.700868], [-90.26601384070017, 38.70092356481227], [-90.2655134422333, 38.70120690407811], [-90.265472, 38.70119], [-90.264647, 38.700828], [-90.264467, 38.700756], [-90.264284, 38.700684], [-90.264182, 38.700645], [-90.264075, 38.7006], [-90.263945, 38.700544], [-90.263904, 38.700523], [-90.2638, 38.70049], [-90.263735, 38.700466], [-90.263556, 38.700401], [-90.263298, 38.700276], [-90.263248, 38.70025], [-90.26309, 38.70017], [-90.263031, 38.70014], [-90.262877, 38.700053], [-90.262699, 38.699953], [-90.262348, 38.699731], [-90.262258, 38.699668], [-90.262134, 38.699582], [-90.262059, 38.69953], [-90.261825, 38.699363], [-90.261748, 38.699288], [-90.261494, 38.69904], [-90.261327, 38.698851], [-90.261165, 38.698652], [-90.261082, 38.698535], [-90.260981, 38.69839], [-90.260845, 38.698159], [-90.260795, 38.698043], [-90.260619, 38.697646], [-90.260573, 38.697515], [-90.260548, 38.697443], [-90.26044, 38.696961], [-90.260418, 38.696707], [-90.260392, 38.695817], [-90.260388, 38.695648], [-90.260393, 38.695497], [-90.260367, 38.695247], [-90.260362, 38.695208], [-90.260348, 38.695094], [-90.260344, 38.695056], [-90.260334, 38.694979], [-90.260205, 38.694441], [-90.260182, 38.694373], [-90.260075, 38.694059], [-90.259897, 38.693672], [-90.259714, 38.693371], [-90.259514, 38.693058], [-90.25944, 38.69294], [-90.259262, 38.692699], [-90.259106, 38.692546], [-90.258927, 38.692371], [-90.258487, 38.691974], [-90.25838, 38.691889], [-90.258344, 38.691864], [-90.258095, 38.69169], [-90.25789, 38.69157], [-90.257735, 38.691479], [-90.257492, 38.691338], [-90.257327, 38.691255], [-90.256729, 38.690976], [-90.25634, 38.690807], [-90.255852, 38.690594], [-90.255396, 38.690423], [-90.255323, 38.690395], [-90.254756, 38.690176], [-90.254069, 38.689897], [-90.254028, 38.689881], [-90.253857, 38.689817], [-90.253794, 38.689735], [-90.253671, 38.689667], [-90.250958, 38.688509], [-90.249785, 38.687997], [-90.249401, 38.687835], [-90.249235, 38.687766], [-90.247414, 38.686975], [-90.247007, 38.686799], [-90.24579, 38.686275], [-90.245624, 38.6862], [-90.245793, 38.686113], [-90.246019, 38.685995], [-90.246115, 38.685937], [-90.246279, 38.685839], [-90.246367, 38.685793], [-90.246562, 38.685692], [-90.246636, 38.685672], [-90.246789, 38.685569], [-90.246934, 38.685393], [-90.247004, 38.685309], [-90.247163, 38.685071], [-90.247323, 38.684245], [-90.247638, 38.6831], [-90.247975, 38.681986], [-90.247966, 38.681938], [-90.24796, 38.681833], [-90.247961, 38.68172], [-90.24781, 38.681655], [-90.2476, 38.681566], [-90.247402, 38.681482], [-90.246888, 38.681259], [-90.24652, 38.6811], [-90.246161, 38.680945], [-90.245977, 38.680866], [-90.245769, 38.680778], [-90.245423, 38.680641], [-90.245238, 38.680568], [-90.244782, 38.680387], [-90.244658, 38.680338], [-90.244563, 38.680295], [-90.242999, 38.679596], [-90.242571, 38.67941], [-90.24241, 38.67934], [-90.241904, 38.679121], [-90.241791, 38.679269], [-90.241454, 38.679713], [-90.241342, 38.679862], [-90.241225, 38.680015], [-90.240875, 38.680476], [-90.240759, 38.68063], [-90.240642, 38.680782], [-90.240448, 38.681037], [-90.240291, 38.681238], [-90.240174, 38.68139], [-90.239946, 38.681685], [-90.239756, 38.68193], [-90.239647, 38.682077], [-90.239609, 38.682135], [-90.239282, 38.682605], [-90.239046, 38.682516], [-90.238723, 38.682414], [-90.238226, 38.682276], [-90.238171, 38.682267], [-90.237531, 38.682168], [-90.237242, 38.682127], [-90.237089, 38.682102], [-90.236934, 38.682092], [-90.236554, 38.682073], [-90.235894, 38.682132], [-90.23514, 38.682222], [-90.234446, 38.682306], [-90.234042, 38.682343], [-90.232922, 38.682508], [-90.232853, 38.682516], [-90.232762, 38.682004], [-90.232245, 38.682061], [-90.230731, 38.682256], [-90.230172, 38.682272], [-90.230982, 38.68176], [-90.232037, 38.681045], [-90.232519, 38.680732], [-90.233273, 38.680214], [-90.233375, 38.680144], [-90.233681, 38.679938], [-90.233784, 38.67987], [-90.233933, 38.679758], [-90.234021, 38.679692], [-90.23415, 38.679604], [-90.234393, 38.679441], [-90.234548, 38.679337], [-90.234746, 38.679204], [-90.234792, 38.679164], [-90.235478, 38.678585], [-90.235515, 38.678554], [-90.235699, 38.678383], [-90.235495, 38.678294], [-90.234883, 38.678028], [-90.23468, 38.67794], [-90.234847, 38.67783], [-90.23509, 38.677672], [-90.235348, 38.677503], [-90.235516, 38.677394], [-90.23568, 38.677285], [-90.23594, 38.677116], [-90.236088, 38.677019], [-90.236173, 38.676958], [-90.23627, 38.676891], [-90.236312, 38.676824], [-90.237118, 38.677171], [-90.237431, 38.676744], [-90.237632, 38.676468], [-90.237656, 38.676351], [-90.237798, 38.676342], [-90.237831, 38.676256], [-90.238468, 38.675359], [-90.238714, 38.675028], [-90.239446, 38.674014], [-90.239504, 38.674039], [-90.239678, 38.674115], [-90.239737, 38.674141], [-90.239847, 38.673989], [-90.240017, 38.673758], [-90.240146, 38.673579], [-90.240176, 38.673535], [-90.240285, 38.673383], [-90.240338, 38.673307], [-90.240436, 38.673168], [-90.240497, 38.673079], [-90.240551, 38.673003], [-90.240604, 38.672925], [-90.240767, 38.672692], [-90.240822, 38.672615], [-90.240919, 38.672473], [-90.241085, 38.672232], [-90.241212, 38.672047], [-90.24131, 38.671906], [-90.241551, 38.672001], [-90.242274, 38.672286], [-90.242515, 38.672381], [-90.242744, 38.672474], [-90.242864, 38.672519], [-90.243778, 38.672868], [-90.243916, 38.672925], [-90.244264, 38.67307], [-90.244929, 38.67335], [-90.245758, 38.673709], [-90.246308, 38.673949], [-90.24796, 38.67467], [-90.248511, 38.674911], [-90.248639, 38.674966], [-90.249023, 38.675133], [-90.249152, 38.675189], [-90.249665, 38.675406], [-90.251158, 38.676039], [-90.251206, 38.67606], [-90.251717, 38.676284], [-90.251952, 38.676387], [-90.252157, 38.676476], [-90.253477, 38.677053], [-90.253918, 38.677246], [-90.254364, 38.67744], [-90.255585, 38.677972], [-90.255702, 38.678024], [-90.256147, 38.678224], [-90.256313, 38.678298], [-90.25657, 38.678422], [-90.257123, 38.67869], [-90.25783, 38.679037], [-90.258042, 38.679142], [-90.258253, 38.679238], [-90.25884, 38.679502], [-90.260105, 38.680072], [-90.260605, 38.680285], [-90.261198, 38.680539], [-90.261712, 38.680759], [-90.261827, 38.680809], [-90.262336, 38.681028], [-90.262635, 38.681157], [-90.263252, 38.681427], [-90.263765, 38.681652], [-90.264296, 38.681882], [-90.265174, 38.682263], [-90.265276, 38.682307], [-90.265602, 38.682448], [-90.265883, 38.682588], [-90.265911, 38.682602], [-90.266185, 38.682753], [-90.266387, 38.682875], [-90.266699, 38.683063], [-90.266956, 38.683227], [-90.267269, 38.683428], [-90.268317, 38.684073], [-90.269022, 38.684552], [-90.269273, 38.684733], [-90.269556, 38.684937], [-90.269661, 38.68501], [-90.269997, 38.685242], [-90.270853, 38.68578], [-90.270864, 38.685787], [-90.271273, 38.686035], [-90.271537, 38.686193], [-90.271838, 38.686374], [-90.27225, 38.686661], [-90.272306, 38.686706], [-90.272548, 38.686899], [-90.272699, 38.68703], [-90.273152, 38.687424], [-90.273304, 38.687556], [-90.27446, 38.688582], [-90.27518, 38.689221], [-90.275192, 38.689232], [-90.27505472441395, 38.68940763942002]]]}}, {"id": "69", "type": "Feature", "properties": {"geoid": "29510127000", "name": "Census Tract 1270; St. Louis city; Missouri", "total_population": 1123, "total_population_moe": 362, "race_total": 1123, "race_total_moe": 362, "race_white_non_hispanic": 110, "race_white_non_hispanic_moe": 58, "race_black_non_hispanic": 941, "race_black_non_hispanic_moe": 387, "poverty_universe": 1024, "poverty_universe_moe": 361, "poverty_below": 343, "poverty_below_moe": 212, "male_5_9": 2, "male_5_9_moe": 6, "male_10_14": 31, "male_10_14_moe": 28, "male_15_17": 49, "male_15_17_moe": 53, "female_5_9": 25, "female_5_9_moe": 37, "female_10_14": 5, "female_10_14_moe": 11, "female_15_17": 0, "female_15_17_moe": 12, "male_white_non_hispanic_5_9": 0, "male_white_non_hispanic_5_9_moe": 12, "male_white_non_hispanic_10_14": 0, "male_white_non_hispanic_10_14_moe": 12, "male_white_non_hispanic_15_17": 0, "male_white_non_hispanic_15_17_moe": 12, "female_white_non_hispanic_5_9": 0, "female_white_non_hispanic_5_9_moe": 12, "female_white_non_hispanic_10_14": 0, "female_white_non_hispanic_10_14_moe": 12, "female_white_non_hispanic_15_17": 0, "female_white_non_hispanic_15_17_moe": 12, "male_black_alone_5_9": 0, "male_black_alone_5_9_moe": 12, "male_black_alone_10_14": 31, "male_black_alone_10_14_moe": 28, "male_black_alone_15_17": 49, "male_black_alone_15_17_moe": 53, "female_black_alone_5_9": 23, "female_black_alone_5_9_moe": 36, "female_black_alone_10_14": 0, "female_black_alone_10_14_moe": 12, "female_black_alone_15_17": 0, "female_black_alone_15_17_moe": 12, "male_public_school_5_9": 2, "state": "29", "county": "510", "tract": "127000", "male_public_school_5_9_moe": 6, "male_public_school_10_14": 31, "male_public_school_10_14_moe": 28, "male_public_school_15_17": 49, "male_public_school_15_17_moe": 53, "male_private_school_5_9": 0, "male_private_school_5_9_moe": 12, "male_private_school_10_14": 0, "male_private_school_10_14_moe": 12, "male_private_school_15_17": 0, "male_private_school_15_17_moe": 12, "female_public_school_5_9": 2, "female_public_school_5_9_moe": 6, "female_public_school_10_14": 5, "female_public_school_10_14_moe": 11, "female_public_school_15_17": 0, "female_public_school_15_17_moe": 12, "female_private_school_5_9": 0, "female_private_school_5_9_moe": 12, "female_private_school_10_14": 0, "female_private_school_10_14_moe": 12, "female_private_school_15_17": 0, "female_private_school_15_17_moe": 12, "median_household_income": 38342, "median_household_income_moe": 14934, "acs_median_owner_occupied_home_value": 65200, "acs_median_owner_occupied_home_value_moe": 26788, "race_other": 72, "race_white_share": 0.09795191451469279, "race_black_share": 0.8379341050756901, "race_other_share": 0.06411398040961709, "poverty_rate": 0.3349609375, "school_age_5_17": 112, "school_age_white_non_hispanic_5_17": 0, "school_age_black_alone_5_17": 103, "school_age_other_or_unclassified_5_17": 9, "school_age_white_non_hispanic_5_17_moe": 29.393876913398138, "school_age_black_alone_5_17_moe": 72.94518489934754, "school_age_white_non_hispanic_5_17_share": 0.0, "school_age_black_alone_5_17_share": 0.9196428571428571, "school_age_other_or_unclassified_5_17_share": 0.08035714285714286, "school_age_5_17_per_capita": 0.09973285841495994, "public_school_enrolled_5_17": 89, "private_school_enrolled_5_17": 0, "public_school_enrolled_5_17_moe": 62.68971207462992, "private_school_enrolled_5_17_moe": 29.393876913398138, "public_school_enrolled_5_17_per_school_age": 0.7946428571428571, "private_school_enrolled_5_17_per_school_age": 0.0, "source_area_sq_m": 15197847.26160286, "city_area_sq_m": 12308677.929685727, "city_area_share": 0.8098961463301071, "tornado_damage_intersects": true, "tornado_max_efscale": "1", "tornado_damage_area_sq_m": 197904.53521795885, "tornado_damage_area_share": 0.016078455894979995, "tornado_damage_point_count": 0, "tornado_ef2_plus_point_count": 0, "tornado_distance_to_path_m": 603.0096405845468}, "geometry": {"type": "Polygon", "coordinates": [[[-90.237943, 38.694549], [-90.237163, 38.694965], [-90.236234, 38.695487], [-90.234787, 38.696274], [-90.234101, 38.696652], [-90.23277, 38.697358], [-90.232295, 38.697619], [-90.232155, 38.697703], [-90.231888, 38.697855], [-90.231718, 38.698004], [-90.231532, 38.6982], [-90.231172, 38.698663], [-90.231041, 38.698805], [-90.230945, 38.698884], [-90.230757, 38.69898], [-90.230525, 38.699111], [-90.230173, 38.699297], [-90.22993, 38.699432], [-90.229721, 38.699563], [-90.229693, 38.699592], [-90.229626, 38.699662], [-90.229525, 38.699802], [-90.229455, 38.699952], [-90.229413, 38.700082], [-90.229381, 38.700262], [-90.22936, 38.700527], [-90.22936, 38.700875], [-90.229354, 38.701174], [-90.229365, 38.701266], [-90.229399, 38.70139], [-90.229488, 38.701563], [-90.229542, 38.701678], [-90.229568, 38.701808], [-90.229574, 38.70201], [-90.229573, 38.702184], [-90.229537, 38.702323], [-90.229483, 38.702401], [-90.229451, 38.702429], [-90.229342, 38.70249], [-90.229437, 38.702702], [-90.229549, 38.702949], [-90.229682, 38.703223], [-90.229735, 38.703334], [-90.229745, 38.703354], [-90.229822, 38.703551], [-90.229884, 38.703712], [-90.229939, 38.703888], [-90.229953, 38.703931], [-90.230044, 38.704357], [-90.230098, 38.704945], [-90.230101, 38.704969], [-90.23012, 38.705302], [-90.230124, 38.705391], [-90.230128, 38.705455], [-90.230147, 38.705615], [-90.230152, 38.705657], [-90.230163, 38.705746], [-90.230186, 38.705944], [-90.230197, 38.706425], [-90.230203, 38.706715], [-90.230226, 38.707346], [-90.230228, 38.707404], [-90.230248, 38.708115], [-90.230274, 38.70854], [-90.230286, 38.708742], [-90.2303, 38.709134], [-90.230309, 38.709381], [-90.230339, 38.710124], [-90.23035, 38.710372], [-90.230356, 38.710527], [-90.230362, 38.710652], [-90.230383, 38.710994], [-90.230393, 38.71115], [-90.230391, 38.711211], [-90.230387, 38.711396], [-90.230387, 38.711458], [-90.230385, 38.71153], [-90.230383, 38.711697], [-90.230378, 38.711746], [-90.230372, 38.711819], [-90.230361, 38.711939], [-90.230348, 38.712106], [-90.230321, 38.712301], [-90.230305, 38.712422], [-90.230287, 38.712551], [-90.230278, 38.712619], [-90.230213, 38.712936], [-90.230187, 38.713064], [-90.230141, 38.71329], [-90.230079, 38.713662], [-90.229886, 38.714843], [-90.229874, 38.714918], [-90.229743, 38.715728], [-90.229522, 38.717043], [-90.2293, 38.718334], [-90.229154, 38.719232], [-90.229118, 38.719453], [-90.229004, 38.720136], [-90.228856, 38.721012], [-90.228827, 38.721187], [-90.228815, 38.721264], [-90.228734, 38.721713], [-90.228703, 38.721889], [-90.228639, 38.722245], [-90.228508, 38.72298], [-90.228449, 38.723316], [-90.228387, 38.723673], [-90.228357, 38.723845], [-90.228267, 38.724362], [-90.228238, 38.724535], [-90.228211, 38.72469], [-90.22813, 38.725156], [-90.228104, 38.725312], [-90.228097, 38.725351], [-90.228078, 38.725467], [-90.228072, 38.725507], [-90.228027, 38.725758], [-90.22793, 38.726317], [-90.227911, 38.726516], [-90.227906, 38.726573], [-90.227917, 38.726772], [-90.227921, 38.727047], [-90.227953, 38.727438], [-90.228, 38.727869], [-90.228009, 38.727942], [-90.22801419318378, 38.72799620391475], [-90.2279889046998, 38.728003921344104], [-90.2244988933113, 38.7288139368594], [-90.22384909669871, 38.729309104678904], [-90.223297, 38.729524], [-90.222577, 38.729808], [-90.222211, 38.729971], [-90.221779, 38.730134], [-90.221683, 38.730242], [-90.221608, 38.73032], [-90.221244, 38.730718], [-90.22123, 38.730733], [-90.221206, 38.730761], [-90.221189, 38.730779], [-90.2207937290781, 38.731212131580115], [-90.213682868499, 38.7355139595384], [-90.2078898506191, 38.739757947425204], [-90.2064148276215, 38.74108196181799], [-90.204278831876, 38.7424009637183], [-90.2027368335357, 38.7443569685303], [-90.2008028298646, 38.7461079596824], [-90.1976978348082, 38.7488679656168], [-90.1962058212423, 38.750214979564596], [-90.1956568080446, 38.75087599003591], [-90.1930398108223, 38.7534650014763], [-90.19030366918354, 38.75665745151006], [-90.19019, 38.756783], [-90.189323, 38.757743], [-90.18925, 38.757822], [-90.18864613968509, 38.75854749970134], [-90.1879047980286, 38.7593540093601], [-90.18731425101282, 38.76029318815476], [-90.186402, 38.761546], [-90.186137, 38.762052], [-90.1860459977502, 38.76231006086864], [-90.1858216351273, 38.7626668453113], [-90.185479540313, 38.763020170459406], [-90.18526530509374, 38.764219439526215], [-90.185051, 38.764831], [-90.18487, 38.765874], [-90.184644, 38.766951], [-90.184602, 38.76715], [-90.184511, 38.767582], [-90.184459, 38.767832], [-90.18431, 38.768532], [-90.184119, 38.769439], [-90.183869, 38.770593], [-90.183937, 38.771384], [-90.1839609190973, 38.77165553793715], [-90.1838627820009, 38.7722980282917], [-90.18375846992183, 38.77424090472674], [-90.183716, 38.774236], [-90.183309, 38.774192], [-90.182091, 38.774058], [-90.17634188399059, 38.77343599635307], [-90.1776107643624, 38.7675550107027], [-90.1778127863889, 38.767134024437], [-90.1786087814454, 38.762363016752], [-90.1917592799688, 38.744463826585005], [-90.19722582499155, 38.73837659007909], [-90.205177, 38.7322], [-90.20521, 38.73215], [-90.20534, 38.732], [-90.20637027001239, 38.73066316154304], [-90.2088534883741, 38.729088090530496], [-90.2145646659743, 38.721720165445994], [-90.2161400988135, 38.71457085294459], [-90.2162495261229, 38.71261822094019], [-90.21569669576311, 38.71098280496929], [-90.2133577995506, 38.70591259046459], [-90.20235881039834, 38.69340211899855], [-90.202871, 38.693151], [-90.204854, 38.692253], [-90.205425, 38.691996], [-90.205516, 38.691955], [-90.205664, 38.691882], [-90.206046, 38.691697], [-90.206111, 38.691664], [-90.20626, 38.691592], [-90.207098, 38.691222], [-90.207425, 38.691078], [-90.209612, 38.690112], [-90.210451, 38.689742], [-90.210726, 38.689602], [-90.211689, 38.689093], [-90.212875, 38.688467], [-90.21296, 38.688419], [-90.213075, 38.688356], [-90.213963, 38.687864], [-90.214258, 38.687714], [-90.214445, 38.687617], [-90.214905, 38.687381], [-90.215008, 38.687326], [-90.215064, 38.687297], [-90.215195, 38.687228], [-90.215557, 38.687037], [-90.216481, 38.686552], [-90.216642, 38.686465], [-90.217003, 38.686272], [-90.217244, 38.686522], [-90.217384, 38.686667], [-90.217975, 38.687268], [-90.218219, 38.687517], [-90.218432, 38.687401], [-90.218623, 38.687298], [-90.219074, 38.687061], [-90.219289, 38.686949], [-90.219963, 38.686616], [-90.220531, 38.686319], [-90.220596, 38.686293], [-90.221039, 38.686069], [-90.221308, 38.685942], [-90.223034, 38.685012], [-90.223953, 38.684537], [-90.224529, 38.684234], [-90.22481, 38.684054], [-90.224963, 38.68395], [-90.225488, 38.68347], [-90.225593, 38.683361], [-90.225759, 38.683204], [-90.225928, 38.683043], [-90.226072, 38.682905], [-90.226225, 38.682746], [-90.226479, 38.682485], [-90.226895, 38.682688], [-90.227379, 38.682926], [-90.227469, 38.682966], [-90.227682, 38.683068], [-90.227736, 38.683094], [-90.227966, 38.683204], [-90.228153, 38.683296], [-90.228509, 38.68347], [-90.228579, 38.683509], [-90.228626, 38.683535], [-90.228712, 38.683582], [-90.228839, 38.683651], [-90.228896, 38.683682], [-90.229238, 38.683868], [-90.229611, 38.684102], [-90.229706, 38.68418], [-90.229961, 38.684391], [-90.23008, 38.684421], [-90.230237, 38.684605], [-90.23035, 38.684738], [-90.23046, 38.684849], [-90.230914, 38.685398], [-90.231666, 38.686228], [-90.231701, 38.686267], [-90.232297, 38.686943], [-90.23259, 38.687275], [-90.232789, 38.6875], [-90.233463, 38.68828], [-90.233754, 38.688616], [-90.23389, 38.688769], [-90.234298, 38.689229], [-90.234434, 38.689383], [-90.234786, 38.689781], [-90.235545, 38.690639], [-90.235843, 38.69098], [-90.236147, 38.691327], [-90.236194, 38.691381], [-90.236295, 38.691497], [-90.236313, 38.691518], [-90.236378, 38.691594], [-90.23643, 38.691655], [-90.236926, 38.692236], [-90.236941, 38.692253], [-90.237114, 38.692447], [-90.237944, 38.693378], [-90.238126, 38.693584], [-90.238516, 38.694168], [-90.238548, 38.694221], [-90.237943, 38.694549]]]}}, {"id": "70", "type": "Feature", "properties": {"geoid": "29510127400", "name": "Census Tract 1274; St. Louis city; Missouri", "total_population": 4457, "total_population_moe": 1170, "race_total": 4457, "race_total_moe": 1170, "race_white_non_hispanic": 1379, "race_white_non_hispanic_moe": 257, "race_black_non_hispanic": 2867, "race_black_non_hispanic_moe": 1132, "poverty_universe": 4457, "poverty_universe_moe": 1170, "poverty_below": 1502, "poverty_below_moe": 1089, "male_5_9": 39, "male_5_9_moe": 80, "male_10_14": 0, "male_10_14_moe": 12, "male_15_17": 202, "male_15_17_moe": 216, "female_5_9": 438, "female_5_9_moe": 350, "female_10_14": 59, "female_10_14_moe": 88, "female_15_17": 0, "female_15_17_moe": 12, "male_white_non_hispanic_5_9": 0, "male_white_non_hispanic_5_9_moe": 12, "male_white_non_hispanic_10_14": 0, "male_white_non_hispanic_10_14_moe": 12, "male_white_non_hispanic_15_17": 0, "male_white_non_hispanic_15_17_moe": 12, "female_white_non_hispanic_5_9": 0, "female_white_non_hispanic_5_9_moe": 12, "female_white_non_hispanic_10_14": 0, "female_white_non_hispanic_10_14_moe": 12, "female_white_non_hispanic_15_17": 0, "female_white_non_hispanic_15_17_moe": 12, "male_black_alone_5_9": 39, "male_black_alone_5_9_moe": 80, "male_black_alone_10_14": 0, "male_black_alone_10_14_moe": 12, "male_black_alone_15_17": 202, "male_black_alone_15_17_moe": 216, "female_black_alone_5_9": 419, "female_black_alone_5_9_moe": 353, "female_black_alone_10_14": 41, "female_black_alone_10_14_moe": 82, "female_black_alone_15_17": 0, "female_black_alone_15_17_moe": 12, "male_public_school_5_9": 0, "state": "29", "county": "510", "tract": "127400", "male_public_school_5_9_moe": 12, "male_public_school_10_14": 0, "male_public_school_10_14_moe": 12, "male_public_school_15_17": 202, "male_public_school_15_17_moe": 216, "male_private_school_5_9": 39, "male_private_school_5_9_moe": 80, "male_private_school_10_14": 0, "male_private_school_10_14_moe": 12, "male_private_school_15_17": 0, "male_private_school_15_17_moe": 12, "female_public_school_5_9": 419, "female_public_school_5_9_moe": 353, "female_public_school_10_14": 59, "female_public_school_10_14_moe": 88, "female_public_school_15_17": 0, "female_public_school_15_17_moe": 12, "female_private_school_5_9": 0, "female_private_school_5_9_moe": 12, "female_private_school_10_14": 0, "female_private_school_10_14_moe": 12, "female_private_school_15_17": 0, "female_private_school_15_17_moe": 12, "median_household_income": 43476, "median_household_income_moe": 7276, "acs_median_owner_occupied_home_value": 306400, "acs_median_owner_occupied_home_value_moe": 82032, "race_other": 211, "race_white_share": 0.30940094233789545, "race_black_share": 0.643257796724254, "race_other_share": 0.04734126093785057, "poverty_rate": 0.33699798070450976, "school_age_5_17": 738, "school_age_white_non_hispanic_5_17": 0, "school_age_black_alone_5_17": 701, "school_age_other_or_unclassified_5_17": 37, "school_age_white_non_hispanic_5_17_moe": 29.393876913398138, "school_age_black_alone_5_17_moe": 429.7406194438687, "school_age_white_non_hispanic_5_17_share": 0.0, "school_age_black_alone_5_17_share": 0.9498644986449865, "school_age_other_or_unclassified_5_17_share": 0.05013550135501355, "school_age_5_17_per_capita": 0.16558223019968588, "public_school_enrolled_5_17": 680, "private_school_enrolled_5_17": 39, "public_school_enrolled_5_17_moe": 423.60476862282843, "private_school_enrolled_5_17_moe": 84.38009243891595, "public_school_enrolled_5_17_per_school_age": 0.9214092140921409, "private_school_enrolled_5_17_per_school_age": 0.052845528455284556, "source_area_sq_m": 3556505.9582635136, "city_area_sq_m": 3331504.2754391385, "city_area_share": 0.9367351874382256, "tornado_damage_intersects": false, "tornado_max_efscale": "<NA>", "tornado_damage_area_sq_m": 0.0, "tornado_damage_area_share": 0.0, "tornado_damage_point_count": 0, "tornado_ef2_plus_point_count": 0, "tornado_distance_to_path_m": 4380.6609656775645}, "geometry": {"type": "Polygon", "coordinates": [[[-90.226245, 38.6195], [-90.226138, 38.619796], [-90.22607, 38.619998], [-90.226, 38.620211], [-90.225942, 38.620382], [-90.225858, 38.620635], [-90.22577, 38.620895], [-90.225713, 38.621067], [-90.225657, 38.621233], [-90.225575, 38.62148], [-90.225489, 38.621733], [-90.225433, 38.6219], [-90.225377, 38.622065], [-90.225306, 38.622279], [-90.225217, 38.622561], [-90.225165, 38.622728], [-90.225104, 38.622886], [-90.224922, 38.623363], [-90.224862, 38.623522], [-90.224786, 38.623645], [-90.224729, 38.623739], [-90.224565, 38.62402], [-90.224493, 38.624146], [-90.224422, 38.624312], [-90.224209, 38.624813], [-90.224139, 38.62498], [-90.223757, 38.624876], [-90.223249, 38.624758], [-90.22314, 38.624733], [-90.222645, 38.624638], [-90.222173, 38.624562], [-90.221583, 38.624458], [-90.220834, 38.624344], [-90.220539, 38.624301], [-90.220028, 38.624229], [-90.219631, 38.624179], [-90.218953, 38.624094], [-90.218439, 38.62404], [-90.218136, 38.624018], [-90.218128, 38.624275], [-90.218121, 38.624582], [-90.218119, 38.624727], [-90.218115, 38.624997], [-90.218133, 38.625505], [-90.218144, 38.625813], [-90.218147, 38.625917], [-90.218151, 38.626034], [-90.218137, 38.626454], [-90.218118, 38.626618], [-90.218102, 38.626702], [-90.218083, 38.626795], [-90.218009, 38.626984], [-90.217949, 38.627093], [-90.217898, 38.627184], [-90.217823, 38.62732], [-90.21778, 38.62739], [-90.217738, 38.627456], [-90.217683, 38.627545], [-90.217649, 38.627598], [-90.21755, 38.627758], [-90.217517, 38.627812], [-90.217405, 38.627991], [-90.217263, 38.62822], [-90.217069, 38.628529], [-90.216958, 38.628709], [-90.216813, 38.628941], [-90.21656, 38.62935], [-90.21638, 38.629637], [-90.216236, 38.62987], [-90.216086, 38.63011], [-90.215978, 38.630285], [-90.215639, 38.630831], [-90.215491, 38.631072], [-90.215025, 38.631005], [-90.214844, 38.63098], [-90.214552, 38.630922], [-90.213861, 38.630786], [-90.213639, 38.630742], [-90.213178, 38.630652], [-90.212993, 38.630615], [-90.21276, 38.630569], [-90.212438, 38.630506], [-90.212254, 38.63047], [-90.212106, 38.630441], [-90.211664, 38.630355], [-90.211517, 38.630327], [-90.211358, 38.630298], [-90.210762, 38.630189], [-90.210456, 38.630133], [-90.210574, 38.629777], [-90.210618, 38.629645], [-90.210815, 38.629051], [-90.210928, 38.62871], [-90.211047, 38.628355], [-90.211143, 38.628064], [-90.211264, 38.6277], [-90.211279, 38.627636], [-90.211281, 38.627591], [-90.211266, 38.627545], [-90.211185, 38.627507], [-90.210904, 38.627448], [-90.210605, 38.627385], [-90.21071, 38.627269], [-90.210764, 38.627193], [-90.210772, 38.627182], [-90.21078, 38.627161], [-90.210932, 38.626795], [-90.211031, 38.626348], [-90.211083, 38.626119], [-90.211094, 38.62607], [-90.211014, 38.626047], [-90.210897, 38.626011], [-90.210738, 38.625954], [-90.21065, 38.625923], [-90.210058, 38.625714], [-90.209982, 38.625687], [-90.20977, 38.625607], [-90.20974, 38.625595], [-90.208957, 38.6253], [-90.20829, 38.625075], [-90.208093, 38.625009], [-90.207693, 38.624885], [-90.207259, 38.62477], [-90.20695, 38.624689], [-90.206922, 38.624681], [-90.206624, 38.624628], [-90.206576, 38.624618], [-90.206544, 38.624612], [-90.20577, 38.624476], [-90.205674, 38.624459], [-90.205272, 38.624381], [-90.205054, 38.624338], [-90.20494, 38.624315], [-90.204678, 38.624264], [-90.204195, 38.624145], [-90.204016, 38.624102], [-90.203729, 38.624024], [-90.203291, 38.623906], [-90.203236, 38.623885], [-90.20297, 38.623814], [-90.202747, 38.623754], [-90.201688, 38.623449], [-90.200043, 38.623022], [-90.199881, 38.622976], [-90.199865, 38.622964], [-90.199681, 38.62292], [-90.199336, 38.622839], [-90.199159, 38.622798], [-90.198993, 38.622759], [-90.198496, 38.622642], [-90.198331, 38.622604], [-90.198198, 38.622573], [-90.198013, 38.622535], [-90.197056, 38.622343], [-90.197025, 38.622337], [-90.196737, 38.622283], [-90.196678, 38.622271], [-90.196446, 38.622228], [-90.19632, 38.622205], [-90.196266, 38.622191], [-90.195604, 38.622027], [-90.195325, 38.621958], [-90.194868, 38.621845], [-90.194327, 38.621703], [-90.194218, 38.621674], [-90.193299, 38.621451], [-90.192087, 38.621065], [-90.191957, 38.621021], [-90.191891, 38.620997], [-90.191859, 38.620987], [-90.191795, 38.620966], [-90.191654, 38.620914], [-90.190862, 38.620596], [-90.190711, 38.620531], [-90.190366, 38.620373], [-90.190211, 38.620297], [-90.190167, 38.620275], [-90.189958, 38.620173], [-90.189772, 38.620088], [-90.189747, 38.620077], [-90.189705, 38.62006], [-90.189675, 38.620049], [-90.189584, 38.620012], [-90.1894, 38.619944], [-90.189008, 38.619777], [-90.188869, 38.619721], [-90.188342, 38.619547], [-90.188222, 38.619507], [-90.187841, 38.619381], [-90.187727, 38.619347], [-90.187674, 38.619331], [-90.187518, 38.619283], [-90.187494, 38.619276], [-90.187466, 38.619269], [-90.187429, 38.61926], [-90.187285, 38.619224], [-90.187249, 38.619215], [-90.187175, 38.619196], [-90.187143, 38.619188], [-90.187108, 38.61918], [-90.18692, 38.619132], [-90.186786, 38.619098], [-90.186353, 38.618997], [-90.186165, 38.618953], [-90.185894, 38.618902], [-90.185723, 38.618862], [-90.18534, 38.618772], [-90.18502317546978, 38.61869077570461], [-90.1867183899338, 38.614604538209605], [-90.18824981741521, 38.61179910718167], [-90.18828, 38.611809], [-90.188408, 38.611849], [-90.18891, 38.61205], [-90.189441, 38.611965], [-90.189624, 38.612], [-90.189711, 38.612026], [-90.190243, 38.612189], [-90.190511, 38.612261], [-90.190568, 38.612277], [-90.190694, 38.61231], [-90.19078, 38.612333], [-90.190915, 38.61237], [-90.191499, 38.612505], [-90.191753, 38.61257], [-90.192115, 38.612789], [-90.192357, 38.612881], [-90.19308, 38.613026], [-90.193187, 38.613047], [-90.193433, 38.613097], [-90.193917, 38.613208], [-90.194235, 38.613281], [-90.194402, 38.613367], [-90.194903, 38.613625], [-90.195071, 38.613711], [-90.195122, 38.613636], [-90.195335, 38.613384], [-90.195409, 38.613299], [-90.195798, 38.612921], [-90.19604, 38.61267], [-90.196216, 38.612481], [-90.196504, 38.612175], [-90.196654, 38.612261], [-90.196719, 38.612301], [-90.196893, 38.612409], [-90.197068, 38.612516], [-90.197367, 38.612681], [-90.197586, 38.612803], [-90.197485, 38.612985], [-90.197314, 38.613295], [-90.197226, 38.61355], [-90.197159, 38.613747], [-90.197114, 38.613874], [-90.197053, 38.614053], [-90.197038, 38.614097], [-90.197019, 38.61415], [-90.196966, 38.614306], [-90.196955, 38.61433], [-90.196926, 38.614402], [-90.196917, 38.614427], [-90.197059, 38.614408], [-90.197157, 38.614394], [-90.197382, 38.614365], [-90.197879, 38.614297], [-90.19812, 38.614265], [-90.198311, 38.614343], [-90.198589, 38.614457], [-90.198886, 38.614579], [-90.199078, 38.614658], [-90.19914, 38.614543], [-90.19928, 38.614288], [-90.199328, 38.614201], [-90.199392, 38.614087], [-90.199716, 38.61418], [-90.20069, 38.61446], [-90.200773, 38.614484], [-90.200915, 38.614524], [-90.201015, 38.614553], [-90.202475, 38.614924], [-90.202977, 38.615016], [-90.203141, 38.615065], [-90.203339, 38.61515], [-90.203599, 38.615494], [-90.203677, 38.615408], [-90.204213, 38.614822], [-90.204259, 38.614773], [-90.204475, 38.614894], [-90.205105, 38.615089], [-90.205732, 38.615263], [-90.205796, 38.615289], [-90.205834, 38.615328], [-90.205925, 38.615371], [-90.205965, 38.615372], [-90.206073, 38.615384], [-90.206252, 38.615423], [-90.2068, 38.615583], [-90.207008, 38.615644], [-90.207634, 38.615827], [-90.207843, 38.615888], [-90.208082, 38.615958], [-90.2088, 38.616168], [-90.20904, 38.616238], [-90.209198, 38.616282], [-90.209241, 38.616293], [-90.209628, 38.616395], [-90.209849, 38.616449], [-90.210053, 38.616499], [-90.211046, 38.616751], [-90.211187, 38.616766], [-90.211771, 38.616961], [-90.212119, 38.617069], [-90.21266, 38.617236], [-90.213123, 38.617354], [-90.213434, 38.617402], [-90.213727, 38.617448], [-90.215051, 38.617629], [-90.215489, 38.617683], [-90.21572, 38.617711], [-90.216219, 38.617773], [-90.216416, 38.617797], [-90.216648, 38.617826], [-90.217846, 38.617969], [-90.217931, 38.617981], [-90.217997, 38.617987], [-90.218827, 38.618085], [-90.218952, 38.618104], [-90.219929, 38.618214], [-90.220099, 38.618233], [-90.22014, 38.618336], [-90.22024, 38.618353], [-90.220477, 38.618393], [-90.222268, 38.618625], [-90.22254, 38.618659], [-90.222989, 38.618715], [-90.22359, 38.61879], [-90.224336, 38.618887], [-90.224785, 38.618946], [-90.225102, 38.618988], [-90.226053, 38.619114], [-90.22637, 38.619156], [-90.226293, 38.619366], [-90.226245, 38.6195]]]}}, {"id": "71", "type": "Feature", "properties": {"geoid": "29510123100", "name": "Census Tract 1231; St. Louis city; Missouri", "total_population": 3306, "total_population_moe": 635, "race_total": 3306, "race_total_moe": 635, "race_white_non_hispanic": 1520, "race_white_non_hispanic_moe": 524, "race_black_non_hispanic": 1349, "race_black_non_hispanic_moe": 386, "poverty_universe": 3288, "poverty_universe_moe": 635, "poverty_below": 260, "poverty_below_moe": 132, "male_5_9": 119, "male_5_9_moe": 132, "male_10_14": 23, "male_10_14_moe": 37, "male_15_17": 29, "male_15_17_moe": 42, "female_5_9": 57, "female_5_9_moe": 71, "female_10_14": 188, "female_10_14_moe": 147, "female_15_17": 46, "female_15_17_moe": 49, "male_white_non_hispanic_5_9": 0, "male_white_non_hispanic_5_9_moe": 12, "male_white_non_hispanic_10_14": 23, "male_white_non_hispanic_10_14_moe": 37, "male_white_non_hispanic_15_17": 0, "male_white_non_hispanic_15_17_moe": 12, "female_white_non_hispanic_5_9": 0, "female_white_non_hispanic_5_9_moe": 12, "female_white_non_hispanic_10_14": 36, "female_white_non_hispanic_10_14_moe": 48, "female_white_non_hispanic_15_17": 14, "female_white_non_hispanic_15_17_moe": 26, "male_black_alone_5_9": 92, "male_black_alone_5_9_moe": 123, "male_black_alone_10_14": 0, "male_black_alone_10_14_moe": 12, "male_black_alone_15_17": 29, "male_black_alone_15_17_moe": 42, "female_black_alone_5_9": 18, "female_black_alone_5_9_moe": 28, "female_black_alone_10_14": 134, "female_black_alone_10_14_moe": 137, "female_black_alone_15_17": 18, "female_black_alone_15_17_moe": 28, "male_public_school_5_9": 0, "state": "29", "county": "510", "tract": "123100", "male_public_school_5_9_moe": 12, "male_public_school_10_14": 23, "male_public_school_10_14_moe": 37, "male_public_school_15_17": 29, "male_public_school_15_17_moe": 42, "male_private_school_5_9": 27, "male_private_school_5_9_moe": 41, "male_private_school_10_14": 0, "male_private_school_10_14_moe": 12, "male_private_school_15_17": 0, "male_private_school_15_17_moe": 12, "female_public_school_5_9": 57, "female_public_school_5_9_moe": 71, "female_public_school_10_14": 92, "female_public_school_10_14_moe": 78, "female_public_school_15_17": 46, "female_public_school_15_17_moe": 49, "female_private_school_5_9": 0, "female_private_school_5_9_moe": 12, "female_private_school_10_14": 96, "female_private_school_10_14_moe": 127, "female_private_school_15_17": 0, "female_private_school_15_17_moe": 12, "median_household_income": 88875, "median_household_income_moe": 18961, "acs_median_owner_occupied_home_value": 268100, "acs_median_owner_occupied_home_value_moe": 52174, "race_other": 437, "race_white_share": 0.45977011494252873, "race_black_share": 0.40804597701149425, "race_other_share": 0.13218390804597702, "poverty_rate": 0.07907542579075426, "school_age_5_17": 462, "school_age_white_non_hispanic_5_17": 73, "school_age_black_alone_5_17": 291, "school_age_other_or_unclassified_5_17": 98, "school_age_white_non_hispanic_5_17_moe": 69.14477565225012, "school_age_black_alone_5_17_moe": 193.32356297151156, "school_age_white_non_hispanic_5_17_share": 0.15800865800865802, "school_age_black_alone_5_17_share": 0.6298701298701299, "school_age_other_or_unclassified_5_17_share": 0.21212121212121213, "school_age_5_17_per_capita": 0.1397459165154265, "public_school_enrolled_5_17": 247, "private_school_enrolled_5_17": 123, "public_school_enrolled_5_17_moe": 129.6263862028098, "private_school_enrolled_5_17_moe": 135.5949851580065, "public_school_enrolled_5_17_per_school_age": 0.5346320346320347, "private_school_enrolled_5_17_per_school_age": 0.2662337662337662, "source_area_sq_m": 1031655.8101013539, "city_area_sq_m": 1031655.8101013541, "city_area_share": 1.0000000000000002, "tornado_damage_intersects": false, "tornado_max_efscale": "<NA>", "tornado_damage_area_sq_m": 0.0, "tornado_damage_area_share": 0.0, "tornado_damage_point_count": 0, "tornado_ef2_plus_point_count": 0, "tornado_distance_to_path_m": 4929.492808399075}, "geometry": {"type": "Polygon", "coordinates": [[[-90.230041, 38.60497], [-90.22977, 38.606196], [-90.229673, 38.606638], [-90.229633, 38.606818], [-90.22963, 38.606833], [-90.229592, 38.607063], [-90.229576, 38.607095], [-90.229521, 38.607359], [-90.229485, 38.60754], [-90.229447, 38.60772], [-90.229392, 38.607993], [-90.229338, 38.608263], [-90.229303, 38.608445], [-90.229267, 38.608621], [-90.229162, 38.609152], [-90.229127, 38.609329], [-90.229091, 38.609504], [-90.229038, 38.60977], [-90.229001, 38.609955], [-90.228984, 38.61003], [-90.228948, 38.610206], [-90.22885, 38.610671], [-90.228593, 38.611957], [-90.228588, 38.611982], [-90.228578, 38.612034], [-90.228422, 38.612885], [-90.228406, 38.612972], [-90.228383, 38.61307], [-90.228317, 38.613361], [-90.228257, 38.613623], [-90.228215, 38.613808], [-90.228189, 38.613925], [-90.228126, 38.614212], [-90.228111, 38.614276], [-90.228086, 38.614394], [-90.228033, 38.614635], [-90.2279, 38.615248], [-90.227878, 38.615362], [-90.227833, 38.615606], [-90.227799, 38.615786], [-90.227745, 38.616083], [-90.22772, 38.616217], [-90.227696, 38.616325], [-90.227657, 38.616505], [-90.227617, 38.616687], [-90.227558, 38.61696], [-90.227497, 38.617234], [-90.227458, 38.617417], [-90.227423, 38.617593], [-90.227374, 38.617854], [-90.227369, 38.617876], [-90.227321, 38.618124], [-90.227288, 38.618302], [-90.227251, 38.618482], [-90.2272, 38.618732], [-90.22714, 38.619022], [-90.227112, 38.619159], [-90.227103, 38.619203], [-90.22637, 38.619156], [-90.226053, 38.619114], [-90.225102, 38.618988], [-90.224785, 38.618946], [-90.224336, 38.618887], [-90.22359, 38.61879], [-90.222989, 38.618715], [-90.22254, 38.618659], [-90.222268, 38.618625], [-90.220477, 38.618393], [-90.22024, 38.618353], [-90.22014, 38.618336], [-90.220099, 38.618233], [-90.220149, 38.618093], [-90.220246, 38.617781], [-90.220311, 38.617447], [-90.220403, 38.61698], [-90.220422, 38.616888], [-90.220481, 38.616614], [-90.220502, 38.616523], [-90.220521, 38.616429], [-90.220578, 38.61615], [-90.220598, 38.616057], [-90.220654, 38.615797], [-90.220845, 38.615024], [-90.22091, 38.614767], [-90.220938, 38.614638], [-90.221, 38.614356], [-90.221022, 38.614251], [-90.221051, 38.614122], [-90.221066, 38.61405], [-90.221114, 38.613833], [-90.22113, 38.613762], [-90.221164, 38.613562], [-90.221239, 38.613135], [-90.221251, 38.613062], [-90.221431, 38.612284], [-90.221511, 38.612183], [-90.221534, 38.612049], [-90.221631, 38.611602], [-90.221742, 38.611095], [-90.221848, 38.610572], [-90.221926, 38.610186], [-90.221954, 38.610047], [-90.222103, 38.609324], [-90.222288, 38.608457], [-90.222324, 38.608287], [-90.222397, 38.607945], [-90.222429, 38.607779], [-90.222463, 38.60761], [-90.222496, 38.607445], [-90.222596, 38.60695], [-90.22263, 38.606786], [-90.222652, 38.606676], [-90.222718, 38.606346], [-90.222741, 38.606237], [-90.222785, 38.606026], [-90.222919, 38.605394], [-90.222964, 38.605184], [-90.223007, 38.604979], [-90.223026, 38.604911], [-90.223399, 38.603088], [-90.224032, 38.603264], [-90.224553, 38.603408], [-90.225673, 38.603751], [-90.225766, 38.60371], [-90.225962, 38.603624], [-90.226473, 38.603402], [-90.226817, 38.603511], [-90.227042, 38.60357], [-90.227719, 38.60375], [-90.227945, 38.60381], [-90.228165, 38.603872], [-90.228826, 38.604059], [-90.229047, 38.604122], [-90.229266, 38.604184], [-90.229427, 38.60423], [-90.229925, 38.604366], [-90.230146, 38.604427], [-90.23006, 38.604871], [-90.230041, 38.60497]]]}}, {"id": "72", "type": "Feature", "properties": {"geoid": "29510126600", "name": "Census Tract 1266; St. Louis city; Missouri", "total_population": 2506, "total_population_moe": 640, "race_total": 2506, "race_total_moe": 640, "race_white_non_hispanic": 489, "race_white_non_hispanic_moe": 205, "race_black_non_hispanic": 1948, "race_black_non_hispanic_moe": 694, "poverty_universe": 2323, "poverty_universe_moe": 641, "poverty_below": 1364, "poverty_below_moe": 640, "male_5_9": 188, "male_5_9_moe": 99, "male_10_14": 3, "male_10_14_moe": 7, "male_15_17": 36, "male_15_17_moe": 43, "female_5_9": 113, "female_5_9_moe": 139, "female_10_14": 105, "female_10_14_moe": 77, "female_15_17": 76, "female_15_17_moe": 89, "male_white_non_hispanic_5_9": 46, "male_white_non_hispanic_5_9_moe": 53, "male_white_non_hispanic_10_14": 0, "male_white_non_hispanic_10_14_moe": 12, "male_white_non_hispanic_15_17": 0, "male_white_non_hispanic_15_17_moe": 12, "female_white_non_hispanic_5_9": 0, "female_white_non_hispanic_5_9_moe": 12, "female_white_non_hispanic_10_14": 0, "female_white_non_hispanic_10_14_moe": 12, "female_white_non_hispanic_15_17": 0, "female_white_non_hispanic_15_17_moe": 12, "male_black_alone_5_9": 142, "male_black_alone_5_9_moe": 101, "male_black_alone_10_14": 3, "male_black_alone_10_14_moe": 7, "male_black_alone_15_17": 30, "male_black_alone_15_17_moe": 42, "female_black_alone_5_9": 113, "female_black_alone_5_9_moe": 139, "female_black_alone_10_14": 105, "female_black_alone_10_14_moe": 77, "female_black_alone_15_17": 62, "female_black_alone_15_17_moe": 85, "male_public_school_5_9": 161, "state": "29", "county": "510", "tract": "126600", "male_public_school_5_9_moe": 96, "male_public_school_10_14": 3, "male_public_school_10_14_moe": 7, "male_public_school_15_17": 36, "male_public_school_15_17_moe": 43, "male_private_school_5_9": 0, "male_private_school_5_9_moe": 12, "male_private_school_10_14": 0, "male_private_school_10_14_moe": 12, "male_private_school_15_17": 0, "male_private_school_15_17_moe": 12, "female_public_school_5_9": 28, "female_public_school_5_9_moe": 43, "female_public_school_10_14": 77, "female_public_school_10_14_moe": 69, "female_public_school_15_17": 14, "female_public_school_15_17_moe": 21, "female_private_school_5_9": 0, "female_private_school_5_9_moe": 12, "female_private_school_10_14": 28, "female_private_school_10_14_moe": 43, "female_private_school_15_17": 0, "female_private_school_15_17_moe": 12, "median_household_income": 18088, "median_household_income_moe": 9025, "acs_median_owner_occupied_home_value": 185800, "acs_median_owner_occupied_home_value_moe": 99213, "race_other": 69, "race_white_share": 0.1951316839584996, "race_black_share": 0.7773343974461293, "race_other_share": 0.02753391859537111, "poverty_rate": 0.5871717606543263, "school_age_5_17": 521, "school_age_white_non_hispanic_5_17": 46, "school_age_black_alone_5_17": 455, "school_age_other_or_unclassified_5_17": 20, "school_age_white_non_hispanic_5_17_moe": 59.405386961116584, "school_age_black_alone_5_17_moe": 210.92415698539605, "school_age_white_non_hispanic_5_17_share": 0.08829174664107485, "school_age_black_alone_5_17_share": 0.8733205374280231, "school_age_other_or_unclassified_5_17_share": 0.03838771593090211, "school_age_5_17_per_capita": 0.20790103750997604, "public_school_enrolled_5_17": 319, "private_school_enrolled_5_17": 28, "public_school_enrolled_5_17_moe": 134.77759457714032, "private_school_enrolled_5_17_moe": 50.68530358989675, "public_school_enrolled_5_17_per_school_age": 0.6122840690978887, "private_school_enrolled_5_17_per_school_age": 0.053742802303262956, "source_area_sq_m": 3770148.953389042, "city_area_sq_m": 3262776.935388571, "city_area_share": 0.8654238799916946, "tornado_damage_intersects": false, "tornado_max_efscale": "<NA>", "tornado_damage_area_sq_m": 0.0, "tornado_damage_area_share": 0.0, "tornado_damage_point_count": 0, "tornado_ef2_plus_point_count": 0, "tornado_distance_to_path_m": 2598.061691133238}, "geometry": {"type": "Polygon", "coordinates": [[[-90.205104, 38.644225], [-90.205043, 38.644409], [-90.204998, 38.644539], [-90.204865, 38.644932], [-90.204822, 38.645063], [-90.204805, 38.645112], [-90.204754, 38.645262], [-90.204738, 38.645312], [-90.204676, 38.645494], [-90.204492, 38.646042], [-90.204432, 38.646225], [-90.204436, 38.646318], [-90.204444, 38.646499], [-90.204415, 38.646595], [-90.204404, 38.646633], [-90.204388, 38.646685], [-90.204325, 38.646872], [-90.204135, 38.647436], [-90.204073, 38.647624], [-90.204018, 38.647784], [-90.203935, 38.648032], [-90.203798, 38.648428], [-90.203657, 38.648838], [-90.203517, 38.649245], [-90.203357, 38.649713], [-90.203195, 38.650177], [-90.203118, 38.650393], [-90.203017, 38.65068], [-90.202979, 38.650786], [-90.202866, 38.651104], [-90.202829, 38.651211], [-90.202758, 38.651415], [-90.202642, 38.651753], [-90.202548, 38.652029], [-90.202479, 38.652235], [-90.202426, 38.652389], [-90.202347, 38.652623], [-90.202268, 38.652854], [-90.202216, 38.653009], [-90.202072, 38.653431], [-90.201861, 38.654033], [-90.202116, 38.65449], [-90.202333, 38.654814], [-90.202402, 38.654938], [-90.202802, 38.655531], [-90.20289, 38.655663], [-90.202917, 38.655703], [-90.20318, 38.656043], [-90.203278, 38.65617], [-90.203453, 38.6564], [-90.203672, 38.656688], [-90.203898, 38.657141], [-90.204028, 38.657401], [-90.203224, 38.657244], [-90.202862, 38.657169], [-90.202571, 38.65711], [-90.202486, 38.657092], [-90.202232, 38.657038], [-90.202148, 38.657021], [-90.201704, 38.656928], [-90.201574, 38.656901], [-90.201092, 38.6568], [-90.201028, 38.656786], [-90.201, 38.656781], [-90.200937, 38.656767], [-90.200054, 38.656576], [-90.199393, 38.656432], [-90.199119, 38.656382], [-90.197952, 38.65612], [-90.196865, 38.655884], [-90.196658, 38.655843], [-90.196211, 38.655755], [-90.196038, 38.655718], [-90.195833, 38.655674], [-90.19567, 38.65564], [-90.195437, 38.655592], [-90.195227, 38.655548], [-90.195185, 38.655539], [-90.195023, 38.655506], [-90.194566, 38.655411], [-90.193859, 38.655264], [-90.193773, 38.655275], [-90.193361, 38.655414], [-90.192958, 38.655551], [-90.19213, 38.655818], [-90.191703, 38.655945], [-90.191262, 38.656093], [-90.191229, 38.656103], [-90.191132, 38.656136], [-90.1911, 38.656148], [-90.189438, 38.656673], [-90.188427, 38.65699], [-90.188093, 38.657093], [-90.187094, 38.657403], [-90.186761, 38.657507], [-90.186467, 38.657598], [-90.185981, 38.657757], [-90.185942, 38.65777], [-90.18589, 38.657783], [-90.185797, 38.65781], [-90.185728, 38.65783], [-90.185584, 38.657872], [-90.185322, 38.657949], [-90.184496, 38.658191], [-90.184391, 38.658222], [-90.18370088071279, 38.658440235839976], [-90.1831842160574, 38.65558021593581], [-90.1825373332645, 38.65231498127141], [-90.1817729319455, 38.6482253733751], [-90.1802956719058, 38.6408427007914], [-90.18027105928279, 38.6407207090586], [-90.180428, 38.640708], [-90.180511, 38.640701], [-90.180997, 38.640662], [-90.181274, 38.64064], [-90.181317, 38.640636], [-90.181728, 38.640603], [-90.181857, 38.640592], [-90.182037, 38.640578], [-90.182063, 38.640573], [-90.182144, 38.640558], [-90.182363, 38.64054], [-90.182633, 38.640519], [-90.183023, 38.640494], [-90.1832, 38.640483], [-90.183244, 38.64048], [-90.183232, 38.640336], [-90.183204, 38.639966], [-90.183202, 38.639905], [-90.1832, 38.639762], [-90.18336, 38.639748], [-90.183458, 38.639741], [-90.183841, 38.639703], [-90.184002, 38.639688], [-90.184329, 38.639656], [-90.18486, 38.639615], [-90.18588, 38.639552], [-90.186157, 38.639535], [-90.186367, 38.639528], [-90.186584, 38.639561], [-90.186766, 38.639593], [-90.187041, 38.639661], [-90.187204, 38.639697], [-90.187285, 38.639716], [-90.187386, 38.639741], [-90.187507, 38.63977], [-90.187552, 38.639781], [-90.188179, 38.639912], [-90.188404, 38.639959], [-90.18952, 38.640192], [-90.189747, 38.640239], [-90.19043, 38.640382], [-90.190658, 38.64043], [-90.190997, 38.6405], [-90.191747, 38.640657], [-90.191841, 38.640677], [-90.191893, 38.640688], [-90.191975, 38.640705], [-90.192434, 38.640801], [-90.192798, 38.640877], [-90.192857, 38.640889], [-90.193222, 38.640966], [-90.19407, 38.641143], [-90.195088, 38.641356], [-90.196191, 38.641587], [-90.197338, 38.641827], [-90.198417, 38.642048], [-90.198472, 38.642059], [-90.198523, 38.642069], [-90.199554, 38.64228], [-90.200573, 38.642488], [-90.200773, 38.642529], [-90.201188, 38.642614], [-90.201376, 38.642654], [-90.201577, 38.642698], [-90.201622, 38.642707], [-90.201757, 38.642736], [-90.201803, 38.642746], [-90.202139, 38.642818], [-90.203149, 38.643034], [-90.203486, 38.643107], [-90.203819, 38.643178], [-90.203929, 38.643202], [-90.204819, 38.643392], [-90.205153, 38.643464], [-90.20514, 38.643555], [-90.205145, 38.643656], [-90.205167, 38.644041], [-90.205104, 38.644225]]]}}, {"id": "73", "type": "Feature", "properties": {"geoid": "29510114102", "name": "Census Tract 1141.02; St. Louis city; Missouri", "total_population": 4216, "total_population_moe": 521, "race_total": 4216, "race_total_moe": 521, "race_white_non_hispanic": 3940, "race_white_non_hispanic_moe": 563, "race_black_non_hispanic": 106, "race_black_non_hispanic_moe": 114, "poverty_universe": 4216, "poverty_universe_moe": 521, "poverty_below": 399, "poverty_below_moe": 428, "male_5_9": 144, "male_5_9_moe": 67, "male_10_14": 56, "male_10_14_moe": 78, "male_15_17": 154, "male_15_17_moe": 139, "female_5_9": 57, "female_5_9_moe": 48, "female_10_14": 102, "female_10_14_moe": 117, "female_15_17": 48, "female_15_17_moe": 50, "male_white_non_hispanic_5_9": 144, "male_white_non_hispanic_5_9_moe": 67, "male_white_non_hispanic_10_14": 56, "male_white_non_hispanic_10_14_moe": 78, "male_white_non_hispanic_15_17": 154, "male_white_non_hispanic_15_17_moe": 139, "female_white_non_hispanic_5_9": 57, "female_white_non_hispanic_5_9_moe": 48, "female_white_non_hispanic_10_14": 102, "female_white_non_hispanic_10_14_moe": 117, "female_white_non_hispanic_15_17": 28, "female_white_non_hispanic_15_17_moe": 34, "male_black_alone_5_9": 0, "male_black_alone_5_9_moe": 12, "male_black_alone_10_14": 0, "male_black_alone_10_14_moe": 12, "male_black_alone_15_17": 0, "male_black_alone_15_17_moe": 12, "female_black_alone_5_9": 0, "female_black_alone_5_9_moe": 12, "female_black_alone_10_14": 0, "female_black_alone_10_14_moe": 12, "female_black_alone_15_17": 0, "female_black_alone_15_17_moe": 12, "male_public_school_5_9": 49, "state": "29", "county": "510", "tract": "114102", "male_public_school_5_9_moe": 48, "male_public_school_10_14": 0, "male_public_school_10_14_moe": 12, "male_public_school_15_17": 0, "male_public_school_15_17_moe": 12, "male_private_school_5_9": 95, "male_private_school_5_9_moe": 67, "male_private_school_10_14": 56, "male_private_school_10_14_moe": 78, "male_private_school_15_17": 154, "male_private_school_15_17_moe": 139, "female_public_school_5_9": 15, "female_public_school_5_9_moe": 23, "female_public_school_10_14": 0, "female_public_school_10_14_moe": 12, "female_public_school_15_17": 14, "female_public_school_15_17_moe": 24, "female_private_school_5_9": 42, "female_private_school_5_9_moe": 39, "female_private_school_10_14": 102, "female_private_school_10_14_moe": 117, "female_private_school_15_17": 34, "female_private_school_15_17_moe": 44, "median_household_income": 80445, "median_household_income_moe": 24633, "acs_median_owner_occupied_home_value": 378500, "acs_median_owner_occupied_home_value_moe": 35939, "race_other": 170, "race_white_share": 0.9345351043643264, "race_black_share": 0.025142314990512334, "race_other_share": 0.04032258064516129, "poverty_rate": 0.09463946869070208, "school_age_5_17": 561, "school_age_white_non_hispanic_5_17": 541, "school_age_black_alone_5_17": 0, "school_age_other_or_unclassified_5_17": 20, "school_age_white_non_hispanic_5_17_moe": 216.89398331904, "school_age_black_alone_5_17_moe": 29.393876913398138, "school_age_white_non_hispanic_5_17_share": 0.964349376114082, "school_age_black_alone_5_17_share": 0.0, "school_age_other_or_unclassified_5_17_share": 0.035650623885918005, "school_age_5_17_per_capita": 0.13306451612903225, "public_school_enrolled_5_17": 78, "private_school_enrolled_5_17": 483, "public_school_enrolled_5_17_moe": 61.97580172938467, "private_school_enrolled_5_17_moe": 216.88706738761533, "public_school_enrolled_5_17_per_school_age": 0.13903743315508021, "private_school_enrolled_5_17_per_school_age": 0.8609625668449198, "source_area_sq_m": 1587473.8836705377, "city_area_sq_m": 1587473.883670537, "city_area_share": 0.9999999999999996, "tornado_damage_intersects": false, "tornado_max_efscale": "<NA>", "tornado_damage_area_sq_m": 0.0, "tornado_damage_area_share": 0.0, "tornado_damage_point_count": 0, "tornado_ef2_plus_point_count": 0, "tornado_distance_to_path_m": 5000.496347511592}, "geometry": {"type": "Polygon", "coordinates": [[[-90.304518, 38.58271], [-90.304429, 38.583264], [-90.3044, 38.583449], [-90.304372, 38.583628], [-90.304292, 38.584165], [-90.304266, 38.584345], [-90.30423, 38.584546], [-90.304126, 38.585151], [-90.304102, 38.585293], [-90.304092, 38.585353], [-90.304066, 38.585503], [-90.30401, 38.585829], [-90.30399, 38.585955], [-90.303968, 38.586106], [-90.303936, 38.586316], [-90.303843, 38.586949], [-90.303826, 38.587066], [-90.303812, 38.58716], [-90.303789, 38.587309], [-90.303723, 38.58776], [-90.303701, 38.58791], [-90.303662, 38.588119], [-90.303613, 38.588393], [-90.303554, 38.588748], [-90.30353, 38.588898], [-90.30352, 38.588959], [-90.303492, 38.589131], [-90.303464, 38.589304], [-90.303407, 38.589647], [-90.303379, 38.589819], [-90.30335, 38.589988], [-90.303314, 38.590213], [-90.303267, 38.590498], [-90.30324, 38.590668], [-90.303209, 38.59085], [-90.30314, 38.591268], [-90.303113, 38.591395], [-90.303102, 38.591454], [-90.303076, 38.591576], [-90.303057, 38.591873], [-90.302165, 38.592309], [-90.30205, 38.592358], [-90.302021, 38.592433], [-90.301936, 38.592616], [-90.301877, 38.592783], [-90.301822, 38.59297], [-90.301779, 38.593195], [-90.301527, 38.594049], [-90.301472, 38.594224], [-90.301311, 38.594751], [-90.301257, 38.594927], [-90.301206, 38.595096], [-90.301053, 38.595607], [-90.301002, 38.595777], [-90.300951, 38.595947], [-90.300799, 38.596457], [-90.300749, 38.596628], [-90.300698, 38.596795], [-90.300547, 38.597296], [-90.300544, 38.597307], [-90.300503, 38.597466], [-90.300277, 38.597442], [-90.299917, 38.597404], [-90.299602, 38.597371], [-90.299377, 38.597349], [-90.29907, 38.597318], [-90.298151, 38.597226], [-90.297845, 38.597196], [-90.297327, 38.597145], [-90.296962, 38.59711], [-90.295773, 38.596987], [-90.295256, 38.596934], [-90.294763, 38.596885], [-90.294654, 38.596875], [-90.293353, 38.596763], [-90.293284, 38.596756], [-90.292792, 38.596709], [-90.292436, 38.596673], [-90.292195, 38.59665], [-90.291724, 38.596603], [-90.29137, 38.596563], [-90.291015, 38.596524], [-90.291043, 38.596353], [-90.291084, 38.596104], [-90.291127, 38.59584], [-90.291155, 38.595669], [-90.291181, 38.595502], [-90.291221, 38.595262], [-90.29127, 38.595005], [-90.291303, 38.59484], [-90.291332, 38.594672], [-90.291374, 38.594436], [-90.291421, 38.594171], [-90.291451, 38.594004], [-90.29148, 38.593831], [-90.29152, 38.593605], [-90.29157, 38.593313], [-90.291601, 38.593141], [-90.291634, 38.592946], [-90.291662, 38.59279], [-90.291677, 38.592673], [-90.291695, 38.592529], [-90.291674, 38.592388], [-90.291665, 38.59236], [-90.291631, 38.592253], [-90.291606, 38.592172], [-90.291598, 38.592148], [-90.291575, 38.591993], [-90.291592, 38.591742], [-90.291605, 38.591562], [-90.291626, 38.591452], [-90.291662, 38.591275], [-90.291697, 38.591097], [-90.29179, 38.590628], [-90.2918, 38.590565], [-90.291831, 38.590387], [-90.291866, 38.590211], [-90.291921, 38.589946], [-90.291958, 38.58968], [-90.291984, 38.589503], [-90.292014, 38.589326], [-90.292058, 38.589072], [-90.292106, 38.588798], [-90.292138, 38.588622], [-90.292169, 38.588447], [-90.292217, 38.588178], [-90.292261, 38.587922], [-90.292292, 38.587748], [-90.292367, 38.587302], [-90.29251, 38.587151], [-90.29249, 38.587065], [-90.292476, 38.586887], [-90.292475, 38.586874], [-90.292484, 38.58673], [-90.292541, 38.586428], [-90.292634, 38.585987], [-90.292663, 38.58581], [-90.292707, 38.585546], [-90.292754, 38.585282], [-90.292787, 38.585107], [-90.292819, 38.58493], [-90.292869, 38.584658], [-90.292917, 38.5844], [-90.29295, 38.584224], [-90.292973, 38.584042], [-90.292985, 38.583957], [-90.293016, 38.583774], [-90.293063, 38.583499], [-90.293095, 38.583319], [-90.293127, 38.583139], [-90.293176, 38.582877], [-90.293228, 38.582602], [-90.293263, 38.582424], [-90.293278, 38.582347], [-90.293313, 38.58217], [-90.293321, 38.582117], [-90.293334, 38.582041], [-90.293921, 38.581934], [-90.293959, 38.581926], [-90.295496, 38.581632], [-90.295586, 38.581626], [-90.295722, 38.581618], [-90.295839, 38.581625], [-90.296299, 38.581656], [-90.296474, 38.581671], [-90.29664, 38.581685], [-90.29714, 38.581729], [-90.297307, 38.581744], [-90.297611, 38.581771], [-90.297773, 38.581789], [-90.299168, 38.58195], [-90.299634, 38.582004], [-90.300007, 38.582046], [-90.301126, 38.582173], [-90.301499, 38.582216], [-90.301707, 38.58224], [-90.302109, 38.582277], [-90.303859, 38.582439], [-90.303941, 38.582449], [-90.30455, 38.582526], [-90.304529, 38.582647], [-90.304518, 38.58271]]]}}, {"id": "74", "type": "Feature", "properties": {"geoid": "29510116302", "name": "Census Tract 1163.02; St. Louis city; Missouri", "total_population": 2492, "total_population_moe": 661, "race_total": 2492, "race_total_moe": 661, "race_white_non_hispanic": 589, "race_white_non_hispanic_moe": 206, "race_black_non_hispanic": 916, "race_black_non_hispanic_moe": 606, "poverty_universe": 2492, "poverty_universe_moe": 661, "poverty_below": 630, "poverty_below_moe": 267, "male_5_9": 140, "male_5_9_moe": 210, "male_10_14": 2, "male_10_14_moe": 15, "male_15_17": 54, "male_15_17_moe": 69, "female_5_9": 52, "female_5_9_moe": 49, "female_10_14": 152, "female_10_14_moe": 116, "female_15_17": 61, "female_15_17_moe": 50, "male_white_non_hispanic_5_9": 0, "male_white_non_hispanic_5_9_moe": 12, "male_white_non_hispanic_10_14": 0, "male_white_non_hispanic_10_14_moe": 12, "male_white_non_hispanic_15_17": 0, "male_white_non_hispanic_15_17_moe": 12, "female_white_non_hispanic_5_9": 0, "female_white_non_hispanic_5_9_moe": 12, "female_white_non_hispanic_10_14": 0, "female_white_non_hispanic_10_14_moe": 12, "female_white_non_hispanic_15_17": 0, "female_white_non_hispanic_15_17_moe": 12, "male_black_alone_5_9": 139, "male_black_alone_5_9_moe": 210, "male_black_alone_10_14": 0, "male_black_alone_10_14_moe": 12, "male_black_alone_15_17": 46, "male_black_alone_15_17_moe": 67, "female_black_alone_5_9": 27, "female_black_alone_5_9_moe": 33, "female_black_alone_10_14": 48, "female_black_alone_10_14_moe": 74, "female_black_alone_15_17": 0, "female_black_alone_15_17_moe": 12, "male_public_school_5_9": 93, "state": "29", "county": "510", "tract": "116302", "male_public_school_5_9_moe": 140, "male_public_school_10_14": 0, "male_public_school_10_14_moe": 12, "male_public_school_15_17": 54, "male_public_school_15_17_moe": 69, "male_private_school_5_9": 1, "male_private_school_5_9_moe": 7, "male_private_school_10_14": 1, "male_private_school_10_14_moe": 8, "male_private_school_15_17": 0, "male_private_school_15_17_moe": 12, "female_public_school_5_9": 33, "female_public_school_5_9_moe": 36, "female_public_school_10_14": 117, "female_public_school_10_14_moe": 93, "female_public_school_15_17": 57, "female_public_school_15_17_moe": 50, "female_private_school_5_9": 19, "female_private_school_5_9_moe": 31, "female_private_school_10_14": 35, "female_private_school_10_14_moe": 49, "female_private_school_15_17": 4, "female_private_school_15_17_moe": 12, "median_household_income": 38778, "median_household_income_moe": 8209, "acs_median_owner_occupied_home_value": 159800, "acs_median_owner_occupied_home_value_moe": 38417, "race_other": 987, "race_white_share": 0.23635634028892455, "race_black_share": 0.36757624398073835, "race_other_share": 0.3960674157303371, "poverty_rate": 0.25280898876404495, "school_age_5_17": 461, "school_age_white_non_hispanic_5_17": 0, "school_age_black_alone_5_17": 260, "school_age_other_or_unclassified_5_17": 201, "school_age_white_non_hispanic_5_17_moe": 29.393876913398138, "school_age_black_alone_5_17_moe": 235.46124946580912, "school_age_white_non_hispanic_5_17_share": 0.0, "school_age_black_alone_5_17_share": 0.5639913232104121, "school_age_other_or_unclassified_5_17_share": 0.4360086767895879, "school_age_5_17_per_capita": 0.18499197431781703, "public_school_enrolled_5_17": 354, "private_school_enrolled_5_17": 60, "public_school_enrolled_5_17_moe": 192.22382786741085, "private_school_enrolled_5_17_moe": 61.34329629226001, "public_school_enrolled_5_17_per_school_age": 0.7678958785249458, "private_school_enrolled_5_17_per_school_age": 0.1301518438177874, "source_area_sq_m": 616765.7152309892, "city_area_sq_m": 616765.7152309889, "city_area_share": 0.9999999999999997, "tornado_damage_intersects": false, "tornado_max_efscale": "<NA>", "tornado_damage_area_sq_m": 0.0, "tornado_damage_area_share": 0.0, "tornado_damage_point_count": 0, "tornado_ef2_plus_point_count": 0, "tornado_distance_to_path_m": 6528.070599744801}, "geometry": {"type": "Polygon", "coordinates": [[[-90.252217, 38.586412], [-90.252125, 38.586617], [-90.252067, 38.586797], [-90.252022, 38.587054], [-90.251986, 38.587262], [-90.251978, 38.58731], [-90.251889, 38.587889], [-90.251857, 38.588099], [-90.251824, 38.588304], [-90.251779, 38.5886], [-90.251726, 38.588922], [-90.251693, 38.589128], [-90.251617, 38.589582], [-90.251413, 38.590809], [-90.25139, 38.590949], [-90.251381, 38.591152], [-90.251386, 38.591383], [-90.251328, 38.591402], [-90.251277, 38.591418], [-90.251214, 38.59144], [-90.25112, 38.591451], [-90.251067, 38.591458], [-90.251137, 38.591552], [-90.251275, 38.591737], [-90.251353, 38.591832], [-90.251429, 38.591923], [-90.25153, 38.592073], [-90.251686, 38.592303], [-90.251702, 38.592327], [-90.251737, 38.592443], [-90.251738, 38.592561], [-90.251739, 38.592597], [-90.251718, 38.592742], [-90.251694, 38.592911], [-90.251659, 38.593162], [-90.251615, 38.593419], [-90.251587, 38.593588], [-90.251552, 38.593746], [-90.251524, 38.593795], [-90.251502, 38.593835], [-90.251398, 38.593928], [-90.251318, 38.593977], [-90.251197, 38.594049], [-90.251046, 38.594155], [-90.251023, 38.594199], [-90.250981, 38.594283], [-90.250938, 38.5944], [-90.25093, 38.59442], [-90.250921, 38.594447], [-90.250916, 38.594482], [-90.250914, 38.594504], [-90.250487, 38.594464], [-90.249997, 38.59442], [-90.249209, 38.594342], [-90.248784, 38.594301], [-90.248522, 38.594275], [-90.248126, 38.594237], [-90.247737, 38.594199], [-90.247476, 38.594174], [-90.246852, 38.594114], [-90.246166, 38.594048], [-90.245916, 38.594024], [-90.245539, 38.593988], [-90.245169, 38.593951], [-90.244921, 38.593927], [-90.244664, 38.593901], [-90.244279, 38.593864], [-90.243894, 38.593825], [-90.243638, 38.5938], [-90.243682, 38.593533], [-90.243709, 38.593373], [-90.243773, 38.592919], [-90.2438, 38.59273], [-90.243839, 38.592463], [-90.243856, 38.592367], [-90.243857, 38.592351], [-90.243901, 38.592015], [-90.243916, 38.591903], [-90.243967, 38.591509], [-90.244045, 38.591004], [-90.244175, 38.590165], [-90.244189, 38.590116], [-90.244185, 38.590103], [-90.244337, 38.589204], [-90.244488, 38.588343], [-90.244493, 38.588316], [-90.244521, 38.588152], [-90.244657, 38.587351], [-90.244684, 38.587184], [-90.244767, 38.586684], [-90.244796, 38.586518], [-90.244802, 38.586476], [-90.244822, 38.586353], [-90.24483, 38.586313], [-90.244851, 38.586171], [-90.244914, 38.585748], [-90.244936, 38.585607], [-90.244946, 38.585534], [-90.244951, 38.585507], [-90.244961, 38.585315], [-90.244964, 38.58528], [-90.244961, 38.585242], [-90.245432, 38.585291], [-90.245599, 38.585309], [-90.246322, 38.585386], [-90.246848, 38.585438], [-90.247321, 38.585486], [-90.247429, 38.585496], [-90.247754, 38.585529], [-90.247863, 38.58554], [-90.248075, 38.585561], [-90.248389, 38.585593], [-90.248713, 38.585627], [-90.248926, 38.58565], [-90.249415, 38.585701], [-90.2499, 38.585752], [-90.250388, 38.585811], [-90.250913, 38.585868], [-90.251461, 38.585921], [-90.251915, 38.586], [-90.252394, 38.586171], [-90.252288, 38.586304], [-90.252217, 38.586412]]]}}, {"id": "75", "type": "Feature", "properties": {"geoid": "29510116301", "name": "Census Tract 1163.01; St. Louis city; Missouri", "total_population": 3163, "total_population_moe": 647, "race_total": 3163, "race_total_moe": 647, "race_white_non_hispanic": 2426, "race_white_non_hispanic_moe": 425, "race_black_non_hispanic": 293, "race_black_non_hispanic_moe": 268, "poverty_universe": 3163, "poverty_universe_moe": 647, "poverty_below": 670, "poverty_below_moe": 455, "male_5_9": 75, "male_5_9_moe": 44, "male_10_14": 73, "male_10_14_moe": 58, "male_15_17": 15, "male_15_17_moe": 24, "female_5_9": 158, "female_5_9_moe": 114, "female_10_14": 141, "female_10_14_moe": 91, "female_15_17": 41, "female_15_17_moe": 50, "male_white_non_hispanic_5_9": 67, "male_white_non_hispanic_5_9_moe": 43, "male_white_non_hispanic_10_14": 62, "male_white_non_hispanic_10_14_moe": 56, "male_white_non_hispanic_15_17": 15, "male_white_non_hispanic_15_17_moe": 24, "female_white_non_hispanic_5_9": 64, "female_white_non_hispanic_5_9_moe": 53, "female_white_non_hispanic_10_14": 104, "female_white_non_hispanic_10_14_moe": 62, "female_white_non_hispanic_15_17": 11, "female_white_non_hispanic_15_17_moe": 18, "male_black_alone_5_9": 0, "male_black_alone_5_9_moe": 12, "male_black_alone_10_14": 0, "male_black_alone_10_14_moe": 12, "male_black_alone_15_17": 0, "male_black_alone_15_17_moe": 12, "female_black_alone_5_9": 55, "female_black_alone_5_9_moe": 77, "female_black_alone_10_14": 0, "female_black_alone_10_14_moe": 12, "female_black_alone_15_17": 30, "female_black_alone_15_17_moe": 48, "male_public_school_5_9": 31, "state": "29", "county": "510", "tract": "116301", "male_public_school_5_9_moe": 29, "male_public_school_10_14": 62, "male_public_school_10_14_moe": 56, "male_public_school_15_17": 0, "male_public_school_15_17_moe": 12, "male_private_school_5_9": 44, "male_private_school_5_9_moe": 40, "male_private_school_10_14": 11, "male_private_school_10_14_moe": 20, "male_private_school_15_17": 15, "male_private_school_15_17_moe": 24, "female_public_school_5_9": 98, "female_public_school_5_9_moe": 88, "female_public_school_10_14": 53, "female_public_school_10_14_moe": 52, "female_public_school_15_17": 41, "female_public_school_15_17_moe": 50, "female_private_school_5_9": 60, "female_private_school_5_9_moe": 70, "female_private_school_10_14": 88, "female_private_school_10_14_moe": 83, "female_private_school_15_17": 0, "female_private_school_15_17_moe": 12, "median_household_income": 93385, "median_household_income_moe": 20110, "acs_median_owner_occupied_home_value": 359900, "acs_median_owner_occupied_home_value_moe": 50030, "race_other": 444, "race_white_share": 0.7669933607334809, "race_black_share": 0.09263357571925387, "race_other_share": 0.14037306354726525, "poverty_rate": 0.2118242175150174, "school_age_5_17": 503, "school_age_white_non_hispanic_5_17": 323, "school_age_black_alone_5_17": 85, "school_age_other_or_unclassified_5_17": 95, "school_age_white_non_hispanic_5_17_moe": 111.97321108193691, "school_age_black_alone_5_17_moe": 93.85627309881849, "school_age_white_non_hispanic_5_17_share": 0.6421471172962226, "school_age_black_alone_5_17_share": 0.16898608349900596, "school_age_other_or_unclassified_5_17_share": 0.18886679920477137, "school_age_5_17_per_capita": 0.15902624091052797, "public_school_enrolled_5_17": 285, "private_school_enrolled_5_17": 218, "public_school_enrolled_5_17_moe": 130.64838307457157, "private_school_enrolled_5_17_moe": 120.45331045679069, "public_school_enrolled_5_17_per_school_age": 0.5666003976143141, "private_school_enrolled_5_17_per_school_age": 0.43339960238568587, "source_area_sq_m": 646040.7161207497, "city_area_sq_m": 646040.7161207501, "city_area_share": 1.0000000000000004, "tornado_damage_intersects": false, "tornado_max_efscale": "<NA>", "tornado_damage_area_sq_m": 0.0, "tornado_damage_area_share": 0.0, "tornado_damage_point_count": 0, "tornado_ef2_plus_point_count": 0, "tornado_distance_to_path_m": 5652.411976038358}, "geometry": {"type": "Polygon", "coordinates": [[[-90.250875, 38.59481], [-90.250839, 38.595071], [-90.250838, 38.595085], [-90.25082, 38.595213], [-90.250807, 38.595294], [-90.250772, 38.59554], [-90.250761, 38.595622], [-90.250746, 38.595701], [-90.250704, 38.59594], [-90.25069, 38.59602], [-90.250666, 38.596166], [-90.250662, 38.596194], [-90.250622, 38.596447], [-90.2506, 38.596608], [-90.250581, 38.596756], [-90.250577, 38.59678], [-90.250568, 38.596852], [-90.250565, 38.596877], [-90.250539, 38.597069], [-90.250518, 38.597231], [-90.250502, 38.597355], [-90.250483, 38.5975], [-90.250457, 38.597646], [-90.250425, 38.597838], [-90.250417, 38.597884], [-90.250405, 38.59796], [-90.250391, 38.59804], [-90.250338, 38.598349], [-90.250314, 38.598491], [-90.250268, 38.598775], [-90.250247, 38.598898], [-90.250237, 38.598966], [-90.250195, 38.599227], [-90.250187, 38.59927], [-90.250168, 38.599395], [-90.250159, 38.599447], [-90.250133, 38.599607], [-90.250125, 38.59966], [-90.250101, 38.599785], [-90.250095, 38.59982], [-90.250044, 38.600091], [-90.25003, 38.600163], [-90.250007, 38.600289], [-90.249975, 38.600568], [-90.249971, 38.600603], [-90.249955, 38.600738], [-90.249916, 38.600995], [-90.249888, 38.601184], [-90.249848, 38.60145], [-90.24982, 38.601639], [-90.249766, 38.601987], [-90.24975, 38.602088], [-90.249682, 38.602521], [-90.24965, 38.60272], [-90.249607, 38.603], [-90.249557, 38.60332], [-90.249527, 38.603521], [-90.248827, 38.603453], [-90.247456, 38.603321], [-90.246728, 38.603255], [-90.246028, 38.603192], [-90.245797, 38.603153], [-90.24527, 38.603101], [-90.243628, 38.602939], [-90.242992, 38.602867], [-90.242724, 38.602837], [-90.242529, 38.602791], [-90.242295, 38.602719], [-90.242248, 38.602712], [-90.242275, 38.60253], [-90.242318, 38.602251], [-90.242386, 38.601804], [-90.242449, 38.601395], [-90.242521, 38.600932], [-90.242549, 38.600748], [-90.242589, 38.600489], [-90.242633, 38.600198], [-90.242662, 38.600015], [-90.24273, 38.599567], [-90.242797, 38.599127], [-90.242865, 38.598678], [-90.242906, 38.598406], [-90.242936, 38.598211], [-90.242991, 38.597819], [-90.243064, 38.597321], [-90.243069, 38.597281], [-90.243086, 38.597161], [-90.243093, 38.597122], [-90.243202, 38.596406], [-90.243262, 38.596049], [-90.243277, 38.595964], [-90.243351, 38.595524], [-90.243453, 38.594919], [-90.243489, 38.594703], [-90.243638, 38.5938], [-90.243894, 38.593825], [-90.244279, 38.593864], [-90.244664, 38.593901], [-90.244921, 38.593927], [-90.245169, 38.593951], [-90.245539, 38.593988], [-90.245916, 38.594024], [-90.246166, 38.594048], [-90.246852, 38.594114], [-90.247476, 38.594174], [-90.247737, 38.594199], [-90.248126, 38.594237], [-90.248522, 38.594275], [-90.248784, 38.594301], [-90.249209, 38.594342], [-90.249997, 38.59442], [-90.250487, 38.594464], [-90.250914, 38.594504], [-90.250895, 38.594645], [-90.250875, 38.59481]]]}}, {"id": "76", "type": "Feature", "properties": {"geoid": "29510119101", "name": "Census Tract 1191.01; St. Louis city; Missouri", "total_population": 2868, "total_population_moe": 343, "race_total": 2868, "race_total_moe": 343, "race_white_non_hispanic": 1206, "race_white_non_hispanic_moe": 251, "race_black_non_hispanic": 890, "race_black_non_hispanic_moe": 303, "poverty_universe": 2718, "poverty_universe_moe": 343, "poverty_below": 716, "poverty_below_moe": 191, "male_5_9": 10, "male_5_9_moe": 18, "male_10_14": 52, "male_10_14_moe": 41, "male_15_17": 3, "male_15_17_moe": 10, "female_5_9": 10, "female_5_9_moe": 19, "female_10_14": 26, "female_10_14_moe": 41, "female_15_17": 8, "female_15_17_moe": 15, "male_white_non_hispanic_5_9": 0, "male_white_non_hispanic_5_9_moe": 12, "male_white_non_hispanic_10_14": 0, "male_white_non_hispanic_10_14_moe": 12, "male_white_non_hispanic_15_17": 0, "male_white_non_hispanic_15_17_moe": 12, "female_white_non_hispanic_5_9": 0, "female_white_non_hispanic_5_9_moe": 12, "female_white_non_hispanic_10_14": 0, "female_white_non_hispanic_10_14_moe": 12, "female_white_non_hispanic_15_17": 0, "female_white_non_hispanic_15_17_moe": 12, "male_black_alone_5_9": 10, "male_black_alone_5_9_moe": 18, "male_black_alone_10_14": 16, "male_black_alone_10_14_moe": 27, "male_black_alone_15_17": 3, "male_black_alone_15_17_moe": 10, "female_black_alone_5_9": 10, "female_black_alone_5_9_moe": 19, "female_black_alone_10_14": 26, "female_black_alone_10_14_moe": 41, "female_black_alone_15_17": 8, "female_black_alone_15_17_moe": 15, "male_public_school_5_9": 0, "state": "29", "county": "510", "tract": "119101", "male_public_school_5_9_moe": 12, "male_public_school_10_14": 52, "male_public_school_10_14_moe": 41, "male_public_school_15_17": 3, "male_public_school_15_17_moe": 10, "male_private_school_5_9": 10, "male_private_school_5_9_moe": 18, "male_private_school_10_14": 0, "male_private_school_10_14_moe": 12, "male_private_school_15_17": 0, "male_private_school_15_17_moe": 12, "female_public_school_5_9": 0, "female_public_school_5_9_moe": 12, "female_public_school_10_14": 26, "female_public_school_10_14_moe": 41, "female_public_school_15_17": 8, "female_public_school_15_17_moe": 15, "female_private_school_5_9": 10, "female_private_school_5_9_moe": 19, "female_private_school_10_14": 0, "female_private_school_10_14_moe": 12, "female_private_school_15_17": 0, "female_private_school_15_17_moe": 12, "median_household_income": 50313, "median_household_income_moe": 14203, "acs_median_owner_occupied_home_value": 356800, "acs_median_owner_occupied_home_value_moe": 75987, "race_other": 772, "race_white_share": 0.4205020920502092, "race_black_share": 0.3103207810320781, "race_other_share": 0.2691771269177127, "poverty_rate": 0.2634289919058131, "school_age_5_17": 109, "school_age_white_non_hispanic_5_17": 0, "school_age_black_alone_5_17": 73, "school_age_other_or_unclassified_5_17": 36, "school_age_white_non_hispanic_5_17_moe": 29.393876913398138, "school_age_black_alone_5_17_moe": 58.48076606885378, "school_age_white_non_hispanic_5_17_share": 0.0, "school_age_black_alone_5_17_share": 0.6697247706422018, "school_age_other_or_unclassified_5_17_share": 0.3302752293577982, "school_age_5_17_per_capita": 0.03800557880055788, "public_school_enrolled_5_17": 89, "private_school_enrolled_5_17": 20, "public_school_enrolled_5_17_moe": 63.047601064592456, "private_school_enrolled_5_17_moe": 35.510561809129406, "public_school_enrolled_5_17_per_school_age": 0.8165137614678899, "private_school_enrolled_5_17_per_school_age": 0.1834862385321101, "source_area_sq_m": 506681.53881190397, "city_area_sq_m": 506681.538811904, "city_area_share": 1.0000000000000002, "tornado_damage_intersects": false, "tornado_max_efscale": "<NA>", "tornado_damage_area_sq_m": 0.0, "tornado_damage_area_share": 0.0, "tornado_damage_point_count": 0, "tornado_ef2_plus_point_count": 0, "tornado_distance_to_path_m": 1357.0911574883596}, "geometry": {"type": "Polygon", "coordinates": [[[-90.262515, 38.637978], [-90.262495, 38.638066], [-90.262462, 38.638209], [-90.262453, 38.638262], [-90.262358, 38.638856], [-90.262357, 38.638869], [-90.262326, 38.639055], [-90.262283, 38.639307], [-90.262267, 38.639405], [-90.262224, 38.639692], [-90.262167, 38.640067], [-90.26213, 38.640321], [-90.262109, 38.640465], [-90.26205, 38.640891], [-90.262033, 38.641043], [-90.262012, 38.641186], [-90.26195, 38.641616], [-90.26193, 38.64176], [-90.261628, 38.641695], [-90.261573, 38.641684], [-90.26078, 38.641521], [-90.260724, 38.641509], [-90.260423, 38.641447], [-90.260391, 38.64144], [-90.260294, 38.64142], [-90.260263, 38.641414], [-90.259891, 38.641337], [-90.259438, 38.641243], [-90.258778, 38.641109], [-90.258407, 38.641034], [-90.257467, 38.640852], [-90.257107, 38.640783], [-90.256523, 38.640654], [-90.255708, 38.640475], [-90.254731, 38.640275], [-90.253992, 38.640119], [-90.253766, 38.640072], [-90.253376, 38.639989], [-90.251775, 38.63967], [-90.251036, 38.639523], [-90.250639, 38.639445], [-90.250082, 38.639313], [-90.249909, 38.639273], [-90.247215, 38.638709], [-90.246259, 38.638509], [-90.246351, 38.638228], [-90.246488, 38.637813], [-90.24663, 38.637389], [-90.246725, 38.63711], [-90.247688, 38.637306], [-90.247958, 38.637362], [-90.248906, 38.637556], [-90.250003, 38.637789], [-90.250576, 38.637906], [-90.25154, 38.638104], [-90.251624, 38.637865], [-90.251741, 38.637533], [-90.25186, 38.637143], [-90.251934, 38.636901], [-90.251985, 38.636737], [-90.252022, 38.636613], [-90.252035, 38.636573], [-90.252196, 38.636103], [-90.252309, 38.635759], [-90.252403, 38.635474], [-90.252924, 38.635589], [-90.253111, 38.635627], [-90.253547, 38.635718], [-90.254082, 38.635828], [-90.254619, 38.635939], [-90.254826, 38.635982], [-90.25524, 38.636067], [-90.255424, 38.636105], [-90.255953, 38.636201], [-90.256005, 38.636213], [-90.256022, 38.636217], [-90.25608, 38.63623], [-90.256585, 38.636346], [-90.257029, 38.636449], [-90.257884, 38.636632], [-90.258486, 38.636759], [-90.259121, 38.636894], [-90.259239, 38.636919], [-90.259596, 38.636994], [-90.259716, 38.63702], [-90.260182, 38.637118], [-90.260291, 38.637141], [-90.260959, 38.637285], [-90.261806, 38.637468], [-90.262017, 38.637514], [-90.262252, 38.637567], [-90.262595, 38.637628], [-90.262574, 38.637715], [-90.262515, 38.637978]]]}}, {"id": "77", "type": "Feature", "properties": {"geoid": "29510114101", "name": "Census Tract 1141.01; St. Louis city; Missouri", "total_population": 3925, "total_population_moe": 645, "race_total": 3925, "race_total_moe": 645, "race_white_non_hispanic": 3062, "race_white_non_hispanic_moe": 548, "race_black_non_hispanic": 527, "race_black_non_hispanic_moe": 231, "poverty_universe": 3925, "poverty_universe_moe": 645, "poverty_below": 662, "poverty_below_moe": 380, "male_5_9": 65, "male_5_9_moe": 55, "male_10_14": 56, "male_10_14_moe": 53, "male_15_17": 21, "male_15_17_moe": 35, "female_5_9": 29, "female_5_9_moe": 44, "female_10_14": 0, "female_10_14_moe": 12, "female_15_17": 27, "female_15_17_moe": 40, "male_white_non_hispanic_5_9": 46, "male_white_non_hispanic_5_9_moe": 49, "male_white_non_hispanic_10_14": 56, "male_white_non_hispanic_10_14_moe": 53, "male_white_non_hispanic_15_17": 21, "male_white_non_hispanic_15_17_moe": 35, "female_white_non_hispanic_5_9": 29, "female_white_non_hispanic_5_9_moe": 44, "female_white_non_hispanic_10_14": 0, "female_white_non_hispanic_10_14_moe": 12, "female_white_non_hispanic_15_17": 0, "female_white_non_hispanic_15_17_moe": 12, "male_black_alone_5_9": 0, "male_black_alone_5_9_moe": 12, "male_black_alone_10_14": 0, "male_black_alone_10_14_moe": 12, "male_black_alone_15_17": 0, "male_black_alone_15_17_moe": 12, "female_black_alone_5_9": 0, "female_black_alone_5_9_moe": 12, "female_black_alone_10_14": 0, "female_black_alone_10_14_moe": 12, "female_black_alone_15_17": 0, "female_black_alone_15_17_moe": 12, "male_public_school_5_9": 65, "state": "29", "county": "510", "tract": "114101", "male_public_school_5_9_moe": 55, "male_public_school_10_14": 49, "male_public_school_10_14_moe": 52, "male_public_school_15_17": 0, "male_public_school_15_17_moe": 12, "male_private_school_5_9": 0, "male_private_school_5_9_moe": 12, "male_private_school_10_14": 7, "male_private_school_10_14_moe": 14, "male_private_school_15_17": 21, "male_private_school_15_17_moe": 35, "female_public_school_5_9": 0, "female_public_school_5_9_moe": 12, "female_public_school_10_14": 0, "female_public_school_10_14_moe": 12, "female_public_school_15_17": 27, "female_public_school_15_17_moe": 40, "female_private_school_5_9": 29, "female_private_school_5_9_moe": 44, "female_private_school_10_14": 0, "female_private_school_10_14_moe": 12, "female_private_school_15_17": 0, "female_private_school_15_17_moe": 12, "median_household_income": 52336, "median_household_income_moe": 16098, "acs_median_owner_occupied_home_value": 246000, "acs_median_owner_occupied_home_value_moe": 30139, "race_other": 336, "race_white_share": 0.7801273885350318, "race_black_share": 0.13426751592356687, "race_other_share": 0.08560509554140128, "poverty_rate": 0.1686624203821656, "school_age_5_17": 198, "school_age_white_non_hispanic_5_17": 152, "school_age_black_alone_5_17": 0, "school_age_other_or_unclassified_5_17": 46, "school_age_white_non_hispanic_5_17_moe": 93.05374790947434, "school_age_black_alone_5_17_moe": 29.393876913398138, "school_age_white_non_hispanic_5_17_share": 0.7676767676767676, "school_age_black_alone_5_17_share": 0.0, "school_age_other_or_unclassified_5_17_share": 0.23232323232323232, "school_age_5_17_per_capita": 0.050445859872611465, "public_school_enrolled_5_17": 141, "private_school_enrolled_5_17": 57, "public_school_enrolled_5_17_moe": 88.09653795694811, "private_school_enrolled_5_17_moe": 61.554853586049575, "public_school_enrolled_5_17_per_school_age": 0.7121212121212122, "private_school_enrolled_5_17_per_school_age": 0.2878787878787879, "source_area_sq_m": 950092.2165868779, "city_area_sq_m": 950092.2165868775, "city_area_share": 0.9999999999999996, "tornado_damage_intersects": false, "tornado_max_efscale": "<NA>", "tornado_damage_area_sq_m": 0.0, "tornado_damage_area_share": 0.0, "tornado_damage_point_count": 0, "tornado_ef2_plus_point_count": 0, "tornado_distance_to_path_m": 5243.133289152592}, "geometry": {"type": "Polygon", "coordinates": [[[-90.291662, 38.59279], [-90.291634, 38.592946], [-90.291601, 38.593141], [-90.29157, 38.593313], [-90.29152, 38.593605], [-90.29148, 38.593831], [-90.291451, 38.594004], [-90.291421, 38.594171], [-90.291374, 38.594436], [-90.291332, 38.594672], [-90.291303, 38.59484], [-90.29127, 38.595005], [-90.291221, 38.595262], [-90.291181, 38.595502], [-90.291155, 38.595669], [-90.291127, 38.59584], [-90.291084, 38.596104], [-90.291043, 38.596353], [-90.291015, 38.596524], [-90.290532, 38.59647], [-90.290006, 38.596411], [-90.289085, 38.596318], [-90.288603, 38.59627], [-90.288204, 38.59623], [-90.287933, 38.596199], [-90.286321, 38.596014], [-90.285927, 38.595976], [-90.285258, 38.595912], [-90.284938, 38.595881], [-90.284729, 38.595861], [-90.283979, 38.595782], [-90.28366, 38.595749], [-90.283442, 38.595726], [-90.282791, 38.59566], [-90.282574, 38.595638], [-90.282349, 38.595614], [-90.281675, 38.595545], [-90.281451, 38.595522], [-90.280899, 38.59546], [-90.279642, 38.595321], [-90.279245, 38.59528], [-90.278694, 38.595224], [-90.278141, 38.595167], [-90.277606, 38.595112], [-90.276485, 38.594981], [-90.275934, 38.594917], [-90.275805, 38.594901], [-90.275702, 38.594889], [-90.275526, 38.594869], [-90.27527, 38.594841], [-90.273278, 38.594629], [-90.273264, 38.594628], [-90.273167, 38.594618], [-90.272615, 38.594557], [-90.272353, 38.594528], [-90.272095, 38.594501], [-90.271945, 38.594484], [-90.271755, 38.594463], [-90.271568, 38.594437], [-90.271308, 38.594401], [-90.271328, 38.594331], [-90.271336, 38.594308], [-90.271385, 38.594182], [-90.271466, 38.594051], [-90.271518, 38.59397], [-90.271604, 38.593833], [-90.271643, 38.593776], [-90.272037, 38.59321], [-90.272169, 38.593022], [-90.272189, 38.592993], [-90.272248, 38.592906], [-90.272269, 38.592878], [-90.272684, 38.592283], [-90.273252, 38.591469], [-90.27356, 38.591028], [-90.274285, 38.590003], [-90.274665, 38.589466], [-90.274817, 38.589495], [-90.275649, 38.589588], [-90.275915, 38.589618], [-90.277327, 38.589772], [-90.27861, 38.589903], [-90.279598, 38.590004], [-90.280406, 38.59009], [-90.282438, 38.590309], [-90.28283, 38.590353], [-90.283638, 38.590445], [-90.284442, 38.590515], [-90.285373, 38.590598], [-90.28685, 38.590765], [-90.287264, 38.590813], [-90.287653, 38.590853], [-90.288455, 38.590934], [-90.288727, 38.590962], [-90.290369, 38.591142], [-90.290859, 38.591192], [-90.291662, 38.591275], [-90.291626, 38.591452], [-90.291605, 38.591562], [-90.291592, 38.591742], [-90.291575, 38.591993], [-90.291598, 38.592148], [-90.291606, 38.592172], [-90.291631, 38.592253], [-90.291665, 38.59236], [-90.291674, 38.592388], [-90.291695, 38.592529], [-90.291677, 38.592673], [-90.291662, 38.59279]]]}}, {"id": "78", "type": "Feature", "properties": {"geoid": "29510127100", "name": "Census Tract 1271; St. Louis city; Missouri", "total_population": 1232, "total_population_moe": 190, "race_total": 1232, "race_total_moe": 190, "race_white_non_hispanic": 204, "race_white_non_hispanic_moe": 142, "race_black_non_hispanic": 975, "race_black_non_hispanic_moe": 182, "poverty_universe": 1205, "poverty_universe_moe": 190, "poverty_below": 565, "poverty_below_moe": 194, "male_5_9": 7, "male_5_9_moe": 12, "male_10_14": 54, "male_10_14_moe": 44, "male_15_17": 25, "male_15_17_moe": 35, "female_5_9": 0, "female_5_9_moe": 12, "female_10_14": 35, "female_10_14_moe": 57, "female_15_17": 17, "female_15_17_moe": 15, "male_white_non_hispanic_5_9": 7, "male_white_non_hispanic_5_9_moe": 12, "male_white_non_hispanic_10_14": 0, "male_white_non_hispanic_10_14_moe": 12, "male_white_non_hispanic_15_17": 9, "male_white_non_hispanic_15_17_moe": 22, "female_white_non_hispanic_5_9": 0, "female_white_non_hispanic_5_9_moe": 12, "female_white_non_hispanic_10_14": 35, "female_white_non_hispanic_10_14_moe": 57, "female_white_non_hispanic_15_17": 0, "female_white_non_hispanic_15_17_moe": 12, "male_black_alone_5_9": 0, "male_black_alone_5_9_moe": 12, "male_black_alone_10_14": 54, "male_black_alone_10_14_moe": 44, "male_black_alone_15_17": 16, "male_black_alone_15_17_moe": 26, "female_black_alone_5_9": 0, "female_black_alone_5_9_moe": 12, "female_black_alone_10_14": 0, "female_black_alone_10_14_moe": 12, "female_black_alone_15_17": 17, "female_black_alone_15_17_moe": 15, "male_public_school_5_9": 0, "state": "29", "county": "510", "tract": "127100", "male_public_school_5_9_moe": 12, "male_public_school_10_14": 54, "male_public_school_10_14_moe": 44, "male_public_school_15_17": 16, "male_public_school_15_17_moe": 26, "male_private_school_5_9": 7, "male_private_school_5_9_moe": 12, "male_private_school_10_14": 0, "male_private_school_10_14_moe": 12, "male_private_school_15_17": 9, "male_private_school_15_17_moe": 22, "female_public_school_5_9": 0, "female_public_school_5_9_moe": 12, "female_public_school_10_14": 8, "female_public_school_10_14_moe": 13, "female_public_school_15_17": 17, "female_public_school_15_17_moe": 15, "female_private_school_5_9": 0, "female_private_school_5_9_moe": 12, "female_private_school_10_14": 27, "female_private_school_10_14_moe": 56, "female_private_school_15_17": 0, "female_private_school_15_17_moe": 12, "median_household_income": 16409, "median_household_income_moe": 2525, "acs_median_owner_occupied_home_value": 161300, "acs_median_owner_occupied_home_value_moe": 70007, "race_other": 53, "race_white_share": 0.16558441558441558, "race_black_share": 0.7913961038961039, "race_other_share": 0.04301948051948052, "poverty_rate": 0.46887966804979253, "school_age_5_17": 138, "school_age_white_non_hispanic_5_17": 51, "school_age_black_alone_5_17": 87, "school_age_other_or_unclassified_5_17": 0, "school_age_white_non_hispanic_5_17_moe": 65.64297372910524, "school_age_black_alone_5_17_moe": 57.175169435691224, "school_age_white_non_hispanic_5_17_share": 0.3695652173913043, "school_age_black_alone_5_17_share": 0.6304347826086957, "school_age_other_or_unclassified_5_17_share": 0.0, "school_age_5_17_per_capita": 0.11201298701298701, "public_school_enrolled_5_17": 95, "private_school_enrolled_5_17": 43, "public_school_enrolled_5_17_moe": 57.39337940912697, "private_school_enrolled_5_17_moe": 64.77653896280658, "public_school_enrolled_5_17_per_school_age": 0.6884057971014492, "private_school_enrolled_5_17_per_school_age": 0.3115942028985507, "source_area_sq_m": 1742816.791778397, "city_area_sq_m": 1742816.7917783961, "city_area_share": 0.9999999999999994, "tornado_damage_intersects": false, "tornado_max_efscale": "<NA>", "tornado_damage_area_sq_m": 0.0, "tornado_damage_area_share": 0.0, "tornado_damage_point_count": 0, "tornado_ef2_plus_point_count": 0, "tornado_distance_to_path_m": 2028.1121028334}, "geometry": {"type": "Polygon", "coordinates": [[[-90.219947, 38.653005], [-90.219784, 38.653242], [-90.219333, 38.653883], [-90.21917, 38.654117], [-90.218861, 38.653965], [-90.217957, 38.653522], [-90.217624, 38.653375], [-90.217482, 38.653561], [-90.217469, 38.65358], [-90.21728, 38.653848], [-90.217209, 38.653948], [-90.217077, 38.654133], [-90.216943, 38.654325], [-90.216827, 38.654487], [-90.21665, 38.654738], [-90.216482, 38.654975], [-90.216367, 38.655138], [-90.216066, 38.655557], [-90.215777, 38.655955], [-90.215699, 38.656062], [-90.215483, 38.656359], [-90.215191, 38.656767], [-90.214554, 38.657675], [-90.214257, 38.657538], [-90.213997, 38.657437], [-90.213713, 38.657327], [-90.213247, 38.657221], [-90.213196, 38.657211], [-90.212924, 38.657158], [-90.21266, 38.657107], [-90.212397, 38.657056], [-90.211873, 38.656944], [-90.211612, 38.656888], [-90.209782, 38.6565], [-90.207804, 38.656086], [-90.205921, 38.655691], [-90.204621, 38.655416], [-90.204016, 38.655278], [-90.203863, 38.655245], [-90.20354, 38.655177], [-90.203404, 38.655148], [-90.203252, 38.655117], [-90.202402, 38.654938], [-90.202333, 38.654814], [-90.202116, 38.65449], [-90.201861, 38.654033], [-90.202072, 38.653431], [-90.202216, 38.653009], [-90.202268, 38.652854], [-90.202347, 38.652623], [-90.202426, 38.652389], [-90.202479, 38.652235], [-90.202548, 38.652029], [-90.202642, 38.651753], [-90.202758, 38.651415], [-90.202829, 38.651211], [-90.202866, 38.651104], [-90.202979, 38.650786], [-90.203017, 38.65068], [-90.203118, 38.650393], [-90.203195, 38.650177], [-90.203357, 38.649713], [-90.203517, 38.649245], [-90.203657, 38.648838], [-90.203798, 38.648428], [-90.203935, 38.648032], [-90.204018, 38.647784], [-90.204073, 38.647624], [-90.204135, 38.647436], [-90.204325, 38.646872], [-90.204388, 38.646685], [-90.204404, 38.646633], [-90.204415, 38.646595], [-90.204444, 38.646499], [-90.204436, 38.646318], [-90.204432, 38.646225], [-90.204492, 38.646042], [-90.204676, 38.645494], [-90.204738, 38.645312], [-90.204754, 38.645262], [-90.204805, 38.645112], [-90.204822, 38.645063], [-90.204865, 38.644932], [-90.204998, 38.644539], [-90.205043, 38.644409], [-90.205104, 38.644225], [-90.205167, 38.644041], [-90.205145, 38.643656], [-90.20514, 38.643555], [-90.205153, 38.643464], [-90.205402, 38.643517], [-90.2057, 38.64358], [-90.207342, 38.643928], [-90.207412, 38.643942], [-90.20789, 38.644045], [-90.208271, 38.644125], [-90.208344, 38.644141], [-90.209249, 38.644329], [-90.209416, 38.644363], [-90.209798, 38.644442], [-90.210175, 38.644519], [-90.210644, 38.644616], [-90.211306, 38.644752], [-90.211683, 38.64483], [-90.211913, 38.644877], [-90.212604, 38.645021], [-90.212835, 38.645069], [-90.2131, 38.645125], [-90.213897, 38.645293], [-90.214163, 38.645349], [-90.21451, 38.645422], [-90.215553, 38.645642], [-90.215901, 38.645716], [-90.216248, 38.645789], [-90.217289, 38.646008], [-90.217637, 38.646081], [-90.218105, 38.64618], [-90.219484, 38.646469], [-90.219947, 38.646567], [-90.219949, 38.646662], [-90.219955, 38.64695], [-90.219958, 38.647046], [-90.219959, 38.647123], [-90.219964, 38.647356], [-90.219966, 38.647434], [-90.219975, 38.647726], [-90.21997, 38.648453], [-90.21997, 38.648667], [-90.21997, 38.649084], [-90.219969, 38.649309], [-90.219969, 38.649524], [-90.219968, 38.64967], [-90.219968, 38.650107], [-90.219968, 38.650254], [-90.21998, 38.65103], [-90.219976, 38.652164], [-90.219947, 38.653005]]]}}, {"id": "79", "type": "Feature", "properties": {"geoid": "29510127200", "name": "Census Tract 1272; St. Louis city; Missouri", "total_population": 4571, "total_population_moe": 535, "race_total": 4571, "race_total_moe": 535, "race_white_non_hispanic": 2253, "race_white_non_hispanic_moe": 445, "race_black_non_hispanic": 1581, "race_black_non_hispanic_moe": 567, "poverty_universe": 4293, "poverty_universe_moe": 531, "poverty_below": 616, "poverty_below_moe": 290, "male_5_9": 18, "male_5_9_moe": 28, "male_10_14": 102, "male_10_14_moe": 102, "male_15_17": 20, "male_15_17_moe": 32, "female_5_9": 34, "female_5_9_moe": 39, "female_10_14": 38, "female_10_14_moe": 43, "female_15_17": 18, "female_15_17_moe": 25, "male_white_non_hispanic_5_9": 18, "male_white_non_hispanic_5_9_moe": 28, "male_white_non_hispanic_10_14": 82, "male_white_non_hispanic_10_14_moe": 98, "male_white_non_hispanic_15_17": 0, "male_white_non_hispanic_15_17_moe": 12, "female_white_non_hispanic_5_9": 34, "female_white_non_hispanic_5_9_moe": 39, "female_white_non_hispanic_10_14": 38, "female_white_non_hispanic_10_14_moe": 43, "female_white_non_hispanic_15_17": 18, "female_white_non_hispanic_15_17_moe": 25, "male_black_alone_5_9": 0, "male_black_alone_5_9_moe": 12, "male_black_alone_10_14": 20, "male_black_alone_10_14_moe": 33, "male_black_alone_15_17": 20, "male_black_alone_15_17_moe": 32, "female_black_alone_5_9": 0, "female_black_alone_5_9_moe": 12, "female_black_alone_10_14": 0, "female_black_alone_10_14_moe": 12, "female_black_alone_15_17": 0, "female_black_alone_15_17_moe": 12, "male_public_school_5_9": 18, "state": "29", "county": "510", "tract": "127200", "male_public_school_5_9_moe": 28, "male_public_school_10_14": 38, "male_public_school_10_14_moe": 44, "male_public_school_15_17": 20, "male_public_school_15_17_moe": 32, "male_private_school_5_9": 0, "male_private_school_5_9_moe": 12, "male_private_school_10_14": 0, "male_private_school_10_14_moe": 12, "male_private_school_15_17": 0, "male_private_school_15_17_moe": 12, "female_public_school_5_9": 17, "female_public_school_5_9_moe": 28, "female_public_school_10_14": 38, "female_public_school_10_14_moe": 43, "female_public_school_15_17": 0, "female_public_school_15_17_moe": 12, "female_private_school_5_9": 17, "female_private_school_5_9_moe": 29, "female_private_school_10_14": 0, "female_private_school_10_14_moe": 12, "female_private_school_15_17": 18, "female_private_school_15_17_moe": 25, "median_household_income": 74982, "median_household_income_moe": 29695, "acs_median_owner_occupied_home_value": 233600, "acs_median_owner_occupied_home_value_moe": 28303, "race_other": 737, "race_white_share": 0.49288995843360317, "race_black_share": 0.34587617589148983, "race_other_share": 0.16123386567490702, "poverty_rate": 0.14348940135103658, "school_age_5_17": 230, "school_age_white_non_hispanic_5_17": 190, "school_age_black_alone_5_17": 40, "school_age_other_or_unclassified_5_17": 0, "school_age_white_non_hispanic_5_17_moe": 120.52800504447089, "school_age_black_alone_5_17_moe": 51.85556864985669, "school_age_white_non_hispanic_5_17_share": 0.8260869565217391, "school_age_black_alone_5_17_share": 0.17391304347826086, "school_age_other_or_unclassified_5_17_share": 0.0, "school_age_5_17_per_capita": 0.05031721723911617, "public_school_enrolled_5_17": 131, "private_school_enrolled_5_17": 35, "public_school_enrolled_5_17_moe": 80.75270893288967, "private_school_enrolled_5_17_moe": 45.18849411078001, "public_school_enrolled_5_17_per_school_age": 0.5695652173913044, "private_school_enrolled_5_17_per_school_age": 0.15217391304347827, "source_area_sq_m": 2020196.0363452132, "city_area_sq_m": 2020196.0363452113, "city_area_share": 0.9999999999999991, "tornado_damage_intersects": false, "tornado_max_efscale": "<NA>", "tornado_damage_area_sq_m": 0.0, "tornado_damage_area_share": 0.0, "tornado_damage_point_count": 0, "tornado_ef2_plus_point_count": 0, "tornado_distance_to_path_m": 3729.918431075121}, "geometry": {"type": "Polygon", "coordinates": [[[-90.291837, 38.60239], [-90.291703, 38.603061], [-90.291588, 38.603425], [-90.291514, 38.60359], [-90.291507, 38.603608], [-90.291418, 38.603812], [-90.291339, 38.603975], [-90.291266, 38.604129], [-90.291068, 38.604414], [-90.290983, 38.60452], [-90.290831, 38.604711], [-90.290234, 38.605333], [-90.290084, 38.60549], [-90.289636, 38.605962], [-90.289588, 38.606014], [-90.289496, 38.606127], [-90.289367, 38.606286], [-90.289351, 38.606307], [-90.289013, 38.606786], [-90.288989, 38.606821], [-90.288923, 38.606969], [-90.288705, 38.606946], [-90.288054, 38.606877], [-90.287837, 38.606855], [-90.287277, 38.606796], [-90.28691, 38.606765], [-90.28609, 38.60669], [-90.285999, 38.606681], [-90.285727, 38.606654], [-90.285682, 38.606649], [-90.285486, 38.60738], [-90.285385, 38.607897], [-90.285364, 38.608004], [-90.285208, 38.60878], [-90.28518, 38.608913], [-90.285101, 38.609296], [-90.28499, 38.609816], [-90.284983, 38.609854], [-90.284752, 38.611116], [-90.284695, 38.611385], [-90.284586, 38.611906], [-90.284442, 38.611891], [-90.284012, 38.611848], [-90.283942, 38.611842], [-90.283869, 38.611835], [-90.283245, 38.611772], [-90.282706, 38.611717], [-90.28213, 38.611659], [-90.28165, 38.611614], [-90.28138, 38.611588], [-90.280997, 38.611552], [-90.280573, 38.611513], [-90.280304, 38.611488], [-90.280056, 38.611465], [-90.279892, 38.611446], [-90.27897, 38.611342], [-90.27882, 38.611329], [-90.278658, 38.611314], [-90.278246, 38.611278], [-90.276546, 38.61113], [-90.276003, 38.611078], [-90.275801, 38.611058], [-90.275149, 38.610978], [-90.275056, 38.610992], [-90.274974, 38.611005], [-90.27421, 38.611111], [-90.274052, 38.611133], [-90.273714, 38.611193], [-90.273583, 38.611214], [-90.273499, 38.611228], [-90.272843, 38.611345], [-90.27276, 38.611369], [-90.272305, 38.611499], [-90.271615, 38.611686], [-90.27138, 38.61175], [-90.271244, 38.611782], [-90.270208, 38.612018], [-90.26814, 38.612495], [-90.267643, 38.612625], [-90.267745, 38.612137], [-90.267873, 38.61155], [-90.267921, 38.611332], [-90.267966, 38.611123], [-90.268001, 38.610964], [-90.268089, 38.610525], [-90.268095, 38.610497], [-90.268108, 38.610432], [-90.268138, 38.610288], [-90.268159, 38.610179], [-90.268224, 38.609853], [-90.268247, 38.609745], [-90.268427, 38.608874], [-90.26865, 38.607793], [-90.26868, 38.607639], [-90.268721, 38.607426], [-90.268749, 38.607281], [-90.26884, 38.606814], [-90.26896, 38.606243], [-90.26901, 38.606], [-90.269115, 38.605499], [-90.269152, 38.60527], [-90.269192, 38.605026], [-90.269228, 38.604798], [-90.269271, 38.604532], [-90.269329, 38.604173], [-90.269339, 38.604116], [-90.269383, 38.60389], [-90.269392, 38.603842], [-90.269413, 38.60373], [-90.269419, 38.603698], [-90.269428, 38.60365], [-90.269477, 38.603388], [-90.269597, 38.602759], [-90.26963, 38.602603], [-90.269686, 38.602343], [-90.269704, 38.602261], [-90.269739, 38.602095], [-90.269897, 38.601353], [-90.269951, 38.601106], [-90.270003, 38.600833], [-90.270161, 38.600015], [-90.270214, 38.599743], [-90.270453, 38.599764], [-90.270886, 38.599804], [-90.270987, 38.599815], [-90.27117, 38.599835], [-90.271409, 38.599862], [-90.272139, 38.59994], [-90.272558, 38.599985], [-90.273709, 38.600101], [-90.273742, 38.600105], [-90.274332, 38.600164], [-90.274492, 38.60018], [-90.275064, 38.600238], [-90.27549, 38.600281], [-90.276145, 38.600348], [-90.276768, 38.600411], [-90.277194, 38.600455], [-90.277854, 38.600519], [-90.278386, 38.600572], [-90.279837, 38.600706], [-90.279999, 38.600721], [-90.280317, 38.600755], [-90.280498, 38.600775], [-90.281583, 38.600891], [-90.281731, 38.600907], [-90.282175, 38.600955], [-90.282324, 38.600971], [-90.282511, 38.600989], [-90.283072, 38.601045], [-90.28326, 38.601064], [-90.283479, 38.601086], [-90.284139, 38.601152], [-90.284359, 38.601174], [-90.2846, 38.601198], [-90.284951, 38.601234], [-90.285324, 38.601271], [-90.285566, 38.601296], [-90.285988, 38.601339], [-90.287254, 38.601471], [-90.287676, 38.601515], [-90.288154, 38.601564], [-90.288452, 38.601596], [-90.289589, 38.601708], [-90.290068, 38.601756], [-90.290438, 38.601795], [-90.291552, 38.601913], [-90.291923, 38.601953], [-90.291841, 38.602368], [-90.291837, 38.60239]]]}}, {"id": "80", "type": "Feature", "properties": {"geoid": "29510127300", "name": "Census Tract 1273; St. Louis city; Missouri", "total_population": 4301, "total_population_moe": 597, "race_total": 4301, "race_total_moe": 597, "race_white_non_hispanic": 1592, "race_white_non_hispanic_moe": 282, "race_black_non_hispanic": 2056, "race_black_non_hispanic_moe": 690, "poverty_universe": 4173, "poverty_universe_moe": 599, "poverty_below": 730, "poverty_below_moe": 312, "male_5_9": 74, "male_5_9_moe": 53, "male_10_14": 37, "male_10_14_moe": 36, "male_15_17": 116, "male_15_17_moe": 73, "female_5_9": 100, "female_5_9_moe": 90, "female_10_14": 194, "female_10_14_moe": 84, "female_15_17": 21, "female_15_17_moe": 24, "male_white_non_hispanic_5_9": 39, "male_white_non_hispanic_5_9_moe": 40, "male_white_non_hispanic_10_14": 37, "male_white_non_hispanic_10_14_moe": 36, "male_white_non_hispanic_15_17": 6, "male_white_non_hispanic_15_17_moe": 13, "female_white_non_hispanic_5_9": 27, "female_white_non_hispanic_5_9_moe": 31, "female_white_non_hispanic_10_14": 52, "female_white_non_hispanic_10_14_moe": 53, "female_white_non_hispanic_15_17": 3, "female_white_non_hispanic_15_17_moe": 7, "male_black_alone_5_9": 29, "male_black_alone_5_9_moe": 44, "male_black_alone_10_14": 0, "male_black_alone_10_14_moe": 12, "male_black_alone_15_17": 75, "male_black_alone_15_17_moe": 59, "female_black_alone_5_9": 55, "female_black_alone_5_9_moe": 86, "female_black_alone_10_14": 142, "female_black_alone_10_14_moe": 99, "female_black_alone_15_17": 18, "female_black_alone_15_17_moe": 23, "male_public_school_5_9": 74, "state": "29", "county": "510", "tract": "127300", "male_public_school_5_9_moe": 53, "male_public_school_10_14": 31, "male_public_school_10_14_moe": 39, "male_public_school_15_17": 110, "male_public_school_15_17_moe": 71, "male_private_school_5_9": 0, "male_private_school_5_9_moe": 12, "male_private_school_10_14": 6, "male_private_school_10_14_moe": 12, "male_private_school_15_17": 6, "male_private_school_15_17_moe": 13, "female_public_school_5_9": 86, "female_public_school_5_9_moe": 89, "female_public_school_10_14": 152, "female_public_school_10_14_moe": 82, "female_public_school_15_17": 8, "female_public_school_15_17_moe": 13, "female_private_school_5_9": 14, "female_private_school_5_9_moe": 24, "female_private_school_10_14": 42, "female_private_school_10_14_moe": 47, "female_private_school_15_17": 0, "female_private_school_15_17_moe": 12, "median_household_income": 53558, "median_household_income_moe": 29599, "acs_median_owner_occupied_home_value": 247800, "acs_median_owner_occupied_home_value_moe": 91961, "race_other": 653, "race_white_share": 0.37014647756335733, "race_black_share": 0.4780283654963962, "race_other_share": 0.15182515694024645, "poverty_rate": 0.17493410016774502, "school_age_5_17": 542, "school_age_white_non_hispanic_5_17": 164, "school_age_black_alone_5_17": 319, "school_age_other_or_unclassified_5_17": 59, "school_age_white_non_hispanic_5_17_moe": 82.96987405076617, "school_age_black_alone_5_17_moe": 152.6007863675676, "school_age_white_non_hispanic_5_17_share": 0.3025830258302583, "school_age_black_alone_5_17_share": 0.5885608856088561, "school_age_other_or_unclassified_5_17_share": 0.1088560885608856, "school_age_5_17_per_capita": 0.12601720530109278, "public_school_enrolled_5_17": 461, "private_school_enrolled_5_17": 68, "public_school_enrolled_5_17_moe": 155.51527256189343, "private_school_enrolled_5_17_moe": 58.18934610390462, "public_school_enrolled_5_17_per_school_age": 0.8505535055350554, "private_school_enrolled_5_17_per_school_age": 0.12546125461254612, "source_area_sq_m": 2141726.836463074, "city_area_sq_m": 2141726.8364630765, "city_area_share": 1.000000000000001, "tornado_damage_intersects": false, "tornado_max_efscale": "<NA>", "tornado_damage_area_sq_m": 0.0, "tornado_damage_area_share": 0.0, "tornado_damage_point_count": 0, "tornado_ef2_plus_point_count": 0, "tornado_distance_to_path_m": 3570.0916920089667}, "geometry": {"type": "Polygon", "coordinates": [[[-90.245252, 38.615621], [-90.245217, 38.615835], [-90.245153, 38.616233], [-90.245129, 38.616384], [-90.245116, 38.616478], [-90.245089, 38.616694], [-90.245074, 38.616804], [-90.245043, 38.617054], [-90.245032, 38.617136], [-90.245018, 38.617247], [-90.244959, 38.617667], [-90.244897, 38.618117], [-90.244853, 38.618408], [-90.244826, 38.618594], [-90.244795, 38.618774], [-90.24475, 38.61905], [-90.244675, 38.619496], [-90.244605, 38.619953], [-90.244544, 38.620401], [-90.244484, 38.620831], [-90.24442, 38.621287], [-90.244344, 38.621758], [-90.244343, 38.621767], [-90.243987, 38.622337], [-90.243595, 38.622978], [-90.243487, 38.623156], [-90.243363, 38.623395], [-90.243346, 38.623428], [-90.243292, 38.623571], [-90.243196, 38.623831], [-90.243104, 38.624111], [-90.243045, 38.624293], [-90.242985, 38.624477], [-90.242981, 38.624491], [-90.242805, 38.62503], [-90.242745, 38.625215], [-90.242696, 38.625364], [-90.242553, 38.625811], [-90.242505, 38.625961], [-90.24243, 38.62619], [-90.242209, 38.626879], [-90.242135, 38.627109], [-90.241802, 38.627041], [-90.24118, 38.626914], [-90.240804, 38.626839], [-90.240472, 38.626773], [-90.240409, 38.626759], [-90.24022, 38.626718], [-90.240157, 38.626705], [-90.239904, 38.626653], [-90.239468, 38.626563], [-90.239264, 38.626522], [-90.238606, 38.626386], [-90.238054, 38.626271], [-90.237405, 38.626135], [-90.236718, 38.625991], [-90.235262, 38.625686], [-90.234054, 38.625434], [-90.233989, 38.62542], [-90.233921, 38.625405], [-90.23302, 38.625211], [-90.232551, 38.62511], [-90.232046, 38.625001], [-90.231341, 38.624858], [-90.231234, 38.624836], [-90.230319, 38.624649], [-90.229878, 38.624559], [-90.229483, 38.624479], [-90.22822, 38.624219], [-90.227858, 38.624144], [-90.226364, 38.623835], [-90.226063, 38.623772], [-90.225162, 38.623584], [-90.224862, 38.623522], [-90.224922, 38.623363], [-90.225104, 38.622886], [-90.225165, 38.622728], [-90.225217, 38.622561], [-90.225306, 38.622279], [-90.225377, 38.622065], [-90.225433, 38.6219], [-90.225489, 38.621733], [-90.225575, 38.62148], [-90.225657, 38.621233], [-90.225713, 38.621067], [-90.22577, 38.620895], [-90.225858, 38.620635], [-90.225942, 38.620382], [-90.226, 38.620211], [-90.22607, 38.619998], [-90.226138, 38.619796], [-90.226245, 38.6195], [-90.226293, 38.619366], [-90.22637, 38.619156], [-90.227103, 38.619203], [-90.227112, 38.619159], [-90.22714, 38.619022], [-90.2272, 38.618732], [-90.227251, 38.618482], [-90.227288, 38.618302], [-90.227321, 38.618124], [-90.227369, 38.617876], [-90.227374, 38.617854], [-90.227423, 38.617593], [-90.227458, 38.617417], [-90.227497, 38.617234], [-90.227558, 38.61696], [-90.227617, 38.616687], [-90.227657, 38.616505], [-90.227696, 38.616325], [-90.22772, 38.616217], [-90.227745, 38.616083], [-90.227799, 38.615786], [-90.227833, 38.615606], [-90.227878, 38.615362], [-90.2279, 38.615248], [-90.228033, 38.614635], [-90.228086, 38.614394], [-90.228111, 38.614276], [-90.228126, 38.614212], [-90.228189, 38.613925], [-90.228215, 38.613808], [-90.228257, 38.613623], [-90.228317, 38.613361], [-90.228383, 38.61307], [-90.228406, 38.612972], [-90.228422, 38.612885], [-90.228578, 38.612034], [-90.228588, 38.611982], [-90.229226, 38.61206], [-90.23023, 38.612185], [-90.230342, 38.612199], [-90.230403, 38.612207], [-90.230693, 38.612244], [-90.231183, 38.612304], [-90.231475, 38.61234], [-90.232605, 38.612484], [-90.232653, 38.61249], [-90.233144, 38.612553], [-90.233374, 38.61258], [-90.234067, 38.612664], [-90.234298, 38.612692], [-90.234528, 38.612723], [-90.235221, 38.612817], [-90.235452, 38.612849], [-90.235621, 38.612873], [-90.236364, 38.612962], [-90.237711, 38.613124], [-90.239103, 38.6133], [-90.239578, 38.61336], [-90.240014, 38.613429], [-90.24053, 38.613497], [-90.240592, 38.613502], [-90.240679, 38.61351], [-90.240888, 38.613529], [-90.242894, 38.613712], [-90.243417, 38.613761], [-90.244987, 38.613909], [-90.245511, 38.613959], [-90.245389, 38.614772], [-90.245252, 38.615621]]]}}, {"id": "81", "type": "Feature", "properties": {"geoid": "29510127500", "name": "Census Tract 1275; St. Louis city; Missouri", "total_population": 1486, "total_population_moe": 363, "race_total": 1486, "race_total_moe": 363, "race_white_non_hispanic": 333, "race_white_non_hispanic_moe": 131, "race_black_non_hispanic": 962, "race_black_non_hispanic_moe": 325, "poverty_universe": 1486, "poverty_universe_moe": 363, "poverty_below": 509, "poverty_below_moe": 220, "male_5_9": 0, "male_5_9_moe": 12, "male_10_14": 40, "male_10_14_moe": 51, "male_15_17": 40, "male_15_17_moe": 59, "female_5_9": 32, "female_5_9_moe": 64, "female_10_14": 0, "female_10_14_moe": 12, "female_15_17": 0, "female_15_17_moe": 12, "male_white_non_hispanic_5_9": 0, "male_white_non_hispanic_5_9_moe": 12, "male_white_non_hispanic_10_14": 0, "male_white_non_hispanic_10_14_moe": 12, "male_white_non_hispanic_15_17": 0, "male_white_non_hispanic_15_17_moe": 12, "female_white_non_hispanic_5_9": 0, "female_white_non_hispanic_5_9_moe": 12, "female_white_non_hispanic_10_14": 0, "female_white_non_hispanic_10_14_moe": 12, "female_white_non_hispanic_15_17": 0, "female_white_non_hispanic_15_17_moe": 12, "male_black_alone_5_9": 0, "male_black_alone_5_9_moe": 12, "male_black_alone_10_14": 40, "male_black_alone_10_14_moe": 51, "male_black_alone_15_17": 0, "male_black_alone_15_17_moe": 12, "female_black_alone_5_9": 32, "female_black_alone_5_9_moe": 64, "female_black_alone_10_14": 0, "female_black_alone_10_14_moe": 12, "female_black_alone_15_17": 0, "female_black_alone_15_17_moe": 12, "male_public_school_5_9": 0, "state": "29", "county": "510", "tract": "127500", "male_public_school_5_9_moe": 12, "male_public_school_10_14": 9, "male_public_school_10_14_moe": 15, "male_public_school_15_17": 40, "male_public_school_15_17_moe": 59, "male_private_school_5_9": 0, "male_private_school_5_9_moe": 12, "male_private_school_10_14": 31, "male_private_school_10_14_moe": 50, "male_private_school_15_17": 0, "male_private_school_15_17_moe": 12, "female_public_school_5_9": 32, "female_public_school_5_9_moe": 64, "female_public_school_10_14": 0, "female_public_school_10_14_moe": 12, "female_public_school_15_17": 0, "female_public_school_15_17_moe": 12, "female_private_school_5_9": 0, "female_private_school_5_9_moe": 12, "female_private_school_10_14": 0, "female_private_school_10_14_moe": 12, "female_private_school_15_17": 0, "female_private_school_15_17_moe": 12, "median_household_income": 31589, "median_household_income_moe": 10762, "acs_median_owner_occupied_home_value": 163000, "acs_median_owner_occupied_home_value_moe": 12669, "race_other": 191, "race_white_share": 0.22409152086137282, "race_black_share": 0.6473755047106325, "race_other_share": 0.1285329744279946, "poverty_rate": 0.34253028263795426, "school_age_5_17": 112, "school_age_white_non_hispanic_5_17": 0, "school_age_black_alone_5_17": 72, "school_age_other_or_unclassified_5_17": 40, "school_age_white_non_hispanic_5_17_moe": 29.393876913398138, "school_age_black_alone_5_17_moe": 85.28188553262645, "school_age_white_non_hispanic_5_17_share": 0.0, "school_age_black_alone_5_17_share": 0.6428571428571429, "school_age_other_or_unclassified_5_17_share": 0.35714285714285715, "school_age_5_17_per_capita": 0.07537012113055182, "public_school_enrolled_5_17": 81, "private_school_enrolled_5_17": 31, "public_school_enrolled_5_17_moe": 90.74139077620532, "private_school_enrolled_5_17_moe": 56.74504383644443, "public_school_enrolled_5_17_per_school_age": 0.7232142857142857, "private_school_enrolled_5_17_per_school_age": 0.2767857142857143, "source_area_sq_m": 1773091.2769135917, "city_area_sq_m": 1773091.276913592, "city_area_share": 1.0000000000000002, "tornado_damage_intersects": false, "tornado_max_efscale": "<NA>", "tornado_damage_area_sq_m": 0.0, "tornado_damage_area_share": 0.0, "tornado_damage_point_count": 0, "tornado_ef2_plus_point_count": 0, "tornado_distance_to_path_m": 3027.793660360548}, "geometry": {"type": "Polygon", "coordinates": [[[-90.218438, 38.633621], [-90.218411, 38.633699], [-90.218331, 38.633936], [-90.218305, 38.634015], [-90.218237, 38.634211], [-90.218128, 38.634533], [-90.218036, 38.634799], [-90.217969, 38.634996], [-90.217906, 38.635178], [-90.217812, 38.635453], [-90.217719, 38.635724], [-90.217658, 38.635907], [-90.217596, 38.636089], [-90.217503, 38.636369], [-90.217413, 38.636636], [-90.217352, 38.636819], [-90.21729, 38.637001], [-90.217237, 38.637161], [-90.217103, 38.637547], [-90.217041, 38.63773], [-90.216976, 38.637916], [-90.216908, 38.638112], [-90.216781, 38.638474], [-90.216717, 38.63866], [-90.216672, 38.638777], [-90.216598, 38.638876], [-90.216525, 38.638829], [-90.216158, 38.638599], [-90.215926, 38.638501], [-90.215811, 38.638464], [-90.215798, 38.638556], [-90.215782, 38.638853], [-90.214628, 38.638866], [-90.214299, 38.63887], [-90.214164, 38.638893], [-90.214119, 38.638911], [-90.214093, 38.638939], [-90.214071, 38.638989], [-90.214073, 38.639124], [-90.214081, 38.639559], [-90.215314, 38.639542], [-90.215744, 38.63953], [-90.215799, 38.63954], [-90.215833, 38.639578], [-90.215836, 38.639612], [-90.215833, 38.639698], [-90.215827, 38.639958], [-90.215823, 38.640133], [-90.215825, 38.640213], [-90.21583, 38.640385], [-90.215834, 38.640557], [-90.215841, 38.640814], [-90.215847, 38.641073], [-90.215852, 38.641246], [-90.215856, 38.641415], [-90.215864, 38.641677], [-90.215865, 38.641922], [-90.215867, 38.642092], [-90.215868, 38.642262], [-90.21587, 38.642525], [-90.215871, 38.642774], [-90.215873, 38.642945], [-90.215874, 38.643117], [-90.215876, 38.643377], [-90.215878, 38.643636], [-90.21588, 38.643809], [-90.215881, 38.643996], [-90.215884, 38.644248], [-90.215887, 38.64456], [-90.215889, 38.644748], [-90.215891, 38.644941], [-90.215898, 38.645522], [-90.215901, 38.645716], [-90.215553, 38.645642], [-90.21451, 38.645422], [-90.214163, 38.645349], [-90.213897, 38.645293], [-90.2131, 38.645125], [-90.212835, 38.645069], [-90.212604, 38.645021], [-90.211913, 38.644877], [-90.211683, 38.64483], [-90.211306, 38.644752], [-90.210644, 38.644616], [-90.210175, 38.644519], [-90.209798, 38.644442], [-90.209416, 38.644363], [-90.209249, 38.644329], [-90.208344, 38.644141], [-90.208271, 38.644125], [-90.20789, 38.644045], [-90.207412, 38.643942], [-90.207342, 38.643928], [-90.2057, 38.64358], [-90.205402, 38.643517], [-90.205153, 38.643464], [-90.204819, 38.643392], [-90.203929, 38.643202], [-90.203819, 38.643178], [-90.203486, 38.643107], [-90.203149, 38.643034], [-90.202139, 38.642818], [-90.201803, 38.642746], [-90.201858, 38.642582], [-90.202025, 38.642092], [-90.202081, 38.641929], [-90.202531, 38.640615], [-90.202655, 38.6403], [-90.202033, 38.640169], [-90.202089, 38.64], [-90.202294, 38.639386], [-90.202441, 38.638943], [-90.202847, 38.63903], [-90.202872, 38.638953], [-90.20295, 38.638723], [-90.202976, 38.638647], [-90.203018, 38.638523], [-90.203147, 38.638142], [-90.20319, 38.638017], [-90.203215, 38.637944], [-90.20329, 38.637725], [-90.203315, 38.637652], [-90.203356, 38.637529], [-90.203482, 38.637163], [-90.203524, 38.637041], [-90.203889, 38.635984], [-90.203959, 38.63578], [-90.20406, 38.635489], [-90.204153, 38.63522], [-90.204168, 38.63517], [-90.204234, 38.634965], [-90.204267, 38.63486], [-90.204366, 38.634548], [-90.2044, 38.634444], [-90.20443, 38.634347], [-90.204521, 38.63406], [-90.204552, 38.633964], [-90.204683, 38.633644], [-90.204733, 38.633595], [-90.204777, 38.633571], [-90.204839, 38.633554], [-90.204938, 38.633514], [-90.204967, 38.633487], [-90.205005, 38.633373], [-90.205121, 38.633033], [-90.20516, 38.63292], [-90.205196, 38.63281], [-90.205308, 38.632481], [-90.205346, 38.632372], [-90.205413, 38.632174], [-90.205529, 38.631833], [-90.205614, 38.63158], [-90.205682, 38.631383], [-90.20573, 38.631238], [-90.205877, 38.630804], [-90.205926, 38.63066], [-90.205977, 38.630504], [-90.206133, 38.630039], [-90.206185, 38.629884], [-90.206216, 38.629767], [-90.206313, 38.629416], [-90.206345, 38.6293], [-90.206627, 38.629357], [-90.206899, 38.629419], [-90.207266, 38.629504], [-90.208365, 38.629728], [-90.208566, 38.629767], [-90.209124, 38.629876], [-90.20939, 38.629927], [-90.210189, 38.630081], [-90.210456, 38.630133], [-90.210762, 38.630189], [-90.211358, 38.630298], [-90.211517, 38.630327], [-90.211664, 38.630355], [-90.212106, 38.630441], [-90.212254, 38.63047], [-90.212438, 38.630506], [-90.21276, 38.630569], [-90.212993, 38.630615], [-90.213178, 38.630652], [-90.213639, 38.630742], [-90.213861, 38.630786], [-90.214552, 38.630922], [-90.214844, 38.63098], [-90.215025, 38.631005], [-90.215491, 38.631072], [-90.215851, 38.631123], [-90.215946, 38.631137], [-90.216589, 38.631186], [-90.216939, 38.631195], [-90.217233, 38.631204], [-90.217303, 38.631202], [-90.217286, 38.631249], [-90.217188, 38.631524], [-90.217094, 38.631789], [-90.216961, 38.632191], [-90.216861, 38.632497], [-90.216755, 38.632823], [-90.217197, 38.632901], [-90.217442, 38.632944], [-90.218365, 38.633125], [-90.218461, 38.633169], [-90.218509, 38.633186], [-90.218535, 38.633247], [-90.218534, 38.633285], [-90.218438, 38.633621]]]}}, {"id": "82", "type": "Feature", "properties": {"geoid": "29510127600", "name": "Census Tract 1276; St. Louis city; Missouri", "total_population": 3064, "total_population_moe": 412, "race_total": 3064, "race_total_moe": 412, "race_white_non_hispanic": 2018, "race_white_non_hispanic_moe": 349, "race_black_non_hispanic": 322, "race_black_non_hispanic_moe": 186, "poverty_universe": 3064, "poverty_universe_moe": 412, "poverty_below": 569, "poverty_below_moe": 278, "male_5_9": 99, "male_5_9_moe": 137, "male_10_14": 206, "male_10_14_moe": 218, "male_15_17": 9, "male_15_17_moe": 16, "female_5_9": 76, "female_5_9_moe": 70, "female_10_14": 0, "female_10_14_moe": 12, "female_15_17": 0, "female_15_17_moe": 12, "male_white_non_hispanic_5_9": 99, "male_white_non_hispanic_5_9_moe": 137, "male_white_non_hispanic_10_14": 7, "male_white_non_hispanic_10_14_moe": 11, "male_white_non_hispanic_15_17": 0, "male_white_non_hispanic_15_17_moe": 12, "female_white_non_hispanic_5_9": 12, "female_white_non_hispanic_5_9_moe": 20, "female_white_non_hispanic_10_14": 0, "female_white_non_hispanic_10_14_moe": 12, "female_white_non_hispanic_15_17": 0, "female_white_non_hispanic_15_17_moe": 12, "male_black_alone_5_9": 0, "male_black_alone_5_9_moe": 12, "male_black_alone_10_14": 0, "male_black_alone_10_14_moe": 12, "male_black_alone_15_17": 0, "male_black_alone_15_17_moe": 12, "female_black_alone_5_9": 0, "female_black_alone_5_9_moe": 12, "female_black_alone_10_14": 0, "female_black_alone_10_14_moe": 12, "female_black_alone_15_17": 0, "female_black_alone_15_17_moe": 12, "male_public_school_5_9": 99, "state": "29", "county": "510", "tract": "127600", "male_public_school_5_9_moe": 137, "male_public_school_10_14": 206, "male_public_school_10_14_moe": 218, "male_public_school_15_17": 9, "male_public_school_15_17_moe": 16, "male_private_school_5_9": 0, "male_private_school_5_9_moe": 12, "male_private_school_10_14": 0, "male_private_school_10_14_moe": 12, "male_private_school_15_17": 0, "male_private_school_15_17_moe": 12, "female_public_school_5_9": 12, "female_public_school_5_9_moe": 20, "female_public_school_10_14": 0, "female_public_school_10_14_moe": 12, "female_public_school_15_17": 0, "female_public_school_15_17_moe": 12, "female_private_school_5_9": 64, "female_private_school_5_9_moe": 67, "female_private_school_10_14": 0, "female_private_school_10_14_moe": 12, "female_private_school_15_17": 0, "female_private_school_15_17_moe": 12, "median_household_income": 68290, "median_household_income_moe": 12660, "acs_median_owner_occupied_home_value": 226300, "acs_median_owner_occupied_home_value_moe": 20722, "race_other": 724, "race_white_share": 0.6586161879895561, "race_black_share": 0.10509138381201044, "race_other_share": 0.2362924281984334, "poverty_rate": 0.18570496083550914, "school_age_5_17": 390, "school_age_white_non_hispanic_5_17": 118, "school_age_black_alone_5_17": 0, "school_age_other_or_unclassified_5_17": 272, "school_age_white_non_hispanic_5_17_moe": 140.43503836293846, "school_age_black_alone_5_17_moe": 29.393876913398138, "school_age_white_non_hispanic_5_17_share": 0.30256410256410254, "school_age_black_alone_5_17_share": 0.0, "school_age_other_or_unclassified_5_17_share": 0.6974358974358974, "school_age_5_17_per_capita": 0.1272845953002611, "public_school_enrolled_5_17": 326, "private_school_enrolled_5_17": 64, "public_school_enrolled_5_17_moe": 259.3009834150268, "private_school_enrolled_5_17_moe": 72.17340230306452, "public_school_enrolled_5_17_per_school_age": 0.8358974358974359, "private_school_enrolled_5_17_per_school_age": 0.1641025641025641, "source_area_sq_m": 3787652.743575534, "city_area_sq_m": 3021250.352919103, "city_area_share": 0.7976576939487465, "tornado_damage_intersects": false, "tornado_max_efscale": "<NA>", "tornado_damage_area_sq_m": 0.0, "tornado_damage_area_share": 0.0, "tornado_damage_point_count": 0, "tornado_ef2_plus_point_count": 0, "tornado_distance_to_path_m": 6391.924920960808}, "geometry": {"type": "Polygon", "coordinates": [[[-90.213362, 38.600441], [-90.212974, 38.600999], [-90.212845, 38.601185], [-90.212716, 38.60137], [-90.212402, 38.601819], [-90.21237, 38.601867], [-90.212331, 38.601925], [-90.212203, 38.602111], [-90.211939, 38.602638], [-90.211809, 38.602929], [-90.211718, 38.603137], [-90.211343, 38.60397], [-90.211257, 38.604156], [-90.211, 38.604717], [-90.210915, 38.604904], [-90.210832, 38.605089], [-90.210584, 38.605644], [-90.210502, 38.60583], [-90.210264, 38.606363], [-90.210163, 38.606583], [-90.210078, 38.606772], [-90.209992, 38.606961], [-90.209735, 38.607531], [-90.20965, 38.607721], [-90.209595, 38.607841], [-90.209434, 38.608201], [-90.209381, 38.608322], [-90.209365, 38.608358], [-90.2092, 38.608679], [-90.208854, 38.609408], [-90.208768, 38.609616], [-90.208642, 38.609893], [-90.208491, 38.610207], [-90.208315, 38.61043], [-90.20822, 38.610541], [-90.208094, 38.610672], [-90.208054, 38.610719], [-90.207726, 38.611069], [-90.207238, 38.610874], [-90.206993, 38.611116], [-90.206502, 38.611645], [-90.206395, 38.61176], [-90.205775, 38.612468], [-90.206183, 38.612695], [-90.206042, 38.612846], [-90.205409, 38.613526], [-90.204776, 38.614207], [-90.204309, 38.614718], [-90.204259, 38.614773], [-90.204213, 38.614822], [-90.203677, 38.615408], [-90.203599, 38.615494], [-90.203339, 38.61515], [-90.203141, 38.615065], [-90.202977, 38.615016], [-90.202475, 38.614924], [-90.201015, 38.614553], [-90.200915, 38.614524], [-90.200773, 38.614484], [-90.20069, 38.61446], [-90.199716, 38.61418], [-90.199392, 38.614087], [-90.199328, 38.614201], [-90.19928, 38.614288], [-90.19914, 38.614543], [-90.199078, 38.614658], [-90.198886, 38.614579], [-90.198589, 38.614457], [-90.198311, 38.614343], [-90.19812, 38.614265], [-90.197879, 38.614297], [-90.197382, 38.614365], [-90.197157, 38.614394], [-90.197059, 38.614408], [-90.196917, 38.614427], [-90.196926, 38.614402], [-90.196955, 38.61433], [-90.196966, 38.614306], [-90.197019, 38.61415], [-90.197038, 38.614097], [-90.197053, 38.614053], [-90.197114, 38.613874], [-90.197159, 38.613747], [-90.197226, 38.61355], [-90.197314, 38.613295], [-90.197485, 38.612985], [-90.197586, 38.612803], [-90.197367, 38.612681], [-90.197068, 38.612516], [-90.196893, 38.612409], [-90.196719, 38.612301], [-90.196654, 38.612261], [-90.196504, 38.612175], [-90.196216, 38.612481], [-90.19604, 38.61267], [-90.195798, 38.612921], [-90.195409, 38.613299], [-90.195335, 38.613384], [-90.195122, 38.613636], [-90.195071, 38.613711], [-90.194903, 38.613625], [-90.194402, 38.613367], [-90.194235, 38.613281], [-90.193917, 38.613208], [-90.193433, 38.613097], [-90.193187, 38.613047], [-90.19308, 38.613026], [-90.192357, 38.612881], [-90.192115, 38.612789], [-90.191753, 38.61257], [-90.191499, 38.612505], [-90.190915, 38.61237], [-90.19078, 38.612333], [-90.190694, 38.61231], [-90.190568, 38.612277], [-90.190511, 38.612261], [-90.190243, 38.612189], [-90.189711, 38.612026], [-90.189624, 38.612], [-90.189441, 38.611965], [-90.18891, 38.61205], [-90.188408, 38.611849], [-90.18828, 38.611809], [-90.18824981741521, 38.61179910718167], [-90.1909285216308, 38.606891360831995], [-90.1913670923571, 38.60608779619749], [-90.1929374676222, 38.6027319251316], [-90.1932270826676, 38.602112489391295], [-90.1983164938907, 38.59645446302541], [-90.2009537094886, 38.593540189106], [-90.20298586972662, 38.592218514197235], [-90.202989, 38.592221], [-90.203084, 38.592325], [-90.203222, 38.592477], [-90.203297, 38.592559], [-90.203901, 38.593221], [-90.20413, 38.593472], [-90.204503, 38.593786], [-90.205625, 38.594729], [-90.205642, 38.594744], [-90.205999, 38.595044], [-90.205906, 38.595044], [-90.205773, 38.595117], [-90.205607, 38.595197], [-90.205591, 38.595209], [-90.205173, 38.595542], [-90.204944, 38.595729], [-90.204786, 38.595873], [-90.204752, 38.59598], [-90.204728, 38.59617], [-90.204714, 38.596294], [-90.20477, 38.596464], [-90.204829, 38.596598], [-90.204966, 38.59647], [-90.205029, 38.596433], [-90.205064, 38.596413], [-90.205118, 38.596446], [-90.205622, 38.5969], [-90.205648, 38.596923], [-90.205766, 38.597036], [-90.205812, 38.59708], [-90.206718, 38.597946], [-90.20725, 38.598448], [-90.207398, 38.598535], [-90.207628, 38.598624], [-90.207679, 38.598638], [-90.207959, 38.598715], [-90.208049, 38.598739], [-90.208115, 38.598761], [-90.208158, 38.598775], [-90.208441, 38.598868], [-90.208754, 38.598949], [-90.208955, 38.599002], [-90.209899, 38.599252], [-90.209957, 38.599267], [-90.210134, 38.599315], [-90.210193, 38.599331], [-90.210364, 38.59938], [-90.210877, 38.59953], [-90.211049, 38.59958], [-90.211294, 38.599651], [-90.211461, 38.5997], [-90.211619, 38.599743], [-90.212033, 38.599854], [-90.21228, 38.599921], [-90.212525, 38.599987], [-90.212893, 38.600087], [-90.213125, 38.600153], [-90.213259, 38.600193], [-90.213503, 38.600266], [-90.213456, 38.600308], [-90.213362, 38.600441]]]}}, {"id": "83", "type": "Feature", "properties": {"geoid": "29510106400", "name": "Census Tract 1064; St. Louis city; Missouri", "total_population": 1840, "total_population_moe": 316, "race_total": 1840, "race_total_moe": 316, "race_white_non_hispanic": 42, "race_white_non_hispanic_moe": 67, "race_black_non_hispanic": 1757, "race_black_non_hispanic_moe": 311, "poverty_universe": 1830, "poverty_universe_moe": 315, "poverty_below": 756, "poverty_below_moe": 352, "male_5_9": 11, "male_5_9_moe": 18, "male_10_14": 109, "male_10_14_moe": 118, "male_15_17": 11, "male_15_17_moe": 17, "female_5_9": 40, "female_5_9_moe": 53, "female_10_14": 0, "female_10_14_moe": 12, "female_15_17": 78, "female_15_17_moe": 48, "male_white_non_hispanic_5_9": 0, "male_white_non_hispanic_5_9_moe": 12, "male_white_non_hispanic_10_14": 0, "male_white_non_hispanic_10_14_moe": 12, "male_white_non_hispanic_15_17": 0, "male_white_non_hispanic_15_17_moe": 12, "female_white_non_hispanic_5_9": 0, "female_white_non_hispanic_5_9_moe": 12, "female_white_non_hispanic_10_14": 0, "female_white_non_hispanic_10_14_moe": 12, "female_white_non_hispanic_15_17": 0, "female_white_non_hispanic_15_17_moe": 12, "male_black_alone_5_9": 11, "male_black_alone_5_9_moe": 18, "male_black_alone_10_14": 109, "male_black_alone_10_14_moe": 118, "male_black_alone_15_17": 11, "male_black_alone_15_17_moe": 17, "female_black_alone_5_9": 40, "female_black_alone_5_9_moe": 53, "female_black_alone_10_14": 0, "female_black_alone_10_14_moe": 12, "female_black_alone_15_17": 78, "female_black_alone_15_17_moe": 48, "male_public_school_5_9": 11, "state": "29", "county": "510", "tract": "106400", "male_public_school_5_9_moe": 18, "male_public_school_10_14": 109, "male_public_school_10_14_moe": 118, "male_public_school_15_17": 0, "male_public_school_15_17_moe": 12, "male_private_school_5_9": 0, "male_private_school_5_9_moe": 12, "male_private_school_10_14": 0, "male_private_school_10_14_moe": 12, "male_private_school_15_17": 11, "male_private_school_15_17_moe": 17, "female_public_school_5_9": 40, "female_public_school_5_9_moe": 53, "female_public_school_10_14": 0, "female_public_school_10_14_moe": 12, "female_public_school_15_17": 41, "female_public_school_15_17_moe": 61, "female_private_school_5_9": 0, "female_private_school_5_9_moe": 12, "female_private_school_10_14": 0, "female_private_school_10_14_moe": 12, "female_private_school_15_17": 0, "female_private_school_15_17_moe": 12, "median_household_income": 52765, "median_household_income_moe": 44736, "acs_median_owner_occupied_home_value": 68900, "acs_median_owner_occupied_home_value_moe": 50549, "race_other": 41, "race_white_share": 0.02282608695652174, "race_black_share": 0.9548913043478261, "race_other_share": 0.022282608695652174, "poverty_rate": 0.4131147540983607, "school_age_5_17": 249, "school_age_white_non_hispanic_5_17": 0, "school_age_black_alone_5_17": 249, "school_age_other_or_unclassified_5_17": 0, "school_age_white_non_hispanic_5_17_moe": 29.393876913398138, "school_age_black_alone_5_17_moe": 140.6911511076656, "school_age_white_non_hispanic_5_17_share": 0.0, "school_age_black_alone_5_17_share": 1.0, "school_age_other_or_unclassified_5_17_share": 0.0, "school_age_5_17_per_capita": 0.13532608695652174, "public_school_enrolled_5_17": 201, "private_school_enrolled_5_17": 11, "public_school_enrolled_5_17_moe": 145.14131045295133, "private_school_enrolled_5_17_moe": 31.76476034853718, "public_school_enrolled_5_17_per_school_age": 0.8072289156626506, "private_school_enrolled_5_17_per_school_age": 0.04417670682730924, "source_area_sq_m": 1107198.4654744181, "city_area_sq_m": 1107198.4654744188, "city_area_share": 1.0000000000000007, "tornado_damage_intersects": true, "tornado_max_efscale": "0", "tornado_damage_area_sq_m": 1192.024546343616, "tornado_damage_area_share": 0.0010766132572563, "tornado_damage_point_count": 0, "tornado_ef2_plus_point_count": 0, "tornado_distance_to_path_m": 1176.015418511822}, "geometry": {"type": "Polygon", "coordinates": [[[-90.270102, 38.672858], [-90.269426, 38.673795], [-90.269302, 38.673969], [-90.26904, 38.674343], [-90.268697, 38.67482], [-90.268537, 38.675042], [-90.267668, 38.676253], [-90.267401, 38.676626], [-90.267326, 38.676731], [-90.267281, 38.676793], [-90.267145, 38.676981], [-90.267101, 38.677044], [-90.267014, 38.677167], [-90.266993, 38.677195], [-90.266838, 38.677415], [-90.26667, 38.67765], [-90.266562, 38.677802], [-90.266454, 38.677953], [-90.2663, 38.678171], [-90.26613, 38.678406], [-90.266022, 38.678557], [-90.265954, 38.678651], [-90.26575, 38.678933], [-90.265683, 38.679028], [-90.26566, 38.67906], [-90.26559, 38.679157], [-90.265568, 38.67919], [-90.265432, 38.67938], [-90.265024, 38.679951], [-90.264889, 38.680142], [-90.264783, 38.680288], [-90.264465, 38.680726], [-90.264359, 38.680872], [-90.264243, 38.68103], [-90.264095, 38.681234], [-90.264018, 38.68134], [-90.263888, 38.681499], [-90.263765, 38.681652], [-90.263252, 38.681427], [-90.262635, 38.681157], [-90.262336, 38.681028], [-90.261827, 38.680809], [-90.261712, 38.680759], [-90.261198, 38.680539], [-90.260605, 38.680285], [-90.260105, 38.680072], [-90.25884, 38.679502], [-90.258253, 38.679238], [-90.258042, 38.679142], [-90.25783, 38.679037], [-90.257123, 38.67869], [-90.25657, 38.678422], [-90.256313, 38.678298], [-90.256147, 38.678224], [-90.255702, 38.678024], [-90.255585, 38.677972], [-90.254364, 38.67744], [-90.253918, 38.677246], [-90.253477, 38.677053], [-90.252157, 38.676476], [-90.251952, 38.676387], [-90.251717, 38.676284], [-90.252295, 38.675487], [-90.252545, 38.675144], [-90.252751, 38.674862], [-90.252787, 38.674806], [-90.252839, 38.674741], [-90.252887, 38.674675], [-90.253475, 38.673759], [-90.254009, 38.673011], [-90.25457, 38.672203], [-90.254685, 38.672036], [-90.254861, 38.671782], [-90.255036, 38.67154], [-90.255155, 38.671376], [-90.255273, 38.671213], [-90.255629, 38.670725], [-90.255748, 38.670563], [-90.255879, 38.670384], [-90.256031, 38.670179], [-90.256286, 38.669857], [-90.256352, 38.669775], [-90.256426, 38.669684], [-90.256542, 38.669726], [-90.256649, 38.669776], [-90.256871, 38.669877], [-90.257096, 38.669979], [-90.257689, 38.670251], [-90.258202, 38.670474], [-90.258408, 38.670564], [-90.258648, 38.670669], [-90.258946, 38.670801], [-90.260268, 38.671389], [-90.261714, 38.672024], [-90.262411, 38.67234], [-90.262813, 38.672497], [-90.262983, 38.672485], [-90.263376, 38.672655], [-90.264666, 38.673215], [-90.264715, 38.673236], [-90.264732, 38.673244], [-90.265356, 38.673504], [-90.266062, 38.673798], [-90.266216, 38.67357], [-90.266395, 38.673309], [-90.266696, 38.6729], [-90.26686, 38.672679], [-90.267052, 38.672417], [-90.267473, 38.671843], [-90.267624, 38.671628], [-90.267812, 38.671363], [-90.268066, 38.671476], [-90.268448, 38.671645], [-90.268831, 38.671814], [-90.269087, 38.671927], [-90.269343, 38.672039], [-90.269737, 38.672213], [-90.270113, 38.672376], [-90.27037, 38.672488], [-90.270102, 38.672858]]]}}, {"id": "84", "type": "Feature", "properties": {"geoid": "29510125600", "name": "Census Tract 1256; St. Louis city; Missouri", "total_population": 5310, "total_population_moe": 591, "race_total": 5310, "race_total_moe": 591, "race_white_non_hispanic": 2341, "race_white_non_hispanic_moe": 553, "race_black_non_hispanic": 2196, "race_black_non_hispanic_moe": 556, "poverty_universe": 4938, "poverty_universe_moe": 592, "poverty_below": 1057, "poverty_below_moe": 434, "male_5_9": 108, "male_5_9_moe": 65, "male_10_14": 0, "male_10_14_moe": 17, "male_15_17": 0, "male_15_17_moe": 17, "female_5_9": 0, "female_5_9_moe": 17, "female_10_14": 114, "female_10_14_moe": 67, "female_15_17": 0, "female_15_17_moe": 17, "male_white_non_hispanic_5_9": 0, "male_white_non_hispanic_5_9_moe": 17, "male_white_non_hispanic_10_14": 0, "male_white_non_hispanic_10_14_moe": 17, "male_white_non_hispanic_15_17": 0, "male_white_non_hispanic_15_17_moe": 17, "female_white_non_hispanic_5_9": 0, "female_white_non_hispanic_5_9_moe": 17, "female_white_non_hispanic_10_14": 0, "female_white_non_hispanic_10_14_moe": 17, "female_white_non_hispanic_15_17": 0, "female_white_non_hispanic_15_17_moe": 17, "male_black_alone_5_9": 108, "male_black_alone_5_9_moe": 65, "male_black_alone_10_14": 0, "male_black_alone_10_14_moe": 17, "male_black_alone_15_17": 0, "male_black_alone_15_17_moe": 17, "female_black_alone_5_9": 0, "female_black_alone_5_9_moe": 17, "female_black_alone_10_14": 113, "female_black_alone_10_14_moe": 67, "female_black_alone_15_17": 0, "female_black_alone_15_17_moe": 17, "male_public_school_5_9": 108, "state": "29", "county": "510", "tract": "125600", "male_public_school_5_9_moe": 65, "male_public_school_10_14": 0, "male_public_school_10_14_moe": 17, "male_public_school_15_17": 0, "male_public_school_15_17_moe": 17, "male_private_school_5_9": 0, "male_private_school_5_9_moe": 17, "male_private_school_10_14": 0, "male_private_school_10_14_moe": 17, "male_private_school_15_17": 0, "male_private_school_15_17_moe": 17, "female_public_school_5_9": 0, "female_public_school_5_9_moe": 17, "female_public_school_10_14": 114, "female_public_school_10_14_moe": 67, "female_public_school_15_17": 0, "female_public_school_15_17_moe": 17, "female_private_school_5_9": 0, "female_private_school_5_9_moe": 17, "female_private_school_10_14": 0, "female_private_school_10_14_moe": 17, "female_private_school_15_17": 0, "female_private_school_15_17_moe": 17, "median_household_income": 68750, "median_household_income_moe": 28622, "acs_median_owner_occupied_home_value": 225200, "acs_median_owner_occupied_home_value_moe": 7607, "race_other": 773, "race_white_share": 0.4408662900188324, "race_black_share": 0.4135593220338983, "race_other_share": 0.1455743879472693, "poverty_rate": 0.21405427298501417, "school_age_5_17": 222, "school_age_white_non_hispanic_5_17": 0, "school_age_black_alone_5_17": 221, "school_age_other_or_unclassified_5_17": 1, "school_age_white_non_hispanic_5_17_moe": 41.641325627314025, "school_age_black_alone_5_17_moe": 99.34787365615834, "school_age_white_non_hispanic_5_17_share": 0.0, "school_age_black_alone_5_17_share": 0.9954954954954955, "school_age_other_or_unclassified_5_17_share": 0.0045045045045045045, "school_age_5_17_per_capita": 0.04180790960451977, "public_school_enrolled_5_17": 222, "private_school_enrolled_5_17": 0, "public_school_enrolled_5_17_moe": 99.34787365615834, "private_school_enrolled_5_17_moe": 41.641325627314025, "public_school_enrolled_5_17_per_school_age": 1.0, "private_school_enrolled_5_17_per_school_age": 0.0, "source_area_sq_m": 2571641.5884916056, "city_area_sq_m": 2258531.578694328, "city_area_share": 0.8782450823635451, "tornado_damage_intersects": false, "tornado_max_efscale": "<NA>", "tornado_damage_area_sq_m": 0.0, "tornado_damage_area_share": 0.0, "tornado_damage_point_count": 0, "tornado_ef2_plus_point_count": 0, "tornado_distance_to_path_m": 4945.884345170206}, "geometry": {"type": "Polygon", "coordinates": [[[-90.199676, 38.623829], [-90.199482, 38.624303], [-90.199304, 38.624736], [-90.199194, 38.625], [-90.199212, 38.62525], [-90.198944, 38.625944], [-90.198682, 38.626623], [-90.198336, 38.627448], [-90.198279, 38.627583], [-90.198173, 38.627838], [-90.19812, 38.627995], [-90.198074, 38.628135], [-90.198017, 38.628301], [-90.197846, 38.6288], [-90.19779, 38.628967], [-90.197739, 38.629111], [-90.197588, 38.629545], [-90.197538, 38.62969], [-90.197257, 38.630514], [-90.196998, 38.631258], [-90.196867, 38.631572], [-90.196705, 38.631765], [-90.196665, 38.631872], [-90.196544, 38.632195], [-90.196505, 38.632303], [-90.196472, 38.632391], [-90.196372, 38.632655], [-90.19634, 38.632744], [-90.196305, 38.632838], [-90.196199, 38.633122], [-90.196165, 38.633217], [-90.196125, 38.633324], [-90.196007, 38.633644], [-90.195968, 38.633752], [-90.195782, 38.634276], [-90.195403, 38.635339], [-90.195386, 38.635385], [-90.19514, 38.636065], [-90.195062, 38.636299], [-90.194242, 38.636124], [-90.194062, 38.636088], [-90.193782, 38.636032], [-90.193522, 38.63598], [-90.193343, 38.635944], [-90.193114, 38.635898], [-90.192766, 38.635828], [-90.19243, 38.63576], [-90.192202, 38.635714], [-90.19198, 38.635668], [-90.191689, 38.635609], [-90.191316, 38.635533], [-90.191095, 38.635488], [-90.190579, 38.635383], [-90.190453, 38.635357], [-90.189989, 38.635258], [-90.189464, 38.635141], [-90.189397, 38.635126], [-90.189337, 38.635112], [-90.188904, 38.635015], [-90.188003, 38.634813], [-90.18777, 38.63477], [-90.187529, 38.634724], [-90.187508, 38.63472], [-90.186809, 38.634569], [-90.18657, 38.634518], [-90.186462, 38.634448], [-90.186446, 38.634437], [-90.186315, 38.634353], [-90.186201, 38.634278], [-90.186036, 38.634244], [-90.185918, 38.634261], [-90.185689, 38.634293], [-90.185689, 38.634254], [-90.18569, 38.63421], [-90.185688, 38.634124], [-90.185274, 38.634172], [-90.184663, 38.634169], [-90.184105, 38.634119], [-90.183844, 38.634096], [-90.182565, 38.633969], [-90.182462, 38.634001], [-90.182075, 38.633984], [-90.181496, 38.63393], [-90.181058, 38.633888], [-90.180637, 38.633847], [-90.180114, 38.633825], [-90.179396, 38.633796], [-90.17891972345865, 38.63377634311975], [-90.1806800085649, 38.629301156837506], [-90.1848354427894, 38.61914326424441], [-90.18502317546978, 38.61869077570461], [-90.18534, 38.618772], [-90.185723, 38.618862], [-90.185894, 38.618902], [-90.186165, 38.618953], [-90.186353, 38.618997], [-90.186786, 38.619098], [-90.18692, 38.619132], [-90.187108, 38.61918], [-90.187143, 38.619188], [-90.187175, 38.619196], [-90.187249, 38.619215], [-90.187285, 38.619224], [-90.187429, 38.61926], [-90.187466, 38.619269], [-90.187494, 38.619276], [-90.187518, 38.619283], [-90.187674, 38.619331], [-90.187727, 38.619347], [-90.187841, 38.619381], [-90.188222, 38.619507], [-90.188342, 38.619547], [-90.188869, 38.619721], [-90.189008, 38.619777], [-90.1894, 38.619944], [-90.189584, 38.620012], [-90.189675, 38.620049], [-90.189705, 38.62006], [-90.189747, 38.620077], [-90.189772, 38.620088], [-90.189958, 38.620173], [-90.190167, 38.620275], [-90.190211, 38.620297], [-90.190366, 38.620373], [-90.190711, 38.620531], [-90.190862, 38.620596], [-90.191654, 38.620914], [-90.191795, 38.620966], [-90.191859, 38.620987], [-90.191891, 38.620997], [-90.191957, 38.621021], [-90.192087, 38.621065], [-90.193299, 38.621451], [-90.194218, 38.621674], [-90.194327, 38.621703], [-90.194868, 38.621845], [-90.195325, 38.621958], [-90.195604, 38.622027], [-90.196266, 38.622191], [-90.19632, 38.622205], [-90.196446, 38.622228], [-90.196678, 38.622271], [-90.196737, 38.622283], [-90.197025, 38.622337], [-90.197056, 38.622343], [-90.198013, 38.622535], [-90.198198, 38.622573], [-90.198331, 38.622604], [-90.198496, 38.622642], [-90.198993, 38.622759], [-90.199159, 38.622798], [-90.199336, 38.622839], [-90.199681, 38.62292], [-90.199865, 38.622964], [-90.199881, 38.622976], [-90.200043, 38.623022], [-90.199676, 38.623829]]]}}, {"id": "85", "type": "Feature", "properties": {"geoid": "29510125700", "name": "Census Tract 1257; St. Louis city; Missouri", "total_population": 1819, "total_population_moe": 482, "race_total": 1819, "race_total_moe": 482, "race_white_non_hispanic": 83, "race_white_non_hispanic_moe": 69, "race_black_non_hispanic": 1627, "race_black_non_hispanic_moe": 474, "poverty_universe": 1819, "poverty_universe_moe": 482, "poverty_below": 885, "poverty_below_moe": 480, "male_5_9": 129, "male_5_9_moe": 157, "male_10_14": 158, "male_10_14_moe": 146, "male_15_17": 26, "male_15_17_moe": 47, "female_5_9": 31, "female_5_9_moe": 53, "female_10_14": 61, "female_10_14_moe": 61, "female_15_17": 47, "female_15_17_moe": 36, "male_white_non_hispanic_5_9": 0, "male_white_non_hispanic_5_9_moe": 12, "male_white_non_hispanic_10_14": 0, "male_white_non_hispanic_10_14_moe": 12, "male_white_non_hispanic_15_17": 0, "male_white_non_hispanic_15_17_moe": 12, "female_white_non_hispanic_5_9": 0, "female_white_non_hispanic_5_9_moe": 12, "female_white_non_hispanic_10_14": 0, "female_white_non_hispanic_10_14_moe": 12, "female_white_non_hispanic_15_17": 0, "female_white_non_hispanic_15_17_moe": 12, "male_black_alone_5_9": 129, "male_black_alone_5_9_moe": 157, "male_black_alone_10_14": 158, "male_black_alone_10_14_moe": 146, "male_black_alone_15_17": 26, "male_black_alone_15_17_moe": 47, "female_black_alone_5_9": 31, "female_black_alone_5_9_moe": 53, "female_black_alone_10_14": 61, "female_black_alone_10_14_moe": 61, "female_black_alone_15_17": 47, "female_black_alone_15_17_moe": 36, "male_public_school_5_9": 0, "state": "29", "county": "510", "tract": "125700", "male_public_school_5_9_moe": 12, "male_public_school_10_14": 158, "male_public_school_10_14_moe": 146, "male_public_school_15_17": 0, "male_public_school_15_17_moe": 12, "male_private_school_5_9": 0, "male_private_school_5_9_moe": 12, "male_private_school_10_14": 0, "male_private_school_10_14_moe": 12, "male_private_school_15_17": 26, "male_private_school_15_17_moe": 47, "female_public_school_5_9": 31, "female_public_school_5_9_moe": 53, "female_public_school_10_14": 61, "female_public_school_10_14_moe": 61, "female_public_school_15_17": 47, "female_public_school_15_17_moe": 36, "female_private_school_5_9": 0, "female_private_school_5_9_moe": 12, "female_private_school_10_14": 0, "female_private_school_10_14_moe": 12, "female_private_school_15_17": 0, "female_private_school_15_17_moe": 12, "median_household_income": 24481, "median_household_income_moe": 11428, "acs_median_owner_occupied_home_value": 169800, "acs_median_owner_occupied_home_value_moe": 76241, "race_other": 109, "race_white_share": 0.04562946673996701, "race_black_share": 0.8944474986256185, "race_other_share": 0.059923034634414514, "poverty_rate": 0.48653106102253985, "school_age_5_17": 452, "school_age_white_non_hispanic_5_17": 0, "school_age_black_alone_5_17": 452, "school_age_other_or_unclassified_5_17": 0, "school_age_white_non_hispanic_5_17_moe": 29.393876913398138, "school_age_black_alone_5_17_moe": 236.64319132398464, "school_age_white_non_hispanic_5_17_share": 0.0, "school_age_black_alone_5_17_share": 1.0, "school_age_other_or_unclassified_5_17_share": 0.0, "school_age_5_17_per_capita": 0.24848818031885653, "public_school_enrolled_5_17": 297, "private_school_enrolled_5_17": 26, "public_school_enrolled_5_17_moe": 171.55174146594956, "private_school_enrolled_5_17_moe": 54.120236510939236, "public_school_enrolled_5_17_per_school_age": 0.6570796460176991, "private_school_enrolled_5_17_per_school_age": 0.05752212389380531, "source_area_sq_m": 1471258.0056130446, "city_area_sq_m": 1355626.6263572897, "city_area_share": 0.9214064570492695, "tornado_damage_intersects": false, "tornado_max_efscale": "<NA>", "tornado_damage_area_sq_m": 0.0, "tornado_damage_area_share": 0.0, "tornado_damage_point_count": 0, "tornado_ef2_plus_point_count": 0, "tornado_distance_to_path_m": 4021.1611452816965}, "geometry": {"type": "Polygon", "coordinates": [[[-90.203482, 38.637163], [-90.203356, 38.637529], [-90.203315, 38.637652], [-90.20329, 38.637725], [-90.203215, 38.637944], [-90.20319, 38.638017], [-90.203147, 38.638142], [-90.203018, 38.638523], [-90.202976, 38.638647], [-90.20295, 38.638723], [-90.202872, 38.638953], [-90.202847, 38.63903], [-90.202441, 38.638943], [-90.202294, 38.639386], [-90.202089, 38.64], [-90.202033, 38.640169], [-90.202655, 38.6403], [-90.202531, 38.640615], [-90.202081, 38.641929], [-90.202025, 38.642092], [-90.201858, 38.642582], [-90.201803, 38.642746], [-90.201757, 38.642736], [-90.201622, 38.642707], [-90.201577, 38.642698], [-90.201376, 38.642654], [-90.201188, 38.642614], [-90.200773, 38.642529], [-90.200573, 38.642488], [-90.199554, 38.64228], [-90.198523, 38.642069], [-90.198472, 38.642059], [-90.198417, 38.642048], [-90.197338, 38.641827], [-90.196191, 38.641587], [-90.195088, 38.641356], [-90.19407, 38.641143], [-90.193222, 38.640966], [-90.192857, 38.640889], [-90.192798, 38.640877], [-90.192434, 38.640801], [-90.191975, 38.640705], [-90.191893, 38.640688], [-90.191841, 38.640677], [-90.191747, 38.640657], [-90.190997, 38.6405], [-90.190658, 38.64043], [-90.19043, 38.640382], [-90.189747, 38.640239], [-90.18952, 38.640192], [-90.188404, 38.639959], [-90.188179, 38.639912], [-90.187552, 38.639781], [-90.187507, 38.63977], [-90.187386, 38.639741], [-90.187285, 38.639716], [-90.187204, 38.639697], [-90.187041, 38.639661], [-90.186766, 38.639593], [-90.186584, 38.639561], [-90.186367, 38.639528], [-90.186157, 38.639535], [-90.18588, 38.639552], [-90.18486, 38.639615], [-90.184329, 38.639656], [-90.184002, 38.639688], [-90.183841, 38.639703], [-90.183458, 38.639741], [-90.18336, 38.639748], [-90.1832, 38.639762], [-90.183202, 38.639905], [-90.183204, 38.639966], [-90.183232, 38.640336], [-90.183244, 38.64048], [-90.1832, 38.640483], [-90.183023, 38.640494], [-90.182633, 38.640519], [-90.182363, 38.64054], [-90.182144, 38.640558], [-90.182063, 38.640573], [-90.182037, 38.640578], [-90.181857, 38.640592], [-90.181728, 38.640603], [-90.181317, 38.640636], [-90.181274, 38.64064], [-90.180997, 38.640662], [-90.180511, 38.640701], [-90.180428, 38.640708], [-90.18027105928279, 38.6407207090586], [-90.1796383053296, 38.63758436038351], [-90.1788835805581, 38.63386822284469], [-90.17891972345865, 38.63377634311975], [-90.179396, 38.633796], [-90.180114, 38.633825], [-90.180637, 38.633847], [-90.181058, 38.633888], [-90.181496, 38.63393], [-90.182075, 38.633984], [-90.182462, 38.634001], [-90.182565, 38.633969], [-90.183844, 38.634096], [-90.184105, 38.634119], [-90.184663, 38.634169], [-90.185274, 38.634172], [-90.185688, 38.634124], [-90.18569, 38.63421], [-90.185689, 38.634254], [-90.185689, 38.634293], [-90.185918, 38.634261], [-90.186036, 38.634244], [-90.186201, 38.634278], [-90.186315, 38.634353], [-90.186446, 38.634437], [-90.186462, 38.634448], [-90.18657, 38.634518], [-90.186809, 38.634569], [-90.187508, 38.63472], [-90.187529, 38.634724], [-90.18777, 38.63477], [-90.188003, 38.634813], [-90.188904, 38.635015], [-90.189337, 38.635112], [-90.189397, 38.635126], [-90.189464, 38.635141], [-90.189989, 38.635258], [-90.190453, 38.635357], [-90.190579, 38.635383], [-90.191095, 38.635488], [-90.191316, 38.635533], [-90.191689, 38.635609], [-90.19198, 38.635668], [-90.192202, 38.635714], [-90.19243, 38.63576], [-90.192766, 38.635828], [-90.193114, 38.635898], [-90.193343, 38.635944], [-90.193522, 38.63598], [-90.193782, 38.636032], [-90.194062, 38.636088], [-90.194242, 38.636124], [-90.195062, 38.636299], [-90.19514, 38.636065], [-90.195386, 38.635385], [-90.195403, 38.635339], [-90.195782, 38.634276], [-90.196483, 38.634427], [-90.196697, 38.634487], [-90.197153, 38.634579], [-90.198002, 38.634748], [-90.199385, 38.635035], [-90.199695, 38.635099], [-90.200628, 38.635293], [-90.200939, 38.635358], [-90.201229, 38.635419], [-90.202102, 38.635603], [-90.202393, 38.635665], [-90.203889, 38.635984], [-90.203524, 38.637041], [-90.203482, 38.637163]]]}}, {"id": "86", "type": "Feature", "properties": {"geoid": "29510123300", "name": "Census Tract 1233; St. Louis city; Missouri", "total_population": 3029, "total_population_moe": 416, "race_total": 3029, "race_total_moe": 416, "race_white_non_hispanic": 1784, "race_white_non_hispanic_moe": 335, "race_black_non_hispanic": 775, "race_black_non_hispanic_moe": 302, "poverty_universe": 3026, "poverty_universe_moe": 416, "poverty_below": 647, "poverty_below_moe": 282, "male_5_9": 157, "male_5_9_moe": 123, "male_10_14": 123, "male_10_14_moe": 87, "male_15_17": 6, "male_15_17_moe": 9, "female_5_9": 16, "female_5_9_moe": 18, "female_10_14": 10, "female_10_14_moe": 19, "female_15_17": 81, "female_15_17_moe": 48, "male_white_non_hispanic_5_9": 12, "male_white_non_hispanic_5_9_moe": 14, "male_white_non_hispanic_10_14": 56, "male_white_non_hispanic_10_14_moe": 76, "male_white_non_hispanic_15_17": 2, "male_white_non_hispanic_15_17_moe": 5, "female_white_non_hispanic_5_9": 8, "female_white_non_hispanic_5_9_moe": 13, "female_white_non_hispanic_10_14": 9, "female_white_non_hispanic_10_14_moe": 14, "female_white_non_hispanic_15_17": 53, "female_white_non_hispanic_15_17_moe": 49, "male_black_alone_5_9": 74, "male_black_alone_5_9_moe": 115, "male_black_alone_10_14": 46, "male_black_alone_10_14_moe": 50, "male_black_alone_15_17": 0, "male_black_alone_15_17_moe": 12, "female_black_alone_5_9": 8, "female_black_alone_5_9_moe": 13, "female_black_alone_10_14": 0, "female_black_alone_10_14_moe": 12, "female_black_alone_15_17": 26, "female_black_alone_15_17_moe": 32, "male_public_school_5_9": 74, "state": "29", "county": "510", "tract": "123300", "male_public_school_5_9_moe": 115, "male_public_school_10_14": 61, "male_public_school_10_14_moe": 78, "male_public_school_15_17": 6, "male_public_school_15_17_moe": 9, "male_private_school_5_9": 38, "male_private_school_5_9_moe": 34, "male_private_school_10_14": 62, "male_private_school_10_14_moe": 56, "male_private_school_15_17": 0, "male_private_school_15_17_moe": 12, "female_public_school_5_9": 8, "female_public_school_5_9_moe": 13, "female_public_school_10_14": 1, "female_public_school_10_14_moe": 9, "female_public_school_15_17": 41, "female_public_school_15_17_moe": 40, "female_private_school_5_9": 8, "female_private_school_5_9_moe": 13, "female_private_school_10_14": 9, "female_private_school_10_14_moe": 14, "female_private_school_15_17": 40, "female_private_school_15_17_moe": 37, "median_household_income": 73977, "median_household_income_moe": 23119, "acs_median_owner_occupied_home_value": 329300, "acs_median_owner_occupied_home_value_moe": 30356, "race_other": 470, "race_white_share": 0.5889732585011554, "race_black_share": 0.25586001980851764, "race_other_share": 0.15516672169032683, "poverty_rate": 0.21381361533377397, "school_age_5_17": 393, "school_age_white_non_hispanic_5_17": 140, "school_age_black_alone_5_17": 154, "school_age_other_or_unclassified_5_17": 99, "school_age_white_non_hispanic_5_17_moe": 93.61089680160104, "school_age_black_alone_5_17_moe": 131.1716432770437, "school_age_white_non_hispanic_5_17_share": 0.356234096692112, "school_age_black_alone_5_17_share": 0.39185750636132316, "school_age_other_or_unclassified_5_17_share": 0.25190839694656486, "school_age_5_17_per_capita": 0.1297457906899967, "public_school_enrolled_5_17": 191, "private_school_enrolled_5_17": 157, "public_school_enrolled_5_17_moe": 145.73949361789343, "private_school_enrolled_5_17_moe": 78.54934754662193, "public_school_enrolled_5_17_per_school_age": 0.4860050890585242, "private_school_enrolled_5_17_per_school_age": 0.3994910941475827, "source_area_sq_m": 918616.8233095016, "city_area_sq_m": 918616.823309502, "city_area_share": 1.0000000000000004, "tornado_damage_intersects": false, "tornado_max_efscale": "<NA>", "tornado_damage_area_sq_m": 0.0, "tornado_damage_area_share": 0.0, "tornado_damage_point_count": 0, "tornado_ef2_plus_point_count": 0, "tornado_distance_to_path_m": 5943.736501234995}, "geometry": {"type": "Polygon", "coordinates": [[[-90.223007, 38.604979], [-90.222964, 38.605184], [-90.222919, 38.605394], [-90.222785, 38.606026], [-90.222741, 38.606237], [-90.222718, 38.606346], [-90.222652, 38.606676], [-90.22263, 38.606786], [-90.222596, 38.60695], [-90.222496, 38.607445], [-90.222463, 38.60761], [-90.222429, 38.607779], [-90.222397, 38.607945], [-90.222324, 38.608287], [-90.222288, 38.608457], [-90.222103, 38.609324], [-90.221954, 38.610047], [-90.221926, 38.610186], [-90.221848, 38.610572], [-90.221742, 38.611095], [-90.219926, 38.610589], [-90.219404, 38.610443], [-90.21784, 38.610007], [-90.217319, 38.609862], [-90.215099, 38.60924], [-90.214659, 38.609117], [-90.213341, 38.608751], [-90.213195, 38.608711], [-90.2129, 38.608637], [-90.212781, 38.608605], [-90.212705, 38.608584], [-90.212659, 38.608571], [-90.212594, 38.608554], [-90.212389, 38.608492], [-90.212364, 38.608484], [-90.212244, 38.608462], [-90.211753, 38.608607], [-90.211898, 38.608359], [-90.211373, 38.608182], [-90.210871, 38.608047], [-90.20965, 38.607721], [-90.209735, 38.607531], [-90.209992, 38.606961], [-90.210078, 38.606772], [-90.210163, 38.606583], [-90.210264, 38.606363], [-90.210502, 38.60583], [-90.210584, 38.605644], [-90.210832, 38.605089], [-90.210915, 38.604904], [-90.211, 38.604717], [-90.211257, 38.604156], [-90.211343, 38.60397], [-90.211718, 38.603137], [-90.211809, 38.602929], [-90.211939, 38.602638], [-90.212203, 38.602111], [-90.212331, 38.601925], [-90.21237, 38.601867], [-90.212402, 38.601819], [-90.212716, 38.60137], [-90.212845, 38.601185], [-90.212974, 38.600999], [-90.213362, 38.600441], [-90.213456, 38.600308], [-90.213503, 38.600266], [-90.213703, 38.600326], [-90.213863, 38.600375], [-90.214102, 38.600442], [-90.214308, 38.600499], [-90.21451, 38.600556], [-90.214605, 38.60059], [-90.214893, 38.600694], [-90.214989, 38.600729], [-90.215138, 38.600765], [-90.215222, 38.600785], [-90.215588, 38.600873], [-90.215738, 38.600909], [-90.215846, 38.600938], [-90.216171, 38.601027], [-90.21628, 38.601057], [-90.216381, 38.601084], [-90.216684, 38.601168], [-90.216785, 38.601196], [-90.217008, 38.601261], [-90.217678, 38.601456], [-90.217902, 38.601521], [-90.218003, 38.601549], [-90.218307, 38.601636], [-90.218409, 38.601666], [-90.218976, 38.601828], [-90.219547, 38.601991], [-90.219864, 38.60208], [-90.219975, 38.602117], [-90.220072, 38.602137], [-90.220603, 38.602284], [-90.22101, 38.602396], [-90.221151, 38.602434], [-90.221787, 38.602609], [-90.22213, 38.602712], [-90.222167, 38.602723], [-90.222219, 38.602738], [-90.222743, 38.602891], [-90.223399, 38.603088], [-90.223026, 38.604911], [-90.223007, 38.604979]]]}}, {"id": "87", "type": "Feature", "properties": {"geoid": "29510124100", "name": "Census Tract 1241; St. Louis city; Missouri", "total_population": 4724, "total_population_moe": 821, "race_total": 4724, "race_total_moe": 821, "race_white_non_hispanic": 1391, "race_white_non_hispanic_moe": 415, "race_black_non_hispanic": 2623, "race_black_non_hispanic_moe": 759, "poverty_universe": 4663, "poverty_universe_moe": 818, "poverty_below": 2033, "poverty_below_moe": 698, "male_5_9": 340, "male_5_9_moe": 257, "male_10_14": 230, "male_10_14_moe": 166, "male_15_17": 69, "male_15_17_moe": 72, "female_5_9": 140, "female_5_9_moe": 128, "female_10_14": 302, "female_10_14_moe": 156, "female_15_17": 118, "female_15_17_moe": 96, "male_white_non_hispanic_5_9": 75, "male_white_non_hispanic_5_9_moe": 86, "male_white_non_hispanic_10_14": 11, "male_white_non_hispanic_10_14_moe": 19, "male_white_non_hispanic_15_17": 0, "male_white_non_hispanic_15_17_moe": 12, "female_white_non_hispanic_5_9": 47, "female_white_non_hispanic_5_9_moe": 74, "female_white_non_hispanic_10_14": 0, "female_white_non_hispanic_10_14_moe": 12, "female_white_non_hispanic_15_17": 12, "female_white_non_hispanic_15_17_moe": 19, "male_black_alone_5_9": 227, "male_black_alone_5_9_moe": 241, "male_black_alone_10_14": 219, "male_black_alone_10_14_moe": 160, "male_black_alone_15_17": 67, "male_black_alone_15_17_moe": 68, "female_black_alone_5_9": 21, "female_black_alone_5_9_moe": 37, "female_black_alone_10_14": 230, "female_black_alone_10_14_moe": 120, "female_black_alone_15_17": 106, "female_black_alone_15_17_moe": 89, "male_public_school_5_9": 287, "state": "29", "county": "510", "tract": "124100", "male_public_school_5_9_moe": 244, "male_public_school_10_14": 230, "male_public_school_10_14_moe": 166, "male_public_school_15_17": 69, "male_public_school_15_17_moe": 72, "male_private_school_5_9": 53, "male_private_school_5_9_moe": 83, "male_private_school_10_14": 0, "male_private_school_10_14_moe": 12, "male_private_school_15_17": 0, "male_private_school_15_17_moe": 12, "female_public_school_5_9": 140, "female_public_school_5_9_moe": 128, "female_public_school_10_14": 302, "female_public_school_10_14_moe": 156, "female_public_school_15_17": 101, "female_public_school_15_17_moe": 99, "female_private_school_5_9": 0, "female_private_school_5_9_moe": 12, "female_private_school_10_14": 0, "female_private_school_10_14_moe": 12, "female_private_school_15_17": 17, "female_private_school_15_17_moe": 27, "median_household_income": 41516, "median_household_income_moe": 20974, "acs_median_owner_occupied_home_value": 176700, "acs_median_owner_occupied_home_value_moe": 132730, "race_other": 710, "race_white_share": 0.2944538526672312, "race_black_share": 0.5552497883149873, "race_other_share": 0.15029635901778154, "poverty_rate": 0.4359854171134463, "school_age_5_17": 1199, "school_age_white_non_hispanic_5_17": 145, "school_age_black_alone_5_17": 870, "school_age_other_or_unclassified_5_17": 184, "school_age_white_non_hispanic_5_17_moe": 117.82189949241184, "school_age_black_alone_5_17_moe": 334.65654035144746, "school_age_white_non_hispanic_5_17_share": 0.12093411175979983, "school_age_black_alone_5_17_share": 0.725604670558799, "school_age_other_or_unclassified_5_17_share": 0.15346121768140117, "school_age_5_17_per_capita": 0.2538103302286198, "public_school_enrolled_5_17": 1129, "private_school_enrolled_5_17": 70, "public_school_enrolled_5_17_moe": 377.8849031120455, "private_school_enrolled_5_17_moe": 90.52071586106685, "public_school_enrolled_5_17_per_school_age": 0.9416180150125104, "private_school_enrolled_5_17_per_school_age": 0.058381984987489574, "source_area_sq_m": 1053803.835993497, "city_area_sq_m": 1053803.8359934974, "city_area_share": 1.0000000000000004, "tornado_damage_intersects": false, "tornado_max_efscale": "<NA>", "tornado_damage_area_sq_m": 0.0, "tornado_damage_area_share": 0.0, "tornado_damage_point_count": 0, "tornado_ef2_plus_point_count": 0, "tornado_distance_to_path_m": 7126.860300641693}, "geometry": {"type": "Polygon", "coordinates": [[[-90.238818, 38.585156], [-90.238769, 38.58539], [-90.238694, 38.58575], [-90.238621, 38.586107], [-90.238607, 38.586179], [-90.23842, 38.587097], [-90.238403, 38.587181], [-90.238331, 38.587539], [-90.238103, 38.58751], [-90.237421, 38.587423], [-90.237194, 38.587395], [-90.236966, 38.587365], [-90.236682, 38.587328], [-90.236285, 38.587277], [-90.236058, 38.587248], [-90.235981, 38.587605], [-90.235753, 38.58868], [-90.235677, 38.589038], [-90.235603, 38.589397], [-90.235401, 38.590393], [-90.235383, 38.590477], [-90.23531, 38.590837], [-90.235235, 38.591192], [-90.235222, 38.591256], [-90.235011, 38.59226], [-90.234937, 38.592616], [-90.234866, 38.592977], [-90.234706, 38.593793], [-90.23467, 38.593976], [-90.234653, 38.59406], [-90.234583, 38.594422], [-90.234357, 38.594395], [-90.233679, 38.594316], [-90.233453, 38.59429], [-90.232293, 38.59414], [-90.231157, 38.593994], [-90.230602, 38.593924], [-90.229998, 38.593855], [-90.229772, 38.593823], [-90.229096, 38.593729], [-90.228871, 38.593698], [-90.228642, 38.593666], [-90.228315, 38.593621], [-90.227954, 38.593577], [-90.227725, 38.59355], [-90.227508, 38.593524], [-90.22695, 38.593457], [-90.226859, 38.593444], [-90.226643, 38.593415], [-90.226404, 38.593382], [-90.226111, 38.593343], [-90.22569, 38.593285], [-90.225452, 38.593253], [-90.225529, 38.592898], [-90.225761, 38.591836], [-90.225832, 38.591478], [-90.225903, 38.591119], [-90.226117, 38.590045], [-90.226189, 38.589687], [-90.226261, 38.589329], [-90.226477, 38.588258], [-90.226489, 38.588202], [-90.226555, 38.587903], [-90.226633, 38.587548], [-90.226867, 38.586484], [-90.226885, 38.586405], [-90.226905, 38.586315], [-90.226949, 38.586131], [-90.227034, 38.585675], [-90.227168, 38.584986], [-90.227299, 38.584315], [-90.227338, 38.584136], [-90.227455, 38.583601], [-90.227495, 38.583423], [-90.227533, 38.583244], [-90.227646, 38.582707], [-90.227684, 38.582529], [-90.228137, 38.582586], [-90.228335, 38.582612], [-90.229497, 38.58276], [-90.229951, 38.582818], [-90.230179, 38.582845], [-90.230865, 38.582928], [-90.231094, 38.582956], [-90.23132, 38.582983], [-90.232001, 38.583064], [-90.232228, 38.583092], [-90.232455, 38.58312], [-90.233139, 38.583205], [-90.233367, 38.583234], [-90.233594, 38.583262], [-90.234276, 38.583349], [-90.234504, 38.583378], [-90.234731, 38.583406], [-90.235412, 38.583492], [-90.235639, 38.583521], [-90.235866, 38.583549], [-90.236549, 38.583633], [-90.236777, 38.583662], [-90.237, 38.583691], [-90.237671, 38.583778], [-90.237895, 38.583808], [-90.238128, 38.583836], [-90.238827, 38.583922], [-90.23906, 38.583951], [-90.238987, 38.58431], [-90.238818, 38.585156]]]}}, {"id": "88", "type": "Feature", "properties": {"geoid": "29510124200", "name": "Census Tract 1242; St. Louis city; Missouri", "total_population": 3775, "total_population_moe": 743, "race_total": 3775, "race_total_moe": 743, "race_white_non_hispanic": 1566, "race_white_non_hispanic_moe": 399, "race_black_non_hispanic": 1666, "race_black_non_hispanic_moe": 787, "poverty_universe": 3747, "poverty_universe_moe": 743, "poverty_below": 800, "poverty_below_moe": 275, "male_5_9": 66, "male_5_9_moe": 56, "male_10_14": 93, "male_10_14_moe": 93, "male_15_17": 92, "male_15_17_moe": 82, "female_5_9": 69, "female_5_9_moe": 70, "female_10_14": 112, "female_10_14_moe": 61, "female_15_17": 25, "female_15_17_moe": 27, "male_white_non_hispanic_5_9": 49, "male_white_non_hispanic_5_9_moe": 46, "male_white_non_hispanic_10_14": 15, "male_white_non_hispanic_10_14_moe": 28, "male_white_non_hispanic_15_17": 19, "male_white_non_hispanic_15_17_moe": 25, "female_white_non_hispanic_5_9": 10, "female_white_non_hispanic_5_9_moe": 18, "female_white_non_hispanic_10_14": 46, "female_white_non_hispanic_10_14_moe": 37, "female_white_non_hispanic_15_17": 0, "female_white_non_hispanic_15_17_moe": 12, "male_black_alone_5_9": 17, "male_black_alone_5_9_moe": 30, "male_black_alone_10_14": 60, "male_black_alone_10_14_moe": 89, "male_black_alone_15_17": 73, "male_black_alone_15_17_moe": 78, "female_black_alone_5_9": 26, "female_black_alone_5_9_moe": 41, "female_black_alone_10_14": 44, "female_black_alone_10_14_moe": 50, "female_black_alone_15_17": 25, "female_black_alone_15_17_moe": 27, "male_public_school_5_9": 66, "state": "29", "county": "510", "tract": "124200", "male_public_school_5_9_moe": 56, "male_public_school_10_14": 93, "male_public_school_10_14_moe": 93, "male_public_school_15_17": 41, "male_public_school_15_17_moe": 46, "male_private_school_5_9": 0, "male_private_school_5_9_moe": 12, "male_private_school_10_14": 0, "male_private_school_10_14_moe": 12, "male_private_school_15_17": 51, "male_private_school_15_17_moe": 69, "female_public_school_5_9": 26, "female_public_school_5_9_moe": 41, "female_public_school_10_14": 112, "female_public_school_10_14_moe": 61, "female_public_school_15_17": 25, "female_public_school_15_17_moe": 27, "female_private_school_5_9": 33, "female_private_school_5_9_moe": 51, "female_private_school_10_14": 0, "female_private_school_10_14_moe": 12, "female_private_school_15_17": 0, "female_private_school_15_17_moe": 12, "median_household_income": 41927, "median_household_income_moe": 11121, "acs_median_owner_occupied_home_value": 221800, "acs_median_owner_occupied_home_value_moe": 19692, "race_other": 543, "race_white_share": 0.4148344370860927, "race_black_share": 0.4413245033112583, "race_other_share": 0.143841059602649, "poverty_rate": 0.21350413664264745, "school_age_5_17": 457, "school_age_white_non_hispanic_5_17": 139, "school_age_black_alone_5_17": 245, "school_age_other_or_unclassified_5_17": 73, "school_age_white_non_hispanic_5_17_moe": 73.22567855609124, "school_age_black_alone_5_17_moe": 140.76576288288285, "school_age_white_non_hispanic_5_17_share": 0.3041575492341357, "school_age_black_alone_5_17_share": 0.5361050328227571, "school_age_other_or_unclassified_5_17_share": 0.15973741794310722, "school_age_5_17_per_capita": 0.12105960264900663, "public_school_enrolled_5_17": 363, "private_school_enrolled_5_17": 84, "public_school_enrolled_5_17_moe": 141.53444810363305, "private_school_enrolled_5_17_moe": 89.09545442950498, "public_school_enrolled_5_17_per_school_age": 0.7943107221006565, "private_school_enrolled_5_17_per_school_age": 0.1838074398249453, "source_area_sq_m": 798019.4049260146, "city_area_sq_m": 798019.4049260145, "city_area_share": 0.9999999999999999, "tornado_damage_intersects": false, "tornado_max_efscale": "<NA>", "tornado_damage_area_sq_m": 0.0, "tornado_damage_area_share": 0.0, "tornado_damage_point_count": 0, "tornado_ef2_plus_point_count": 0, "tornado_distance_to_path_m": 6220.614323687921}, "geometry": {"type": "Polygon", "coordinates": [[[-90.233062, 38.596062], [-90.232985, 38.59642], [-90.232979, 38.596449], [-90.232775, 38.597411], [-90.232756, 38.597495], [-90.232678, 38.597854], [-90.232598, 38.598207], [-90.232578, 38.5983], [-90.232552, 38.598418], [-90.232395, 38.599273], [-90.232354, 38.599497], [-90.232317, 38.599626], [-90.232101, 38.600838], [-90.23204, 38.601027], [-90.231962, 38.601334], [-90.231786, 38.602182], [-90.2317, 38.602608], [-90.231592, 38.603182], [-90.231532, 38.603493], [-90.23148, 38.60377], [-90.231337, 38.604424], [-90.23131, 38.604551], [-90.231253, 38.60473], [-90.231031, 38.604669], [-90.230367, 38.604487], [-90.230146, 38.604427], [-90.229925, 38.604366], [-90.229427, 38.60423], [-90.229266, 38.604184], [-90.229047, 38.604122], [-90.228826, 38.604059], [-90.228165, 38.603872], [-90.227945, 38.60381], [-90.227719, 38.60375], [-90.227042, 38.60357], [-90.226817, 38.603511], [-90.226473, 38.603402], [-90.225962, 38.603624], [-90.225766, 38.60371], [-90.225673, 38.603751], [-90.224553, 38.603408], [-90.224032, 38.603264], [-90.223399, 38.603088], [-90.223837, 38.601008], [-90.223878, 38.600811], [-90.224003, 38.600223], [-90.224045, 38.600027], [-90.224091, 38.599804], [-90.224231, 38.599135], [-90.224278, 38.598913], [-90.224365, 38.598499], [-90.224626, 38.597256], [-90.224714, 38.596843], [-90.224785, 38.596485], [-90.224796, 38.596435], [-90.225003, 38.595413], [-90.225076, 38.595056], [-90.22515, 38.594695], [-90.225344, 38.59375], [-90.225373, 38.593612], [-90.225452, 38.593253], [-90.22569, 38.593285], [-90.226111, 38.593343], [-90.226404, 38.593382], [-90.226643, 38.593415], [-90.226859, 38.593444], [-90.22695, 38.593457], [-90.227508, 38.593524], [-90.227725, 38.59355], [-90.227954, 38.593577], [-90.228315, 38.593621], [-90.228642, 38.593666], [-90.228871, 38.593698], [-90.229096, 38.593729], [-90.229772, 38.593823], [-90.229998, 38.593855], [-90.230602, 38.593924], [-90.231157, 38.593994], [-90.232293, 38.59414], [-90.233453, 38.59429], [-90.233353, 38.594729], [-90.233062, 38.596062]]]}}, {"id": "89", "type": "Feature", "properties": {"geoid": "29510124300", "name": "Census Tract 1243; St. Louis city; Missouri", "total_population": 2962, "total_population_moe": 390, "race_total": 2962, "race_total_moe": 390, "race_white_non_hispanic": 2198, "race_white_non_hispanic_moe": 258, "race_black_non_hispanic": 430, "race_black_non_hispanic_moe": 156, "poverty_universe": 2962, "poverty_universe_moe": 390, "poverty_below": 327, "poverty_below_moe": 130, "male_5_9": 10, "male_5_9_moe": 16, "male_10_14": 12, "male_10_14_moe": 20, "male_15_17": 37, "male_15_17_moe": 43, "female_5_9": 99, "female_5_9_moe": 98, "female_10_14": 104, "female_10_14_moe": 99, "female_15_17": 13, "female_15_17_moe": 21, "male_white_non_hispanic_5_9": 0, "male_white_non_hispanic_5_9_moe": 12, "male_white_non_hispanic_10_14": 12, "male_white_non_hispanic_10_14_moe": 20, "male_white_non_hispanic_15_17": 5, "male_white_non_hispanic_15_17_moe": 18, "female_white_non_hispanic_5_9": 0, "female_white_non_hispanic_5_9_moe": 12, "female_white_non_hispanic_10_14": 0, "female_white_non_hispanic_10_14_moe": 12, "female_white_non_hispanic_15_17": 0, "female_white_non_hispanic_15_17_moe": 12, "male_black_alone_5_9": 0, "male_black_alone_5_9_moe": 12, "male_black_alone_10_14": 0, "male_black_alone_10_14_moe": 12, "male_black_alone_15_17": 0, "male_black_alone_15_17_moe": 12, "female_black_alone_5_9": 47, "female_black_alone_5_9_moe": 49, "female_black_alone_10_14": 36, "female_black_alone_10_14_moe": 45, "female_black_alone_15_17": 13, "female_black_alone_15_17_moe": 21, "male_public_school_5_9": 10, "state": "29", "county": "510", "tract": "124300", "male_public_school_5_9_moe": 16, "male_public_school_10_14": 0, "male_public_school_10_14_moe": 12, "male_public_school_15_17": 32, "male_public_school_15_17_moe": 39, "male_private_school_5_9": 0, "male_private_school_5_9_moe": 12, "male_private_school_10_14": 0, "male_private_school_10_14_moe": 12, "male_private_school_15_17": 5, "male_private_school_15_17_moe": 18, "female_public_school_5_9": 64, "female_public_school_5_9_moe": 85, "female_public_school_10_14": 68, "female_public_school_10_14_moe": 86, "female_public_school_15_17": 13, "female_public_school_15_17_moe": 21, "female_private_school_5_9": 0, "female_private_school_5_9_moe": 12, "female_private_school_10_14": 36, "female_private_school_10_14_moe": 45, "female_private_school_15_17": 0, "female_private_school_15_17_moe": 12, "median_household_income": 104267, "median_household_income_moe": 15628, "acs_median_owner_occupied_home_value": 311300, "acs_median_owner_occupied_home_value_moe": 29419, "race_other": 334, "race_white_share": 0.7420661715057394, "race_black_share": 0.14517218095881163, "race_other_share": 0.11276164753544902, "poverty_rate": 0.11039837947332883, "school_age_5_17": 275, "school_age_white_non_hispanic_5_17": 17, "school_age_black_alone_5_17": 96, "school_age_other_or_unclassified_5_17": 162, "school_age_white_non_hispanic_5_17_moe": 36.05551275463989, "school_age_black_alone_5_17_moe": 72.79423054061358, "school_age_white_non_hispanic_5_17_share": 0.06181818181818182, "school_age_black_alone_5_17_share": 0.3490909090909091, "school_age_other_or_unclassified_5_17_share": 0.5890909090909091, "school_age_5_17_per_capita": 0.09284267386900742, "public_school_enrolled_5_17": 187, "private_school_enrolled_5_17": 41, "public_school_enrolled_5_17_moe": 130.31883977384084, "private_school_enrolled_5_17_moe": 54.08326913195984, "public_school_enrolled_5_17_per_school_age": 0.68, "private_school_enrolled_5_17_per_school_age": 0.14909090909090908, "source_area_sq_m": 1168645.764102808, "city_area_sq_m": 1168645.7641028082, "city_area_share": 1.0000000000000002, "tornado_damage_intersects": false, "tornado_max_efscale": "<NA>", "tornado_damage_area_sq_m": 0.0, "tornado_damage_area_share": 0.0, "tornado_damage_point_count": 0, "tornado_ef2_plus_point_count": 0, "tornado_distance_to_path_m": 6681.168470577039}, "geometry": {"type": "Polygon", "coordinates": [[[-90.226905, 38.586315], [-90.226885, 38.586405], [-90.226867, 38.586484], [-90.226633, 38.587548], [-90.226555, 38.587903], [-90.226489, 38.588202], [-90.226477, 38.588258], [-90.226261, 38.589329], [-90.226189, 38.589687], [-90.226117, 38.590045], [-90.225903, 38.591119], [-90.225832, 38.591478], [-90.225761, 38.591836], [-90.225529, 38.592898], [-90.225452, 38.593253], [-90.225373, 38.593612], [-90.225344, 38.59375], [-90.22515, 38.594695], [-90.225076, 38.595056], [-90.225003, 38.595413], [-90.224796, 38.596435], [-90.224785, 38.596485], [-90.224714, 38.596843], [-90.224626, 38.597256], [-90.224365, 38.598499], [-90.224278, 38.598913], [-90.224231, 38.599135], [-90.224091, 38.599804], [-90.224045, 38.600027], [-90.224003, 38.600223], [-90.223878, 38.600811], [-90.223837, 38.601008], [-90.223399, 38.603088], [-90.222743, 38.602891], [-90.222219, 38.602738], [-90.222167, 38.602723], [-90.22213, 38.602712], [-90.221787, 38.602609], [-90.221151, 38.602434], [-90.22101, 38.602396], [-90.220603, 38.602284], [-90.220072, 38.602137], [-90.219975, 38.602117], [-90.219864, 38.60208], [-90.219547, 38.601991], [-90.218976, 38.601828], [-90.218409, 38.601666], [-90.218307, 38.601636], [-90.218003, 38.601549], [-90.217902, 38.601521], [-90.217678, 38.601456], [-90.217008, 38.601261], [-90.216785, 38.601196], [-90.216684, 38.601168], [-90.216381, 38.601084], [-90.21628, 38.601057], [-90.216171, 38.601027], [-90.215846, 38.600938], [-90.215738, 38.600909], [-90.215588, 38.600873], [-90.215222, 38.600785], [-90.215138, 38.600765], [-90.214989, 38.600729], [-90.21509, 38.600317], [-90.215277, 38.599555], [-90.215399, 38.599083], [-90.215506, 38.598673], [-90.215522, 38.598607], [-90.215539, 38.598541], [-90.215572, 38.59841], [-90.21559, 38.598345], [-90.215665, 38.598055], [-90.215854, 38.597334], [-90.215885, 38.597185], [-90.215947, 38.596893], [-90.215959, 38.596835], [-90.215988, 38.596648], [-90.215999, 38.596587], [-90.216014, 38.596486], [-90.216051, 38.596256], [-90.216052, 38.596183], [-90.216054, 38.596081], [-90.216055, 38.596007], [-90.21606, 38.595804], [-90.216059, 38.595785], [-90.216055, 38.595712], [-90.216049, 38.595611], [-90.216038, 38.595424], [-90.216015, 38.595313], [-90.215996, 38.595215], [-90.21597, 38.595082], [-90.215929, 38.594924], [-90.215888, 38.594766], [-90.215768, 38.594462], [-90.21572, 38.594338], [-90.215658, 38.594221], [-90.215593, 38.594099], [-90.215454, 38.593837], [-90.215561, 38.59385], [-90.215748, 38.593873], [-90.215882, 38.593891], [-90.215989, 38.593906], [-90.216055, 38.59355], [-90.216202, 38.592772], [-90.216258, 38.592485], [-90.216328, 38.592131], [-90.215826, 38.59208], [-90.215762, 38.592062], [-90.215707, 38.592048], [-90.215594, 38.591974], [-90.215572, 38.591952], [-90.21547, 38.591855], [-90.215091, 38.591491], [-90.214931, 38.591337], [-90.21495, 38.591326], [-90.21501, 38.591295], [-90.21503, 38.591285], [-90.215365, 38.591107], [-90.216177, 38.590679], [-90.216377, 38.590587], [-90.216575, 38.590498], [-90.216726, 38.590437], [-90.217107, 38.590285], [-90.217481, 38.590138], [-90.218187, 38.589885], [-90.218263, 38.589865], [-90.218661, 38.589764], [-90.218763, 38.589737], [-90.21878, 38.589733], [-90.219072, 38.58967], [-90.219176, 38.589649], [-90.21932, 38.589618], [-90.219391, 38.589603], [-90.219757, 38.589544], [-90.219904, 38.589521], [-90.220072, 38.589493], [-90.220191, 38.589475], [-90.220581, 38.589429], [-90.220751, 38.589409], [-90.220883, 38.589393], [-90.220917, 38.589387], [-90.221371, 38.589313], [-90.221415, 38.589302], [-90.221579, 38.589263], [-90.221661, 38.589243], [-90.221888, 38.58919], [-90.221909, 38.589182], [-90.221991, 38.589157], [-90.222181, 38.589095], [-90.222468, 38.588973], [-90.222736, 38.588815], [-90.222914, 38.588712], [-90.223155, 38.588571], [-90.223881, 38.588148], [-90.224123, 38.588008], [-90.224371, 38.587864], [-90.224456, 38.587815], [-90.224544, 38.587764], [-90.224811, 38.587609], [-90.225005, 38.587498], [-90.225115, 38.587429], [-90.22536, 38.587279], [-90.225723, 38.587033], [-90.226125, 38.586666], [-90.22656, 38.586069], [-90.226776, 38.585911], [-90.226803, 38.585886], [-90.227034, 38.585675], [-90.226949, 38.586131], [-90.226905, 38.586315]]]}}, {"id": "90", "type": "Feature", "properties": {"geoid": "29510123200", "name": "Census Tract 1232; St. Louis city; Missouri", "total_population": 2436, "total_population_moe": 660, "race_total": 2436, "race_total_moe": 660, "race_white_non_hispanic": 1628, "race_white_non_hispanic_moe": 587, "race_black_non_hispanic": 634, "race_black_non_hispanic_moe": 390, "poverty_universe": 2436, "poverty_universe_moe": 660, "poverty_below": 502, "poverty_below_moe": 361, "male_5_9": 43, "male_5_9_moe": 58, "male_10_14": 16, "male_10_14_moe": 25, "male_15_17": 26, "male_15_17_moe": 27, "female_5_9": 8, "female_5_9_moe": 15, "female_10_14": 67, "female_10_14_moe": 69, "female_15_17": 31, "female_15_17_moe": 40, "male_white_non_hispanic_5_9": 8, "male_white_non_hispanic_5_9_moe": 14, "male_white_non_hispanic_10_14": 0, "male_white_non_hispanic_10_14_moe": 12, "male_white_non_hispanic_15_17": 26, "male_white_non_hispanic_15_17_moe": 27, "female_white_non_hispanic_5_9": 8, "female_white_non_hispanic_5_9_moe": 15, "female_white_non_hispanic_10_14": 7, "female_white_non_hispanic_10_14_moe": 15, "female_white_non_hispanic_15_17": 8, "female_white_non_hispanic_15_17_moe": 16, "male_black_alone_5_9": 35, "male_black_alone_5_9_moe": 56, "male_black_alone_10_14": 0, "male_black_alone_10_14_moe": 12, "male_black_alone_15_17": 0, "male_black_alone_15_17_moe": 12, "female_black_alone_5_9": 0, "female_black_alone_5_9_moe": 12, "female_black_alone_10_14": 36, "female_black_alone_10_14_moe": 59, "female_black_alone_15_17": 23, "female_black_alone_15_17_moe": 36, "male_public_school_5_9": 43, "state": "29", "county": "510", "tract": "123200", "male_public_school_5_9_moe": 58, "male_public_school_10_14": 16, "male_public_school_10_14_moe": 25, "male_public_school_15_17": 16, "male_public_school_15_17_moe": 23, "male_private_school_5_9": 0, "male_private_school_5_9_moe": 12, "male_private_school_10_14": 0, "male_private_school_10_14_moe": 12, "male_private_school_15_17": 10, "male_private_school_15_17_moe": 18, "female_public_school_5_9": 8, "female_public_school_5_9_moe": 15, "female_public_school_10_14": 60, "female_public_school_10_14_moe": 66, "female_public_school_15_17": 31, "female_public_school_15_17_moe": 40, "female_private_school_5_9": 0, "female_private_school_5_9_moe": 12, "female_private_school_10_14": 7, "female_private_school_10_14_moe": 12, "female_private_school_15_17": 0, "female_private_school_15_17_moe": 12, "median_household_income": 68597, "median_household_income_moe": 30947, "acs_median_owner_occupied_home_value": 171300, "acs_median_owner_occupied_home_value_moe": 87897, "race_other": 174, "race_white_share": 0.6683087027914614, "race_black_share": 0.2602627257799672, "race_other_share": 0.07142857142857142, "poverty_rate": 0.20607553366174056, "school_age_5_17": 191, "school_age_white_non_hispanic_5_17": 57, "school_age_black_alone_5_17": 94, "school_age_other_or_unclassified_5_17": 40, "school_age_white_non_hispanic_5_17_moe": 42.13074886588179, "school_age_black_alone_5_17_moe": 91.35097153287424, "school_age_white_non_hispanic_5_17_share": 0.29842931937172773, "school_age_black_alone_5_17_share": 0.49214659685863876, "school_age_other_or_unclassified_5_17_share": 0.2094240837696335, "school_age_5_17_per_capita": 0.0784072249589491, "public_school_enrolled_5_17": 174, "private_school_enrolled_5_17": 17, "public_school_enrolled_5_17_moe": 103.435970532499, "private_school_enrolled_5_17_moe": 32.31098884280702, "public_school_enrolled_5_17_per_school_age": 0.9109947643979057, "private_school_enrolled_5_17_per_school_age": 0.08900523560209424, "source_area_sq_m": 1114047.8104339244, "city_area_sq_m": 1114047.8104339251, "city_area_share": 1.0000000000000007, "tornado_damage_intersects": false, "tornado_max_efscale": "<NA>", "tornado_damage_area_sq_m": 0.0, "tornado_damage_area_share": 0.0, "tornado_damage_point_count": 0, "tornado_ef2_plus_point_count": 0, "tornado_distance_to_path_m": 5324.760785590634}, "geometry": {"type": "Polygon", "coordinates": [[[-90.221534, 38.612049], [-90.221511, 38.612183], [-90.221431, 38.612284], [-90.221251, 38.613062], [-90.221239, 38.613135], [-90.221164, 38.613562], [-90.22113, 38.613762], [-90.221114, 38.613833], [-90.221066, 38.61405], [-90.221051, 38.614122], [-90.221022, 38.614251], [-90.221, 38.614356], [-90.220938, 38.614638], [-90.22091, 38.614767], [-90.220845, 38.615024], [-90.220654, 38.615797], [-90.220598, 38.616057], [-90.220578, 38.61615], [-90.220521, 38.616429], [-90.220502, 38.616523], [-90.220481, 38.616614], [-90.220422, 38.616888], [-90.220403, 38.61698], [-90.220311, 38.617447], [-90.220246, 38.617781], [-90.220149, 38.618093], [-90.220099, 38.618233], [-90.219929, 38.618214], [-90.218952, 38.618104], [-90.218827, 38.618085], [-90.217997, 38.617987], [-90.217931, 38.617981], [-90.217846, 38.617969], [-90.216648, 38.617826], [-90.216416, 38.617797], [-90.216219, 38.617773], [-90.21572, 38.617711], [-90.215489, 38.617683], [-90.215051, 38.617629], [-90.213727, 38.617448], [-90.213434, 38.617402], [-90.213123, 38.617354], [-90.21266, 38.617236], [-90.212119, 38.617069], [-90.211771, 38.616961], [-90.211187, 38.616766], [-90.211046, 38.616751], [-90.210053, 38.616499], [-90.209849, 38.616449], [-90.209628, 38.616395], [-90.209241, 38.616293], [-90.209198, 38.616282], [-90.20904, 38.616238], [-90.2088, 38.616168], [-90.208082, 38.615958], [-90.207843, 38.615888], [-90.207634, 38.615827], [-90.207008, 38.615644], [-90.2068, 38.615583], [-90.206252, 38.615423], [-90.206073, 38.615384], [-90.205965, 38.615372], [-90.205925, 38.615371], [-90.205834, 38.615328], [-90.205796, 38.615289], [-90.205732, 38.615263], [-90.205105, 38.615089], [-90.204475, 38.614894], [-90.204259, 38.614773], [-90.204309, 38.614718], [-90.204776, 38.614207], [-90.205409, 38.613526], [-90.206042, 38.612846], [-90.206183, 38.612695], [-90.205775, 38.612468], [-90.206395, 38.61176], [-90.206502, 38.611645], [-90.206993, 38.611116], [-90.207238, 38.610874], [-90.207726, 38.611069], [-90.208054, 38.610719], [-90.208094, 38.610672], [-90.20822, 38.610541], [-90.208315, 38.61043], [-90.208491, 38.610207], [-90.208642, 38.609893], [-90.208768, 38.609616], [-90.208854, 38.609408], [-90.2092, 38.608679], [-90.209365, 38.608358], [-90.209381, 38.608322], [-90.209434, 38.608201], [-90.209595, 38.607841], [-90.20965, 38.607721], [-90.210871, 38.608047], [-90.211373, 38.608182], [-90.211898, 38.608359], [-90.211753, 38.608607], [-90.212244, 38.608462], [-90.212364, 38.608484], [-90.212389, 38.608492], [-90.212594, 38.608554], [-90.212659, 38.608571], [-90.212705, 38.608584], [-90.212781, 38.608605], [-90.2129, 38.608637], [-90.213195, 38.608711], [-90.213341, 38.608751], [-90.214659, 38.609117], [-90.215099, 38.60924], [-90.217319, 38.609862], [-90.21784, 38.610007], [-90.219404, 38.610443], [-90.219926, 38.610589], [-90.221742, 38.611095], [-90.221631, 38.611602], [-90.221534, 38.612049]]]}}, {"id": "91", "type": "Feature", "properties": {"geoid": "29510124600", "name": "Census Tract 1246; St. Louis city; Missouri", "total_population": 1925, "total_population_moe": 467, "race_total": 1925, "race_total_moe": 467, "race_white_non_hispanic": 445, "race_white_non_hispanic_moe": 115, "race_black_non_hispanic": 1192, "race_black_non_hispanic_moe": 461, "poverty_universe": 1925, "poverty_universe_moe": 467, "poverty_below": 765, "poverty_below_moe": 443, "male_5_9": 50, "male_5_9_moe": 50, "male_10_14": 108, "male_10_14_moe": 120, "male_15_17": 0, "male_15_17_moe": 12, "female_5_9": 134, "female_5_9_moe": 96, "female_10_14": 128, "female_10_14_moe": 95, "female_15_17": 84, "female_15_17_moe": 87, "male_white_non_hispanic_5_9": 13, "male_white_non_hispanic_5_9_moe": 20, "male_white_non_hispanic_10_14": 0, "male_white_non_hispanic_10_14_moe": 12, "male_white_non_hispanic_15_17": 0, "male_white_non_hispanic_15_17_moe": 12, "female_white_non_hispanic_5_9": 0, "female_white_non_hispanic_5_9_moe": 12, "female_white_non_hispanic_10_14": 0, "female_white_non_hispanic_10_14_moe": 12, "female_white_non_hispanic_15_17": 21, "female_white_non_hispanic_15_17_moe": 25, "male_black_alone_5_9": 37, "male_black_alone_5_9_moe": 46, "male_black_alone_10_14": 108, "male_black_alone_10_14_moe": 120, "male_black_alone_15_17": 0, "male_black_alone_15_17_moe": 12, "female_black_alone_5_9": 119, "female_black_alone_5_9_moe": 92, "female_black_alone_10_14": 128, "female_black_alone_10_14_moe": 95, "female_black_alone_15_17": 63, "female_black_alone_15_17_moe": 87, "male_public_school_5_9": 37, "state": "29", "county": "510", "tract": "124600", "male_public_school_5_9_moe": 46, "male_public_school_10_14": 108, "male_public_school_10_14_moe": 120, "male_public_school_15_17": 0, "male_public_school_15_17_moe": 12, "male_private_school_5_9": 13, "male_private_school_5_9_moe": 20, "male_private_school_10_14": 0, "male_private_school_10_14_moe": 12, "male_private_school_15_17": 0, "male_private_school_15_17_moe": 12, "female_public_school_5_9": 134, "female_public_school_5_9_moe": 96, "female_public_school_10_14": 90, "female_public_school_10_14_moe": 67, "female_public_school_15_17": 8, "female_public_school_15_17_moe": 11, "female_private_school_5_9": 0, "female_private_school_5_9_moe": 12, "female_private_school_10_14": 0, "female_private_school_10_14_moe": 12, "female_private_school_15_17": 21, "female_private_school_15_17_moe": 25, "median_household_income": 50703, "median_household_income_moe": 6579, "acs_median_owner_occupied_home_value": 139900, "acs_median_owner_occupied_home_value_moe": 59152, "race_other": 288, "race_white_share": 0.23116883116883116, "race_black_share": 0.6192207792207792, "race_other_share": 0.1496103896103896, "poverty_rate": 0.3974025974025974, "school_age_5_17": 504, "school_age_white_non_hispanic_5_17": 34, "school_age_black_alone_5_17": 455, "school_age_other_or_unclassified_5_17": 15, "school_age_white_non_hispanic_5_17_moe": 40.01249804748511, "school_age_black_alone_5_17_moe": 204.2498470011667, "school_age_white_non_hispanic_5_17_share": 0.06746031746031746, "school_age_black_alone_5_17_share": 0.9027777777777778, "school_age_other_or_unclassified_5_17_share": 0.02976190476190476, "school_age_5_17_per_capita": 0.26181818181818184, "public_school_enrolled_5_17": 377, "private_school_enrolled_5_17": 34, "public_school_enrolled_5_17_moe": 174.60240548171151, "private_school_enrolled_5_17_moe": 40.01249804748511, "public_school_enrolled_5_17_per_school_age": 0.748015873015873, "private_school_enrolled_5_17_per_school_age": 0.06746031746031746, "source_area_sq_m": 2732442.034639068, "city_area_sq_m": 2088108.5659804775, "city_area_share": 0.7641913495362761, "tornado_damage_intersects": false, "tornado_max_efscale": "<NA>", "tornado_damage_area_sq_m": 0.0, "tornado_damage_area_share": 0.0, "tornado_damage_point_count": 0, "tornado_ef2_plus_point_count": 0, "tornado_distance_to_path_m": 7236.488175095261}, "geometry": {"type": "Polygon", "coordinates": [[[-90.227533, 38.583244], [-90.227495, 38.583423], [-90.227455, 38.583601], [-90.227338, 38.584136], [-90.227299, 38.584315], [-90.227168, 38.584986], [-90.227034, 38.585675], [-90.226803, 38.585886], [-90.226776, 38.585911], [-90.22656, 38.586069], [-90.226125, 38.586666], [-90.225723, 38.587033], [-90.22536, 38.587279], [-90.225115, 38.587429], [-90.225005, 38.587498], [-90.224811, 38.587609], [-90.224544, 38.587764], [-90.224456, 38.587815], [-90.224371, 38.587864], [-90.224123, 38.588008], [-90.223881, 38.588148], [-90.223155, 38.588571], [-90.222914, 38.588712], [-90.222736, 38.588815], [-90.222468, 38.588973], [-90.222181, 38.589095], [-90.221991, 38.589157], [-90.221909, 38.589182], [-90.221888, 38.58919], [-90.221661, 38.589243], [-90.221579, 38.589263], [-90.221415, 38.589302], [-90.221371, 38.589313], [-90.220917, 38.589387], [-90.220883, 38.589393], [-90.220751, 38.589409], [-90.220581, 38.589429], [-90.220191, 38.589475], [-90.220072, 38.589493], [-90.219904, 38.589521], [-90.219757, 38.589544], [-90.219391, 38.589603], [-90.21932, 38.589618], [-90.219176, 38.589649], [-90.219072, 38.58967], [-90.21878, 38.589733], [-90.218763, 38.589737], [-90.218661, 38.589764], [-90.218263, 38.589865], [-90.218187, 38.589885], [-90.217481, 38.590138], [-90.217107, 38.590285], [-90.216726, 38.590437], [-90.216575, 38.590498], [-90.216377, 38.590587], [-90.216177, 38.590679], [-90.215365, 38.591107], [-90.21503, 38.591285], [-90.21501, 38.591295], [-90.21495, 38.591326], [-90.214931, 38.591337], [-90.215091, 38.591491], [-90.21547, 38.591855], [-90.215572, 38.591952], [-90.215594, 38.591974], [-90.215707, 38.592048], [-90.215762, 38.592062], [-90.215826, 38.59208], [-90.216328, 38.592131], [-90.216258, 38.592485], [-90.216202, 38.592772], [-90.216055, 38.59355], [-90.215989, 38.593906], [-90.215882, 38.593891], [-90.215748, 38.593873], [-90.215561, 38.59385], [-90.215454, 38.593837], [-90.215593, 38.594099], [-90.215658, 38.594221], [-90.21572, 38.594338], [-90.215768, 38.594462], [-90.215888, 38.594766], [-90.215929, 38.594924], [-90.21597, 38.595082], [-90.215996, 38.595215], [-90.216015, 38.595313], [-90.216038, 38.595424], [-90.216049, 38.595611], [-90.216055, 38.595712], [-90.216059, 38.595785], [-90.21606, 38.595804], [-90.216055, 38.596007], [-90.216054, 38.596081], [-90.216052, 38.596183], [-90.216051, 38.596256], [-90.216014, 38.596486], [-90.215999, 38.596587], [-90.215988, 38.596648], [-90.215959, 38.596835], [-90.215947, 38.596893], [-90.215885, 38.597185], [-90.215854, 38.597334], [-90.215665, 38.598055], [-90.21559, 38.598345], [-90.215572, 38.59841], [-90.215539, 38.598541], [-90.215522, 38.598607], [-90.215506, 38.598673], [-90.215399, 38.599083], [-90.215277, 38.599555], [-90.21509, 38.600317], [-90.214989, 38.600729], [-90.214893, 38.600694], [-90.214605, 38.60059], [-90.21451, 38.600556], [-90.214308, 38.600499], [-90.214102, 38.600442], [-90.213863, 38.600375], [-90.213703, 38.600326], [-90.213503, 38.600266], [-90.213259, 38.600193], [-90.213125, 38.600153], [-90.212893, 38.600087], [-90.212525, 38.599987], [-90.21228, 38.599921], [-90.212033, 38.599854], [-90.211619, 38.599743], [-90.211461, 38.5997], [-90.211294, 38.599651], [-90.211049, 38.59958], [-90.210877, 38.59953], [-90.210364, 38.59938], [-90.210193, 38.599331], [-90.210134, 38.599315], [-90.209957, 38.599267], [-90.209899, 38.599252], [-90.208955, 38.599002], [-90.208754, 38.598949], [-90.208441, 38.598868], [-90.208158, 38.598775], [-90.208115, 38.598761], [-90.208049, 38.598739], [-90.207959, 38.598715], [-90.207679, 38.598638], [-90.207628, 38.598624], [-90.207398, 38.598535], [-90.20725, 38.598448], [-90.206718, 38.597946], [-90.205812, 38.59708], [-90.205766, 38.597036], [-90.205648, 38.596923], [-90.205622, 38.5969], [-90.205118, 38.596446], [-90.205064, 38.596413], [-90.205029, 38.596433], [-90.204966, 38.59647], [-90.204829, 38.596598], [-90.20477, 38.596464], [-90.204714, 38.596294], [-90.204728, 38.59617], [-90.204752, 38.59598], [-90.204786, 38.595873], [-90.204944, 38.595729], [-90.205173, 38.595542], [-90.205591, 38.595209], [-90.205607, 38.595197], [-90.205773, 38.595117], [-90.205906, 38.595044], [-90.205999, 38.595044], [-90.205642, 38.594744], [-90.205625, 38.594729], [-90.204503, 38.593786], [-90.20413, 38.593472], [-90.203901, 38.593221], [-90.203297, 38.592559], [-90.203222, 38.592477], [-90.203084, 38.592325], [-90.202989, 38.592221], [-90.20298586972662, 38.592218514197235], [-90.2053006353185, 38.59071293323449], [-90.2097664181566, 38.5878763088923], [-90.2167928290859, 38.58289041861028], [-90.22165971014999, 38.57945840656466], [-90.221713, 38.579454], [-90.222087, 38.579624], [-90.223212, 38.580136], [-90.223587, 38.580307], [-90.223696, 38.580264], [-90.224026, 38.580135], [-90.224136, 38.580093], [-90.224241, 38.580146], [-90.22445, 38.580228], [-90.224593, 38.580262], [-90.224712, 38.580292], [-90.224795, 38.580313], [-90.224874, 38.580322], [-90.22537, 38.580382], [-90.225535, 38.580402], [-90.225192, 38.580609], [-90.224423, 38.581076], [-90.224162, 38.581232], [-90.223819, 38.581439], [-90.223604, 38.581567], [-90.223028, 38.581914], [-90.222961, 38.581953], [-90.222941, 38.581964], [-90.222746, 38.582081], [-90.222876, 38.582105], [-90.223076, 38.582144], [-90.223269, 38.58218], [-90.2234, 38.582205], [-90.223557, 38.582121], [-90.22361, 38.582094], [-90.22371, 38.582075], [-90.223903, 38.582079], [-90.22408, 38.582097], [-90.224257, 38.582115], [-90.224484, 38.582138], [-90.224832, 38.582174], [-90.225165, 38.582215], [-90.225392, 38.582244], [-90.22585, 38.5823], [-90.226974, 38.58244], [-90.227039, 38.582448], [-90.227225, 38.582471], [-90.227684, 38.582529], [-90.227646, 38.582707], [-90.227533, 38.583244]]]}}, {"id": "92", "type": "Feature", "properties": {"geoid": "29510125500", "name": "Census Tract 1255; St. Louis city; Missouri", "total_population": 4060, "total_population_moe": 586, "race_total": 4060, "race_total_moe": 586, "race_white_non_hispanic": 1721, "race_white_non_hispanic_moe": 397, "race_black_non_hispanic": 1673, "race_black_non_hispanic_moe": 493, "poverty_universe": 3960, "poverty_universe_moe": 577, "poverty_below": 533, "poverty_below_moe": 237, "male_5_9": 0, "male_5_9_moe": 12, "male_10_14": 0, "male_10_14_moe": 12, "male_15_17": 0, "male_15_17_moe": 12, "female_5_9": 0, "female_5_9_moe": 12, "female_10_14": 50, "female_10_14_moe": 78, "female_15_17": 36, "female_15_17_moe": 55, "male_white_non_hispanic_5_9": 0, "male_white_non_hispanic_5_9_moe": 12, "male_white_non_hispanic_10_14": 0, "male_white_non_hispanic_10_14_moe": 12, "male_white_non_hispanic_15_17": 0, "male_white_non_hispanic_15_17_moe": 12, "female_white_non_hispanic_5_9": 0, "female_white_non_hispanic_5_9_moe": 12, "female_white_non_hispanic_10_14": 50, "female_white_non_hispanic_10_14_moe": 78, "female_white_non_hispanic_15_17": 36, "female_white_non_hispanic_15_17_moe": 55, "male_black_alone_5_9": 0, "male_black_alone_5_9_moe": 12, "male_black_alone_10_14": 0, "male_black_alone_10_14_moe": 12, "male_black_alone_15_17": 0, "male_black_alone_15_17_moe": 12, "female_black_alone_5_9": 0, "female_black_alone_5_9_moe": 12, "female_black_alone_10_14": 0, "female_black_alone_10_14_moe": 12, "female_black_alone_15_17": 0, "female_black_alone_15_17_moe": 12, "male_public_school_5_9": 0, "state": "29", "county": "510", "tract": "125500", "male_public_school_5_9_moe": 12, "male_public_school_10_14": 0, "male_public_school_10_14_moe": 12, "male_public_school_15_17": 0, "male_public_school_15_17_moe": 12, "male_private_school_5_9": 0, "male_private_school_5_9_moe": 12, "male_private_school_10_14": 0, "male_private_school_10_14_moe": 12, "male_private_school_15_17": 0, "male_private_school_15_17_moe": 12, "female_public_school_5_9": 0, "female_public_school_5_9_moe": 12, "female_public_school_10_14": 0, "female_public_school_10_14_moe": 12, "female_public_school_15_17": 0, "female_public_school_15_17_moe": 12, "female_private_school_5_9": 0, "female_private_school_5_9_moe": 12, "female_private_school_10_14": 50, "female_private_school_10_14_moe": 78, "female_private_school_15_17": 36, "female_private_school_15_17_moe": 55, "median_household_income": 69734, "median_household_income_moe": 24285, "acs_median_owner_occupied_home_value": 222300, "acs_median_owner_occupied_home_value_moe": 41649, "race_other": 666, "race_white_share": 0.42389162561576355, "race_black_share": 0.41206896551724137, "race_other_share": 0.16403940886699508, "poverty_rate": 0.1345959595959596, "school_age_5_17": 86, "school_age_white_non_hispanic_5_17": 86, "school_age_black_alone_5_17": 0, "school_age_other_or_unclassified_5_17": 0, "school_age_white_non_hispanic_5_17_moe": 98.41239759298622, "school_age_black_alone_5_17_moe": 29.393876913398138, "school_age_white_non_hispanic_5_17_share": 1.0, "school_age_black_alone_5_17_share": 0.0, "school_age_other_or_unclassified_5_17_share": 0.0, "school_age_5_17_per_capita": 0.021182266009852218, "public_school_enrolled_5_17": 0, "private_school_enrolled_5_17": 86, "public_school_enrolled_5_17_moe": 29.393876913398138, "private_school_enrolled_5_17_moe": 98.41239759298622, "public_school_enrolled_5_17_per_school_age": 0.0, "private_school_enrolled_5_17_per_school_age": 1.0, "source_area_sq_m": 1100079.4870198516, "city_area_sq_m": 1100079.4870198509, "city_area_share": 0.9999999999999993, "tornado_damage_intersects": false, "tornado_max_efscale": "<NA>", "tornado_damage_area_sq_m": 0.0, "tornado_damage_area_share": 0.0, "tornado_damage_point_count": 0, "tornado_ef2_plus_point_count": 0, "tornado_distance_to_path_m": 4516.46331813317}, "geometry": {"type": "Polygon", "coordinates": [[[-90.211264, 38.6277], [-90.211143, 38.628064], [-90.211047, 38.628355], [-90.210928, 38.62871], [-90.210815, 38.629051], [-90.210618, 38.629645], [-90.210574, 38.629777], [-90.210456, 38.630133], [-90.210189, 38.630081], [-90.20939, 38.629927], [-90.209124, 38.629876], [-90.208566, 38.629767], [-90.208365, 38.629728], [-90.207266, 38.629504], [-90.206899, 38.629419], [-90.206627, 38.629357], [-90.206345, 38.6293], [-90.206313, 38.629416], [-90.206216, 38.629767], [-90.206185, 38.629884], [-90.206133, 38.630039], [-90.205977, 38.630504], [-90.205926, 38.63066], [-90.205877, 38.630804], [-90.20573, 38.631238], [-90.205682, 38.631383], [-90.205614, 38.63158], [-90.205529, 38.631833], [-90.205413, 38.632174], [-90.205346, 38.632372], [-90.205308, 38.632481], [-90.205196, 38.63281], [-90.20516, 38.63292], [-90.205121, 38.633033], [-90.205005, 38.633373], [-90.204967, 38.633487], [-90.204938, 38.633514], [-90.204839, 38.633554], [-90.204777, 38.633571], [-90.204733, 38.633595], [-90.204683, 38.633644], [-90.204552, 38.633964], [-90.204521, 38.63406], [-90.20443, 38.634347], [-90.2044, 38.634444], [-90.204366, 38.634548], [-90.204267, 38.63486], [-90.204234, 38.634965], [-90.204168, 38.63517], [-90.204153, 38.63522], [-90.20406, 38.635489], [-90.203959, 38.63578], [-90.203889, 38.635984], [-90.202393, 38.635665], [-90.202102, 38.635603], [-90.201229, 38.635419], [-90.200939, 38.635358], [-90.200628, 38.635293], [-90.199695, 38.635099], [-90.199385, 38.635035], [-90.198002, 38.634748], [-90.197153, 38.634579], [-90.196697, 38.634487], [-90.196483, 38.634427], [-90.195782, 38.634276], [-90.195968, 38.633752], [-90.196007, 38.633644], [-90.196125, 38.633324], [-90.196165, 38.633217], [-90.196199, 38.633122], [-90.196305, 38.632838], [-90.19634, 38.632744], [-90.196372, 38.632655], [-90.196472, 38.632391], [-90.196505, 38.632303], [-90.196544, 38.632195], [-90.196665, 38.631872], [-90.196705, 38.631765], [-90.196867, 38.631572], [-90.196998, 38.631258], [-90.197257, 38.630514], [-90.197538, 38.62969], [-90.197588, 38.629545], [-90.197739, 38.629111], [-90.19779, 38.628967], [-90.197846, 38.6288], [-90.198017, 38.628301], [-90.198074, 38.628135], [-90.19812, 38.627995], [-90.198173, 38.627838], [-90.198279, 38.627583], [-90.198336, 38.627448], [-90.198682, 38.626623], [-90.198944, 38.625944], [-90.199212, 38.62525], [-90.199194, 38.625], [-90.199304, 38.624736], [-90.199482, 38.624303], [-90.199676, 38.623829], [-90.200043, 38.623022], [-90.201688, 38.623449], [-90.202747, 38.623754], [-90.20297, 38.623814], [-90.203236, 38.623885], [-90.203291, 38.623906], [-90.203729, 38.624024], [-90.204016, 38.624102], [-90.204195, 38.624145], [-90.204678, 38.624264], [-90.20494, 38.624315], [-90.205054, 38.624338], [-90.205272, 38.624381], [-90.205674, 38.624459], [-90.20577, 38.624476], [-90.206544, 38.624612], [-90.206576, 38.624618], [-90.206624, 38.624628], [-90.206922, 38.624681], [-90.20695, 38.624689], [-90.207259, 38.62477], [-90.207693, 38.624885], [-90.208093, 38.625009], [-90.20829, 38.625075], [-90.208957, 38.6253], [-90.20974, 38.625595], [-90.20977, 38.625607], [-90.209982, 38.625687], [-90.210058, 38.625714], [-90.21065, 38.625923], [-90.210738, 38.625954], [-90.210897, 38.626011], [-90.211014, 38.626047], [-90.211094, 38.62607], [-90.211083, 38.626119], [-90.211031, 38.626348], [-90.210932, 38.626795], [-90.21078, 38.627161], [-90.210772, 38.627182], [-90.210764, 38.627193], [-90.21071, 38.627269], [-90.210605, 38.627385], [-90.210904, 38.627448], [-90.211185, 38.627507], [-90.211266, 38.627545], [-90.211281, 38.627591], [-90.211279, 38.627636], [-90.211264, 38.6277]]]}}, {"id": "93", "type": "Feature", "properties": {"geoid": "29510101800", "name": "Census Tract 1018; St. Louis city; Missouri", "total_population": 3246, "total_population_moe": 741, "race_total": 3246, "race_total_moe": 741, "race_white_non_hispanic": 1377, "race_white_non_hispanic_moe": 517, "race_black_non_hispanic": 958, "race_black_non_hispanic_moe": 409, "poverty_universe": 3246, "poverty_universe_moe": 741, "poverty_below": 764, "poverty_below_moe": 250, "male_5_9": 234, "male_5_9_moe": 227, "male_10_14": 152, "male_10_14_moe": 76, "male_15_17": 196, "male_15_17_moe": 137, "female_5_9": 12, "female_5_9_moe": 21, "female_10_14": 194, "female_10_14_moe": 211, "female_15_17": 104, "female_15_17_moe": 62, "male_white_non_hispanic_5_9": 0, "male_white_non_hispanic_5_9_moe": 12, "male_white_non_hispanic_10_14": 29, "male_white_non_hispanic_10_14_moe": 52, "male_white_non_hispanic_15_17": 66, "male_white_non_hispanic_15_17_moe": 72, "female_white_non_hispanic_5_9": 0, "female_white_non_hispanic_5_9_moe": 12, "female_white_non_hispanic_10_14": 44, "female_white_non_hispanic_10_14_moe": 59, "female_white_non_hispanic_15_17": 41, "female_white_non_hispanic_15_17_moe": 53, "male_black_alone_5_9": 128, "male_black_alone_5_9_moe": 206, "male_black_alone_10_14": 20, "male_black_alone_10_14_moe": 31, "male_black_alone_15_17": 54, "male_black_alone_15_17_moe": 64, "female_black_alone_5_9": 0, "female_black_alone_5_9_moe": 12, "female_black_alone_10_14": 0, "female_black_alone_10_14_moe": 12, "female_black_alone_15_17": 46, "female_black_alone_15_17_moe": 56, "male_public_school_5_9": 222, "state": "29", "county": "510", "tract": "101800", "male_public_school_5_9_moe": 226, "male_public_school_10_14": 103, "male_public_school_10_14_moe": 64, "male_public_school_15_17": 196, "male_public_school_15_17_moe": 137, "male_private_school_5_9": 12, "male_private_school_5_9_moe": 21, "male_private_school_10_14": 49, "male_private_school_10_14_moe": 59, "male_private_school_15_17": 0, "male_private_school_15_17_moe": 12, "female_public_school_5_9": 12, "female_public_school_5_9_moe": 21, "female_public_school_10_14": 194, "female_public_school_10_14_moe": 211, "female_public_school_15_17": 104, "female_public_school_15_17_moe": 62, "female_private_school_5_9": 0, "female_private_school_5_9_moe": 12, "female_private_school_10_14": 0, "female_private_school_10_14_moe": 12, "female_private_school_15_17": 0, "female_private_school_15_17_moe": 12, "median_household_income": 43988, "median_household_income_moe": 15175, "acs_median_owner_occupied_home_value": 113700, "acs_median_owner_occupied_home_value_moe": 15526, "race_other": 911, "race_white_share": 0.4242144177449168, "race_black_share": 0.2951324707332101, "race_other_share": 0.28065311152187306, "poverty_rate": 0.23536660505237214, "school_age_5_17": 892, "school_age_white_non_hispanic_5_17": 180, "school_age_black_alone_5_17": 248, "school_age_other_or_unclassified_5_17": 464, "school_age_white_non_hispanic_5_17_moe": 120.2746856158851, "school_age_black_alone_5_17_moe": 225.64795589590437, "school_age_white_non_hispanic_5_17_share": 0.20179372197309417, "school_age_black_alone_5_17_share": 0.27802690582959644, "school_age_other_or_unclassified_5_17_share": 0.5201793721973094, "school_age_5_17_per_capita": 0.27479975354282193, "public_school_enrolled_5_17": 831, "private_school_enrolled_5_17": 61, "public_school_enrolled_5_17_moe": 350.35267945314763, "private_school_enrolled_5_17_moe": 67.06713054842886, "public_school_enrolled_5_17_per_school_age": 0.9316143497757847, "private_school_enrolled_5_17_per_school_age": 0.06838565022421525, "source_area_sq_m": 3608503.791882944, "city_area_sq_m": 3473187.231377451, "city_area_share": 0.9625006461653506, "tornado_damage_intersects": false, "tornado_max_efscale": "<NA>", "tornado_damage_area_sq_m": 0.0, "tornado_damage_area_share": 0.0, "tornado_damage_point_count": 0, "tornado_ef2_plus_point_count": 0, "tornado_distance_to_path_m": 9991.466824009129}, "geometry": {"type": "Polygon", "coordinates": [[[-90.269062, 38.537608], [-90.268995, 38.537667], [-90.268951, 38.537706], [-90.268782, 38.537855], [-90.268689, 38.537938], [-90.268571, 38.538041], [-90.268541, 38.538068], [-90.268393, 38.538199], [-90.268314, 38.538269], [-90.268218, 38.538352], [-90.268101, 38.538456], [-90.268069, 38.538483], [-90.267975, 38.538566], [-90.267944, 38.538594], [-90.267541, 38.538946], [-90.266335, 38.540004], [-90.265933, 38.540357], [-90.265776, 38.540493], [-90.265305, 38.540905], [-90.265149, 38.541043], [-90.264991, 38.54118], [-90.264517, 38.541593], [-90.26436, 38.541731], [-90.2642, 38.541869], [-90.263723, 38.542286], [-90.263564, 38.542426], [-90.263408, 38.542563], [-90.26294, 38.542974], [-90.262784, 38.543111], [-90.262619, 38.543256], [-90.262126, 38.543694], [-90.261962, 38.54384], [-90.261819, 38.543965], [-90.261394, 38.544343], [-90.261253, 38.54447], [-90.261232, 38.544487], [-90.261172, 38.544541], [-90.261152, 38.544559], [-90.26099, 38.544703], [-90.260505, 38.545136], [-90.260344, 38.545281], [-90.260183, 38.545424], [-90.259704, 38.545853], [-90.259544, 38.545997], [-90.259381, 38.546141], [-90.25909, 38.5464], [-90.258893, 38.546571], [-90.25873, 38.546714], [-90.258564, 38.546857], [-90.258068, 38.547288], [-90.257903, 38.547432], [-90.25774, 38.547574], [-90.257251, 38.548], [-90.257088, 38.548142], [-90.257278, 38.548274], [-90.257603, 38.548502], [-90.257853, 38.548666], [-90.258048, 38.548794], [-90.258238, 38.548919], [-90.25881, 38.549294], [-90.259001, 38.549419], [-90.259195, 38.549546], [-90.259491, 38.549741], [-90.259708, 38.549883], [-90.25978, 38.549926], [-90.25998, 38.550046], [-90.260179, 38.550165], [-90.26047, 38.550341], [-90.260777, 38.550522], [-90.260978, 38.55064], [-90.260744, 38.550851], [-90.260639, 38.550942], [-90.259613, 38.551839], [-90.259271, 38.552139], [-90.258894, 38.552468], [-90.258445, 38.552859], [-90.258279, 38.553003], [-90.257785, 38.553435], [-90.25762, 38.55358], [-90.257583, 38.553611], [-90.257474, 38.553707], [-90.257438, 38.553739], [-90.257308, 38.553852], [-90.256919, 38.554194], [-90.25679, 38.554308], [-90.256624, 38.554453], [-90.256129, 38.554889], [-90.255964, 38.555035], [-90.255801, 38.555178], [-90.255312, 38.555609], [-90.25515, 38.555753], [-90.255028, 38.55586], [-90.254663, 38.556182], [-90.254542, 38.55629], [-90.254502, 38.556324], [-90.254382, 38.55643], [-90.254343, 38.556466], [-90.254157, 38.556629], [-90.253967, 38.556798], [-90.253594, 38.557109], [-90.253405, 38.557268], [-90.253114, 38.55751], [-90.252958, 38.557642], [-90.252238, 38.558152], [-90.2522, 38.558182], [-90.25201, 38.558339], [-90.251921, 38.558436], [-90.251814, 38.558553], [-90.25173, 38.558654], [-90.251461, 38.558983], [-90.251175, 38.559323], [-90.25099, 38.559546], [-90.250884, 38.559671], [-90.250752, 38.55983], [-90.250565, 38.560045], [-90.250458, 38.560169], [-90.250264, 38.560393], [-90.250001, 38.560699], [-90.249688, 38.561068], [-90.249498, 38.561295], [-90.249439, 38.561364], [-90.249264, 38.561572], [-90.249206, 38.561642], [-90.249244, 38.561681], [-90.249359, 38.561801], [-90.249398, 38.561841], [-90.24935, 38.561855], [-90.249335, 38.561858], [-90.249292, 38.561871], [-90.249278, 38.561875], [-90.248727, 38.562031], [-90.248697, 38.562039], [-90.24791, 38.562256], [-90.247185, 38.562448], [-90.24695, 38.562503], [-90.246367, 38.562656], [-90.246238, 38.562378], [-90.246166, 38.562207], [-90.246141, 38.562072], [-90.246135, 38.561958], [-90.246212, 38.561887], [-90.246225, 38.561874], [-90.246137, 38.561849], [-90.245923, 38.561723], [-90.245351, 38.56142], [-90.245136, 38.561318], [-90.244097, 38.560775], [-90.243902, 38.560674], [-90.243477, 38.560455], [-90.24332, 38.560371], [-90.243127, 38.560269], [-90.242993, 38.560195], [-90.242593, 38.559975], [-90.24246, 38.559902], [-90.242423, 38.55989], [-90.242314, 38.559857], [-90.242278, 38.559847], [-90.242156, 38.559822], [-90.241791, 38.55975], [-90.24167, 38.559726], [-90.240898, 38.559371], [-90.240134, 38.55902], [-90.238599, 38.558314], [-90.238584, 38.558307], [-90.238206, 38.558133], [-90.238071, 38.558071], [-90.240044, 38.555651], [-90.240482, 38.555112], [-90.241816, 38.55348], [-90.243375, 38.551566], [-90.244648, 38.550003], [-90.248905, 38.544781], [-90.249128, 38.544467], [-90.249318, 38.544186], [-90.249982, 38.543231], [-90.250279, 38.542804], [-90.25202971279877, 38.54028553297985], [-90.2545909009432, 38.537927088388294], [-90.2586394492623, 38.53426909206679], [-90.26109032304993, 38.53334559462185], [-90.262376, 38.533815], [-90.262448, 38.533841], [-90.262534, 38.533872], [-90.262636, 38.533882], [-90.263102, 38.534048], [-90.263384, 38.533947], [-90.26375, 38.533819], [-90.26382, 38.533807], [-90.264054, 38.533767], [-90.264243, 38.533728], [-90.26444, 38.533699], [-90.265329, 38.53369], [-90.265353, 38.5337], [-90.266238, 38.533998], [-90.26683560442814, 38.5342515578593], [-90.2669561570355, 38.5343910830814], [-90.2672261808427, 38.53556502643038], [-90.26809072420072, 38.5365871147713], [-90.26841345715943, 38.53670702468308], [-90.268503, 38.53696], [-90.268512, 38.536985], [-90.26907, 38.53756], [-90.2691, 38.537575], [-90.269062, 38.537608]]]}}, {"id": "94", "type": "Feature", "properties": {"geoid": "29510102100", "name": "Census Tract 1021; St. Louis city; Missouri", "total_population": 2390, "total_population_moe": 292, "race_total": 2390, "race_total_moe": 292, "race_white_non_hispanic": 1961, "race_white_non_hispanic_moe": 296, "race_black_non_hispanic": 109, "race_black_non_hispanic_moe": 99, "poverty_universe": 2370, "poverty_universe_moe": 291, "poverty_below": 224, "poverty_below_moe": 104, "male_5_9": 21, "male_5_9_moe": 21, "male_10_14": 26, "male_10_14_moe": 32, "male_15_17": 30, "male_15_17_moe": 46, "female_5_9": 13, "female_5_9_moe": 18, "female_10_14": 9, "female_10_14_moe": 16, "female_15_17": 0, "female_15_17_moe": 12, "male_white_non_hispanic_5_9": 12, "male_white_non_hispanic_5_9_moe": 16, "male_white_non_hispanic_10_14": 26, "male_white_non_hispanic_10_14_moe": 32, "male_white_non_hispanic_15_17": 0, "male_white_non_hispanic_15_17_moe": 12, "female_white_non_hispanic_5_9": 13, "female_white_non_hispanic_5_9_moe": 18, "female_white_non_hispanic_10_14": 9, "female_white_non_hispanic_10_14_moe": 16, "female_white_non_hispanic_15_17": 0, "female_white_non_hispanic_15_17_moe": 12, "male_black_alone_5_9": 9, "male_black_alone_5_9_moe": 17, "male_black_alone_10_14": 0, "male_black_alone_10_14_moe": 12, "male_black_alone_15_17": 0, "male_black_alone_15_17_moe": 12, "female_black_alone_5_9": 0, "female_black_alone_5_9_moe": 12, "female_black_alone_10_14": 0, "female_black_alone_10_14_moe": 12, "female_black_alone_15_17": 0, "female_black_alone_15_17_moe": 12, "male_public_school_5_9": 9, "state": "29", "county": "510", "tract": "102100", "male_public_school_5_9_moe": 17, "male_public_school_10_14": 26, "male_public_school_10_14_moe": 32, "male_public_school_15_17": 30, "male_public_school_15_17_moe": 46, "male_private_school_5_9": 12, "male_private_school_5_9_moe": 16, "male_private_school_10_14": 0, "male_private_school_10_14_moe": 12, "male_private_school_15_17": 0, "male_private_school_15_17_moe": 12, "female_public_school_5_9": 0, "female_public_school_5_9_moe": 12, "female_public_school_10_14": 9, "female_public_school_10_14_moe": 16, "female_public_school_15_17": 0, "female_public_school_15_17_moe": 12, "female_private_school_5_9": 13, "female_private_school_5_9_moe": 18, "female_private_school_10_14": 0, "female_private_school_10_14_moe": 12, "female_private_school_15_17": 0, "female_private_school_15_17_moe": 12, "median_household_income": 56667, "median_household_income_moe": 12246, "acs_median_owner_occupied_home_value": 183100, "acs_median_owner_occupied_home_value_moe": 12079, "race_other": 320, "race_white_share": 0.8205020920502092, "race_black_share": 0.04560669456066946, "race_other_share": 0.13389121338912133, "poverty_rate": 0.09451476793248945, "school_age_5_17": 99, "school_age_white_non_hispanic_5_17": 60, "school_age_black_alone_5_17": 9, "school_age_other_or_unclassified_5_17": 30, "school_age_white_non_hispanic_5_17_moe": 46.34652090502587, "school_age_black_alone_5_17_moe": 31.76476034853718, "school_age_white_non_hispanic_5_17_share": 0.6060606060606061, "school_age_black_alone_5_17_share": 0.09090909090909091, "school_age_other_or_unclassified_5_17_share": 0.30303030303030304, "school_age_5_17_per_capita": 0.04142259414225941, "public_school_enrolled_5_17": 74, "private_school_enrolled_5_17": 25, "public_school_enrolled_5_17_moe": 63.0317380372777, "private_school_enrolled_5_17_moe": 34.0, "public_school_enrolled_5_17_per_school_age": 0.7474747474747475, "private_school_enrolled_5_17_per_school_age": 0.25252525252525254, "source_area_sq_m": 1549771.5306912255, "city_area_sq_m": 1535834.2760768225, "city_area_share": 0.9910068972500826, "tornado_damage_intersects": false, "tornado_max_efscale": "<NA>", "tornado_damage_area_sq_m": 0.0, "tornado_damage_area_share": 0.0, "tornado_damage_point_count": 0, "tornado_ef2_plus_point_count": 0, "tornado_distance_to_path_m": 7281.640641487727}, "geometry": {"type": "Polygon", "coordinates": [[[-90.310215, 38.57562], [-90.309704, 38.575579], [-90.30965, 38.575573], [-90.309462, 38.575555], [-90.309293, 38.575538], [-90.308911, 38.575502], [-90.308789, 38.575485], [-90.308622, 38.575463], [-90.308487, 38.575432], [-90.308084, 38.575339], [-90.30795, 38.575309], [-90.307833, 38.575295], [-90.307816, 38.575294], [-90.307683, 38.575279], [-90.307526, 38.575261], [-90.307485, 38.575256], [-90.307369, 38.575243], [-90.306401, 38.57516], [-90.3035, 38.574911], [-90.302533, 38.574829], [-90.302318, 38.574819], [-90.302047, 38.574798], [-90.300807, 38.574674], [-90.300376, 38.57467], [-90.30012, 38.574599], [-90.299869, 38.574551], [-90.299157, 38.574472], [-90.298118, 38.574383], [-90.295794, 38.574165], [-90.295588, 38.574144], [-90.29497, 38.574083], [-90.294764, 38.574063], [-90.294529, 38.57404], [-90.293827, 38.573971], [-90.293593, 38.573948], [-90.292369, 38.573833], [-90.291801, 38.57378], [-90.291679, 38.573752], [-90.291449, 38.573642], [-90.29123, 38.57352], [-90.291212, 38.573508], [-90.291174, 38.573488], [-90.290677, 38.573211], [-90.289696, 38.57267], [-90.289566, 38.572598], [-90.288754, 38.572151], [-90.288162, 38.571821], [-90.28787, 38.571657], [-90.286738, 38.571025], [-90.285545, 38.57038], [-90.285065, 38.570122], [-90.285203, 38.56999], [-90.285404, 38.569803], [-90.285569, 38.56965], [-90.285626, 38.5696], [-90.285724, 38.569513], [-90.285857, 38.569396], [-90.285983, 38.569283], [-90.28617, 38.569117], [-90.28637, 38.568953], [-90.286435, 38.568901], [-90.286509, 38.568858], [-90.286682, 38.568756], [-90.28697, 38.568587], [-90.287201, 38.56845], [-90.287375, 38.568349], [-90.287574, 38.568229], [-90.288039, 38.56795], [-90.288173, 38.567869], [-90.288373, 38.567749], [-90.288433, 38.567713], [-90.28853, 38.567654], [-90.289004, 38.56737], [-90.289162, 38.567276], [-90.28947, 38.567092], [-90.289712, 38.56695], [-90.290108, 38.566712], [-90.290396, 38.566541], [-90.290705, 38.566358], [-90.290742, 38.566336], [-90.291064, 38.566141], [-90.29144, 38.565915], [-90.292146, 38.565498], [-90.292508, 38.565285], [-90.29267, 38.565188], [-90.293155, 38.564897], [-90.293318, 38.564801], [-90.293484, 38.564697], [-90.293985, 38.564387], [-90.294152, 38.564285], [-90.295028, 38.563698], [-90.29512, 38.563636], [-90.295213, 38.563573], [-90.295285, 38.563525], [-90.295356, 38.563477], [-90.295885, 38.563131], [-90.296009, 38.563046], [-90.296384, 38.562792], [-90.296509, 38.562708], [-90.296599, 38.562647], [-90.296868, 38.562467], [-90.29694558783585, 38.56241584319621], [-90.2970180467574, 38.5624705754539], [-90.3026090829283, 38.567999585138], [-90.3039100622528, 38.569285586222506], [-90.3050020627005, 38.57036459228], [-90.3068360784215, 38.572176582967195], [-90.3075960773847, 38.57292758920781], [-90.3103250789694, 38.57558759506751], [-90.31035734805914, 38.57562617723637], [-90.310272, 38.575625], [-90.310215, 38.57562]]]}}, {"id": "95", "type": "Feature", "properties": {"geoid": "29510102200", "name": "Census Tract 1022; St. Louis city; Missouri", "total_population": 5018, "total_population_moe": 493, "race_total": 5018, "race_total_moe": 493, "race_white_non_hispanic": 4231, "race_white_non_hispanic_moe": 575, "race_black_non_hispanic": 289, "race_black_non_hispanic_moe": 204, "poverty_universe": 4968, "poverty_universe_moe": 486, "poverty_below": 315, "poverty_below_moe": 168, "male_5_9": 61, "male_5_9_moe": 47, "male_10_14": 121, "male_10_14_moe": 73, "male_15_17": 77, "male_15_17_moe": 64, "female_5_9": 41, "female_5_9_moe": 44, "female_10_14": 64, "female_10_14_moe": 67, "female_15_17": 35, "female_15_17_moe": 42, "male_white_non_hispanic_5_9": 61, "male_white_non_hispanic_5_9_moe": 47, "male_white_non_hispanic_10_14": 89, "male_white_non_hispanic_10_14_moe": 68, "male_white_non_hispanic_15_17": 40, "male_white_non_hispanic_15_17_moe": 49, "female_white_non_hispanic_5_9": 41, "female_white_non_hispanic_5_9_moe": 44, "female_white_non_hispanic_10_14": 64, "female_white_non_hispanic_10_14_moe": 67, "female_white_non_hispanic_15_17": 35, "female_white_non_hispanic_15_17_moe": 42, "male_black_alone_5_9": 0, "male_black_alone_5_9_moe": 17, "male_black_alone_10_14": 0, "male_black_alone_10_14_moe": 17, "male_black_alone_15_17": 21, "male_black_alone_15_17_moe": 34, "female_black_alone_5_9": 0, "female_black_alone_5_9_moe": 17, "female_black_alone_10_14": 0, "female_black_alone_10_14_moe": 17, "female_black_alone_15_17": 0, "female_black_alone_15_17_moe": 17, "male_public_school_5_9": 0, "state": "29", "county": "510", "tract": "102200", "male_public_school_5_9_moe": 17, "male_public_school_10_14": 88, "male_public_school_10_14_moe": 69, "male_public_school_15_17": 61, "male_public_school_15_17_moe": 59, "male_private_school_5_9": 55, "male_private_school_5_9_moe": 45, "male_private_school_10_14": 33, "male_private_school_10_14_moe": 34, "male_private_school_15_17": 16, "male_private_school_15_17_moe": 26, "female_public_school_5_9": 0, "female_public_school_5_9_moe": 17, "female_public_school_10_14": 45, "female_public_school_10_14_moe": 61, "female_public_school_15_17": 0, "female_public_school_15_17_moe": 17, "female_private_school_5_9": 41, "female_private_school_5_9_moe": 44, "female_private_school_10_14": 19, "female_private_school_10_14_moe": 31, "female_private_school_15_17": 35, "female_private_school_15_17_moe": 42, "median_household_income": 94216, "median_household_income_moe": 15848, "acs_median_owner_occupied_home_value": 269900, "acs_median_owner_occupied_home_value_moe": 29389, "race_other": 498, "race_white_share": 0.8431646074133121, "race_black_share": 0.05759266640095655, "race_other_share": 0.09924272618573136, "poverty_rate": 0.06340579710144928, "school_age_5_17": 399, "school_age_white_non_hispanic_5_17": 330, "school_age_black_alone_5_17": 21, "school_age_other_or_unclassified_5_17": 48, "school_age_white_non_hispanic_5_17_moe": 131.99621206686197, "school_age_black_alone_5_17_moe": 51.0, "school_age_white_non_hispanic_5_17_share": 0.8270676691729323, "school_age_black_alone_5_17_share": 0.05263157894736842, "school_age_other_or_unclassified_5_17_share": 0.12030075187969924, "school_age_5_17_per_capita": 0.07951375049820646, "public_school_enrolled_5_17": 194, "private_school_enrolled_5_17": 199, "public_school_enrolled_5_17_moe": 113.26958991715296, "private_school_enrolled_5_17_moe": 92.29301165310405, "public_school_enrolled_5_17_per_school_age": 0.48621553884711777, "private_school_enrolled_5_17_per_school_age": 0.49874686716791977, "source_area_sq_m": 2605081.683697106, "city_area_sq_m": 2587129.8041292, "city_area_share": 0.9931088995480446, "tornado_damage_intersects": false, "tornado_max_efscale": "<NA>", "tornado_damage_area_sq_m": 0.0, "tornado_damage_area_share": 0.0, "tornado_damage_point_count": 0, "tornado_ef2_plus_point_count": 0, "tornado_distance_to_path_m": 6012.51223749413}, "geometry": {"type": "Polygon", "coordinates": [[[-90.316191, 38.584724], [-90.316131, 38.584766], [-90.315886, 38.584926], [-90.315719, 38.585044], [-90.315502, 38.585202], [-90.314979, 38.585588], [-90.314765, 38.585666], [-90.314394, 38.585937], [-90.314232, 38.586038], [-90.31399, 38.586199], [-90.313905, 38.586256], [-90.313716, 38.586381], [-90.313631, 38.586438], [-90.313372, 38.586625], [-90.313287, 38.586753], [-90.313205, 38.586816], [-90.313169, 38.586843], [-90.313063, 38.586924], [-90.313028, 38.586952], [-90.312478, 38.586204], [-90.311743, 38.585204], [-90.311147, 38.584187], [-90.311011, 38.583853], [-90.310778, 38.583281], [-90.310736, 38.583266], [-90.310612, 38.583221], [-90.310487, 38.583176], [-90.310261, 38.583146], [-90.309583, 38.583056], [-90.309357, 38.583027], [-90.308719, 38.582965], [-90.306805, 38.582779], [-90.306167, 38.582717], [-90.306067, 38.582699], [-90.306005, 38.582699], [-90.305843, 38.58268], [-90.30509, 38.582594], [-90.304873, 38.582566], [-90.30455, 38.582526], [-90.303941, 38.582449], [-90.303859, 38.582439], [-90.302109, 38.582277], [-90.301707, 38.58224], [-90.301499, 38.582216], [-90.301126, 38.582173], [-90.300007, 38.582046], [-90.299634, 38.582004], [-90.299168, 38.58195], [-90.297773, 38.581789], [-90.297611, 38.581771], [-90.297307, 38.581744], [-90.29714, 38.581729], [-90.29664, 38.581685], [-90.296474, 38.581671], [-90.296299, 38.581656], [-90.295839, 38.581625], [-90.295722, 38.581618], [-90.295586, 38.581626], [-90.295496, 38.581632], [-90.293959, 38.581926], [-90.293921, 38.581934], [-90.293334, 38.582041], [-90.29302, 38.582098], [-90.292483, 38.582196], [-90.292077, 38.582257], [-90.291953, 38.582276], [-90.291808, 38.58231], [-90.291517, 38.582253], [-90.291248, 38.582223], [-90.290487, 38.582141], [-90.289699, 38.582061], [-90.289183, 38.58201], [-90.288377, 38.58193], [-90.287343, 38.581829], [-90.285961, 38.581702], [-90.285897, 38.581697], [-90.285159, 38.581605], [-90.284483, 38.581526], [-90.284213, 38.581495], [-90.282453, 38.581318], [-90.281777, 38.581251], [-90.281185, 38.581186], [-90.279492, 38.581003], [-90.279409, 38.580994], [-90.278817, 38.580937], [-90.278905, 38.58079], [-90.278979, 38.580669], [-90.279159, 38.580447], [-90.279218, 38.580381], [-90.279334, 38.580255], [-90.279349, 38.580238], [-90.279428, 38.58017], [-90.27957, 38.580051], [-90.279726, 38.57993], [-90.279827, 38.579853], [-90.279851, 38.579835], [-90.280169, 38.579655], [-90.28024, 38.579614], [-90.280563, 38.579468], [-90.280717, 38.579396], [-90.280958, 38.579295], [-90.281044, 38.579258], [-90.281087, 38.57924], [-90.281507, 38.579021], [-90.281755, 38.578844], [-90.281997, 38.578617], [-90.28215, 38.578432], [-90.282209, 38.57836], [-90.282233, 38.578321], [-90.282382, 38.578095], [-90.282451, 38.577967], [-90.282518, 38.577846], [-90.282584, 38.577715], [-90.282784, 38.577325], [-90.282851, 38.577195], [-90.282969, 38.576967], [-90.283105, 38.576717], [-90.283429, 38.576119], [-90.28346, 38.576074], [-90.283493, 38.576014], [-90.284006, 38.575053], [-90.284224, 38.574651], [-90.284449, 38.574235], [-90.284479, 38.57416], [-90.284522, 38.574051], [-90.284533, 38.573877], [-90.284511, 38.573724], [-90.284402, 38.573334], [-90.284398, 38.573317], [-90.284384, 38.573271], [-90.284153, 38.5725], [-90.284069, 38.572239], [-90.28377, 38.571323], [-90.283942, 38.571163], [-90.284514, 38.570631], [-90.285065, 38.570122], [-90.285545, 38.57038], [-90.286738, 38.571025], [-90.28787, 38.571657], [-90.288162, 38.571821], [-90.288754, 38.572151], [-90.289566, 38.572598], [-90.289696, 38.57267], [-90.290677, 38.573211], [-90.291174, 38.573488], [-90.291212, 38.573508], [-90.29123, 38.57352], [-90.291449, 38.573642], [-90.291679, 38.573752], [-90.291801, 38.57378], [-90.292369, 38.573833], [-90.293593, 38.573948], [-90.293827, 38.573971], [-90.294529, 38.57404], [-90.294764, 38.574063], [-90.29497, 38.574083], [-90.295588, 38.574144], [-90.295794, 38.574165], [-90.298118, 38.574383], [-90.299157, 38.574472], [-90.299869, 38.574551], [-90.30012, 38.574599], [-90.300376, 38.57467], [-90.300807, 38.574674], [-90.302047, 38.574798], [-90.302318, 38.574819], [-90.302533, 38.574829], [-90.3035, 38.574911], [-90.306401, 38.57516], [-90.307369, 38.575243], [-90.307485, 38.575256], [-90.307526, 38.575261], [-90.307683, 38.575279], [-90.307816, 38.575294], [-90.307833, 38.575295], [-90.30795, 38.575309], [-90.308084, 38.575339], [-90.308487, 38.575432], [-90.308622, 38.575463], [-90.308789, 38.575485], [-90.308911, 38.575502], [-90.309293, 38.575538], [-90.309462, 38.575555], [-90.30965, 38.575573], [-90.309704, 38.575579], [-90.310215, 38.57562], [-90.310272, 38.575625], [-90.31035734805914, 38.57562617723637], [-90.3128150967654, 38.5785646142385], [-90.3137515824013, 38.57935098258248], [-90.314162102893, 38.5802976136707], [-90.3144500790431, 38.5811666130874], [-90.3149170839148, 38.5820306228433], [-90.315407084218, 38.583031608026], [-90.3157421034955, 38.583846610624], [-90.3161915100555, 38.584723489944615], [-90.316191, 38.584724]]]}}, {"id": "96", "type": "Feature", "properties": {"geoid": "29510101100", "name": "Census Tract 1011; St. Louis city; Missouri", "total_population": 2304, "total_population_moe": 357, "race_total": 2304, "race_total_moe": 357, "race_white_non_hispanic": 1654, "race_white_non_hispanic_moe": 181, "race_black_non_hispanic": 296, "race_black_non_hispanic_moe": 260, "poverty_universe": 2304, "poverty_universe_moe": 357, "poverty_below": 299, "poverty_below_moe": 210, "male_5_9": 31, "male_5_9_moe": 45, "male_10_14": 104, "male_10_14_moe": 63, "male_15_17": 18, "male_15_17_moe": 24, "female_5_9": 7, "female_5_9_moe": 11, "female_10_14": 67, "female_10_14_moe": 65, "female_15_17": 51, "female_15_17_moe": 65, "male_white_non_hispanic_5_9": 30, "male_white_non_hispanic_5_9_moe": 45, "male_white_non_hispanic_10_14": 59, "male_white_non_hispanic_10_14_moe": 56, "male_white_non_hispanic_15_17": 0, "male_white_non_hispanic_15_17_moe": 12, "female_white_non_hispanic_5_9": 7, "female_white_non_hispanic_5_9_moe": 11, "female_white_non_hispanic_10_14": 9, "female_white_non_hispanic_10_14_moe": 15, "female_white_non_hispanic_15_17": 11, "female_white_non_hispanic_15_17_moe": 21, "male_black_alone_5_9": 0, "male_black_alone_5_9_moe": 12, "male_black_alone_10_14": 0, "male_black_alone_10_14_moe": 12, "male_black_alone_15_17": 0, "male_black_alone_15_17_moe": 12, "female_black_alone_5_9": 0, "female_black_alone_5_9_moe": 12, "female_black_alone_10_14": 0, "female_black_alone_10_14_moe": 12, "female_black_alone_15_17": 40, "female_black_alone_15_17_moe": 59, "male_public_school_5_9": 1, "state": "29", "county": "510", "tract": "101100", "male_public_school_5_9_moe": 2, "male_public_school_10_14": 25, "male_public_school_10_14_moe": 32, "male_public_school_15_17": 14, "male_public_school_15_17_moe": 23, "male_private_school_5_9": 30, "male_private_school_5_9_moe": 45, "male_private_school_10_14": 62, "male_private_school_10_14_moe": 47, "male_private_school_15_17": 0, "male_private_school_15_17_moe": 12, "female_public_school_5_9": 7, "female_public_school_5_9_moe": 11, "female_public_school_10_14": 0, "female_public_school_10_14_moe": 12, "female_public_school_15_17": 11, "female_public_school_15_17_moe": 21, "female_private_school_5_9": 0, "female_private_school_5_9_moe": 12, "female_private_school_10_14": 58, "female_private_school_10_14_moe": 61, "female_private_school_15_17": 40, "female_private_school_15_17_moe": 59, "median_household_income": 76236, "median_household_income_moe": 8605, "acs_median_owner_occupied_home_value": 156700, "acs_median_owner_occupied_home_value_moe": 17139, "race_other": 354, "race_white_share": 0.7178819444444444, "race_black_share": 0.1284722222222222, "race_other_share": 0.15364583333333334, "poverty_rate": 0.12977430555555555, "school_age_5_17": 278, "school_age_white_non_hispanic_5_17": 116, "school_age_black_alone_5_17": 40, "school_age_other_or_unclassified_5_17": 122, "school_age_white_non_hispanic_5_17_moe": 78.05126520435142, "school_age_black_alone_5_17_moe": 64.81512169239521, "school_age_white_non_hispanic_5_17_share": 0.4172661870503597, "school_age_black_alone_5_17_share": 0.14388489208633093, "school_age_other_or_unclassified_5_17_share": 0.43884892086330934, "school_age_5_17_per_capita": 0.12065972222222222, "public_school_enrolled_5_17": 58, "private_school_enrolled_5_17": 190, "public_school_enrolled_5_17_moe": 47.57099956906519, "private_school_enrolled_5_17_moe": 108.2774214691133, "public_school_enrolled_5_17_per_school_age": 0.20863309352517986, "private_school_enrolled_5_17_per_school_age": 0.6834532374100719, "source_area_sq_m": 1254883.3458933115, "city_area_sq_m": 1247390.8539771093, "city_area_share": 0.9940293319369311, "tornado_damage_intersects": false, "tornado_max_efscale": "<NA>", "tornado_damage_area_sq_m": 0.0, "tornado_damage_area_share": 0.0, "tornado_damage_point_count": 0, "tornado_ef2_plus_point_count": 0, "tornado_distance_to_path_m": 9377.30062340215}, "geometry": {"type": "Polygon", "coordinates": [[[-90.286879, 38.555599], [-90.286751, 38.555732], [-90.286709, 38.555776], [-90.286555, 38.55594], [-90.286093, 38.556432], [-90.285939, 38.556596], [-90.285835, 38.556705], [-90.285526, 38.557035], [-90.285423, 38.557145], [-90.285093, 38.557494], [-90.2846, 38.55802], [-90.284115, 38.558551], [-90.283967, 38.558714], [-90.283791, 38.558906], [-90.283724, 38.558977], [-90.283525, 38.559193], [-90.283459, 38.559265], [-90.283222, 38.559514], [-90.283142, 38.559597], [-90.283061, 38.559681], [-90.282986, 38.55976], [-90.28291, 38.55984], [-90.282904, 38.559734], [-90.281104, 38.558525], [-90.280968, 38.55828], [-90.280164, 38.557659], [-90.279708, 38.55734], [-90.27875, 38.556671], [-90.278105, 38.556431], [-90.274408, 38.556274], [-90.274339, 38.556272], [-90.273386, 38.556073], [-90.272781, 38.55585], [-90.272617, 38.555836], [-90.27256, 38.555909], [-90.27239, 38.556131], [-90.272334, 38.556205], [-90.272271, 38.556268], [-90.27212, 38.556421], [-90.272079, 38.556456], [-90.272012, 38.556515], [-90.271671, 38.556814], [-90.271525, 38.556943], [-90.271264, 38.557162], [-90.270867, 38.557498], [-90.270625, 38.557705], [-90.270453, 38.557852], [-90.270313, 38.557972], [-90.270012, 38.558247], [-90.26969, 38.558541], [-90.269285, 38.558892], [-90.26914, 38.559018], [-90.268705, 38.559399], [-90.268561, 38.559526], [-90.268418, 38.559657], [-90.268172, 38.559884], [-90.26799, 38.560053], [-90.267944, 38.560097], [-90.267845, 38.560182], [-90.267693, 38.560312], [-90.267492, 38.560486], [-90.267396, 38.560569], [-90.267236, 38.560698], [-90.267081, 38.560824], [-90.266871, 38.560718], [-90.266688, 38.56062], [-90.265516, 38.559998], [-90.265463, 38.55997], [-90.265122, 38.559799], [-90.264865, 38.55967], [-90.26456, 38.559518], [-90.2641, 38.559274], [-90.263847, 38.55914], [-90.263545, 38.55898], [-90.262639, 38.558501], [-90.262337, 38.558342], [-90.262473, 38.558208], [-90.262756, 38.557933], [-90.262891, 38.557814], [-90.263035, 38.557689], [-90.26318, 38.557561], [-90.263617, 38.557178], [-90.263763, 38.557051], [-90.263909, 38.556922], [-90.264348, 38.556536], [-90.264495, 38.556408], [-90.2646, 38.556315], [-90.264643, 38.556278], [-90.265096, 38.555896], [-90.265248, 38.555769], [-90.265431, 38.555611], [-90.265459, 38.555588], [-90.266115, 38.555068], [-90.266257, 38.554956], [-90.266329, 38.55489], [-90.266481, 38.554749], [-90.266544, 38.554693], [-90.266948, 38.554338], [-90.267105, 38.554202], [-90.266992, 38.554137], [-90.266656, 38.553944], [-90.266544, 38.55388], [-90.26639, 38.553789], [-90.266087, 38.553611], [-90.26593, 38.553518], [-90.265777, 38.553428], [-90.265972, 38.553415], [-90.266557, 38.553379], [-90.266753, 38.553368], [-90.267432, 38.553304], [-90.269394, 38.553123], [-90.269472, 38.553115], [-90.270152, 38.553049], [-90.270222, 38.553042], [-90.270435, 38.55302], [-90.270506, 38.553014], [-90.270708, 38.552153], [-90.270806, 38.55174], [-90.271106, 38.550466], [-90.271139, 38.550326], [-90.271172, 38.550185], [-90.271273, 38.549758], [-90.271316, 38.549571], [-90.271373, 38.549331], [-90.271446, 38.549021], [-90.271519, 38.548711], [-90.271537, 38.54871], [-90.271753, 38.548689], [-90.272243, 38.54864], [-90.272664, 38.548596], [-90.272731, 38.548633], [-90.273135, 38.548856], [-90.273457, 38.549032], [-90.27366, 38.549144], [-90.274093, 38.549383], [-90.275116, 38.549695], [-90.275797, 38.549903], [-90.276481, 38.550112], [-90.277863, 38.550535], [-90.277983, 38.550585], [-90.278167, 38.550693], [-90.278728, 38.551098], [-90.279236, 38.55143], [-90.279297, 38.551467], [-90.279321, 38.551482], [-90.279469, 38.551562], [-90.279486, 38.551572], [-90.279545, 38.551606], [-90.279632, 38.551657], [-90.279897, 38.551809], [-90.279957, 38.551845], [-90.279987, 38.551861], [-90.280041, 38.551888], [-90.280166, 38.551952], [-90.280203, 38.551972], [-90.280257, 38.552002], [-90.280311, 38.552034], [-90.280477, 38.552135], [-90.280533, 38.552169], [-90.280563, 38.552187], [-90.280742, 38.552292], [-90.280799, 38.552325], [-90.281385, 38.552633], [-90.281601, 38.552746], [-90.281876, 38.552891], [-90.28218687153276, 38.55305604580331], [-90.2829240095427, 38.5535515500922], [-90.2836770226266, 38.554081540647], [-90.2843620108841, 38.5544075411291], [-90.2852340103311, 38.55486755407859], [-90.2862790162634, 38.55528056375949], [-90.28691025086013, 38.5555677491468], [-90.286879, 38.555599]]]}}, {"id": "97", "type": "Feature", "properties": {"geoid": "29510101200", "name": "Census Tract 1012; St. Louis city; Missouri", "total_population": 3376, "total_population_moe": 984, "race_total": 3376, "race_total_moe": 984, "race_white_non_hispanic": 2107, "race_white_non_hispanic_moe": 240, "race_black_non_hispanic": 680, "race_black_non_hispanic_moe": 964, "poverty_universe": 3376, "poverty_universe_moe": 984, "poverty_below": 219, "poverty_below_moe": 152, "male_5_9": 209, "male_5_9_moe": 254, "male_10_14": 61, "male_10_14_moe": 41, "male_15_17": 0, "male_15_17_moe": 12, "female_5_9": 30, "female_5_9_moe": 32, "female_10_14": 10, "female_10_14_moe": 17, "female_15_17": 74, "female_15_17_moe": 64, "male_white_non_hispanic_5_9": 8, "male_white_non_hispanic_5_9_moe": 12, "male_white_non_hispanic_10_14": 37, "male_white_non_hispanic_10_14_moe": 37, "male_white_non_hispanic_15_17": 0, "male_white_non_hispanic_15_17_moe": 12, "female_white_non_hispanic_5_9": 13, "female_white_non_hispanic_5_9_moe": 21, "female_white_non_hispanic_10_14": 10, "female_white_non_hispanic_10_14_moe": 17, "female_white_non_hispanic_15_17": 74, "female_white_non_hispanic_15_17_moe": 64, "male_black_alone_5_9": 171, "male_black_alone_5_9_moe": 253, "male_black_alone_10_14": 0, "male_black_alone_10_14_moe": 12, "male_black_alone_15_17": 0, "male_black_alone_15_17_moe": 12, "female_black_alone_5_9": 0, "female_black_alone_5_9_moe": 12, "female_black_alone_10_14": 0, "female_black_alone_10_14_moe": 12, "female_black_alone_15_17": 0, "female_black_alone_15_17_moe": 12, "male_public_school_5_9": 38, "state": "29", "county": "510", "tract": "101200", "male_public_school_5_9_moe": 29, "male_public_school_10_14": 35, "male_public_school_10_14_moe": 31, "male_public_school_15_17": 0, "male_public_school_15_17_moe": 12, "male_private_school_5_9": 171, "male_private_school_5_9_moe": 253, "male_private_school_10_14": 26, "male_private_school_10_14_moe": 27, "male_private_school_15_17": 0, "male_private_school_15_17_moe": 12, "female_public_school_5_9": 30, "female_public_school_5_9_moe": 32, "female_public_school_10_14": 10, "female_public_school_10_14_moe": 17, "female_public_school_15_17": 52, "female_public_school_15_17_moe": 55, "female_private_school_5_9": 0, "female_private_school_5_9_moe": 12, "female_private_school_10_14": 0, "female_private_school_10_14_moe": 12, "female_private_school_15_17": 22, "female_private_school_15_17_moe": 32, "median_household_income": 89271, "median_household_income_moe": 14147, "acs_median_owner_occupied_home_value": 186600, "acs_median_owner_occupied_home_value_moe": 14531, "race_other": 589, "race_white_share": 0.6241113744075829, "race_black_share": 0.2014218009478673, "race_other_share": 0.17446682464454977, "poverty_rate": 0.0648696682464455, "school_age_5_17": 384, "school_age_white_non_hispanic_5_17": 142, "school_age_black_alone_5_17": 171, "school_age_other_or_unclassified_5_17": 71, "school_age_white_non_hispanic_5_17_moe": 80.51707893360265, "school_age_black_alone_5_17_moe": 254.41894583540747, "school_age_white_non_hispanic_5_17_share": 0.3697916666666667, "school_age_black_alone_5_17_share": 0.4453125, "school_age_other_or_unclassified_5_17_share": 0.18489583333333334, "school_age_5_17_per_capita": 0.11374407582938388, "public_school_enrolled_5_17": 165, "private_school_enrolled_5_17": 219, "public_school_enrolled_5_17_moe": 79.27168473042566, "private_school_enrolled_5_17_moe": 257.2819465100496, "public_school_enrolled_5_17_per_school_age": 0.4296875, "private_school_enrolled_5_17_per_school_age": 0.5703125, "source_area_sq_m": 1084166.7933554251, "city_area_sq_m": 1084166.793355425, "city_area_share": 0.9999999999999998, "tornado_damage_intersects": false, "tornado_max_efscale": "<NA>", "tornado_damage_area_sq_m": 0.0, "tornado_damage_area_share": 0.0, "tornado_damage_point_count": 0, "tornado_ef2_plus_point_count": 0, "tornado_distance_to_path_m": 8476.950794225699}, "geometry": {"type": "Polygon", "coordinates": [[[-90.282621, 38.560143], [-90.281974, 38.560829], [-90.281366, 38.561475], [-90.281217, 38.561631], [-90.280749, 38.562121], [-90.280379, 38.562509], [-90.280334, 38.562557], [-90.280199, 38.562704], [-90.280155, 38.562753], [-90.280058, 38.562857], [-90.27977, 38.563173], [-90.279674, 38.563278], [-90.27965, 38.563303], [-90.279578, 38.563381], [-90.279555, 38.563407], [-90.279484, 38.563484], [-90.279274, 38.563717], [-90.279204, 38.563795], [-90.279048, 38.563968], [-90.278927, 38.564103], [-90.278582, 38.564487], [-90.278427, 38.564661], [-90.278341, 38.564756], [-90.278083, 38.565042], [-90.277998, 38.565138], [-90.277958, 38.565179], [-90.277841, 38.565305], [-90.277802, 38.565348], [-90.277674, 38.565484], [-90.277292, 38.565895], [-90.277165, 38.566032], [-90.277033, 38.566173], [-90.276814, 38.566409], [-90.276638, 38.566599], [-90.276507, 38.566742], [-90.276378, 38.566881], [-90.275992, 38.567299], [-90.275864, 38.567439], [-90.275224, 38.568139], [-90.274459, 38.568982], [-90.274404, 38.569043], [-90.274099, 38.56938], [-90.27378, 38.569729], [-90.27262, 38.569143], [-90.271857, 38.568742], [-90.271666, 38.568641], [-90.271277, 38.568437], [-90.271092, 38.568346], [-90.2709, 38.568251], [-90.270516, 38.568062], [-90.26985, 38.567728], [-90.270224, 38.567324], [-90.270577, 38.566926], [-90.271258, 38.566102], [-90.271588, 38.565703], [-90.2719, 38.565359], [-90.272347, 38.564825], [-90.273115, 38.56394], [-90.273043, 38.563902], [-90.272644, 38.563693], [-90.271519, 38.563117], [-90.271067, 38.562886], [-90.270314, 38.562503], [-90.269712, 38.562192], [-90.269262, 38.56196], [-90.268987, 38.561817], [-90.268752, 38.561696], [-90.268168, 38.561381], [-90.267896, 38.561235], [-90.267733, 38.561152], [-90.267244, 38.560906], [-90.267081, 38.560824], [-90.267236, 38.560698], [-90.267396, 38.560569], [-90.267492, 38.560486], [-90.267693, 38.560312], [-90.267845, 38.560182], [-90.267944, 38.560097], [-90.26799, 38.560053], [-90.268172, 38.559884], [-90.268418, 38.559657], [-90.268561, 38.559526], [-90.268705, 38.559399], [-90.26914, 38.559018], [-90.269285, 38.558892], [-90.26969, 38.558541], [-90.270012, 38.558247], [-90.270313, 38.557972], [-90.270453, 38.557852], [-90.270625, 38.557705], [-90.270867, 38.557498], [-90.271264, 38.557162], [-90.271525, 38.556943], [-90.271671, 38.556814], [-90.272012, 38.556515], [-90.272079, 38.556456], [-90.27212, 38.556421], [-90.272271, 38.556268], [-90.272334, 38.556205], [-90.27239, 38.556131], [-90.27256, 38.555909], [-90.272617, 38.555836], [-90.272781, 38.55585], [-90.273386, 38.556073], [-90.274339, 38.556272], [-90.274408, 38.556274], [-90.278105, 38.556431], [-90.27875, 38.556671], [-90.279708, 38.55734], [-90.280164, 38.557659], [-90.280968, 38.55828], [-90.281104, 38.558525], [-90.282904, 38.559734], [-90.28291, 38.55984], [-90.282621, 38.560143]]]}}, {"id": "98", "type": "Feature", "properties": {"geoid": "29510101300", "name": "Census Tract 1013; St. Louis city; Missouri", "total_population": 3599, "total_population_moe": 533, "race_total": 3599, "race_total_moe": 533, "race_white_non_hispanic": 2564, "race_white_non_hispanic_moe": 318, "race_black_non_hispanic": 725, "race_black_non_hispanic_moe": 507, "poverty_universe": 3551, "poverty_universe_moe": 535, "poverty_below": 515, "poverty_below_moe": 258, "male_5_9": 56, "male_5_9_moe": 45, "male_10_14": 92, "male_10_14_moe": 67, "male_15_17": 45, "male_15_17_moe": 48, "female_5_9": 82, "female_5_9_moe": 69, "female_10_14": 112, "female_10_14_moe": 74, "female_15_17": 35, "female_15_17_moe": 33, "male_white_non_hispanic_5_9": 56, "male_white_non_hispanic_5_9_moe": 45, "male_white_non_hispanic_10_14": 35, "male_white_non_hispanic_10_14_moe": 39, "male_white_non_hispanic_15_17": 37, "male_white_non_hispanic_15_17_moe": 45, "female_white_non_hispanic_5_9": 82, "female_white_non_hispanic_5_9_moe": 69, "female_white_non_hispanic_10_14": 112, "female_white_non_hispanic_10_14_moe": 74, "female_white_non_hispanic_15_17": 22, "female_white_non_hispanic_15_17_moe": 26, "male_black_alone_5_9": 0, "male_black_alone_5_9_moe": 12, "male_black_alone_10_14": 0, "male_black_alone_10_14_moe": 12, "male_black_alone_15_17": 0, "male_black_alone_15_17_moe": 12, "female_black_alone_5_9": 0, "female_black_alone_5_9_moe": 12, "female_black_alone_10_14": 0, "female_black_alone_10_14_moe": 12, "female_black_alone_15_17": 13, "female_black_alone_15_17_moe": 21, "male_public_school_5_9": 16, "state": "29", "county": "510", "tract": "101300", "male_public_school_5_9_moe": 25, "male_public_school_10_14": 57, "male_public_school_10_14_moe": 63, "male_public_school_15_17": 17, "male_public_school_15_17_moe": 23, "male_private_school_5_9": 40, "male_private_school_5_9_moe": 40, "male_private_school_10_14": 15, "male_private_school_10_14_moe": 23, "male_private_school_15_17": 28, "male_private_school_15_17_moe": 42, "female_public_school_5_9": 82, "female_public_school_5_9_moe": 69, "female_public_school_10_14": 56, "female_public_school_10_14_moe": 71, "female_public_school_15_17": 13, "female_public_school_15_17_moe": 21, "female_private_school_5_9": 0, "female_private_school_5_9_moe": 12, "female_private_school_10_14": 33, "female_private_school_10_14_moe": 40, "female_private_school_15_17": 22, "female_private_school_15_17_moe": 26, "median_household_income": 73996, "median_household_income_moe": 20456, "acs_median_owner_occupied_home_value": 239300, "acs_median_owner_occupied_home_value_moe": 14108, "race_other": 310, "race_white_share": 0.7124201166990831, "race_black_share": 0.20144484579049737, "race_other_share": 0.08613503751041957, "poverty_rate": 0.1450295691354548, "school_age_5_17": 422, "school_age_white_non_hispanic_5_17": 344, "school_age_black_alone_5_17": 13, "school_age_other_or_unclassified_5_17": 65, "school_age_white_non_hispanic_5_17_moe": 128.39003076563228, "school_age_black_alone_5_17_moe": 34.07345007480164, "school_age_white_non_hispanic_5_17_share": 0.8151658767772512, "school_age_black_alone_5_17_share": 0.030805687203791468, "school_age_other_or_unclassified_5_17_share": 0.15402843601895735, "school_age_5_17_per_capita": 0.11725479299805501, "public_school_enrolled_5_17": 241, "private_school_enrolled_5_17": 138, "public_school_enrolled_5_17_moe": 123.95967086113129, "private_school_enrolled_5_17_moe": 79.45438943192504, "public_school_enrolled_5_17_per_school_age": 0.5710900473933649, "private_school_enrolled_5_17_per_school_age": 0.32701421800947866, "source_area_sq_m": 1975239.3461267902, "city_area_sq_m": 1975239.3461267902, "city_area_share": 1.0, "tornado_damage_intersects": false, "tornado_max_efscale": "<NA>", "tornado_damage_area_sq_m": 0.0, "tornado_damage_area_share": 0.0, "tornado_damage_point_count": 0, "tornado_ef2_plus_point_count": 0, "tornado_distance_to_path_m": 7906.562380733367}, "geometry": {"type": "Polygon", "coordinates": [[[-90.273308, 38.570241], [-90.27313, 38.570435], [-90.272968, 38.570612], [-90.27295, 38.57063], [-90.2729, 38.570686], [-90.272883, 38.570705], [-90.272766, 38.57083], [-90.272419, 38.571208], [-90.272304, 38.571335], [-90.272123, 38.571531], [-90.271581, 38.572121], [-90.271401, 38.572318], [-90.271319, 38.572408], [-90.271288, 38.572445], [-90.270984, 38.572821], [-90.270968, 38.572844], [-90.270878, 38.572989], [-90.27078, 38.573142], [-90.270764, 38.573168], [-90.270503, 38.573613], [-90.270498, 38.573623], [-90.270406, 38.573767], [-90.270314, 38.57391], [-90.27004, 38.574341], [-90.269949, 38.574485], [-90.269865, 38.574618], [-90.269613, 38.575021], [-90.269533, 38.575157], [-90.269467, 38.575267], [-90.269423, 38.575376], [-90.269372, 38.575506], [-90.269176, 38.576073], [-90.2691, 38.576308], [-90.268816, 38.576161], [-90.267964, 38.57572], [-90.267681, 38.575574], [-90.267382, 38.57542], [-90.266975, 38.575205], [-90.26552, 38.574438], [-90.264861, 38.574095], [-90.264156, 38.573728], [-90.263894, 38.57359], [-90.263109, 38.573177], [-90.262848, 38.57304], [-90.262697, 38.57296], [-90.262244, 38.572723], [-90.262093, 38.572644], [-90.261982, 38.572586], [-90.261648, 38.572413], [-90.261538, 38.572356], [-90.261339, 38.572253], [-90.260742, 38.571944], [-90.260544, 38.571841], [-90.260432, 38.571783], [-90.260237, 38.571675], [-90.25932, 38.571172], [-90.259015, 38.571005], [-90.258888, 38.570935], [-90.258605, 38.57078], [-90.258509, 38.570727], [-90.258383, 38.570659], [-90.258218, 38.570569], [-90.257725, 38.570299], [-90.257561, 38.57021], [-90.257349, 38.570094], [-90.257285, 38.570059], [-90.256708, 38.569759], [-90.256495, 38.569648], [-90.256288, 38.56954], [-90.255669, 38.569218], [-90.255463, 38.569111], [-90.255248, 38.568998], [-90.254953, 38.568844], [-90.254681, 38.568701], [-90.254605, 38.568661], [-90.254391, 38.568549], [-90.254551, 38.568366], [-90.254667, 38.568236], [-90.254717, 38.568175], [-90.254969, 38.567876], [-90.255024, 38.567811], [-90.255181, 38.567625], [-90.25533, 38.567447], [-90.2556, 38.567126], [-90.25577, 38.566924], [-90.255778, 38.566913], [-90.255929, 38.566737], [-90.25606, 38.566586], [-90.256254, 38.566365], [-90.256456, 38.566133], [-90.256589, 38.565983], [-90.256701, 38.565854], [-90.257038, 38.565467], [-90.257151, 38.565339], [-90.257178, 38.565307], [-90.257259, 38.565211], [-90.257287, 38.56518], [-90.25742, 38.565025], [-90.257819, 38.56456], [-90.257952, 38.564405], [-90.258654, 38.563587], [-90.258867, 38.563335], [-90.259375, 38.562737], [-90.259459, 38.562639], [-90.259609, 38.562502], [-90.259647, 38.562484], [-90.258658, 38.561994], [-90.257645, 38.561463], [-90.25669, 38.560962], [-90.256225, 38.560718], [-90.255733, 38.560479], [-90.255437, 38.560303], [-90.255346, 38.560256], [-90.255241, 38.5602], [-90.255119, 38.560135], [-90.255159, 38.560116], [-90.255282, 38.560058], [-90.255323, 38.56004], [-90.255498, 38.559958], [-90.255564, 38.559924], [-90.255833, 38.55979], [-90.256259, 38.559525], [-90.256269, 38.55952], [-90.256483, 38.559379], [-90.256695, 38.55924], [-90.256742, 38.559203], [-90.257153, 38.558882], [-90.257477, 38.558618], [-90.257656, 38.558474], [-90.257718, 38.558418], [-90.257782, 38.558359], [-90.257951, 38.558206], [-90.257975, 38.55818], [-90.258036, 38.558117], [-90.258122, 38.558025], [-90.258301, 38.557837], [-90.258376, 38.557745], [-90.258457, 38.557649], [-90.258542, 38.557545], [-90.258642, 38.557426], [-90.258778, 38.557219], [-90.258853, 38.557108], [-90.258909, 38.557023], [-90.259002, 38.556884], [-90.259075, 38.556768], [-90.25913, 38.556683], [-90.259226, 38.556734], [-90.259322, 38.556785], [-90.259517, 38.556886], [-90.259615, 38.556937], [-90.259686, 38.556974], [-90.259899, 38.557088], [-90.25997, 38.557127], [-90.260256, 38.557276], [-90.260843, 38.557583], [-90.261116, 38.55772], [-90.261172, 38.557749], [-90.261404, 38.557867], [-90.26159, 38.557962], [-90.26215, 38.558247], [-90.262337, 38.558342], [-90.262639, 38.558501], [-90.263545, 38.55898], [-90.263847, 38.55914], [-90.2641, 38.559274], [-90.26456, 38.559518], [-90.264865, 38.55967], [-90.265122, 38.559799], [-90.265463, 38.55997], [-90.265516, 38.559998], [-90.266688, 38.56062], [-90.266871, 38.560718], [-90.267081, 38.560824], [-90.267244, 38.560906], [-90.267733, 38.561152], [-90.267896, 38.561235], [-90.268168, 38.561381], [-90.268752, 38.561696], [-90.268987, 38.561817], [-90.269262, 38.56196], [-90.269712, 38.562192], [-90.270314, 38.562503], [-90.271067, 38.562886], [-90.271519, 38.563117], [-90.272644, 38.563693], [-90.273043, 38.563902], [-90.273115, 38.56394], [-90.272347, 38.564825], [-90.2719, 38.565359], [-90.271588, 38.565703], [-90.271258, 38.566102], [-90.270577, 38.566926], [-90.270224, 38.567324], [-90.26985, 38.567728], [-90.270516, 38.568062], [-90.2709, 38.568251], [-90.271092, 38.568346], [-90.271277, 38.568437], [-90.271666, 38.568641], [-90.271857, 38.568742], [-90.27262, 38.569143], [-90.27378, 38.569729], [-90.273618, 38.569904], [-90.273308, 38.570241]]]}}, {"id": "99", "type": "Feature", "properties": {"geoid": "29510101400", "name": "Census Tract 1014; St. Louis city; Missouri", "total_population": 3216, "total_population_moe": 632, "race_total": 3216, "race_total_moe": 632, "race_white_non_hispanic": 1311, "race_white_non_hispanic_moe": 252, "race_black_non_hispanic": 872, "race_black_non_hispanic_moe": 232, "poverty_universe": 3165, "poverty_universe_moe": 641, "poverty_below": 638, "poverty_below_moe": 245, "male_5_9": 190, "male_5_9_moe": 87, "male_10_14": 299, "male_10_14_moe": 143, "male_15_17": 33, "male_15_17_moe": 54, "female_5_9": 128, "female_5_9_moe": 107, "female_10_14": 57, "female_10_14_moe": 59, "female_15_17": 0, "female_15_17_moe": 12, "male_white_non_hispanic_5_9": 48, "male_white_non_hispanic_5_9_moe": 51, "male_white_non_hispanic_10_14": 38, "male_white_non_hispanic_10_14_moe": 54, "male_white_non_hispanic_15_17": 0, "male_white_non_hispanic_15_17_moe": 12, "female_white_non_hispanic_5_9": 0, "female_white_non_hispanic_5_9_moe": 12, "female_white_non_hispanic_10_14": 0, "female_white_non_hispanic_10_14_moe": 12, "female_white_non_hispanic_15_17": 0, "female_white_non_hispanic_15_17_moe": 12, "male_black_alone_5_9": 0, "male_black_alone_5_9_moe": 12, "male_black_alone_10_14": 95, "male_black_alone_10_14_moe": 48, "male_black_alone_15_17": 0, "male_black_alone_15_17_moe": 12, "female_black_alone_5_9": 86, "female_black_alone_5_9_moe": 93, "female_black_alone_10_14": 57, "female_black_alone_10_14_moe": 59, "female_black_alone_15_17": 0, "female_black_alone_15_17_moe": 12, "male_public_school_5_9": 120, "state": "29", "county": "510", "tract": "101400", "male_public_school_5_9_moe": 84, "male_public_school_10_14": 183, "male_public_school_10_14_moe": 98, "male_public_school_15_17": 33, "male_public_school_15_17_moe": 54, "male_private_school_5_9": 0, "male_private_school_5_9_moe": 12, "male_private_school_10_14": 116, "male_private_school_10_14_moe": 140, "male_private_school_15_17": 0, "male_private_school_15_17_moe": 12, "female_public_school_5_9": 97, "female_public_school_5_9_moe": 97, "female_public_school_10_14": 57, "female_public_school_10_14_moe": 59, "female_public_school_15_17": 0, "female_public_school_15_17_moe": 12, "female_private_school_5_9": 0, "female_private_school_5_9_moe": 12, "female_private_school_10_14": 0, "female_private_school_10_14_moe": 12, "female_private_school_15_17": 0, "female_private_school_15_17_moe": 12, "median_household_income": 54316, "median_household_income_moe": 8302, "acs_median_owner_occupied_home_value": 161800, "acs_median_owner_occupied_home_value_moe": 29892, "race_other": 1033, "race_white_share": 0.4076492537313433, "race_black_share": 0.27114427860696516, "race_other_share": 0.32120646766169153, "poverty_rate": 0.20157977883096367, "school_age_5_17": 707, "school_age_white_non_hispanic_5_17": 86, "school_age_black_alone_5_17": 238, "school_age_other_or_unclassified_5_17": 383, "school_age_white_non_hispanic_5_17_moe": 78.05767098754612, "school_age_black_alone_5_17_moe": 121.92620719107111, "school_age_white_non_hispanic_5_17_share": 0.12164073550212164, "school_age_black_alone_5_17_share": 0.33663366336633666, "school_age_other_or_unclassified_5_17_share": 0.5417256011315418, "school_age_5_17_per_capita": 0.21983830845771143, "public_school_enrolled_5_17": 490, "private_school_enrolled_5_17": 116, "public_school_enrolled_5_17_moe": 180.58239116813135, "private_school_enrolled_5_17_moe": 142.5482374496437, "public_school_enrolled_5_17_per_school_age": 0.693069306930693, "private_school_enrolled_5_17_per_school_age": 0.16407355021216408, "source_area_sq_m": 860519.1447619165, "city_area_sq_m": 860519.1447619164, "city_area_share": 0.9999999999999999, "tornado_damage_intersects": false, "tornado_max_efscale": "<NA>", "tornado_damage_area_sq_m": 0.0, "tornado_damage_area_share": 0.0, "tornado_damage_point_count": 0, "tornado_ef2_plus_point_count": 0, "tornado_distance_to_path_m": 9144.860371726038}, "geometry": {"type": "Polygon", "coordinates": [[[-90.259459, 38.562639], [-90.259375, 38.562737], [-90.258867, 38.563335], [-90.258654, 38.563587], [-90.257952, 38.564405], [-90.257819, 38.56456], [-90.25742, 38.565025], [-90.257287, 38.56518], [-90.257259, 38.565211], [-90.257178, 38.565307], [-90.257151, 38.565339], [-90.257038, 38.565467], [-90.256701, 38.565854], [-90.256589, 38.565983], [-90.256456, 38.566133], [-90.256254, 38.566365], [-90.25606, 38.566586], [-90.255929, 38.566737], [-90.255778, 38.566913], [-90.25577, 38.566924], [-90.2556, 38.567126], [-90.25533, 38.567447], [-90.255181, 38.567625], [-90.255024, 38.567811], [-90.254969, 38.567876], [-90.254717, 38.568175], [-90.254667, 38.568236], [-90.254551, 38.568366], [-90.254391, 38.568549], [-90.254169, 38.568432], [-90.253769, 38.568222], [-90.253504, 38.568079], [-90.253284, 38.567961], [-90.253132, 38.567879], [-90.252676, 38.567633], [-90.252524, 38.567552], [-90.252472, 38.567524], [-90.252319, 38.567441], [-90.252268, 38.567414], [-90.252056, 38.567301], [-90.25142, 38.566962], [-90.251209, 38.566849], [-90.251105, 38.566794], [-90.251089, 38.566786], [-90.250732, 38.566597], [-90.250614, 38.566534], [-90.250527, 38.566489], [-90.250266, 38.566354], [-90.250179, 38.566309], [-90.249965, 38.566197], [-90.249324, 38.565862], [-90.249111, 38.565751], [-90.24903, 38.565708], [-90.248788, 38.565582], [-90.248708, 38.56554], [-90.248581, 38.565472], [-90.248201, 38.56527], [-90.248075, 38.565203], [-90.248008, 38.565167], [-90.247809, 38.565062], [-90.247743, 38.565027], [-90.247601, 38.564951], [-90.247175, 38.564724], [-90.247034, 38.564649], [-90.246984, 38.564622], [-90.246835, 38.564542], [-90.246786, 38.564516], [-90.246693, 38.564466], [-90.246414, 38.564318], [-90.246321, 38.564269], [-90.246255, 38.564233], [-90.246057, 38.564125], [-90.245992, 38.56409], [-90.246044, 38.564026], [-90.24617, 38.563875], [-90.246202, 38.563837], [-90.246256, 38.563776], [-90.246314, 38.563708], [-90.246336, 38.563684], [-90.24651, 38.563528], [-90.246577, 38.56347], [-90.24659, 38.563335], [-90.246582, 38.563269], [-90.246574, 38.563206], [-90.246536, 38.563053], [-90.246518, 38.563005], [-90.246444, 38.562821], [-90.246367, 38.562656], [-90.24695, 38.562503], [-90.247185, 38.562448], [-90.24791, 38.562256], [-90.248697, 38.562039], [-90.248727, 38.562031], [-90.249278, 38.561875], [-90.249292, 38.561871], [-90.249335, 38.561858], [-90.24935, 38.561855], [-90.249398, 38.561841], [-90.249359, 38.561801], [-90.249244, 38.561681], [-90.249206, 38.561642], [-90.249264, 38.561572], [-90.249439, 38.561364], [-90.249498, 38.561295], [-90.249688, 38.561068], [-90.250001, 38.560699], [-90.250264, 38.560393], [-90.250458, 38.560169], [-90.250565, 38.560045], [-90.250752, 38.55983], [-90.250884, 38.559671], [-90.25099, 38.559546], [-90.251175, 38.559323], [-90.251461, 38.558983], [-90.25173, 38.558654], [-90.251814, 38.558553], [-90.251921, 38.558436], [-90.25201, 38.558339], [-90.2522, 38.558182], [-90.252238, 38.558152], [-90.252958, 38.557642], [-90.253114, 38.55751], [-90.253405, 38.557268], [-90.253594, 38.557109], [-90.253967, 38.556798], [-90.254157, 38.556629], [-90.254343, 38.556466], [-90.254382, 38.55643], [-90.254502, 38.556324], [-90.254542, 38.55629], [-90.254663, 38.556182], [-90.255028, 38.55586], [-90.25515, 38.555753], [-90.255312, 38.555609], [-90.255801, 38.555178], [-90.255964, 38.555035], [-90.256058, 38.555094], [-90.256135, 38.555136], [-90.256167, 38.555153], [-90.25654, 38.555341], [-90.256671, 38.555403], [-90.256852, 38.555489], [-90.257036, 38.555577], [-90.257047, 38.555582], [-90.257576, 38.555867], [-90.257757, 38.555965], [-90.258616, 38.556409], [-90.25913, 38.556683], [-90.259075, 38.556768], [-90.259002, 38.556884], [-90.258909, 38.557023], [-90.258853, 38.557108], [-90.258778, 38.557219], [-90.258642, 38.557426], [-90.258542, 38.557545], [-90.258457, 38.557649], [-90.258376, 38.557745], [-90.258301, 38.557837], [-90.258122, 38.558025], [-90.258036, 38.558117], [-90.257975, 38.55818], [-90.257951, 38.558206], [-90.257782, 38.558359], [-90.257718, 38.558418], [-90.257656, 38.558474], [-90.257477, 38.558618], [-90.257153, 38.558882], [-90.256742, 38.559203], [-90.256695, 38.55924], [-90.256483, 38.559379], [-90.256269, 38.55952], [-90.256259, 38.559525], [-90.255833, 38.55979], [-90.255564, 38.559924], [-90.255498, 38.559958], [-90.255323, 38.56004], [-90.255282, 38.560058], [-90.255159, 38.560116], [-90.255119, 38.560135], [-90.255241, 38.5602], [-90.255346, 38.560256], [-90.255437, 38.560303], [-90.255733, 38.560479], [-90.256225, 38.560718], [-90.25669, 38.560962], [-90.257645, 38.561463], [-90.258658, 38.561994], [-90.259647, 38.562484], [-90.259609, 38.562502], [-90.259459, 38.562639]]]}}, {"id": "100", "type": "Feature", "properties": {"geoid": "29510101500", "name": "Census Tract 1015; St. Louis city; Missouri", "total_population": 2800, "total_population_moe": 504, "race_total": 2800, "race_total_moe": 504, "race_white_non_hispanic": 1195, "race_white_non_hispanic_moe": 274, "race_black_non_hispanic": 1266, "race_black_non_hispanic_moe": 422, "poverty_universe": 2800, "poverty_universe_moe": 504, "poverty_below": 752, "poverty_below_moe": 340, "male_5_9": 240, "male_5_9_moe": 120, "male_10_14": 34, "male_10_14_moe": 53, "male_15_17": 33, "male_15_17_moe": 50, "female_5_9": 0, "female_5_9_moe": 12, "female_10_14": 63, "female_10_14_moe": 95, "female_15_17": 49, "female_15_17_moe": 65, "male_white_non_hispanic_5_9": 14, "male_white_non_hispanic_5_9_moe": 22, "male_white_non_hispanic_10_14": 0, "male_white_non_hispanic_10_14_moe": 12, "male_white_non_hispanic_15_17": 0, "male_white_non_hispanic_15_17_moe": 12, "female_white_non_hispanic_5_9": 0, "female_white_non_hispanic_5_9_moe": 12, "female_white_non_hispanic_10_14": 0, "female_white_non_hispanic_10_14_moe": 12, "female_white_non_hispanic_15_17": 0, "female_white_non_hispanic_15_17_moe": 12, "male_black_alone_5_9": 216, "male_black_alone_5_9_moe": 114, "male_black_alone_10_14": 34, "male_black_alone_10_14_moe": 53, "male_black_alone_15_17": 33, "male_black_alone_15_17_moe": 50, "female_black_alone_5_9": 0, "female_black_alone_5_9_moe": 12, "female_black_alone_10_14": 63, "female_black_alone_10_14_moe": 95, "female_black_alone_15_17": 0, "female_black_alone_15_17_moe": 12, "male_public_school_5_9": 240, "state": "29", "county": "510", "tract": "101500", "male_public_school_5_9_moe": 120, "male_public_school_10_14": 34, "male_public_school_10_14_moe": 53, "male_public_school_15_17": 33, "male_public_school_15_17_moe": 50, "male_private_school_5_9": 0, "male_private_school_5_9_moe": 12, "male_private_school_10_14": 0, "male_private_school_10_14_moe": 12, "male_private_school_15_17": 0, "male_private_school_15_17_moe": 12, "female_public_school_5_9": 0, "female_public_school_5_9_moe": 12, "female_public_school_10_14": 63, "female_public_school_10_14_moe": 95, "female_public_school_15_17": 49, "female_public_school_15_17_moe": 65, "female_private_school_5_9": 0, "female_private_school_5_9_moe": 12, "female_private_school_10_14": 0, "female_private_school_10_14_moe": 12, "female_private_school_15_17": 0, "female_private_school_15_17_moe": 12, "median_household_income": 41857, "median_household_income_moe": 11495, "acs_median_owner_occupied_home_value": 96500, "acs_median_owner_occupied_home_value_moe": 20619, "race_other": 339, "race_white_share": 0.42678571428571427, "race_black_share": 0.4521428571428571, "race_other_share": 0.12107142857142857, "poverty_rate": 0.26857142857142857, "school_age_5_17": 419, "school_age_white_non_hispanic_5_17": 14, "school_age_black_alone_5_17": 346, "school_age_other_or_unclassified_5_17": 59, "school_age_white_non_hispanic_5_17_moe": 34.698703145794944, "school_age_black_alone_5_17_moe": 166.18664206247144, "school_age_white_non_hispanic_5_17_share": 0.03341288782816229, "school_age_black_alone_5_17_share": 0.8257756563245824, "school_age_other_or_unclassified_5_17_share": 0.14081145584725538, "school_age_5_17_per_capita": 0.14964285714285713, "public_school_enrolled_5_17": 419, "private_school_enrolled_5_17": 0, "public_school_enrolled_5_17_moe": 181.94229854544545, "private_school_enrolled_5_17_moe": 29.393876913398138, "public_school_enrolled_5_17_per_school_age": 1.0, "private_school_enrolled_5_17_per_school_age": 0.0, "source_area_sq_m": 1754997.0970219467, "city_area_sq_m": 1754997.0970219458, "city_area_share": 0.9999999999999994, "tornado_damage_intersects": false, "tornado_max_efscale": "<NA>", "tornado_damage_area_sq_m": 0.0, "tornado_damage_area_share": 0.0, "tornado_damage_point_count": 0, "tornado_ef2_plus_point_count": 0, "tornado_distance_to_path_m": 9984.112564958483}, "geometry": {"type": "Polygon", "coordinates": [[[-90.272243, 38.54864], [-90.271753, 38.548689], [-90.271537, 38.54871], [-90.271519, 38.548711], [-90.271446, 38.549021], [-90.271373, 38.549331], [-90.271316, 38.549571], [-90.271273, 38.549758], [-90.271172, 38.550185], [-90.271139, 38.550326], [-90.271106, 38.550466], [-90.270806, 38.55174], [-90.270708, 38.552153], [-90.270506, 38.553014], [-90.270435, 38.55302], [-90.270222, 38.553042], [-90.270152, 38.553049], [-90.269472, 38.553115], [-90.269394, 38.553123], [-90.267432, 38.553304], [-90.266753, 38.553368], [-90.266557, 38.553379], [-90.265972, 38.553415], [-90.265777, 38.553428], [-90.26593, 38.553518], [-90.266087, 38.553611], [-90.26639, 38.553789], [-90.266544, 38.55388], [-90.266656, 38.553944], [-90.266992, 38.554137], [-90.267105, 38.554202], [-90.266948, 38.554338], [-90.266544, 38.554693], [-90.266481, 38.554749], [-90.266329, 38.55489], [-90.266257, 38.554956], [-90.266115, 38.555068], [-90.265459, 38.555588], [-90.265431, 38.555611], [-90.265248, 38.555769], [-90.265096, 38.555896], [-90.264643, 38.556278], [-90.2646, 38.556315], [-90.264495, 38.556408], [-90.264348, 38.556536], [-90.263909, 38.556922], [-90.263763, 38.557051], [-90.263617, 38.557178], [-90.26318, 38.557561], [-90.263035, 38.557689], [-90.262891, 38.557814], [-90.262756, 38.557933], [-90.262473, 38.558208], [-90.262337, 38.558342], [-90.26215, 38.558247], [-90.26159, 38.557962], [-90.261404, 38.557867], [-90.261172, 38.557749], [-90.261116, 38.55772], [-90.260843, 38.557583], [-90.260256, 38.557276], [-90.25997, 38.557127], [-90.259899, 38.557088], [-90.259686, 38.556974], [-90.259615, 38.556937], [-90.259517, 38.556886], [-90.259322, 38.556785], [-90.259226, 38.556734], [-90.25913, 38.556683], [-90.258616, 38.556409], [-90.257757, 38.555965], [-90.257576, 38.555867], [-90.257047, 38.555582], [-90.257036, 38.555577], [-90.256852, 38.555489], [-90.256671, 38.555403], [-90.25654, 38.555341], [-90.256167, 38.555153], [-90.256135, 38.555136], [-90.256058, 38.555094], [-90.255964, 38.555035], [-90.256129, 38.554889], [-90.256624, 38.554453], [-90.25679, 38.554308], [-90.256919, 38.554194], [-90.257308, 38.553852], [-90.257438, 38.553739], [-90.257474, 38.553707], [-90.257583, 38.553611], [-90.25762, 38.55358], [-90.257785, 38.553435], [-90.258279, 38.553003], [-90.258445, 38.552859], [-90.258894, 38.552468], [-90.259271, 38.552139], [-90.259613, 38.551839], [-90.260639, 38.550942], [-90.260744, 38.550851], [-90.260978, 38.55064], [-90.260777, 38.550522], [-90.26047, 38.550341], [-90.260179, 38.550165], [-90.25998, 38.550046], [-90.25978, 38.549926], [-90.259708, 38.549883], [-90.259491, 38.549741], [-90.259195, 38.549546], [-90.259001, 38.549419], [-90.25881, 38.549294], [-90.258238, 38.548919], [-90.258048, 38.548794], [-90.257853, 38.548666], [-90.257603, 38.548502], [-90.257278, 38.548274], [-90.257088, 38.548142], [-90.257251, 38.548], [-90.25774, 38.547574], [-90.257903, 38.547432], [-90.258068, 38.547288], [-90.258564, 38.546857], [-90.25873, 38.546714], [-90.258893, 38.546571], [-90.25909, 38.5464], [-90.259381, 38.546141], [-90.259544, 38.545997], [-90.259704, 38.545853], [-90.260183, 38.545424], [-90.260344, 38.545281], [-90.260505, 38.545136], [-90.26099, 38.544703], [-90.261152, 38.544559], [-90.261172, 38.544541], [-90.261232, 38.544487], [-90.261253, 38.54447], [-90.261394, 38.544343], [-90.261819, 38.543965], [-90.261962, 38.54384], [-90.262126, 38.543694], [-90.262619, 38.543256], [-90.262784, 38.543111], [-90.26294, 38.542974], [-90.263408, 38.542563], [-90.263564, 38.542426], [-90.263723, 38.542286], [-90.2642, 38.541869], [-90.26436, 38.541731], [-90.264517, 38.541593], [-90.264991, 38.54118], [-90.265149, 38.541043], [-90.265305, 38.540905], [-90.265776, 38.540493], [-90.265933, 38.540357], [-90.266335, 38.540004], [-90.267541, 38.538946], [-90.267944, 38.538594], [-90.267975, 38.538566], [-90.268069, 38.538483], [-90.268101, 38.538456], [-90.268218, 38.538352], [-90.268314, 38.538269], [-90.268393, 38.538199], [-90.268541, 38.538068], [-90.268571, 38.538041], [-90.268689, 38.537938], [-90.268782, 38.537855], [-90.268951, 38.537706], [-90.268995, 38.537667], [-90.269062, 38.537608], [-90.2691, 38.537575], [-90.270325, 38.53822], [-90.271035, 38.538681], [-90.271392, 38.539328], [-90.27139, 38.539495], [-90.271389, 38.539555], [-90.271382, 38.539584], [-90.271376, 38.540136], [-90.271139, 38.540554], [-90.271114, 38.540652], [-90.270994, 38.540812], [-90.270984, 38.540825], [-90.27089, 38.54099], [-90.270744, 38.541594], [-90.270728, 38.542002], [-90.27093, 38.54262], [-90.271124, 38.543094], [-90.271174, 38.543217], [-90.271716, 38.544541], [-90.27163, 38.544732], [-90.271581, 38.544844], [-90.271575, 38.544859], [-90.271664, 38.545238], [-90.271788, 38.545766], [-90.271801, 38.545799], [-90.27188, 38.546004], [-90.272158, 38.546726], [-90.272181, 38.546786], [-90.272219, 38.547533], [-90.272227, 38.547914], [-90.27223, 38.54799], [-90.272232, 38.5481], [-90.272249, 38.548118], [-90.272251, 38.54817], [-90.2723, 38.548342], [-90.272338, 38.548416], [-90.272664, 38.548596], [-90.272243, 38.54864]]]}}, {"id": "101", "type": "Feature", "properties": {"geoid": "29510112100", "name": "Census Tract 1121; St. Louis city; Missouri", "total_population": 4339, "total_population_moe": 515, "race_total": 4339, "race_total_moe": 515, "race_white_non_hispanic": 2675, "race_white_non_hispanic_moe": 568, "race_black_non_hispanic": 771, "race_black_non_hispanic_moe": 275, "poverty_universe": 4275, "poverty_universe_moe": 513, "poverty_below": 514, "poverty_below_moe": 297, "male_5_9": 68, "male_5_9_moe": 74, "male_10_14": 70, "male_10_14_moe": 53, "male_15_17": 8, "male_15_17_moe": 15, "female_5_9": 21, "female_5_9_moe": 24, "female_10_14": 26, "female_10_14_moe": 28, "female_15_17": 7, "female_15_17_moe": 12, "male_white_non_hispanic_5_9": 42, "male_white_non_hispanic_5_9_moe": 64, "male_white_non_hispanic_10_14": 30, "male_white_non_hispanic_10_14_moe": 31, "male_white_non_hispanic_15_17": 8, "male_white_non_hispanic_15_17_moe": 15, "female_white_non_hispanic_5_9": 10, "female_white_non_hispanic_5_9_moe": 15, "female_white_non_hispanic_10_14": 12, "female_white_non_hispanic_10_14_moe": 17, "female_white_non_hispanic_15_17": 0, "female_white_non_hispanic_15_17_moe": 12, "male_black_alone_5_9": 23, "male_black_alone_5_9_moe": 36, "male_black_alone_10_14": 40, "male_black_alone_10_14_moe": 48, "male_black_alone_15_17": 0, "male_black_alone_15_17_moe": 12, "female_black_alone_5_9": 11, "female_black_alone_5_9_moe": 19, "female_black_alone_10_14": 11, "female_black_alone_10_14_moe": 19, "female_black_alone_15_17": 7, "female_black_alone_15_17_moe": 12, "male_public_school_5_9": 26, "state": "29", "county": "510", "tract": "112100", "male_public_school_5_9_moe": 35, "male_public_school_10_14": 7, "male_public_school_10_14_moe": 13, "male_public_school_15_17": 8, "male_public_school_15_17_moe": 15, "male_private_school_5_9": 42, "male_private_school_5_9_moe": 64, "male_private_school_10_14": 51, "male_private_school_10_14_moe": 49, "male_private_school_15_17": 0, "male_private_school_15_17_moe": 12, "female_public_school_5_9": 0, "female_public_school_5_9_moe": 12, "female_public_school_10_14": 9, "female_public_school_10_14_moe": 14, "female_public_school_15_17": 0, "female_public_school_15_17_moe": 12, "female_private_school_5_9": 10, "female_private_school_5_9_moe": 15, "female_private_school_10_14": 6, "female_private_school_10_14_moe": 11, "female_private_school_15_17": 0, "female_private_school_15_17_moe": 12, "median_household_income": 61650, "median_household_income_moe": 8059, "acs_median_owner_occupied_home_value": 358900, "acs_median_owner_occupied_home_value_moe": 107820, "race_other": 893, "race_white_share": 0.6165014980410233, "race_black_share": 0.17769071214565568, "race_other_share": 0.20580778981332104, "poverty_rate": 0.12023391812865497, "school_age_5_17": 200, "school_age_white_non_hispanic_5_17": 102, "school_age_black_alone_5_17": 92, "school_age_other_or_unclassified_5_17": 6, "school_age_white_non_hispanic_5_17_moe": 77.07139547199077, "school_age_black_alone_5_17_moe": 67.89698078707183, "school_age_white_non_hispanic_5_17_share": 0.51, "school_age_black_alone_5_17_share": 0.46, "school_age_other_or_unclassified_5_17_share": 0.03, "school_age_5_17_per_capita": 0.046093569946992395, "public_school_enrolled_5_17": 50, "private_school_enrolled_5_17": 109, "public_school_enrolled_5_17_moe": 45.858477951192405, "private_school_enrolled_5_17_moe": 84.44524853418338, "public_school_enrolled_5_17_per_school_age": 0.25, "private_school_enrolled_5_17_per_school_age": 0.545, "source_area_sq_m": 6941014.344071717, "city_area_sq_m": 6941014.344071715, "city_area_share": 0.9999999999999998, "tornado_damage_intersects": true, "tornado_max_efscale": "2", "tornado_damage_area_sq_m": 6055839.279289081, "tornado_damage_area_share": 0.8724718000995514, "tornado_damage_point_count": 135, "tornado_ef2_plus_point_count": 16, "tornado_distance_to_path_m": 0.0}, "geometry": {"type": "Polygon", "coordinates": [[[-90.304411, 38.632972], [-90.3043, 38.633392], [-90.304072, 38.634228], [-90.303797, 38.635343], [-90.30378, 38.635419], [-90.303763, 38.635516], [-90.303712, 38.635814], [-90.303676, 38.636039], [-90.303649, 38.636214], [-90.303618, 38.636432], [-90.303556, 38.63688], [-90.303533, 38.63709], [-90.303509, 38.63731], [-90.303485, 38.637521], [-90.30346, 38.63776], [-90.303392, 38.638152], [-90.303356, 38.638362], [-90.303316, 38.638573], [-90.303257, 38.638891], [-90.303195, 38.639208], [-90.303155, 38.63942], [-90.303109, 38.639638], [-90.302975, 38.640295], [-90.302931, 38.640514], [-90.302888, 38.64072], [-90.302885, 38.640739], [-90.302758, 38.641218], [-90.302722, 38.641332], [-90.30266, 38.641534], [-90.302462, 38.64211], [-90.302412, 38.642257], [-90.302162, 38.642902], [-90.301817, 38.643819], [-90.301781, 38.643916], [-90.301621, 38.644396], [-90.301567, 38.644567], [-90.301525, 38.644706], [-90.301406, 38.645104], [-90.301304, 38.645532], [-90.301283, 38.645649], [-90.301227, 38.645969], [-90.301179, 38.646241], [-90.301151, 38.646405], [-90.301062, 38.64706], [-90.301048, 38.647172], [-90.301022, 38.647334], [-90.301004, 38.647445], [-90.300979, 38.647599], [-90.30059, 38.647557], [-90.299447, 38.647437], [-90.299352, 38.647427], [-90.297347, 38.647235], [-90.296017, 38.647101], [-90.294874, 38.646986], [-90.285966, 38.646125], [-90.285327, 38.64606], [-90.285417, 38.646225], [-90.285464, 38.646369], [-90.28547, 38.646513], [-90.285443, 38.646732], [-90.285431, 38.646836], [-90.28533, 38.64759], [-90.285307, 38.647679], [-90.285278, 38.64788], [-90.285161, 38.648645], [-90.28452, 38.648591], [-90.283501, 38.648479], [-90.283401, 38.648468], [-90.282962, 38.648421], [-90.282922, 38.648661], [-90.282863, 38.649023], [-90.282808, 38.649384], [-90.282772, 38.649626], [-90.28273, 38.649904], [-90.282669, 38.650313], [-90.282593, 38.650738], [-90.282544, 38.651016], [-90.282529, 38.651097], [-90.282525, 38.65112], [-90.282484, 38.651341], [-90.28247, 38.651423], [-90.282405, 38.65178], [-90.28231, 38.652299], [-90.282174, 38.653099], [-90.282155, 38.653211], [-90.282098, 38.65355], [-90.28208, 38.653663], [-90.281487, 38.653602], [-90.279711, 38.653422], [-90.279661, 38.653417], [-90.279119, 38.653366], [-90.278804, 38.65334], [-90.278506, 38.653316], [-90.278136, 38.653278], [-90.277863, 38.653248], [-90.27755, 38.653214], [-90.277392, 38.653197], [-90.27695, 38.653152], [-90.276938, 38.653151], [-90.275345, 38.652993], [-90.275235, 38.652993], [-90.275151, 38.653012], [-90.275066, 38.653032], [-90.274556, 38.652962], [-90.274272, 38.652893], [-90.273682, 38.652738], [-90.273349, 38.652643], [-90.273184, 38.652595], [-90.272631, 38.652487], [-90.270671, 38.652284], [-90.270468, 38.652262], [-90.269859, 38.652199], [-90.269657, 38.652178], [-90.269145, 38.652125], [-90.267611, 38.651967], [-90.2671, 38.651915], [-90.266381, 38.651838], [-90.264543, 38.651643], [-90.264223, 38.651616], [-90.26366, 38.65157], [-90.263503, 38.651564], [-90.263538, 38.651346], [-90.263576, 38.651119], [-90.263595, 38.651003], [-90.263645, 38.650694], [-90.263681, 38.650477], [-90.263709, 38.650305], [-90.263794, 38.649789], [-90.263823, 38.649618], [-90.263861, 38.649388], [-90.263966, 38.648798], [-90.264073, 38.648171], [-90.264082, 38.648118], [-90.264197, 38.647437], [-90.264303, 38.646798], [-90.264341, 38.646567], [-90.264421, 38.646092], [-90.264458, 38.645877], [-90.264498, 38.645647], [-90.264548, 38.645362], [-90.264706, 38.644495], [-90.264778, 38.64418], [-90.264785, 38.644157], [-90.264798, 38.644101], [-90.264785, 38.643906], [-90.264805, 38.643747], [-90.264839, 38.643595], [-90.264912, 38.643151], [-90.264954, 38.642896], [-90.265052, 38.642398], [-90.265085, 38.64223], [-90.265221, 38.641342], [-90.265284, 38.640975], [-90.265311, 38.640811], [-90.265368, 38.640481], [-90.265397, 38.64032], [-90.265427, 38.640157], [-90.265501, 38.63975], [-90.265517, 38.639661], [-90.265539, 38.639538], [-90.265564, 38.639386], [-90.265639, 38.638931], [-90.265665, 38.63878], [-90.265677, 38.638701], [-90.2657, 38.638566], [-90.265718, 38.638467], [-90.265733, 38.638389], [-90.26589, 38.637543], [-90.26592, 38.637351], [-90.266047, 38.636538], [-90.266058, 38.636471], [-90.266129, 38.636022], [-90.266216, 38.635473], [-90.266261, 38.635243], [-90.266295, 38.635064], [-90.26634, 38.635068], [-90.266406, 38.635074], [-90.266511, 38.635083], [-90.266528, 38.634985], [-90.266587, 38.634635], [-90.266597, 38.634558], [-90.266611, 38.634165], [-90.266611, 38.633924], [-90.266592, 38.633683], [-90.266541, 38.633403], [-90.266479, 38.633162], [-90.266461, 38.633048], [-90.266366, 38.632452], [-90.266314, 38.632245], [-90.266281, 38.632112], [-90.266225, 38.631983], [-90.26617, 38.631857], [-90.26611, 38.63174], [-90.266085, 38.631693], [-90.266037, 38.631618], [-90.265999, 38.63156], [-90.265855, 38.631338], [-90.265839, 38.631314], [-90.265776, 38.631218], [-90.265704, 38.631115], [-90.265645, 38.63103], [-90.26561, 38.630975], [-90.265556, 38.630888], [-90.26515, 38.630239], [-90.265074, 38.630118], [-90.265007, 38.630009], [-90.264924, 38.629873], [-90.264845, 38.629753], [-90.264781, 38.629655], [-90.264685, 38.629416], [-90.264617, 38.629239], [-90.2645, 38.628752], [-90.264869, 38.628787], [-90.265189, 38.628818], [-90.265767, 38.628874], [-90.265979, 38.628894], [-90.266349, 38.628931], [-90.267459, 38.629041], [-90.267984, 38.629089], [-90.269491, 38.629228], [-90.269619, 38.62924], [-90.269951, 38.62927], [-90.271149, 38.6294], [-90.27242, 38.629516], [-90.272679, 38.629541], [-90.272891, 38.629561], [-90.27391, 38.629659], [-90.274527, 38.629718], [-90.275367, 38.629798], [-90.276834, 38.629945], [-90.278505, 38.630099], [-90.280692, 38.630315], [-90.281465, 38.630408], [-90.282644, 38.630551], [-90.282782, 38.630564], [-90.284977, 38.630729], [-90.285184, 38.630747], [-90.285589, 38.63078], [-90.286139, 38.630824], [-90.286748, 38.630894], [-90.287066, 38.630931], [-90.287647, 38.630991], [-90.288216, 38.631051], [-90.289728, 38.631195], [-90.289923, 38.631213], [-90.290348, 38.631254], [-90.291249, 38.631343], [-90.291478, 38.631365], [-90.291831, 38.631401], [-90.292166, 38.631434], [-90.292396, 38.631458], [-90.29257, 38.631476], [-90.293094, 38.63153], [-90.293269, 38.631549], [-90.293365, 38.631558], [-90.293653, 38.631585], [-90.293749, 38.631595], [-90.293865, 38.631606], [-90.294213, 38.631639], [-90.29433, 38.631651], [-90.29539, 38.63175], [-90.296478, 38.631858], [-90.29671, 38.63188], [-90.297406, 38.631948], [-90.297639, 38.631971], [-90.298172, 38.632021], [-90.299054, 38.632105], [-90.299772, 38.63218], [-90.300306, 38.632237], [-90.300575, 38.632263], [-90.301227, 38.632329], [-90.301382, 38.632344], [-90.301652, 38.632372], [-90.302514, 38.632452], [-90.303188, 38.632512], [-90.304011, 38.632594], [-90.304222, 38.632615], [-90.304533, 38.632634], [-90.304449, 38.632824], [-90.304411, 38.632972]]]}}, {"id": "102", "type": "Feature", "properties": {"geoid": "29510116500", "name": "Census Tract 1165; St. Louis city; Missouri", "total_population": 3508, "total_population_moe": 424, "race_total": 3508, "race_total_moe": 424, "race_white_non_hispanic": 2188, "race_white_non_hispanic_moe": 298, "race_black_non_hispanic": 699, "race_black_non_hispanic_moe": 247, "poverty_universe": 3492, "poverty_universe_moe": 431, "poverty_below": 264, "poverty_below_moe": 203, "male_5_9": 58, "male_5_9_moe": 59, "male_10_14": 59, "male_10_14_moe": 42, "male_15_17": 94, "male_15_17_moe": 60, "female_5_9": 147, "female_5_9_moe": 78, "female_10_14": 113, "female_10_14_moe": 77, "female_15_17": 36, "female_15_17_moe": 32, "male_white_non_hispanic_5_9": 23, "male_white_non_hispanic_5_9_moe": 26, "male_white_non_hispanic_10_14": 53, "male_white_non_hispanic_10_14_moe": 42, "male_white_non_hispanic_15_17": 68, "male_white_non_hispanic_15_17_moe": 56, "female_white_non_hispanic_5_9": 72, "female_white_non_hispanic_5_9_moe": 54, "female_white_non_hispanic_10_14": 29, "female_white_non_hispanic_10_14_moe": 39, "female_white_non_hispanic_15_17": 13, "female_white_non_hispanic_15_17_moe": 21, "male_black_alone_5_9": 35, "male_black_alone_5_9_moe": 53, "male_black_alone_10_14": 0, "male_black_alone_10_14_moe": 12, "male_black_alone_15_17": 26, "male_black_alone_15_17_moe": 29, "female_black_alone_5_9": 37, "female_black_alone_5_9_moe": 55, "female_black_alone_10_14": 0, "female_black_alone_10_14_moe": 12, "female_black_alone_15_17": 23, "female_black_alone_15_17_moe": 27, "male_public_school_5_9": 35, "state": "29", "county": "510", "tract": "116500", "male_public_school_5_9_moe": 53, "male_public_school_10_14": 48, "male_public_school_10_14_moe": 39, "male_public_school_15_17": 67, "male_public_school_15_17_moe": 55, "male_private_school_5_9": 11, "male_private_school_5_9_moe": 19, "male_private_school_10_14": 11, "male_private_school_10_14_moe": 18, "male_private_school_15_17": 27, "male_private_school_15_17_moe": 32, "female_public_school_5_9": 96, "female_public_school_5_9_moe": 65, "female_public_school_10_14": 50, "female_public_school_10_14_moe": 65, "female_public_school_15_17": 7, "female_public_school_15_17_moe": 11, "female_private_school_5_9": 51, "female_private_school_5_9_moe": 56, "female_private_school_10_14": 63, "female_private_school_10_14_moe": 75, "female_private_school_15_17": 29, "female_private_school_15_17_moe": 26, "median_household_income": 95000, "median_household_income_moe": 23018, "acs_median_owner_occupied_home_value": 282900, "acs_median_owner_occupied_home_value_moe": 58994, "race_other": 621, "race_white_share": 0.6237172177879133, "race_black_share": 0.19925883694412772, "race_other_share": 0.17702394526795895, "poverty_rate": 0.07560137457044673, "school_age_5_17": 507, "school_age_white_non_hispanic_5_17": 258, "school_age_black_alone_5_17": 121, "school_age_other_or_unclassified_5_17": 128, "school_age_white_non_hispanic_5_17_moe": 102.24480426897007, "school_age_black_alone_5_17_moe": 87.7040477971228, "school_age_white_non_hispanic_5_17_share": 0.5088757396449705, "school_age_black_alone_5_17_share": 0.23865877712031558, "school_age_other_or_unclassified_5_17_share": 0.252465483234714, "school_age_5_17_per_capita": 0.14452679589509693, "public_school_enrolled_5_17": 303, "private_school_enrolled_5_17": 192, "public_school_enrolled_5_17_moe": 126.19825672330026, "private_school_enrolled_5_17_moe": 105.57461816175325, "public_school_enrolled_5_17_per_school_age": 0.5976331360946746, "private_school_enrolled_5_17_per_school_age": 0.378698224852071, "source_area_sq_m": 904478.2571053134, "city_area_sq_m": 904478.2571053134, "city_area_share": 1.0, "tornado_damage_intersects": false, "tornado_max_efscale": "<NA>", "tornado_damage_area_sq_m": 0.0, "tornado_damage_area_share": 0.0, "tornado_damage_point_count": 0, "tornado_ef2_plus_point_count": 0, "tornado_distance_to_path_m": 5679.187455738618}, "geometry": {"type": "Polygon", "coordinates": [[[-90.242936, 38.598211], [-90.242906, 38.598406], [-90.242865, 38.598678], [-90.242797, 38.599127], [-90.24273, 38.599567], [-90.242662, 38.600015], [-90.242633, 38.600198], [-90.242589, 38.600489], [-90.242549, 38.600748], [-90.242521, 38.600932], [-90.242449, 38.601395], [-90.242386, 38.601804], [-90.242318, 38.602251], [-90.242275, 38.60253], [-90.242248, 38.602712], [-90.242221, 38.602886], [-90.242141, 38.603411], [-90.242115, 38.603586], [-90.242088, 38.603763], [-90.242067, 38.603902], [-90.242042, 38.604029], [-90.24199, 38.604292], [-90.241956, 38.604468], [-90.241938, 38.604556], [-90.241885, 38.604823], [-90.241868, 38.604912], [-90.241864, 38.604926], [-90.241856, 38.604971], [-90.241854, 38.604986], [-90.241838, 38.605061], [-90.241794, 38.605289], [-90.241779, 38.605365], [-90.241742, 38.60554], [-90.241681, 38.605834], [-90.241631, 38.606066], [-90.241595, 38.606242], [-90.241339, 38.606217], [-90.240574, 38.606142], [-90.240319, 38.606118], [-90.240097, 38.606091], [-90.239431, 38.606011], [-90.239209, 38.605985], [-90.238981, 38.605957], [-90.238395, 38.605887], [-90.238299, 38.605874], [-90.238072, 38.605844], [-90.237845, 38.605813], [-90.237167, 38.605722], [-90.237152, 38.60572], [-90.236941, 38.605695], [-90.236707, 38.605666], [-90.236402, 38.605629], [-90.236006, 38.605584], [-90.235773, 38.605558], [-90.235545, 38.605531], [-90.235235, 38.605496], [-90.234864, 38.605446], [-90.234638, 38.605416], [-90.23441, 38.60539], [-90.233955, 38.605338], [-90.233729, 38.60531], [-90.233503, 38.605282], [-90.233274, 38.605253], [-90.233218, 38.605247], [-90.232951, 38.605204], [-90.2326, 38.605106], [-90.232379, 38.605045], [-90.232153, 38.604982], [-90.231478, 38.604793], [-90.231253, 38.60473], [-90.23131, 38.604551], [-90.231337, 38.604424], [-90.23148, 38.60377], [-90.231532, 38.603493], [-90.231592, 38.603182], [-90.2317, 38.602608], [-90.231786, 38.602182], [-90.231962, 38.601334], [-90.23204, 38.601027], [-90.232101, 38.600838], [-90.232317, 38.599626], [-90.232354, 38.599497], [-90.232395, 38.599273], [-90.232552, 38.598418], [-90.232578, 38.5983], [-90.232598, 38.598207], [-90.232678, 38.597854], [-90.232756, 38.597495], [-90.232775, 38.597411], [-90.232979, 38.596449], [-90.232985, 38.59642], [-90.233062, 38.596062], [-90.234227, 38.596209], [-90.234448, 38.596235], [-90.234782, 38.596276], [-90.235112, 38.596319], [-90.235334, 38.596349], [-90.235565, 38.596378], [-90.236087, 38.596445], [-90.236261, 38.596465], [-90.236493, 38.596493], [-90.237643, 38.59663], [-90.238248, 38.596703], [-90.23878, 38.59677], [-90.239235, 38.596827], [-90.240603, 38.596998], [-90.241059, 38.597055], [-90.243064, 38.597321], [-90.242991, 38.597819], [-90.242936, 38.598211]]]}}, {"id": "103", "type": "Feature", "properties": {"geoid": "29510110300", "name": "Census Tract 1103; St. Louis city; Missouri", "total_population": 1641, "total_population_moe": 311, "race_total": 1641, "race_total_moe": 311, "race_white_non_hispanic": 0, "race_white_non_hispanic_moe": 12, "race_black_non_hispanic": 1430, "race_black_non_hispanic_moe": 252, "poverty_universe": 1602, "poverty_universe_moe": 310, "poverty_below": 518, "poverty_below_moe": 219, "male_5_9": 15, "male_5_9_moe": 24, "male_10_14": 101, "male_10_14_moe": 58, "male_15_17": 44, "male_15_17_moe": 37, "female_5_9": 0, "female_5_9_moe": 12, "female_10_14": 89, "female_10_14_moe": 72, "female_15_17": 47, "female_15_17_moe": 34, "male_white_non_hispanic_5_9": 0, "male_white_non_hispanic_5_9_moe": 12, "male_white_non_hispanic_10_14": 0, "male_white_non_hispanic_10_14_moe": 12, "male_white_non_hispanic_15_17": 0, "male_white_non_hispanic_15_17_moe": 12, "female_white_non_hispanic_5_9": 0, "female_white_non_hispanic_5_9_moe": 12, "female_white_non_hispanic_10_14": 0, "female_white_non_hispanic_10_14_moe": 12, "female_white_non_hispanic_15_17": 0, "female_white_non_hispanic_15_17_moe": 12, "male_black_alone_5_9": 15, "male_black_alone_5_9_moe": 24, "male_black_alone_10_14": 92, "male_black_alone_10_14_moe": 55, "male_black_alone_15_17": 44, "male_black_alone_15_17_moe": 37, "female_black_alone_5_9": 0, "female_black_alone_5_9_moe": 12, "female_black_alone_10_14": 89, "female_black_alone_10_14_moe": 72, "female_black_alone_15_17": 47, "female_black_alone_15_17_moe": 34, "male_public_school_5_9": 15, "state": "29", "county": "510", "tract": "110300", "male_public_school_5_9_moe": 24, "male_public_school_10_14": 84, "male_public_school_10_14_moe": 60, "male_public_school_15_17": 44, "male_public_school_15_17_moe": 37, "male_private_school_5_9": 0, "male_private_school_5_9_moe": 12, "male_private_school_10_14": 17, "male_private_school_10_14_moe": 24, "male_private_school_15_17": 0, "male_private_school_15_17_moe": 12, "female_public_school_5_9": 0, "female_public_school_5_9_moe": 12, "female_public_school_10_14": 89, "female_public_school_10_14_moe": 72, "female_public_school_15_17": 33, "female_public_school_15_17_moe": 24, "female_private_school_5_9": 0, "female_private_school_5_9_moe": 12, "female_private_school_10_14": 0, "female_private_school_10_14_moe": 12, "female_private_school_15_17": 0, "female_private_school_15_17_moe": 12, "median_household_income": 29028, "median_household_income_moe": 16690, "acs_median_owner_occupied_home_value": 67600, "acs_median_owner_occupied_home_value_moe": 33617, "race_other": 211, "race_white_share": 0.0, "race_black_share": 0.8714198659354052, "race_other_share": 0.12858013406459476, "poverty_rate": 0.3233458177278402, "school_age_5_17": 296, "school_age_white_non_hispanic_5_17": 0, "school_age_black_alone_5_17": 287, "school_age_other_or_unclassified_5_17": 9, "school_age_white_non_hispanic_5_17_moe": 29.393876913398138, "school_age_black_alone_5_17_moe": 107.02336193560731, "school_age_white_non_hispanic_5_17_share": 0.0, "school_age_black_alone_5_17_share": 0.9695945945945946, "school_age_other_or_unclassified_5_17_share": 0.030405405405405407, "school_age_5_17_per_capita": 0.18037781840341255, "public_school_enrolled_5_17": 265, "private_school_enrolled_5_17": 17, "public_school_enrolled_5_17_moe": 107.0, "private_school_enrolled_5_17_moe": 36.0, "public_school_enrolled_5_17_per_school_age": 0.8952702702702703, "private_school_enrolled_5_17_per_school_age": 0.057432432432432436, "source_area_sq_m": 938916.0876366846, "city_area_sq_m": 938916.0876366849, "city_area_share": 1.0000000000000002, "tornado_damage_intersects": true, "tornado_max_efscale": "3", "tornado_damage_area_sq_m": 1970283.685848189, "tornado_damage_area_share": 2.0984662120424256, "tornado_damage_point_count": 17, "tornado_ef2_plus_point_count": 10, "tornado_distance_to_path_m": 0.0}, "geometry": {"type": "Polygon", "coordinates": [[[-90.240122, 38.664656], [-90.23994, 38.664907], [-90.239811, 38.665086], [-90.239168, 38.665977], [-90.238559, 38.666817], [-90.238456, 38.66698], [-90.238016, 38.667642], [-90.237276, 38.66868], [-90.236889, 38.669225], [-90.236494, 38.669732], [-90.236454, 38.669773], [-90.234871, 38.669085], [-90.234841, 38.669064], [-90.234704, 38.669012], [-90.233363, 38.668423], [-90.233132, 38.668753], [-90.232858, 38.669143], [-90.232599, 38.669512], [-90.232329, 38.669896], [-90.232053, 38.670287], [-90.231789, 38.670661], [-90.230291, 38.670006], [-90.229985, 38.669872], [-90.22907, 38.669473], [-90.228765, 38.66934], [-90.227776, 38.668905], [-90.227241, 38.668671], [-90.227498, 38.668305], [-90.227786, 38.667895], [-90.228325, 38.667148], [-90.228602, 38.666775], [-90.228853, 38.666438], [-90.228409, 38.666244], [-90.22708, 38.665663], [-90.226637, 38.66547], [-90.226314, 38.665328], [-90.225344, 38.664903], [-90.225022, 38.664762], [-90.225126, 38.664617], [-90.225298, 38.664381], [-90.22544, 38.664183], [-90.225545, 38.664039], [-90.225643, 38.663903], [-90.225794, 38.663696], [-90.225938, 38.663496], [-90.226037, 38.663361], [-90.22614, 38.663218], [-90.22628, 38.663026], [-90.226445, 38.66279], [-90.226547, 38.662647], [-90.226664, 38.66248], [-90.226839, 38.662232], [-90.227016, 38.661979], [-90.227133, 38.661812], [-90.227247, 38.661647], [-90.227425, 38.661393], [-90.227592, 38.661153], [-90.227708, 38.660989], [-90.227836, 38.660804], [-90.227999, 38.660572], [-90.228226, 38.660255], [-90.228357, 38.660073], [-90.228483, 38.659897], [-90.228658, 38.659656], [-90.228861, 38.659372], [-90.228988, 38.659197], [-90.229596, 38.659469], [-90.230594, 38.659901], [-90.231336, 38.660216], [-90.232537, 38.660727], [-90.233442, 38.661143], [-90.233825, 38.661318], [-90.233999, 38.661392], [-90.235686, 38.662115], [-90.236248, 38.662356], [-90.236717, 38.662558], [-90.237672, 38.66297], [-90.238124, 38.663169], [-90.238592, 38.663375], [-90.238962, 38.663538], [-90.240074, 38.664027], [-90.240153, 38.664062], [-90.240448, 38.664185], [-90.240322, 38.664366], [-90.240122, 38.664656]]]}}]}
