{
    "type": "FeatureCollection",
    "features": [
        {
            "id": "0",
            "type": "Feature",
            "properties": { "neighborhood": "Franz Park", "neighborhood_id": 43 },
            "geometry": {
                "type": "Polygon",
                "coordinates": [
                    [
                        [-90.29891084837901, 38.62459479983099],
                        [-90.29844823372945, 38.624383940101865],
                        [-90.29839551500335, 38.62436006932516],
                        [-90.29771152667315, 38.624030036977416],
                        [-90.29766321803294, 38.62399400964527],
                        [-90.29760907173446, 38.6239552533024],
                        [-90.29758315034513, 38.623937140165104],
                        [-90.29753690000553, 38.62389081824019],
                        [-90.29747818435297, 38.62382184880935],
                        [-90.29722630573133, 38.62345917094026],
                        [-90.29693524231722, 38.62302917558832],
                        [-90.29677807035155, 38.62279640487588],
                        [-90.29666240123213, 38.6226545691991],
                        [-90.29656323648189, 38.62254384559828],
                        [-90.29646144112355, 38.62243473804145],
                        [-90.29629388318148, 38.62227402900994],
                        [-90.29611090383568, 38.62210826858571],
                        [-90.29594362498867, 38.62194849375721],
                        [-90.29583891092524, 38.62184511924578],
                        [-90.29565324600148, 38.6215901100769],
                        [-90.29528728206664, 38.62095516169713],
                        [-90.30598533312293, 38.6175201645965],
                        [-90.30695189459801, 38.617209414425794],
                        [-90.30875642380974, 38.61667211531706],
                        [-90.30898648427471, 38.61659036112326],
                        [-90.30911841456705, 38.616544801103295],
                        [-90.30953345939028, 38.61643267471643],
                        [-90.30977952945516, 38.61635846837978],
                        [-90.30999002650574, 38.61628856949665],
                        [-90.31031702154327, 38.61615866862502],
                        [-90.3110905511088, 38.615823763174085],
                        [-90.31158530232408, 38.61557009528775],
                        [-90.31211666282563, 38.61524808281231],
                        [-90.3108973835113, 38.61829228792096],
                        [-90.30932518841527, 38.62697680546475],
                        [-90.30718864519662, 38.62678817357035],
                        [-90.30145719470055, 38.626245137800254],
                        [-90.30124284698188, 38.626225332633695],
                        [-90.30132496517085, 38.62585820451414],
                        [-90.30108158259877, 38.6250465628063],
                        [-90.30086106618879, 38.62504322197004],
                        [-90.30062256097183, 38.62501373590327],
                        [-90.30018695668427, 38.624943438542864],
                        [-90.29974034320091, 38.62484222912296],
                        [-90.2991192391403, 38.624664958922054],
                        [-90.29891084837901, 38.62459479983099]
                    ]
                ]
            }
        },
        {
            "id": "1",
            "type": "Feature",
            "properties": { "neighborhood": "Tiffany", "neighborhood_id": 29 },
            "geometry": {
                "type": "Polygon",
                "coordinates": [
                    [
                        [-90.236739533493, 38.62600596495457],
                        [-90.23858920108565, 38.620654408570566],
                        [-90.23932998949942, 38.61706386922512],
                        [-90.23937959455299, 38.61665483662089],
                        [-90.23938806176304, 38.616655541959496],
                        [-90.24504369229024, 38.61717833192515],
                        [-90.24442628100027, 38.621343076163285],
                        [-90.24436625262622, 38.621658505883424],
                        [-90.24428499248158, 38.621871137925766],
                        [-90.24411525131326, 38.622180588984826],
                        [-90.24339417626156, 38.623414895565276],
                        [-90.24214720434266, 38.627144577004884],
                        [-90.236739533493, 38.62600596495457]
                    ]
                ]
            }
        },
        {
            "id": "2",
            "type": "Feature",
            "properties": { "neighborhood": "Botanical Heights", "neighborhood_id": 28 },
            "geometry": {
                "type": "Polygon",
                "coordinates": [
                    [
                        [-90.24214720434266, 38.627144577004884],
                        [-90.24339417626156, 38.623414895565276],
                        [-90.24411525131326, 38.622180588984826],
                        [-90.24428499248158, 38.621871137925766],
                        [-90.24436625262622, 38.621658505883424],
                        [-90.24442628100027, 38.621343076163285],
                        [-90.24504369229024, 38.61717833192515],
                        [-90.25600614615873, 38.61819081407037],
                        [-90.25607087185374, 38.618198281383556],
                        [-90.2588683673118, 38.61843819740183],
                        [-90.25975138349217, 38.61849583844918],
                        [-90.26004389850337, 38.618512446634526],
                        [-90.25994441159312, 38.618601046271785],
                        [-90.2584266540914, 38.61986881995043],
                        [-90.25582168793161, 38.62217688172031],
                        [-90.25398033032816, 38.62376887360466],
                        [-90.25355525189603, 38.624126322281576],
                        [-90.25280402593702, 38.62475308704237],
                        [-90.25203712640952, 38.62534299064151],
                        [-90.25124655976748, 38.625950908004945],
                        [-90.24760064243229, 38.628248054452925],
                        [-90.24716944628057, 38.62817778820865],
                        [-90.24214720434266, 38.627144577004884]
                    ]
                ]
            }
        },
        {
            "id": "3",
            "type": "Feature",
            "properties": { "neighborhood": "Kings Oak", "neighborhood_id": 40 },
            "geometry": {
                "type": "Polygon",
                "coordinates": [
                    [
                        [-90.26453498300782, 38.62876837154251],
                        [-90.26457738241342, 38.62847692215816],
                        [-90.2650164853647, 38.625862286353644],
                        [-90.26808601293284, 38.625439387085876],
                        [-90.27154955527458, 38.62447208441998],
                        [-90.272314592469, 38.62431821138859],
                        [-90.27257344513016, 38.62428439082093],
                        [-90.27570275872272, 38.62391564048863],
                        [-90.27569675110439, 38.6239787851116],
                        [-90.27546230085346, 38.62515655622169],
                        [-90.27453225988224, 38.62974578581187],
                        [-90.26453498300782, 38.62876837154251]
                    ]
                ]
            }
        },
        {
            "id": "4",
            "type": "Feature",
            "properties": { "neighborhood": "Cheltenham", "neighborhood_id": 41 },
            "geometry": {
                "type": "Polygon",
                "coordinates": [
                    [
                        [-90.27453225988224, 38.62974578581187],
                        [-90.27546230085346, 38.62515655622169],
                        [-90.27569675110439, 38.6239787851116],
                        [-90.27570275872272, 38.62391564048863],
                        [-90.28014423401265, 38.623400065410735],
                        [-90.28806332863998, 38.62245456376114],
                        [-90.28788981108485, 38.62333709238259],
                        [-90.28786731101766, 38.62345350634222],
                        [-90.28783609009928, 38.623654835203965],
                        [-90.28782299334742, 38.62373993586768],
                        [-90.28790410019151, 38.624416019658305],
                        [-90.28794474526602, 38.62458040885274],
                        [-90.2879386819995, 38.624856363648476],
                        [-90.28782030227069, 38.62562709462382],
                        [-90.28716100191623, 38.62948600637476],
                        [-90.28700428457825, 38.63019438933844],
                        [-90.28676757107574, 38.63091522880568],
                        [-90.2850113117346, 38.630752065256395],
                        [-90.27453225988224, 38.62974578581187]
                    ]
                ]
            }
        },
        {
            "id": "5",
            "type": "Feature",
            "properties": { "neighborhood": "Clayton-Tamm", "neighborhood_id": 42 },
            "geometry": {
                "type": "Polygon",
                "coordinates": [
                    [
                        [-90.29125034879783, 38.63138031678145],
                        [-90.28676757107574, 38.63091522880568],
                        [-90.28700428457825, 38.63019438933844],
                        [-90.28716100191623, 38.62948600637476],
                        [-90.28782030227069, 38.62562709462382],
                        [-90.2879386819995, 38.624856363648476],
                        [-90.28794474526602, 38.62458040885274],
                        [-90.28790410019151, 38.624416019658305],
                        [-90.28782299334742, 38.62373993586768],
                        [-90.28783609009928, 38.623654835203965],
                        [-90.28786731101766, 38.62345350634222],
                        [-90.28788981108485, 38.62333709238259],
                        [-90.28806332863998, 38.62245456376114],
                        [-90.28852630628485, 38.62243181426243],
                        [-90.29040838217739, 38.62219748574331],
                        [-90.29157158465704, 38.62202931645856],
                        [-90.29220346707106, 38.621901847810776],
                        [-90.29265183013983, 38.6217866280444],
                        [-90.2942394129862, 38.6212914846445],
                        [-90.29528728206664, 38.62095516169713],
                        [-90.29565324600148, 38.6215901100769],
                        [-90.29583891092524, 38.62184511924578],
                        [-90.29594362498867, 38.62194849375721],
                        [-90.29611090383568, 38.62210826858571],
                        [-90.29629388318148, 38.62227402900994],
                        [-90.29646144112355, 38.62243473804145],
                        [-90.29656323648189, 38.62254384559828],
                        [-90.29666240123213, 38.6226545691991],
                        [-90.29677807035155, 38.62279640487588],
                        [-90.29693524231722, 38.62302917558832],
                        [-90.29722630573133, 38.62345917094026],
                        [-90.29747818435297, 38.62382184880935],
                        [-90.29753690000553, 38.62389081824019],
                        [-90.29758315034513, 38.623937140165104],
                        [-90.29760907173446, 38.6239552533024],
                        [-90.29766321803294, 38.62399400964527],
                        [-90.29771152667315, 38.624030036977416],
                        [-90.29839551500335, 38.62436006932516],
                        [-90.29837093128276, 38.624389078940304],
                        [-90.29724373797076, 38.629562319098525],
                        [-90.29686377029387, 38.62951635239161],
                        [-90.29649593719145, 38.6318779205197],
                        [-90.29374917183605, 38.631617245914356],
                        [-90.29125034879783, 38.63138031678145]
                    ]
                ]
            }
        },
        {
            "id": "6",
            "type": "Feature",
            "properties": { "neighborhood": "Forest Park South East", "neighborhood_id": 39 },
            "geometry": {
                "type": "Polygon",
                "coordinates": [
                    [
                        [-90.24329921391916, 38.63202463352633],
                        [-90.24343003220224, 38.63191782982993],
                        [-90.24370740839247, 38.63168802783],
                        [-90.24422429760885, 38.631202663677406],
                        [-90.2447842044305, 38.63068743371965],
                        [-90.24533210302228, 38.63019024315401],
                        [-90.24556245439501, 38.629969698166356],
                        [-90.24581280607828, 38.62970570026042],
                        [-90.24593704811143, 38.629555630357345],
                        [-90.24615261742522, 38.629306906448384],
                        [-90.24655255404238, 38.62898078881641],
                        [-90.24667627937481, 38.62888700915572],
                        [-90.24760064243229, 38.628248054452925],
                        [-90.25124655976748, 38.625950908004945],
                        [-90.25203712640952, 38.62534299064151],
                        [-90.25280402593702, 38.62475308704237],
                        [-90.25355525189603, 38.624126322281576],
                        [-90.25398033032816, 38.62376887360466],
                        [-90.25582168793161, 38.62217688172031],
                        [-90.2584266540914, 38.61986881995043],
                        [-90.25994441159312, 38.618601046271785],
                        [-90.26004389850337, 38.618512446634526],
                        [-90.2602203041565, 38.61852241897806],
                        [-90.26082896658662, 38.61854404014528],
                        [-90.26159923774944, 38.61855181737783],
                        [-90.26292611645682, 38.61854125029045],
                        [-90.26345496664928, 38.61852353876392],
                        [-90.26430583015178, 38.61850397483353],
                        [-90.2649796692856, 38.618481083555686],
                        [-90.26562144500608, 38.61845881065779],
                        [-90.2665184889704, 38.61842331426191],
                        [-90.26608858036742, 38.620555600972764],
                        [-90.2650164853647, 38.625862286353644],
                        [-90.26457738241342, 38.62847692215816],
                        [-90.26453498300782, 38.62876837154251],
                        [-90.2644748906419, 38.62921399622338],
                        [-90.26446033811644, 38.62938215428997],
                        [-90.26451075675485, 38.62965709512326],
                        [-90.26460733851641, 38.629925017171814],
                        [-90.2647516765121, 38.630212035850995],
                        [-90.26540836919813, 38.63127350027093],
                        [-90.2652509224279, 38.63133359461198],
                        [-90.26498136201337, 38.63143215324799],
                        [-90.26461538820483, 38.631563661104735],
                        [-90.26445006919394, 38.63162167908948],
                        [-90.26420068134807, 38.631706301012],
                        [-90.26398955254595, 38.631770651163784],
                        [-90.26374452434032, 38.63183855767042],
                        [-90.26348934983763, 38.63190463056073],
                        [-90.26326365859485, 38.63195749964022],
                        [-90.26305697794334, 38.63199942402616],
                        [-90.2628567296084, 38.63203309451123],
                        [-90.26255262143152, 38.63207550697094],
                        [-90.26225730659947, 38.63210489251212],
                        [-90.26195760585472, 38.63212715675347],
                        [-90.26167869097512, 38.632140785189534],
                        [-90.26128366273007, 38.63214225912968],
                        [-90.26112238107778, 38.63213253907009],
                        [-90.26088991132653, 38.632117895000654],
                        [-90.26070006456173, 38.6320971323192],
                        [-90.26056796315015, 38.632081759527544],
                        [-90.26051722503664, 38.632075009814585],
                        [-90.26025542332219, 38.63202757328435],
                        [-90.26013472155765, 38.63200557839275],
                        [-90.25987321400608, 38.6319537758943],
                        [-90.25958839864211, 38.631889568304885],
                        [-90.25927828831709, 38.63181067211228],
                        [-90.25910222541779, 38.63176203641555],
                        [-90.25890549986615, 38.63170509220572],
                        [-90.25868549224275, 38.63163873669107],
                        [-90.25845146627995, 38.631566859992745],
                        [-90.25821863254427, 38.63149407899372],
                        [-90.25799888278665, 38.63142451014375],
                        [-90.25780424286091, 38.631362323409256],
                        [-90.25763257597625, 38.63130798385337],
                        [-90.2574851424528, 38.631261683376685],
                        [-90.2572884268167, 38.63120292477543],
                        [-90.25700568375164, 38.63112792342568],
                        [-90.2567121573791, 38.63106393758452],
                        [-90.25643400907023, 38.631017584624125],
                        [-90.25620713251004, 38.630986000745274],
                        [-90.25598750861384, 38.63096266929744],
                        [-90.25582886050091, 38.63095157447769],
                        [-90.25562293464112, 38.63094565271719],
                        [-90.2550908193318, 38.63094912562589],
                        [-90.25479084806115, 38.63096931151412],
                        [-90.2545909332693, 38.630997504653614],
                        [-90.25449460803797, 38.63101377806147],
                        [-90.25376218877655, 38.63114884908195],
                        [-90.2535517421605, 38.631185475839835],
                        [-90.25320355424593, 38.63122889635835],
                        [-90.25278686677481, 38.631259347848584],
                        [-90.2522751465825, 38.63127655268538],
                        [-90.25191076796419, 38.631273968930856],
                        [-90.25140329389609, 38.6312371939882],
                        [-90.25109064417033, 38.631217527685145],
                        [-90.25081298487537, 38.63120298726875],
                        [-90.25044488540148, 38.63118320113096],
                        [-90.2500569367341, 38.63116361827812],
                        [-90.24991342570168, 38.631158726081516],
                        [-90.24967390813973, 38.63115868053458],
                        [-90.24949154594815, 38.63117201979706],
                        [-90.24918101373669, 38.63120839732935],
                        [-90.24901175295851, 38.63122884853241],
                        [-90.24844048805791, 38.631325321449744],
                        [-90.24769380196551, 38.63146147602035],
                        [-90.24657014747766, 38.631679874695756],
                        [-90.24317388267255, 38.63232047843415],
                        [-90.24329921391916, 38.63202463352633]
                    ]
                ]
            }
        },
        {
            "id": "7",
            "type": "Feature",
            "properties": { "neighborhood": "Hi-Pointe", "neighborhood_id": 44 },
            "geometry": {
                "type": "Polygon",
                "coordinates": [
                    [
                        [-90.30452484626949, 38.632655031564276],
                        [-90.30399777453682, 38.632615239393715],
                        [-90.30035323106846, 38.632275420429686],
                        [-90.29955884342048, 38.63217430292665],
                        [-90.29762958498983, 38.631987417198864],
                        [-90.29649593719145, 38.6318779205197],
                        [-90.29686377029387, 38.62951635239161],
                        [-90.29724373797076, 38.629562319098525],
                        [-90.29837093128276, 38.624389078940304],
                        [-90.29839551500335, 38.62436006932516],
                        [-90.29844823372945, 38.624383940101865],
                        [-90.29891084837901, 38.62459479983099],
                        [-90.2991192391403, 38.624664958922054],
                        [-90.29974034320091, 38.62484222912296],
                        [-90.30018695668427, 38.624943438542864],
                        [-90.30062256097183, 38.62501373590327],
                        [-90.30086106618879, 38.62504322197004],
                        [-90.30108158259877, 38.6250465628063],
                        [-90.30132496517085, 38.62585820451414],
                        [-90.30124284698188, 38.626225332633695],
                        [-90.30145719470055, 38.626245137800254],
                        [-90.30718864519662, 38.62678817357035],
                        [-90.30932518841527, 38.62697680546475],
                        [-90.30871353212481, 38.63035559902665],
                        [-90.30783735607585, 38.63246602468772],
                        [-90.30783384801089, 38.632468764842336],
                        [-90.30639330670171, 38.63354141879632],
                        [-90.30637908810232, 38.63362149348583],
                        [-90.30627999735464, 38.63358906494896],
                        [-90.30600672528456, 38.63356274577959],
                        [-90.30596366101906, 38.633512561404864],
                        [-90.30585657098088, 38.63342176763045],
                        [-90.30570423917938, 38.63332222305386],
                        [-90.30517590262124, 38.63301058841217],
                        [-90.30452484626949, 38.632655031564276]
                    ]
                ]
            }
        },
        {
            "id": "8",
            "type": "Feature",
            "properties": { "neighborhood": "Downtown West", "neighborhood_id": 36 },
            "geometry": {
                "type": "Polygon",
                "coordinates": [
                    [
                        [-90.19542273026079, 38.63534312455299],
                        [-90.19579075584349, 38.63428004010341],
                        [-90.19654108211076, 38.632280654783195],
                        [-90.1967459747522, 38.63177525094856],
                        [-90.19695863791962, 38.631227771861745],
                        [-90.19825567689279, 38.62746962722684],
                        [-90.19952782510228, 38.624325829969585],
                        [-90.20168435752987, 38.61885092734279],
                        [-90.20168964064756, 38.61876672275284],
                        [-90.20879494006108, 38.62019838797476],
                        [-90.21860439044214, 38.622235507653365],
                        [-90.2184135996924, 38.62277050429497],
                        [-90.21830333530372, 38.623138631380264],
                        [-90.21818900441416, 38.623651431679164],
                        [-90.2181499710586, 38.62401036713665],
                        [-90.218142170262, 38.62428606608854],
                        [-90.21815499664714, 38.625856324824255],
                        [-90.21815213406295, 38.6260689074588],
                        [-90.2181481641632, 38.62641238505425],
                        [-90.21810530718746, 38.626692365155016],
                        [-90.21805459097789, 38.62690549100587],
                        [-90.21793128266907, 38.6271790997195],
                        [-90.21770054189915, 38.627550862426865],
                        [-90.21696810102682, 38.62873349103384],
                        [-90.21463419863443, 38.63251378478073],
                        [-90.21437461220597, 38.63293854880568],
                        [-90.21423917244014, 38.63318441683229],
                        [-90.21377178192135, 38.6341352011619],
                        [-90.21345133910432, 38.63467445679797],
                        [-90.21319407714772, 38.635101035407665],
                        [-90.21305377574363, 38.635387420153045],
                        [-90.21293159151377, 38.635739064545604],
                        [-90.21290849906916, 38.635823444631974],
                        [-90.21283788347732, 38.63618391982075],
                        [-90.21281904708364, 38.636377213419394],
                        [-90.21281977387052, 38.636774247868715],
                        [-90.2128421029125, 38.63900469924489],
                        [-90.20254267639721, 38.636839981457896],
                        [-90.20059924309273, 38.63643088001296],
                        [-90.19542273026079, 38.63534312455299]
                    ]
                ]
            }
        },
        {
            "id": "9",
            "type": "Feature",
            "properties": { "neighborhood": "Midtown", "neighborhood_id": 37 },
            "geometry": {
                "type": "Polygon",
                "coordinates": [
                    [
                        [-90.2152452211504, 38.637336470827],
                        [-90.21281977387052, 38.636774247868715],
                        [-90.21281904708364, 38.636377213419394],
                        [-90.21283788347732, 38.63618391982075],
                        [-90.21290849906916, 38.635823444631974],
                        [-90.21293159151377, 38.635739064545604],
                        [-90.21305377574363, 38.635387420153045],
                        [-90.21319407714772, 38.635101035407665],
                        [-90.21345133910432, 38.63467445679797],
                        [-90.21377178192135, 38.6341352011619],
                        [-90.21423917244014, 38.63318441683229],
                        [-90.21437461220597, 38.63293854880568],
                        [-90.21463419863443, 38.63251378478073],
                        [-90.21696810102682, 38.62873349103384],
                        [-90.21770054189915, 38.627550862426865],
                        [-90.21793128266907, 38.6271790997195],
                        [-90.21805459097789, 38.62690549100587],
                        [-90.21810530718746, 38.626692365155016],
                        [-90.2181481641632, 38.62641238505425],
                        [-90.21815213406295, 38.6260689074588],
                        [-90.21815499664714, 38.625856324824255],
                        [-90.218142170262, 38.62428606608854],
                        [-90.2181499710586, 38.62401036713665],
                        [-90.21818900441416, 38.623651431679164],
                        [-90.21830333530372, 38.623138631380264],
                        [-90.2184135996924, 38.62277050429497],
                        [-90.21860439044214, 38.622235507653365],
                        [-90.236739533493, 38.62600596495457],
                        [-90.24214720434266, 38.627144577004884],
                        [-90.24716944628057, 38.62817778820865],
                        [-90.24760064243229, 38.628248054452925],
                        [-90.24667627937481, 38.62888700915572],
                        [-90.24655255404238, 38.62898078881641],
                        [-90.24615261742522, 38.629306906448384],
                        [-90.24593704811143, 38.629555630357345],
                        [-90.24581280607828, 38.62970570026042],
                        [-90.24556245439501, 38.629969698166356],
                        [-90.24533210302228, 38.63019024315401],
                        [-90.2447842044305, 38.63068743371965],
                        [-90.24422429760885, 38.631202663677406],
                        [-90.24370740839247, 38.63168802783],
                        [-90.24343003220224, 38.63191782982993],
                        [-90.24329921391916, 38.63202463352633],
                        [-90.24317388267255, 38.63232047843415],
                        [-90.2430164596711, 38.63269173830374],
                        [-90.24275680484013, 38.633437150730515],
                        [-90.24232004767856, 38.63473682169125],
                        [-90.24099245371106, 38.63866609861414],
                        [-90.2408593154085, 38.6389365237239],
                        [-90.23049476887151, 38.63680089302316],
                        [-90.22880166321372, 38.63643976444661],
                        [-90.22834793883158, 38.63636616500079],
                        [-90.22792391834322, 38.63624208036451],
                        [-90.2255647448864, 38.63573653879266],
                        [-90.22434079215815, 38.639255325653814],
                        [-90.21890040996212, 38.638130010633546],
                        [-90.21807332263934, 38.63796139835782],
                        [-90.2170571593906, 38.637736773402054],
                        [-90.2152452211504, 38.637336470827]
                    ]
                ]
            }
        },
        {
            "id": "10",
            "type": "Feature",
            "properties": { "neighborhood": "Columbus Square", "neighborhood_id": 62 },
            "geometry": {
                "type": "Polygon",
                "coordinates": [
                    [
                        [-90.18714305714228, 38.63969183792773],
                        [-90.18708569963995, 38.63959741738911],
                        [-90.18686631739462, 38.63919592703265],
                        [-90.18672984414893, 38.63890655491087],
                        [-90.18656944909554, 38.638555526595965],
                        [-90.18644326943827, 38.63825863044153],
                        [-90.18638107736948, 38.63806899519418],
                        [-90.1862832553746, 38.637684085980496],
                        [-90.18614845850946, 38.63722035152863],
                        [-90.18615015385642, 38.63663086321136],
                        [-90.18611657863784, 38.63523425590294],
                        [-90.18609815730265, 38.634441076468924],
                        [-90.1860705638405, 38.63321470318691],
                        [-90.18614367465374, 38.633235274745076],
                        [-90.18644705394134, 38.633307481852995],
                        [-90.18657031640447, 38.63334784764352],
                        [-90.18665066415635, 38.633386972264844],
                        [-90.18690532022053, 38.63352978279626],
                        [-90.1869804383141, 38.63356430766968],
                        [-90.18715318493992, 38.63362471307442],
                        [-90.1876145414204, 38.63379756518848],
                        [-90.18809887825694, 38.63391899183429],
                        [-90.1951515552752, 38.63537514938982],
                        [-90.19538342584836, 38.63545653784663],
                        [-90.194400775351, 38.63835506144839],
                        [-90.19438697324877, 38.63851360249938],
                        [-90.194440336777, 38.63858604179207],
                        [-90.19464517468238, 38.639338764417346],
                        [-90.19464314227217, 38.63947124916605],
                        [-90.19457615308191, 38.63972185910171],
                        [-90.19408894238548, 38.641146181429555],
                        [-90.18730833373759, 38.639726384711786],
                        [-90.18714305714228, 38.63969183792773]
                    ]
                ]
            }
        },
        {
            "id": "11",
            "type": "Feature",
            "properties": { "neighborhood": "Carr Square", "neighborhood_id": 61 },
            "geometry": {
                "type": "Polygon",
                "coordinates": [
                    [
                        [-90.19408894238548, 38.641146181429555],
                        [-90.19457615308191, 38.63972185910171],
                        [-90.19464314227217, 38.63947124916605],
                        [-90.19464517468238, 38.639338764417346],
                        [-90.194440336777, 38.63858604179207],
                        [-90.19438697324877, 38.63851360249938],
                        [-90.194400775351, 38.63835506144839],
                        [-90.19538342584836, 38.63545653784663],
                        [-90.19542273026079, 38.63534312455299],
                        [-90.20059924309273, 38.63643088001296],
                        [-90.20254267639721, 38.636839981457896],
                        [-90.2128421029125, 38.63900469924489],
                        [-90.21280256609047, 38.641296781742874],
                        [-90.21274834945864, 38.64224008956026],
                        [-90.2127557673084, 38.643881284570625],
                        [-90.21275755608201, 38.64401215916464],
                        [-90.21279269579595, 38.644638313028096],
                        [-90.21281014150543, 38.644802671504614],
                        [-90.21284052343617, 38.64508556451755],
                        [-90.20516532010977, 38.643479703344894],
                        [-90.19408894238548, 38.641146181429555]
                    ]
                ]
            }
        },
        {
            "id": "12",
            "type": "Feature",
            "properties": { "neighborhood": "Wydown Skinker", "neighborhood_id": 45 },
            "geometry": {
                "type": "Polygon",
                "coordinates": [
                    [
                        [-90.30093091078707, 38.64792440338216],
                        [-90.30102378903906, 38.64736074285869],
                        [-90.30123765428654, 38.645993640818254],
                        [-90.30140686348328, 38.645174244334115],
                        [-90.30154378438631, 38.644609504742895],
                        [-90.30160091417906, 38.64442334639167],
                        [-90.30167145772118, 38.644235809864185],
                        [-90.30269316473681, 38.64152204564291],
                        [-90.30293624958995, 38.640538730526046],
                        [-90.30316217098328, 38.6394535393355],
                        [-90.30335965069577, 38.63839622549538],
                        [-90.30351926318873, 38.63731894056245],
                        [-90.30368210905344, 38.636248277675215],
                        [-90.30381834176433, 38.635396804194855],
                        [-90.30390456867713, 38.63501139364585],
                        [-90.30410614219221, 38.634267807221654],
                        [-90.30429548778848, 38.63362969693456],
                        [-90.30434567216552, 38.6334039013711],
                        [-90.30450403883081, 38.63268564061025],
                        [-90.30452484626949, 38.632655031564276],
                        [-90.30517590262124, 38.63301058841217],
                        [-90.30570423917938, 38.63332222305386],
                        [-90.30585657098088, 38.63342176763045],
                        [-90.30596366101906, 38.633512561404864],
                        [-90.30600672528456, 38.63356274577959],
                        [-90.30627999735464, 38.63358906494896],
                        [-90.30637908810232, 38.63362149348583],
                        [-90.3048021358988, 38.6424548565353],
                        [-90.30359871133503, 38.64496104467824],
                        [-90.30358742240013, 38.64503057977792],
                        [-90.30311750504619, 38.64784484723068],
                        [-90.30133838228156, 38.647657615870706],
                        [-90.30132743013758, 38.64771822708553],
                        [-90.3012898780814, 38.64778749750675],
                        [-90.30125419520228, 38.6478263471769],
                        [-90.3012024402429, 38.64786538844119],
                        [-90.30113581849145, 38.64789913241033],
                        [-90.30109464128384, 38.64791163881266],
                        [-90.30105053009264, 38.64792164114556],
                        [-90.30097204685877, 38.64792677964928],
                        [-90.30093091078707, 38.64792440338216]
                    ]
                ]
            }
        },
        {
            "id": "13",
            "type": "Feature",
            "properties": { "neighborhood": "Covenant Blu-Grand Center", "neighborhood_id": 77 },
            "geometry": {
                "type": "Polygon",
                "coordinates": [
                    [
                        [-90.22434079215815, 38.639255325653814],
                        [-90.2255647448864, 38.63573653879266],
                        [-90.22792391834322, 38.63624208036451],
                        [-90.22834793883158, 38.63636616500079],
                        [-90.22880166321372, 38.63643976444661],
                        [-90.23049476887151, 38.63680089302316],
                        [-90.2408593154085, 38.6389365237239],
                        [-90.23777534749601, 38.64335148048515],
                        [-90.23236982575035, 38.65095595991812],
                        [-90.22963894869638, 38.64976572617951],
                        [-90.22944930079282, 38.64968244302458],
                        [-90.22918888165749, 38.64933036462522],
                        [-90.22565086956155, 38.6453420592297],
                        [-90.2252190560783, 38.64487146779036],
                        [-90.22426907776713, 38.64387315212524],
                        [-90.22392423944832, 38.6436343512211],
                        [-90.22401161663532, 38.6435927093223],
                        [-90.22399412273322, 38.640175323953294],
                        [-90.22434079215815, 38.639255325653814]
                    ]
                ]
            }
        },
        {
            "id": "14",
            "type": "Feature",
            "properties": { "neighborhood": "Central West End", "neighborhood_id": 38 },
            "geometry": {
                "type": "Polygon",
                "coordinates": [
                    [
                        [-90.26351518944647, 38.65159152572365],
                        [-90.2633750697748, 38.65160749799883],
                        [-90.25758318997025, 38.651104505855066],
                        [-90.25492446649791, 38.65087336133586],
                        [-90.25053220396259, 38.648945536816576],
                        [-90.24553505017587, 38.64675169156826],
                        [-90.24547324107428, 38.646734395188105],
                        [-90.24540796748143, 38.64671640475898],
                        [-90.23777534749601, 38.64335148048515],
                        [-90.2408593154085, 38.6389365237239],
                        [-90.24099245371106, 38.63866609861414],
                        [-90.24232004767856, 38.63473682169125],
                        [-90.24275680484013, 38.633437150730515],
                        [-90.2430164596711, 38.63269173830374],
                        [-90.24317388267255, 38.63232047843415],
                        [-90.24657014747766, 38.631679874695756],
                        [-90.24769380196551, 38.63146147602035],
                        [-90.24844048805791, 38.631325321449744],
                        [-90.24901175295851, 38.63122884853241],
                        [-90.24918101373669, 38.63120839732935],
                        [-90.24949154594815, 38.63117201979706],
                        [-90.24967390813973, 38.63115868053458],
                        [-90.24991342570168, 38.631158726081516],
                        [-90.2500569367341, 38.63116361827812],
                        [-90.25044488540148, 38.63118320113096],
                        [-90.25081298487537, 38.63120298726875],
                        [-90.25109064417033, 38.631217527685145],
                        [-90.25140329389609, 38.6312371939882],
                        [-90.25191076796419, 38.631273968930856],
                        [-90.2522751465825, 38.63127655268538],
                        [-90.25278686677481, 38.631259347848584],
                        [-90.25320355424593, 38.63122889635835],
                        [-90.2535517421605, 38.631185475839835],
                        [-90.25376218877655, 38.63114884908195],
                        [-90.25449460803797, 38.63101377806147],
                        [-90.2545909332693, 38.630997504653614],
                        [-90.25479084806115, 38.63096931151412],
                        [-90.2550908193318, 38.63094912562589],
                        [-90.25562293464112, 38.63094565271719],
                        [-90.25582886050091, 38.63095157447769],
                        [-90.25598750861384, 38.63096266929744],
                        [-90.25620713251004, 38.630986000745274],
                        [-90.25643400907023, 38.631017584624125],
                        [-90.2567121573791, 38.63106393758452],
                        [-90.25700568375164, 38.63112792342568],
                        [-90.2572884268167, 38.63120292477543],
                        [-90.2574851424528, 38.631261683376685],
                        [-90.25763257597625, 38.63130798385337],
                        [-90.25780424286091, 38.631362323409256],
                        [-90.25799888278665, 38.63142451014375],
                        [-90.25821863254427, 38.63149407899372],
                        [-90.25845146627995, 38.631566859992745],
                        [-90.25868549224275, 38.63163873669107],
                        [-90.25890549986615, 38.63170509220572],
                        [-90.25910222541779, 38.63176203641555],
                        [-90.25927828831709, 38.63181067211228],
                        [-90.25958839864211, 38.631889568304885],
                        [-90.25987321400608, 38.6319537758943],
                        [-90.26013472155765, 38.63200557839275],
                        [-90.26025542332219, 38.63202757328435],
                        [-90.26051722503664, 38.632075009814585],
                        [-90.26056796315015, 38.632081759527544],
                        [-90.26070006456173, 38.6320971323192],
                        [-90.26088991132653, 38.632117895000654],
                        [-90.26112238107778, 38.63213253907009],
                        [-90.26128366273007, 38.63214225912968],
                        [-90.26167869097512, 38.632140785189534],
                        [-90.26195760585472, 38.63212715675347],
                        [-90.26225730659947, 38.63210489251212],
                        [-90.26255262143152, 38.63207550697094],
                        [-90.2628567296084, 38.63203309451123],
                        [-90.26305697794334, 38.63199942402616],
                        [-90.26326365859485, 38.63195749964022],
                        [-90.26348934983763, 38.63190463056073],
                        [-90.26374452434032, 38.63183855767042],
                        [-90.26398955254595, 38.631770651163784],
                        [-90.26420068134807, 38.631706301012],
                        [-90.26445006919394, 38.63162167908948],
                        [-90.26461538820483, 38.631563661104735],
                        [-90.26498136201337, 38.63143215324799],
                        [-90.2652509224279, 38.63133359461198],
                        [-90.26540836919813, 38.63127350027093],
                        [-90.26605081726224, 38.63232902791474],
                        [-90.26621716812296, 38.63266458183467],
                        [-90.26641630234317, 38.63315765230091],
                        [-90.26644783504723, 38.63331151438123],
                        [-90.26652542944097, 38.63394345022437],
                        [-90.2665252350435, 38.63427320815468],
                        [-90.26646629630763, 38.63473234550061],
                        [-90.26641161947535, 38.63512946049178],
                        [-90.26564884526226, 38.63973176884948],
                        [-90.26519295577947, 38.64246032232529],
                        [-90.26483440113337, 38.64395793815249],
                        [-90.26502822157818, 38.64401530521584],
                        [-90.2651865173406, 38.644057745904135],
                        [-90.2653830667259, 38.644094275793215],
                        [-90.26583803299553, 38.64415746486925],
                        [-90.26724166345602, 38.64429207045669],
                        [-90.2746604189571, 38.6450311046472],
                        [-90.2733748767933, 38.65268362178407],
                        [-90.27326701329707, 38.65265345555677],
                        [-90.27290777143445, 38.652564202370314],
                        [-90.272620509824, 38.652513504563956],
                        [-90.27215203475805, 38.65245149664312],
                        [-90.27066865918424, 38.65230031823248],
                        [-90.26362672578283, 38.65157870809429],
                        [-90.26351518944647, 38.65159152572365]
                    ]
                ]
            }
        },
        {
            "id": "15",
            "type": "Feature",
            "properties": { "neighborhood": "Old North St. Louis", "neighborhood_id": 63 },
            "geometry": {
                "type": "Polygon",
                "coordinates": [
                    [
                        [-90.19469273821262, 38.65442596082131],
                        [-90.19408482875727, 38.65320587635271],
                        [-90.19376908331316, 38.65258697374904],
                        [-90.192677462727, 38.65039672166839],
                        [-90.19161737187258, 38.64828323430869],
                        [-90.19100834066418, 38.647079330423715],
                        [-90.19027747898325, 38.645640133935984],
                        [-90.18973707624886, 38.64455977937205],
                        [-90.18914270420827, 38.6434135959257],
                        [-90.1887010930101, 38.64257857079196],
                        [-90.18845549652524, 38.64209782128891],
                        [-90.1879876397285, 38.641191110016],
                        [-90.18755324276938, 38.64036980202136],
                        [-90.18725547333918, 38.63987795479188],
                        [-90.18714305714228, 38.63969183792773],
                        [-90.18730833373759, 38.639726384711786],
                        [-90.19408894238548, 38.641146181429555],
                        [-90.19392642504685, 38.64162994316713],
                        [-90.19385011352502, 38.64187344361496],
                        [-90.19389235342828, 38.64215797529077],
                        [-90.1939988049533, 38.642376801082385],
                        [-90.1942467991376, 38.642656626532116],
                        [-90.19463478480709, 38.64281050434661],
                        [-90.19519033608138, 38.64294079179614],
                        [-90.19570950249252, 38.64305678488441],
                        [-90.19593250226788, 38.64317200627754],
                        [-90.19618837671008, 38.643312493337355],
                        [-90.19639775471398, 38.643478257910616],
                        [-90.19670216026755, 38.643801225678345],
                        [-90.19678597930343, 38.6439927500686],
                        [-90.19685284551208, 38.644327238278734],
                        [-90.19696572277883, 38.64454492482201],
                        [-90.19721844477404, 38.64508677029054],
                        [-90.19840937732604, 38.64748087559251],
                        [-90.20056676638825, 38.65170715386567],
                        [-90.20120439652675, 38.65282664299712],
                        [-90.20168389289665, 38.6536532597756],
                        [-90.202426698268, 38.65489583420655],
                        [-90.20317171383122, 38.656083985879036],
                        [-90.2033254789975, 38.656237707647236],
                        [-90.20294017168128, 38.656184996434895],
                        [-90.19937113455144, 38.655422759540755],
                        [-90.19618057837603, 38.654735810559444],
                        [-90.19547907781978, 38.65458982672307],
                        [-90.19469273821262, 38.65442596082131]
                    ]
                ]
            }
        },
        {
            "id": "16",
            "type": "Feature",
            "properties": { "neighborhood": "Vandeventer", "neighborhood_id": 58 },
            "geometry": {
                "type": "Polygon",
                "coordinates": [
                    [
                        [-90.23236982575035, 38.65095595991812],
                        [-90.23777534749601, 38.64335148048515],
                        [-90.24540796748143, 38.64671640475898],
                        [-90.24547324107428, 38.646734395188105],
                        [-90.24553505017587, 38.64675169156826],
                        [-90.25053220396259, 38.648945536816576],
                        [-90.24512440230978, 38.65646615724453],
                        [-90.24510198215555, 38.65653750185603],
                        [-90.23663534532592, 38.65282632321766],
                        [-90.23236982575035, 38.65095595991812]
                    ]
                ]
            }
        },
        {
            "id": "17",
            "type": "Feature",
            "properties": { "neighborhood": "St. Louis Place", "neighborhood_id": 60 },
            "geometry": {
                "type": "Polygon",
                "coordinates": [
                    [
                        [-90.2033254789975, 38.656237707647236],
                        [-90.20317171383122, 38.656083985879036],
                        [-90.202426698268, 38.65489583420655],
                        [-90.20168389289665, 38.6536532597756],
                        [-90.20120439652675, 38.65282664299712],
                        [-90.20056676638825, 38.65170715386567],
                        [-90.19840937732604, 38.64748087559251],
                        [-90.19721844477404, 38.64508677029054],
                        [-90.19696572277883, 38.64454492482201],
                        [-90.19685284551208, 38.644327238278734],
                        [-90.19678597930343, 38.6439927500686],
                        [-90.19670216026755, 38.643801225678345],
                        [-90.19639775471398, 38.643478257910616],
                        [-90.19618837671008, 38.643312493337355],
                        [-90.19593250226788, 38.64317200627754],
                        [-90.19570950249252, 38.64305678488441],
                        [-90.19519033608138, 38.64294079179614],
                        [-90.19463478480709, 38.64281050434661],
                        [-90.1942467991376, 38.642656626532116],
                        [-90.1939988049533, 38.642376801082385],
                        [-90.19389235342828, 38.64215797529077],
                        [-90.19385011352502, 38.64187344361496],
                        [-90.19392642504685, 38.64162994316713],
                        [-90.19408894238548, 38.641146181429555],
                        [-90.20516532010977, 38.643479703344894],
                        [-90.21284052343617, 38.64508556451755],
                        [-90.21284838879215, 38.645159267440754],
                        [-90.21289689455915, 38.6455861559646],
                        [-90.2129135089716, 38.64609946221131],
                        [-90.21290936608631, 38.6466287262464],
                        [-90.21290464491513, 38.64706624783213],
                        [-90.21291852197827, 38.64761615118972],
                        [-90.21292702149964, 38.648039728778166],
                        [-90.21291241820975, 38.648338529897295],
                        [-90.21289151202042, 38.648532092792905],
                        [-90.21282629369254, 38.64879142158954],
                        [-90.21290460449507, 38.64898039472792],
                        [-90.21289150135014, 38.64941215691472],
                        [-90.21287528057002, 38.649458110998],
                        [-90.2128628123533, 38.6495114057092],
                        [-90.21299751541092, 38.657121168523624],
                        [-90.2129654831429, 38.65717990787417],
                        [-90.21293256350948, 38.65724160985341],
                        [-90.21262117024757, 38.65817925847248],
                        [-90.21261311614987, 38.658222953269444],
                        [-90.21260417294252, 38.658270051229465],
                        [-90.21134974802445, 38.658664212617616],
                        [-90.20839073136753, 38.65738936323383],
                        [-90.20794232988153, 38.65721066734224],
                        [-90.20767536342309, 38.65711916597578],
                        [-90.20374081714155, 38.65629436475799],
                        [-90.2033254789975, 38.656237707647236]
                    ]
                ]
            }
        },
        {
            "id": "18",
            "type": "Feature",
            "properties": { "neighborhood": "Visitation Park", "neighborhood_id": 49 },
            "geometry": {
                "type": "Polygon",
                "coordinates": [
                    [
                        [-90.2722335736575, 38.65957805889008],
                        [-90.2733748767933, 38.65268362178407],
                        [-90.27349206373748, 38.65272207250986],
                        [-90.2737512311207, 38.65279877291865],
                        [-90.2743172293011, 38.652929143596],
                        [-90.27457300965487, 38.65298112250016],
                        [-90.27914171471524, 38.65343654247516],
                        [-90.27803328798413, 38.66016864917817],
                        [-90.2722335736575, 38.65957805889008]
                    ]
                ]
            }
        },
        {
            "id": "19",
            "type": "Feature",
            "properties": { "neighborhood": "Lewis Place", "neighborhood_id": 54 },
            "geometry": {
                "type": "Polygon",
                "coordinates": [
                    [
                        [-90.2544416853797, 38.66063001785529],
                        [-90.25351677527631, 38.66022121167191],
                        [-90.25344858766346, 38.66019108287451],
                        [-90.24806475933244, 38.65783455203126],
                        [-90.24510198215555, 38.65653750185603],
                        [-90.24512440230978, 38.65646615724453],
                        [-90.25053220396259, 38.648945536816576],
                        [-90.25492446649791, 38.65087336133586],
                        [-90.25758318997025, 38.651104505855066],
                        [-90.25588344040351, 38.66113556426832],
                        [-90.2544416853797, 38.66063001785529]
                    ]
                ]
            }
        },
        {
            "id": "20",
            "type": "Feature",
            "properties": { "neighborhood": "Fountain Park", "neighborhood_id": 53 },
            "geometry": {
                "type": "Polygon",
                "coordinates": [
                    [
                        [-90.25588344040351, 38.66113556426832],
                        [-90.25758318997025, 38.651104505855066],
                        [-90.2633750697748, 38.65160749799883],
                        [-90.26351518944647, 38.65159152572365],
                        [-90.26159941429367, 38.66292834838959],
                        [-90.26153529374272, 38.66307465668675],
                        [-90.25588344040351, 38.66113556426832]
                    ]
                ]
            }
        },
        {
            "id": "21",
            "type": "Feature",
            "properties": { "neighborhood": "Jeff Vanderlou", "neighborhood_id": 59 },
            "geometry": {
                "type": "Polygon",
                "coordinates": [
                    [
                        [-90.21322976884848, 38.65959389132515],
                        [-90.21295304457905, 38.65945981575501],
                        [-90.21226113337245, 38.6590855518486],
                        [-90.21161713836553, 38.658772085637025],
                        [-90.21135757484456, 38.65865702394409],
                        [-90.21261199959463, 38.6582628624709],
                        [-90.21262094279592, 38.65821576451019],
                        [-90.21262899688801, 38.65817206971261],
                        [-90.21294039001634, 38.65723442107105],
                        [-90.21297330963972, 38.657172719089466],
                        [-90.21300534189812, 38.65711397973669],
                        [-90.21287063802119, 38.649504216918785],
                        [-90.21288310623085, 38.64945092220665],
                        [-90.21289932700431, 38.64940496812218],
                        [-90.21291243010069, 38.648973205933814],
                        [-90.2128341192853, 38.64878423280039],
                        [-90.21289933757829, 38.64852490399893],
                        [-90.21292024374438, 38.64833134110157],
                        [-90.21293484700013, 38.64803253998099],
                        [-90.21292634743327, 38.647608962392425],
                        [-90.21291247031134, 38.647059059034866],
                        [-90.2129171914342, 38.64662153744806],
                        [-90.21292133426118, 38.646092273411845],
                        [-90.21290471979425, 38.645578967165406],
                        [-90.21285621398536, 38.64515207864411],
                        [-90.2128483486221, 38.64507837572131],
                        [-90.21281796666342, 38.64479548270997],
                        [-90.21280052093776, 38.64463112423435],
                        [-90.21276538115877, 38.64400497037221],
                        [-90.21276359237103, 38.643874095778116],
                        [-90.21275617434252, 38.64223290076553],
                        [-90.21281039086578, 38.64128959294293],
                        [-90.21284992743325, 38.63899751043855],
                        [-90.2128275981496, 38.63676705906019],
                        [-90.2152530452497, 38.63732928185623],
                        [-90.21706498335342, 38.63772958431011],
                        [-90.21808114652563, 38.63795420919788],
                        [-90.21890823378455, 38.63812282141828],
                        [-90.22434861556233, 38.63924813607454],
                        [-90.22400194627245, 38.64016813439884],
                        [-90.22401944054644, 38.6435855197722],
                        [-90.22393206337269, 38.643627161677],
                        [-90.2242769016833, 38.64386596255833],
                        [-90.22522688000906, 38.64486427816119],
                        [-90.22565869350078, 38.64533486957227],
                        [-90.22919670568066, 38.64932317473636],
                        [-90.22945712482857, 38.649675253118794],
                        [-90.22964677272238, 38.64975853626108],
                        [-90.23237764963461, 38.650948769818],
                        [-90.23226689816869, 38.651069583035365],
                        [-90.23207956255263, 38.65122863640592],
                        [-90.23154256209043, 38.651402924257084],
                        [-90.2227367677438, 38.66375549326221],
                        [-90.21676255556983, 38.66114072667012],
                        [-90.21322976884848, 38.65959389132515]
                    ]
                ]
            }
        },
        {
            "id": "22",
            "type": "Feature",
            "properties": { "neighborhood": "The Ville", "neighborhood_id": 57 },
            "geometry": {
                "type": "Polygon",
                "coordinates": [
                    [
                        [-90.23663534532592, 38.65282632321766],
                        [-90.24510198215555, 38.65653750185603],
                        [-90.24806475933244, 38.65783455203126],
                        [-90.24282254434586, 38.66523299770923],
                        [-90.2313467302758, 38.660242443419705],
                        [-90.23663534532592, 38.65282632321766]
                    ]
                ]
            }
        },
        {
            "id": "23",
            "type": "Feature",
            "properties": { "neighborhood": "Academy", "neighborhood_id": 51 },
            "geometry": {
                "type": "Polygon",
                "coordinates": [
                    [
                        [-90.26153529374272, 38.66307465668675],
                        [-90.26159941429367, 38.66292834838959],
                        [-90.26351518944647, 38.65159152572365],
                        [-90.26362672578283, 38.65157870809429],
                        [-90.27066865918424, 38.65230031823248],
                        [-90.27215203475805, 38.65245149664312],
                        [-90.272620509824, 38.652513504563956],
                        [-90.27290777143445, 38.652564202370314],
                        [-90.27326701329707, 38.65265345555677],
                        [-90.2733748767933, 38.65268362178407],
                        [-90.2722335736575, 38.65957805889008],
                        [-90.27206194256141, 38.660791662769945],
                        [-90.27201626245169, 38.66092818235253],
                        [-90.27198560145469, 38.6610217030587],
                        [-90.27196653745136, 38.661058983310326],
                        [-90.27193107184421, 38.661099416213936],
                        [-90.26771243704408, 38.66577722241598],
                        [-90.2656907240399, 38.664691990422696],
                        [-90.26490103665904, 38.66431212940039],
                        [-90.26153529374272, 38.66307465668675]
                    ]
                ]
            }
        },
        {
            "id": "24",
            "type": "Feature",
            "properties": { "neighborhood": "Hyde Park", "neighborhood_id": 65 },
            "geometry": {
                "type": "Polygon",
                "coordinates": [
                    [
                        [-90.20116179622727, 38.66830373845419],
                        [-90.20084157520029, 38.6678294998848],
                        [-90.20004444160993, 38.666647379359375],
                        [-90.19936566840315, 38.66564357584263],
                        [-90.19898538009987, 38.665083339531854],
                        [-90.19869481974771, 38.66463341669882],
                        [-90.19822410043287, 38.66385096686903],
                        [-90.19797916721897, 38.66338031881471],
                        [-90.19768627208751, 38.66279767799],
                        [-90.1973068710842, 38.662033308565235],
                        [-90.19703978158701, 38.6614875555538],
                        [-90.19686533586555, 38.66112280460617],
                        [-90.1966617409907, 38.66061175782412],
                        [-90.1965459951805, 38.66024669189939],
                        [-90.19642075306254, 38.659709076255304],
                        [-90.19634942213563, 38.659317599674374],
                        [-90.19624871446264, 38.65877617544472],
                        [-90.19617255502068, 38.65828465273149],
                        [-90.19610081324396, 38.65785863128382],
                        [-90.19605279278944, 38.65762029975335],
                        [-90.19596642393108, 38.65727477754755],
                        [-90.1959037995846, 38.65703687463446],
                        [-90.19573451838332, 38.65656435860488],
                        [-90.19560822936815, 38.656268598067236],
                        [-90.19537074586637, 38.65576891072002],
                        [-90.1948657946137, 38.65477357690987],
                        [-90.19469273821262, 38.65442596082131],
                        [-90.19547907781978, 38.65458982672307],
                        [-90.19618057837603, 38.654735810559444],
                        [-90.19937113455144, 38.655422759540755],
                        [-90.20294017168128, 38.656184996434895],
                        [-90.2033254789975, 38.656237707647236],
                        [-90.20374081714155, 38.65629436475799],
                        [-90.20767536342309, 38.65711916597578],
                        [-90.20794232988153, 38.65721066734224],
                        [-90.20839073136753, 38.65738936323383],
                        [-90.21134974802445, 38.658664212617616],
                        [-90.21160931155865, 38.658779274327806],
                        [-90.21225330659537, 38.65909274058221],
                        [-90.21294521782987, 38.65946700453457],
                        [-90.21322194211217, 38.659601080123096],
                        [-90.20844925520474, 38.6663279748775],
                        [-90.20873241055693, 38.66689342947094],
                        [-90.20768647589155, 38.667221921401904],
                        [-90.2076148274117, 38.66724486261976],
                        [-90.2036723536877, 38.668489789940935],
                        [-90.20225659215508, 38.66838322358315],
                        [-90.20116179622727, 38.66830373845419]
                    ]
                ]
            }
        },
        {
            "id": "25",
            "type": "Feature",
            "properties": { "neighborhood": "Fairground Park", "neighborhood_id": 83 },
            "geometry": {
                "type": "Polygon",
                "coordinates": [
                    [
                        [-90.22203813053711, 38.66820759246057],
                        [-90.2183670216957, 38.666608687463864],
                        [-90.21419235129824, 38.66479464061316],
                        [-90.21675472901596, 38.66114791570326],
                        [-90.22272894149856, 38.663762682693026],
                        [-90.22887608318649, 38.66646082902836],
                        [-90.22628312246574, 38.670063837879766],
                        [-90.22203813053711, 38.66820759246057]
                    ]
                ]
            }
        },
        {
            "id": "26",
            "type": "Feature",
            "properties": { "neighborhood": "West End", "neighborhood_id": 48 },
            "geometry": {
                "type": "Polygon",
                "coordinates": [
                    [
                        [-90.27201626245169, 38.66092818235253],
                        [-90.27206194256141, 38.660791662769945],
                        [-90.2722335736575, 38.65957805889008],
                        [-90.27803328798413, 38.66016864917817],
                        [-90.27914171471524, 38.65343654247516],
                        [-90.28434877100462, 38.65395567876388],
                        [-90.29459048596057, 38.65496250170061],
                        [-90.3018132183382, 38.65565276133805],
                        [-90.29659766331707, 38.66224824183476],
                        [-90.28998549467337, 38.67060679011065],
                        [-90.28900496737468, 38.670035937206904],
                        [-90.27617377403831, 38.663117175992255],
                        [-90.2722096294828, 38.66096790798108],
                        [-90.27213003105226, 38.660944192967676],
                        [-90.27201626245169, 38.66092818235253]
                    ]
                ]
            }
        },
        {
            "id": "27",
            "type": "Feature",
            "properties": { "neighborhood": "Greater Ville", "neighborhood_id": 56 },
            "geometry": {
                "type": "Polygon",
                "coordinates": [
                    [
                        [-90.23938304129652, 38.67106504045814],
                        [-90.23645747327991, 38.66978342575756],
                        [-90.22887608318649, 38.66646082902836],
                        [-90.22272894149856, 38.663762682693026],
                        [-90.23153473807336, 38.65141011430031],
                        [-90.23207173860808, 38.651235826485504],
                        [-90.2322590742602, 38.65107677312784],
                        [-90.23236982575035, 38.65095595991812],
                        [-90.23663534532592, 38.65282632321766],
                        [-90.2313467302758, 38.660242443419705],
                        [-90.24282254434586, 38.66523299770923],
                        [-90.24806475933244, 38.65783455203126],
                        [-90.25344858766346, 38.66019108287451],
                        [-90.25351677527631, 38.66022121167191],
                        [-90.24426145868522, 38.67307762473464],
                        [-90.24251231871723, 38.672378140695606],
                        [-90.23938304129652, 38.67106504045814]
                    ]
                ]
            }
        },
        {
            "id": "28",
            "type": "Feature",
            "properties": { "neighborhood": "Fairground Neighborhood", "neighborhood_id": 67 },
            "geometry": {
                "type": "Polygon",
                "coordinates": [
                    [
                        [-90.20873241055693, 38.66689342947094],
                        [-90.20844925520474, 38.6663279748775],
                        [-90.21322194211217, 38.659601080123096],
                        [-90.21675472901596, 38.66114791570326],
                        [-90.21419235129824, 38.66479464061316],
                        [-90.2183670216957, 38.666608687463864],
                        [-90.22203813053711, 38.66820759246057],
                        [-90.22071886498381, 38.67006894434262],
                        [-90.22080163335875, 38.670104618758806],
                        [-90.21856066355906, 38.67298060351973],
                        [-90.21818129997462, 38.67332476633289],
                        [-90.21429629327424, 38.67160047287747],
                        [-90.21422176140274, 38.67154627830933],
                        [-90.21241262419896, 38.66972930346231],
                        [-90.21226768983537, 38.6696239165491],
                        [-90.21119788701058, 38.6691308621015],
                        [-90.21100569311709, 38.6690201119721],
                        [-90.2107733748752, 38.66887079276075],
                        [-90.20919905819643, 38.6677719339128],
                        [-90.20873241055693, 38.66689342947094]
                    ]
                ]
            }
        },
        {
            "id": "29",
            "type": "Feature",
            "properties": { "neighborhood": "Hamilton Heights", "neighborhood_id": 78 },
            "geometry": {
                "type": "Polygon",
                "coordinates": [
                    [
                        [-90.26771243704408, 38.66577722241598],
                        [-90.27193107184421, 38.661099416213936],
                        [-90.27196653745136, 38.661058983310326],
                        [-90.27198560145469, 38.6610217030587],
                        [-90.27201626245169, 38.66092818235253],
                        [-90.27213003105226, 38.660944192967676],
                        [-90.2722096294828, 38.66096790798108],
                        [-90.27617377403831, 38.663117175992255],
                        [-90.28900496737468, 38.670035937206904],
                        [-90.28998549467337, 38.67060679011065],
                        [-90.28600433236592, 38.67563811200579],
                        [-90.27939740226502, 38.67210528970308],
                        [-90.27562873210789, 38.67007112293298],
                        [-90.26771243704408, 38.66577722241598]
                    ]
                ]
            }
        },
        {
            "id": "30",
            "type": "Feature",
            "properties": { "neighborhood": "Kingsway East", "neighborhood_id": 55 },
            "geometry": {
                "type": "Polygon",
                "coordinates": [
                    [
                        [-90.24426145868522, 38.67307762473464],
                        [-90.25351677527631, 38.66022121167191],
                        [-90.2544416853797, 38.66063001785529],
                        [-90.25588344040351, 38.66113556426832],
                        [-90.26153529374272, 38.66307465668675],
                        [-90.25977654777599, 38.665524111962526],
                        [-90.25718841629424, 38.668933051603915],
                        [-90.25586975111396, 38.67063441402443],
                        [-90.25182651663467, 38.67637447451698],
                        [-90.24426145868522, 38.67307762473464]
                    ]
                ]
            }
        },
        {
            "id": "31",
            "type": "Feature",
            "properties": { "neighborhood": "Kingsway West", "neighborhood_id": 52 },
            "geometry": {
                "type": "Polygon",
                "coordinates": [
                    [
                        [-90.25182651663467, 38.67637447451698],
                        [-90.25586975111396, 38.67063441402443],
                        [-90.25718841629424, 38.668933051603915],
                        [-90.25977654777599, 38.665524111962526],
                        [-90.26153529374272, 38.66307465668675],
                        [-90.26490103665904, 38.66431212940039],
                        [-90.2656907240399, 38.664691990422696],
                        [-90.26771243704408, 38.66577722241598],
                        [-90.25824986936342, 38.679260906507544],
                        [-90.25616227169738, 38.678259317461325],
                        [-90.25391761629338, 38.67727087125608],
                        [-90.25245993718329, 38.67664123608031],
                        [-90.25182651663467, 38.67637447451698]
                    ]
                ]
            }
        },
        {
            "id": "32",
            "type": "Feature",
            "properties": { "neighborhood": "Patch", "neighborhood_id": 2 },
            "geometry": {
                "type": "Polygon",
                "coordinates": [
                    [
                        [-90.25892103809574, 38.55248624479059],
                        [-90.25928637940991, 38.55216478591484],
                        [-90.25546593059522, 38.54962322716987],
                        [-90.25465107513746, 38.550346675549505],
                        [-90.2536781785543, 38.54971874639153],
                        [-90.25189487587205, 38.54852847948867],
                        [-90.25113394909829, 38.54804585504343],
                        [-90.2518312836353, 38.547192215671096],
                        [-90.25299920439993, 38.54326219583108],
                        [-90.25702567172858, 38.537478643427505],
                        [-90.26022269776927, 38.53298868754094],
                        [-90.26141742736887, 38.53343440972159],
                        [-90.26260491638256, 38.53421577169119],
                        [-90.26308124897805, 38.53405472388317],
                        [-90.26309140943562, 38.53405839671327],
                        [-90.26346854276795, 38.533923700769236],
                        [-90.26371587755678, 38.533839981667754],
                        [-90.26435772551125, 38.53373648897747],
                        [-90.26533337245989, 38.533738448385364],
                        [-90.2669224009051, 38.534245506995106],
                        [-90.26809372863049, 38.53573848033911],
                        [-90.26847750490894, 38.536988681319514],
                        [-90.2691168237578, 38.53768305345895],
                        [-90.27083554559995, 38.53848394015418],
                        [-90.27100908011604, 38.538610373966904],
                        [-90.27102271425785, 38.538633054792754],
                        [-90.27137103484503, 38.53922024632842],
                        [-90.27136828359998, 38.54007813497349],
                        [-90.27051143573118, 38.54163479338458],
                        [-90.27051285868201, 38.541638228620585],
                        [-90.270501148129, 38.54165948683781],
                        [-90.27110786374523, 38.54300712960156],
                        [-90.27112433520436, 38.5430501908025],
                        [-90.27165489209614, 38.5445173513527],
                        [-90.27155062757726, 38.544782380476015],
                        [-90.27155897420937, 38.544818999599975],
                        [-90.27082912834788, 38.545354189653],
                        [-90.27031824679663, 38.54575110527094],
                        [-90.26792465816465, 38.5475223352056],
                        [-90.2678067579928, 38.54757452232734],
                        [-90.26710728144585, 38.54824976483138],
                        [-90.26300033146926, 38.55182088043613],
                        [-90.26100211683283, 38.553589360869545],
                        [-90.25914296254592, 38.55261872708364],
                        [-90.25892103809574, 38.55248624479059]
                    ]
                ]
            }
        },
        {
            "id": "33",
            "type": "Feature",
            "properties": { "neighborhood": "Carondelet Park", "neighborhood_id": 80 },
            "geometry": {
                "type": "Polygon",
                "coordinates": [
                    [
                        [-90.25965353293532, 38.56246185613142],
                        [-90.25959149054547, 38.56245118368408],
                        [-90.2594931435248, 38.56240957264272],
                        [-90.25911165381241, 38.56223120798361],
                        [-90.25869589331184, 38.56201042817442],
                        [-90.25545174856634, 38.560312628325626],
                        [-90.25525918069259, 38.56021221861011],
                        [-90.25531929260157, 38.560183044242635],
                        [-90.2553917008077, 38.56014749823525],
                        [-90.25547024143468, 38.5601083127372],
                        [-90.25555256611709, 38.56006707652746],
                        [-90.25564246140515, 38.560021021823886],
                        [-90.25574525522957, 38.559966564227],
                        [-90.25586438696341, 38.55989975681769],
                        [-90.25600395679764, 38.55981835583731],
                        [-90.2561596198099, 38.55972463144315],
                        [-90.25632637055196, 38.559620412792896],
                        [-90.25649870687134, 38.55950818659448],
                        [-90.25667134038426, 38.55939068958105],
                        [-90.25684279770996, 38.55926931779107],
                        [-90.25701023997804, 38.55914585002349],
                        [-90.25717184538932, 38.55902124467966],
                        [-90.25732582290085, 38.55889755663171],
                        [-90.2574713622629, 38.55877656891791],
                        [-90.2576055200285, 38.55866014394593],
                        [-90.25772915987189, 38.558551468230945],
                        [-90.25783909787819, 38.55845124873505],
                        [-90.25794023877941, 38.558356502842706],
                        [-90.25803496956033, 38.55826470848071],
                        [-90.25812767545008, 38.55817175760313],
                        [-90.258220360478, 38.55807468768335],
                        [-90.25831396880253, 38.55797352769747],
                        [-90.25840758803221, 38.55786868837331],
                        [-90.2585011879151, 38.55775926243985],
                        [-90.25859423826334, 38.55764665060716],
                        [-90.25868467248193, 38.55753194681609],
                        [-90.25877367559674, 38.55741657964249],
                        [-90.25893907106338, 38.557191532639145],
                        [-90.2590778675121, 38.55699342348676],
                        [-90.25924455413137, 38.55674772820982],
                        [-90.25934492397596, 38.55679900942903],
                        [-90.26232044977239, 38.55836045259606],
                        [-90.27300285274522, 38.56390253063298],
                        [-90.26979551503462, 38.56769163969666],
                        [-90.26520132694502, 38.56529713484529],
                        [-90.26172452528334, 38.56344754790282],
                        [-90.25965353293532, 38.56246185613142]
                    ]
                ]
            }
        },
        {
            "id": "34",
            "type": "Feature",
            "properties": { "neighborhood": "Carondelet", "neighborhood_id": 1 },
            "geometry": {
                "type": "Polygon",
                "coordinates": [
                    [
                        [-90.24419088935512, 38.56660422460037],
                        [-90.2421040294557, 38.56554011994558],
                        [-90.24139282261574, 38.56513695646271],
                        [-90.24014189959819, 38.56448979365527],
                        [-90.2384624957844, 38.56362036544734],
                        [-90.23982490701925, 38.56188543363763],
                        [-90.25113394909829, 38.54804585504343],
                        [-90.25189487587205, 38.54852847948867],
                        [-90.2536781785543, 38.54971874639153],
                        [-90.25465107513746, 38.550346675549505],
                        [-90.25546593059522, 38.54962322716987],
                        [-90.25928637940991, 38.55216478591484],
                        [-90.25892103809574, 38.55248624479059],
                        [-90.25914296254592, 38.55261872708364],
                        [-90.26100211683283, 38.553589360869545],
                        [-90.26300033146926, 38.55182088043613],
                        [-90.26710728144585, 38.54824976483138],
                        [-90.2678067579928, 38.54757452232734],
                        [-90.26792465816465, 38.5475223352056],
                        [-90.27031824679663, 38.54575110527094],
                        [-90.27082912834788, 38.545354189653],
                        [-90.27155897420937, 38.544818999599975],
                        [-90.27178810615058, 38.54579061122105],
                        [-90.27222162402558, 38.54691595390357],
                        [-90.27224242808103, 38.546971599967875],
                        [-90.27222070693092, 38.54766123294585],
                        [-90.27222299533659, 38.54767839961544],
                        [-90.27222298589541, 38.54768139239949],
                        [-90.27228138242113, 38.54819063464029],
                        [-90.27238111648225, 38.54844277080919],
                        [-90.27270753263721, 38.548609123495964],
                        [-90.27225284341814, 38.54864712288155],
                        [-90.27156091572138, 38.5487034119534],
                        [-90.27083583563825, 38.553133807547546],
                        [-90.26811618993045, 38.553372815071185],
                        [-90.26752006658441, 38.55388444111532],
                        [-90.26526762923503, 38.555784074490816],
                        [-90.26377452784466, 38.55706892460701],
                        [-90.26232044977239, 38.55836045259606],
                        [-90.25934492397596, 38.55679900942903],
                        [-90.25924455413137, 38.55674772820982],
                        [-90.2590778675121, 38.55699342348676],
                        [-90.25893907106338, 38.557191532639145],
                        [-90.25877367559674, 38.55741657964249],
                        [-90.25868467248193, 38.55753194681609],
                        [-90.25859423826334, 38.55764665060716],
                        [-90.2585011879151, 38.55775926243985],
                        [-90.25840758803221, 38.55786868837331],
                        [-90.25831396880253, 38.55797352769747],
                        [-90.258220360478, 38.55807468768335],
                        [-90.25812767545008, 38.55817175760313],
                        [-90.25803496956033, 38.55826470848071],
                        [-90.25794023877941, 38.558356502842706],
                        [-90.25783909787819, 38.55845124873505],
                        [-90.25772915987189, 38.558551468230945],
                        [-90.2576055200285, 38.55866014394593],
                        [-90.2574713622629, 38.55877656891791],
                        [-90.25732582290085, 38.55889755663171],
                        [-90.25717184538932, 38.55902124467966],
                        [-90.25701023997804, 38.55914585002349],
                        [-90.25684279770996, 38.55926931779107],
                        [-90.25667134038426, 38.55939068958105],
                        [-90.25649870687134, 38.55950818659448],
                        [-90.25632637055196, 38.559620412792896],
                        [-90.2561596198099, 38.55972463144315],
                        [-90.25600395679764, 38.55981835583731],
                        [-90.25586438696341, 38.55989975681769],
                        [-90.25574525522957, 38.559966564227],
                        [-90.25564246140515, 38.560021021823886],
                        [-90.25555256611709, 38.56006707652746],
                        [-90.25547024143468, 38.5601083127372],
                        [-90.2553917008077, 38.56014749823525],
                        [-90.25531929260157, 38.560183044242635],
                        [-90.25525918069259, 38.56021221861011],
                        [-90.25545174856634, 38.560312628325626],
                        [-90.25869589331184, 38.56201042817442],
                        [-90.25911165381241, 38.56223120798361],
                        [-90.2594931435248, 38.56240957264272],
                        [-90.25959149054547, 38.56245118368408],
                        [-90.25965353293532, 38.56246185613142],
                        [-90.25184455911511, 38.57156604463883],
                        [-90.24507806486014, 38.56802400327717],
                        [-90.24535583923738, 38.56719373812229],
                        [-90.24419088935512, 38.56660422460037]
                    ]
                ]
            }
        },
        {
            "id": "35",
            "type": "Feature",
            "properties": { "neighborhood": "Holly Hills", "neighborhood_id": 3 },
            "geometry": {
                "type": "Polygon",
                "coordinates": [
                    [
                        [-90.25184455911511, 38.57156604463883],
                        [-90.25965353293532, 38.56246185613142],
                        [-90.26172452528334, 38.56344754790282],
                        [-90.26520132694502, 38.56529713484529],
                        [-90.26979551503462, 38.56769163969666],
                        [-90.26976894951737, 38.56779615319018],
                        [-90.26971804521557, 38.56785536565755],
                        [-90.26859073766848, 38.56919360597662],
                        [-90.26842783835494, 38.56936103329012],
                        [-90.26771995884985, 38.56995275653129],
                        [-90.26746272088981, 38.56981676030583],
                        [-90.26680050567228, 38.570441986624004],
                        [-90.26673141798753, 38.570530872322315],
                        [-90.26419228996605, 38.573754553383125],
                        [-90.25902391746966, 38.571024330752216],
                        [-90.25840331411989, 38.57068829237231],
                        [-90.25729351534544, 38.572797850909744],
                        [-90.25704181544269, 38.57327399747078],
                        [-90.25665453131428, 38.57400957387596],
                        [-90.25613277940487, 38.57374141726213],
                        [-90.2560795435492, 38.57380309003006],
                        [-90.25184455911511, 38.57156604463883]
                    ]
                ]
            }
        },
        {
            "id": "36",
            "type": "Feature",
            "properties": { "neighborhood": "Boulevard Heights", "neighborhood_id": 4 },
            "geometry": {
                "type": "Polygon",
                "coordinates": [
                    [
                        [-90.26976894951737, 38.56779615319018],
                        [-90.26979551503462, 38.56769163969666],
                        [-90.27300285274522, 38.56390253063298],
                        [-90.26232044977239, 38.55836045259606],
                        [-90.26377452784466, 38.55706892460701],
                        [-90.26526762923503, 38.555784074490816],
                        [-90.26752006658441, 38.55388444111532],
                        [-90.26811618993045, 38.553372815071185],
                        [-90.27083583563825, 38.553133807547546],
                        [-90.27156091572138, 38.5487034119534],
                        [-90.27225284341814, 38.54864712288155],
                        [-90.27270753263721, 38.548609123495964],
                        [-90.27413278043187, 38.54933588128392],
                        [-90.27799292525853, 38.55056115301759],
                        [-90.2801409280449, 38.55196155448583],
                        [-90.28091508451219, 38.55238017170085],
                        [-90.28157114088548, 38.552735406576375],
                        [-90.28402139416791, 38.55406103227143],
                        [-90.28713329332071, 38.5554848269261],
                        [-90.28972332541704, 38.55700942245457],
                        [-90.29008770898768, 38.55727871292296],
                        [-90.29242483164681, 38.559039660728345],
                        [-90.29409393964193, 38.560239872329994],
                        [-90.29693130308613, 38.56233705460101],
                        [-90.29701005087112, 38.56241613720719],
                        [-90.29651772288302, 38.562740210733736],
                        [-90.29588151466213, 38.563148717042296],
                        [-90.29417697610475, 38.5643189415453],
                        [-90.28916190163885, 38.56730447791306],
                        [-90.28654680894128, 38.568881406087606],
                        [-90.28587427252053, 38.569413331720206],
                        [-90.28380304216361, 38.571351158816185],
                        [-90.28213822763817, 38.5728359367028],
                        [-90.27967017821595, 38.57435715871143],
                        [-90.27715363741683, 38.57588188720804],
                        [-90.27540570884861, 38.57395242925562],
                        [-90.27739733307672, 38.57174780440444],
                        [-90.27733294554223, 38.571643555900046],
                        [-90.26988980233503, 38.56773803948412],
                        [-90.26976894951737, 38.56779615319018]
                    ]
                ]
            }
        },
        {
            "id": "37",
            "type": "Feature",
            "properties": { "neighborhood": "Mount Pleasant", "neighborhood_id": 17 },
            "geometry": {
                "type": "Polygon",
                "coordinates": [
                    [
                        [-90.22845026128931, 38.57896830902874],
                        [-90.2248638628408, 38.57711232536068],
                        [-90.22952171096156, 38.57397770112313],
                        [-90.23279814635295, 38.5709058665626],
                        [-90.23556409790908, 38.567310809180476],
                        [-90.2384624957844, 38.56362036544734],
                        [-90.24014189959819, 38.56448979365527],
                        [-90.24139282261574, 38.56513695646271],
                        [-90.2421040294557, 38.56554011994558],
                        [-90.24419088935512, 38.56660422460037],
                        [-90.24222126126966, 38.56942801159611],
                        [-90.24210580293456, 38.56967239396802],
                        [-90.24208465661424, 38.56971718877201],
                        [-90.2398098257613, 38.580401737522656],
                        [-90.22845026128931, 38.57896830902874]
                    ]
                ]
            }
        },
        {
            "id": "38",
            "type": "Feature",
            "properties": { "neighborhood": "Princeton Heights", "neighborhood_id": 6 },
            "geometry": {
                "type": "Polygon",
                "coordinates": [
                    [
                        [-90.27710660947227, 38.575909010236245],
                        [-90.27715363856446, 38.575881887210244],
                        [-90.27967017821595, 38.57435715871143],
                        [-90.28213822763817, 38.5728359367028],
                        [-90.28380304216361, 38.571351158816185],
                        [-90.28587427366807, 38.5694133317223],
                        [-90.28654680894128, 38.568881406087606],
                        [-90.28916190163885, 38.56730447791306],
                        [-90.29417697610475, 38.5643189415453],
                        [-90.29425165636732, 38.564401671082386],
                        [-90.29432628016399, 38.564503868953196],
                        [-90.2944332675973, 38.56470014619465],
                        [-90.29465312631132, 38.565164405323],
                        [-90.29479913414012, 38.565476107468896],
                        [-90.29500284845213, 38.56588767089251],
                        [-90.2951184345963, 38.56613682110304],
                        [-90.29527580228563, 38.566452441588766],
                        [-90.2954908216017, 38.56688783108445],
                        [-90.29556906581641, 38.56704701374279],
                        [-90.29586410757425, 38.567645459379285],
                        [-90.2960562334012, 38.56804052494278],
                        [-90.29616599026753, 38.568288071085334],
                        [-90.29624358394116, 38.56857952419838],
                        [-90.29628733804026, 38.56887775619845],
                        [-90.29627183215436, 38.56940176609936],
                        [-90.2962412638814, 38.56969805608781],
                        [-90.29618063224028, 38.570001158573774],
                        [-90.29599565960547, 38.57109441165635],
                        [-90.29580191872775, 38.57188468696017],
                        [-90.29523749730731, 38.572739998628315],
                        [-90.29500363129436, 38.57318306012535],
                        [-90.29488421106532, 38.57355286682995],
                        [-90.2947809317477, 38.57410140962571],
                        [-90.29332965049244, 38.58208299875398],
                        [-90.29203811219871, 38.582312743011],
                        [-90.29182411488368, 38.582315108533294],
                        [-90.27886716269239, 38.58097318291808],
                        [-90.27706520291395, 38.58429216475121],
                        [-90.27708949707056, 38.58435514867267],
                        [-90.27705654540185, 38.58444432888798],
                        [-90.27696776859779, 38.58458716833197],
                        [-90.27691096954777, 38.58467218415126],
                        [-90.27685728010255, 38.58478191930813],
                        [-90.27678537975713, 38.58493096913766],
                        [-90.27662385919442, 38.58521258713871],
                        [-90.27659237584045, 38.58503129518134],
                        [-90.27661422722895, 38.58475308999741],
                        [-90.27660389535208, 38.584598831107385],
                        [-90.27659463422458, 38.58391781905743],
                        [-90.27663749073251, 38.58382775156322],
                        [-90.27664376833317, 38.58330326143503],
                        [-90.27660595410765, 38.58271462332318],
                        [-90.27659620807376, 38.582562891616526],
                        [-90.27653204231333, 38.58220398359086],
                        [-90.27641119648851, 38.58188132391208],
                        [-90.27624337002503, 38.58148006817938],
                        [-90.27602403358358, 38.58094830853523],
                        [-90.27593507002412, 38.58069023888157],
                        [-90.2758400512607, 38.58030974342258],
                        [-90.27577646177325, 38.57975587422694],
                        [-90.27577235399352, 38.5788267755474],
                        [-90.27576178357863, 38.576702052069166],
                        [-90.27710660947227, 38.575909010236245]
                    ]
                ]
            }
        },
        {
            "id": "39",
            "type": "Feature",
            "properties": { "neighborhood": "St. Louis Hills", "neighborhood_id": 8 },
            "geometry": {
                "type": "MultiPolygon",
                "coordinates": [
                    [
                        [
                            [-90.29426973036654, 38.59341982189013],
                            [-90.29438697730247, 38.59299048110621],
                            [-90.29449690530231, 38.59239068567977],
                            [-90.29455488088446, 38.591592872662254],
                            [-90.29454398634462, 38.590701109255505],
                            [-90.29444541502345, 38.58979727378416],
                            [-90.29441946270613, 38.58948784373909],
                            [-90.2943697590603, 38.58922598528924],
                            [-90.29432417725964, 38.58907693815719],
                            [-90.29422886974508, 38.588857534466925],
                            [-90.29409015628089, 38.588634430023006],
                            [-90.2939210424713, 38.58843527090027],
                            [-90.29377157771187, 38.588289664887924],
                            [-90.29362732218071, 38.58817020921994],
                            [-90.29310167717082, 38.58785830386004],
                            [-90.29289973162729, 38.58772682731454],
                            [-90.2927967983856, 38.587631223826776],
                            [-90.29267301956715, 38.58748500330936],
                            [-90.29246830144628, 38.58719884232546],
                            [-90.29332965049244, 38.58208299875398],
                            [-90.2947809317477, 38.57410140962571],
                            [-90.29488421106532, 38.57355286682995],
                            [-90.29500363129436, 38.57318306012535],
                            [-90.29523749730731, 38.572739998628315],
                            [-90.29580191872775, 38.57188468696017],
                            [-90.29599565960547, 38.57109441165635],
                            [-90.29618063224028, 38.570001158573774],
                            [-90.29701636679792, 38.57050259351352],
                            [-90.29912050254472, 38.571672126456896],
                            [-90.30011905557687, 38.572215282382636],
                            [-90.30066165514252, 38.572589189418196],
                            [-90.3014078087524, 38.57323987528463],
                            [-90.30164899505924, 38.57351721285096],
                            [-90.3019583349033, 38.573917025496456],
                            [-90.30225555849947, 38.57437450867208],
                            [-90.30246278303724, 38.57481879598325],
                            [-90.30572947723712, 38.57517461876591],
                            [-90.30577348800415, 38.57528911601068],
                            [-90.30614169032371, 38.57625014876552],
                            [-90.3067245330205, 38.576419302498614],
                            [-90.30722474814051, 38.57642081387297],
                            [-90.30781479265552, 38.576199361885514],
                            [-90.3086376568235, 38.57795721048449],
                            [-90.30859716159969, 38.578057838721556],
                            [-90.30859157013786, 38.578187575333736],
                            [-90.30863204986485, 38.5784224195491],
                            [-90.30854879101348, 38.578819072870814],
                            [-90.30876770542461, 38.579372986587344],
                            [-90.30898005296147, 38.57943580349061],
                            [-90.30937787836572, 38.57947102316804],
                            [-90.3096091559663, 38.57998283294297],
                            [-90.30979540655164, 38.57999411951539],
                            [-90.30958632171227, 38.58024434668042],
                            [-90.30947646578757, 38.580553526803534],
                            [-90.3094704765632, 38.580715307740434],
                            [-90.30952433900673, 38.5809577255709],
                            [-90.3097730162128, 38.582501159230254],
                            [-90.309950653797, 38.58279594984665],
                            [-90.31014353487599, 38.582949102167674],
                            [-90.31036721013997, 38.58303231053],
                            [-90.31060391504208, 38.58315010973963],
                            [-90.3106615177416, 38.58331564669633],
                            [-90.3107723566161, 38.58384488685016],
                            [-90.31094495899296, 38.584501885770486],
                            [-90.31133238587918, 38.5852867530336],
                            [-90.31174712413755, 38.5858912813658],
                            [-90.31212176495777, 38.5863262091601],
                            [-90.31251011740511, 38.58665565889791],
                            [-90.31307572085822, 38.586995028359105],
                            [-90.31249514899828, 38.58736664183948],
                            [-90.31180211557509, 38.58771607620225],
                            [-90.30018327018529, 38.59326349890065],
                            [-90.29946008932721, 38.59360437854735],
                            [-90.29915390062024, 38.59371824940302],
                            [-90.29881521059576, 38.59378082416863],
                            [-90.29846059623046, 38.593806767985875],
                            [-90.29827863336493, 38.59381447248059],
                            [-90.2978311859806, 38.59376839249325],
                            [-90.29426973036654, 38.59341982189013]
                        ]
                    ],
                    [
                        [
                            [-90.31039571709225, 38.575662646371306],
                            [-90.31358536473162, 38.57878996750363],
                            [-90.31408274215804, 38.57989874869362],
                            [-90.31624918457688, 38.58472962458177],
                            [-90.31590745215391, 38.584978034704505],
                            [-90.31472160019078, 38.58582902613964],
                            [-90.31462533279681, 38.5857430631297],
                            [-90.31422913246331, 38.58540213045145],
                            [-90.31406164411776, 38.5852323018762],
                            [-90.31372283635616, 38.58479172644252],
                            [-90.31358084011042, 38.58457319731406],
                            [-90.31305686927928, 38.583592251364756],
                            [-90.31293280837993, 38.58320443602824],
                            [-90.31268934236657, 38.58178233351244],
                            [-90.31265758082664, 38.58155228224358],
                            [-90.31264414662479, 38.581216101943845],
                            [-90.31260741523506, 38.58054281918728],
                            [-90.3126026993677, 38.58045930728474],
                            [-90.3126675503972, 38.58007107935465],
                            [-90.31270425681805, 38.579851681719205],
                            [-90.3127056296917, 38.57943086750308],
                            [-90.31254402178935, 38.57936014855031],
                            [-90.3110670363111, 38.57843304822602],
                            [-90.31070951313836, 38.578145052093774],
                            [-90.31041853217576, 38.57782876989968],
                            [-90.31032585930264, 38.577712137042454],
                            [-90.3094818827131, 38.576649018198836],
                            [-90.30906369600112, 38.57593367634854],
                            [-90.30909202716299, 38.57559091841691],
                            [-90.30909711105151, 38.57553372856871],
                            [-90.31039571709225, 38.575662646371306]
                        ]
                    ]
                ]
            }
        },
        {
            "id": "40",
            "type": "Feature",
            "properties": { "neighborhood": "Willmore Park", "neighborhood_id": 88 },
            "geometry": {
                "type": "Polygon",
                "coordinates": [
                    [
                        [-90.29618063224028, 38.570001158573774],
                        [-90.2962412638814, 38.56969805608781],
                        [-90.29627183100683, 38.56940176609737],
                        [-90.29628733689276, 38.56887775619646],
                        [-90.29624358394116, 38.56857952419838],
                        [-90.29616599026753, 38.568288071085334],
                        [-90.2960562334012, 38.56804052494278],
                        [-90.29586410757425, 38.567645459379285],
                        [-90.29556906581641, 38.56704701374279],
                        [-90.2954908216017, 38.56688783108445],
                        [-90.29527580228563, 38.566452441588766],
                        [-90.2951184345963, 38.56613682110304],
                        [-90.29500284845213, 38.56588767089251],
                        [-90.29479913414012, 38.565476107468896],
                        [-90.29465312631132, 38.565164405323],
                        [-90.2944332675973, 38.56470014619465],
                        [-90.29432628016399, 38.564503868953196],
                        [-90.29425165636732, 38.564401671082386],
                        [-90.29417697610475, 38.5643189415453],
                        [-90.29588151466213, 38.563148717042296],
                        [-90.29651772288302, 38.562740210733736],
                        [-90.29701005087112, 38.56241613720719],
                        [-90.30071859210095, 38.566146543599146],
                        [-90.3018062241635, 38.56724059324499],
                        [-90.30774329374489, 38.57306240939428],
                        [-90.31039571709225, 38.575662646371306],
                        [-90.30909711105151, 38.57553372856871],
                        [-90.30909202716299, 38.57559091841691],
                        [-90.30906369600112, 38.57593367634854],
                        [-90.3094818827131, 38.576649018198836],
                        [-90.31032585930264, 38.577712137042454],
                        [-90.31041853217576, 38.57782876989968],
                        [-90.31070951313836, 38.578145052093774],
                        [-90.3110670363111, 38.57843304822602],
                        [-90.31254402178935, 38.57936014855031],
                        [-90.3127056296917, 38.57943086750308],
                        [-90.31270425681805, 38.579851681719205],
                        [-90.3126675503972, 38.58007107935465],
                        [-90.3126026993677, 38.58045930728474],
                        [-90.31260741523506, 38.58054281918728],
                        [-90.31264414662479, 38.581216101943845],
                        [-90.31265758082664, 38.58155228224358],
                        [-90.31268934236657, 38.58178233351244],
                        [-90.31293280837993, 38.58320443602824],
                        [-90.31305686927928, 38.583592251364756],
                        [-90.31358084011042, 38.58457319731406],
                        [-90.31372283635616, 38.58479172644252],
                        [-90.31406164411776, 38.5852323018762],
                        [-90.31422913246331, 38.58540213045145],
                        [-90.31462533279681, 38.5857430631297],
                        [-90.31472160019078, 38.58582902613964],
                        [-90.31307572085822, 38.586995028359105],
                        [-90.31251011740511, 38.58665565889791],
                        [-90.31212176495777, 38.5863262091601],
                        [-90.31174712413755, 38.5858912813658],
                        [-90.31133238587918, 38.5852867530336],
                        [-90.31094495899296, 38.584501885770486],
                        [-90.3107723566161, 38.58384488685016],
                        [-90.3106615177416, 38.58331564669633],
                        [-90.31060391504208, 38.58315010973963],
                        [-90.31036721013997, 38.58303231053],
                        [-90.31014353487599, 38.582949102167674],
                        [-90.309950653797, 38.58279594984665],
                        [-90.3097730162128, 38.582501159230254],
                        [-90.30952433900673, 38.5809577255709],
                        [-90.3094704765632, 38.580715307740434],
                        [-90.30947646578757, 38.580553526803534],
                        [-90.30958632171227, 38.58024434668042],
                        [-90.30979540655164, 38.57999411951539],
                        [-90.3096091559663, 38.57998283294297],
                        [-90.30937787836572, 38.57947102316804],
                        [-90.30898005296147, 38.57943580349061],
                        [-90.30876770542461, 38.579372986587344],
                        [-90.30854879101348, 38.578819072870814],
                        [-90.30863204986485, 38.5784224195491],
                        [-90.30859157013786, 38.578187575333736],
                        [-90.30859716159969, 38.578057838721556],
                        [-90.3086376568235, 38.57795721048449],
                        [-90.30781479265552, 38.576199361885514],
                        [-90.30722474814051, 38.57642081387297],
                        [-90.3067245330205, 38.576419302498614],
                        [-90.30614169032371, 38.57625014876552],
                        [-90.30577348800415, 38.57528911601068],
                        [-90.30572947723712, 38.57517461876591],
                        [-90.30246278303724, 38.57481879598325],
                        [-90.30225555849947, 38.57437450867208],
                        [-90.3019583349033, 38.573917025496456],
                        [-90.30164899505924, 38.57351721285096],
                        [-90.3014078087524, 38.57323987528463],
                        [-90.30066165514252, 38.572589189418196],
                        [-90.30011905557687, 38.572215282382636],
                        [-90.29912050254472, 38.571672126456896],
                        [-90.29701636679792, 38.57050259351352],
                        [-90.29618063224028, 38.570001158573774]
                    ]
                ]
            }
        },
        {
            "id": "41",
            "type": "Feature",
            "properties": { "neighborhood": "Dutchtown", "neighborhood_id": 16 },
            "geometry": {
                "type": "Polygon",
                "coordinates": [
                    [
                        [-90.24451863745601, 38.58840225149209],
                        [-90.24452005694816, 38.588327208058885],
                        [-90.2269345670643, 38.586141356656995],
                        [-90.22701986337991, 38.58609440807417],
                        [-90.22711040190885, 38.5855957915113],
                        [-90.22713731478703, 38.58541758740655],
                        [-90.22714910110805, 38.58507643155652],
                        [-90.22845026128931, 38.57896830902874],
                        [-90.2398098257613, 38.580401737522656],
                        [-90.24208465661424, 38.56971718877201],
                        [-90.24210580293456, 38.56967239396802],
                        [-90.24222126126966, 38.56942801159611],
                        [-90.24419088935512, 38.56660422460037],
                        [-90.24535583923738, 38.56719373812229],
                        [-90.24507806486014, 38.56802400327717],
                        [-90.25184455911511, 38.57156604463883],
                        [-90.2560795435492, 38.57380309003006],
                        [-90.25613277940487, 38.57374141726213],
                        [-90.25665453131428, 38.57400957387596],
                        [-90.25651458905165, 38.57427632658909],
                        [-90.25594333867834, 38.5753732954265],
                        [-90.25588012904589, 38.575528748921656],
                        [-90.25583512882262, 38.575647198089285],
                        [-90.25579007192908, 38.57578234168247],
                        [-90.25575286829597, 38.57592252685816],
                        [-90.25572525913944, 38.5760700644601],
                        [-90.25570722666009, 38.57623022471754],
                        [-90.2556996347109, 38.57640616889015],
                        [-90.25570392662468, 38.57659498918604],
                        [-90.25572016033163, 38.57679045240293],
                        [-90.25575011169872, 38.57698432351931],
                        [-90.25583620219896, 38.577386317607456],
                        [-90.25590074187114, 38.577613926504604],
                        [-90.25598370589391, 38.577906542093935],
                        [-90.25609200994607, 38.57828845435861],
                        [-90.25620753689734, 38.57869668778846],
                        [-90.25631410499848, 38.57907541060526],
                        [-90.25651632635716, 38.57979277021196],
                        [-90.25654542848444, 38.57989717642807],
                        [-90.25659409903957, 38.580070272703495],
                        [-90.25662872721861, 38.58017513002426],
                        [-90.25666078503946, 38.58026421986829],
                        [-90.25670674158916, 38.580381237618745],
                        [-90.25676922665728, 38.58052440404268],
                        [-90.25684769514554, 38.58068932339667],
                        [-90.25694293838804, 38.580870094603476],
                        [-90.25705249163055, 38.58106047828783],
                        [-90.25716963643343, 38.5812508785151],
                        [-90.25728300610355, 38.58143028613731],
                        [-90.25738567122613, 38.58158929673962],
                        [-90.2575744775433, 38.58187938532142],
                        [-90.25769688860763, 38.582064989612554],
                        [-90.25785410522762, 38.58230399265276],
                        [-90.25805827406796, 38.582614706737665],
                        [-90.25827437863272, 38.58294469369289],
                        [-90.25847217769326, 38.58324715605834],
                        [-90.25883995458757, 38.583813578403394],
                        [-90.25887964941164, 38.583880002315894],
                        [-90.25899964547878, 38.58408894067934],
                        [-90.25907612689292, 38.58423394721541],
                        [-90.25915343538348, 38.5843929310302],
                        [-90.25922665663916, 38.58456061175884],
                        [-90.25929486341738, 38.58473212625617],
                        [-90.25935495722032, 38.584902498807395],
                        [-90.25940600982194, 38.58506714014505],
                        [-90.25944803955659, 38.58522053231987],
                        [-90.25948025228581, 38.58535951606361],
                        [-90.25950431473017, 38.58548747137496],
                        [-90.25952371218602, 38.58560833243398],
                        [-90.25955178304645, 38.5858456946818],
                        [-90.25956112764821, 38.58592853160523],
                        [-90.25956584198639, 38.58608849207483],
                        [-90.25957019145827, 38.58634755323642],
                        [-90.25957245610185, 38.58654960400482],
                        [-90.25957974959023, 38.58715328703308],
                        [-90.25958375745638, 38.58752515062151],
                        [-90.2595833303508, 38.58791554013975],
                        [-90.25959342822878, 38.58855948358203],
                        [-90.25959409768718, 38.58862102164907],
                        [-90.25959646141531, 38.58869906673316],
                        [-90.25959905578812, 38.5888022644412],
                        [-90.2596013043474, 38.58891485239011],
                        [-90.25960356206868, 38.58902469442085],
                        [-90.25960697681265, 38.58913385234228],
                        [-90.25961359711285, 38.58924691682954],
                        [-90.25962428693465, 38.58936710135483],
                        [-90.25963930274406, 38.58949116591613],
                        [-90.25965611691447, 38.58961086841831],
                        [-90.25967498799903, 38.58972233733594],
                        [-90.25969444290719, 38.58982672279214],
                        [-90.2597237192918, 38.589965453487586],
                        [-90.24451863745601, 38.58840225149209]
                    ]
                ]
            }
        },
        {
            "id": "42",
            "type": "Feature",
            "properties": { "neighborhood": "Bevo Mill", "neighborhood_id": 5 },
            "geometry": {
                "type": "Polygon",
                "coordinates": [
                    [
                        [-90.2597237192918, 38.589965453487586],
                        [-90.25969444290719, 38.58982672279214],
                        [-90.25967498799903, 38.58972233733594],
                        [-90.25965611691447, 38.58961086841831],
                        [-90.25963930274406, 38.58949116591613],
                        [-90.25962428693465, 38.58936710135483],
                        [-90.25961359711285, 38.58924691682954],
                        [-90.25960697681265, 38.58913385234228],
                        [-90.25960356206868, 38.58902469442085],
                        [-90.2596013043474, 38.58891485239011],
                        [-90.25959905578812, 38.5888022644412],
                        [-90.25959646141531, 38.58869906673316],
                        [-90.25959409768718, 38.58862102164907],
                        [-90.25959342822878, 38.58855948358203],
                        [-90.2595833303508, 38.58791554013975],
                        [-90.25958375745638, 38.58752515062151],
                        [-90.25957974959023, 38.58715328703308],
                        [-90.25957245610185, 38.58654960400482],
                        [-90.25957019145827, 38.58634755323642],
                        [-90.25956584198639, 38.58608849207483],
                        [-90.25956112764821, 38.58592853160523],
                        [-90.25955178304645, 38.5858456946818],
                        [-90.25952371218602, 38.58560833243398],
                        [-90.25950431473017, 38.58548747137496],
                        [-90.25948025228581, 38.58535951606361],
                        [-90.25944803955659, 38.58522053231987],
                        [-90.25940600982194, 38.58506714014505],
                        [-90.25935495722032, 38.584902498807395],
                        [-90.25929486341738, 38.58473212625617],
                        [-90.25922665663916, 38.58456061175884],
                        [-90.25915343538348, 38.5843929310302],
                        [-90.25907612689292, 38.58423394721541],
                        [-90.25899964547878, 38.58408894067934],
                        [-90.25887964941164, 38.583880002315894],
                        [-90.25883995458757, 38.583813578403394],
                        [-90.25847217769326, 38.58324715605834],
                        [-90.25827437863272, 38.58294469369289],
                        [-90.25805827406796, 38.582614706737665],
                        [-90.25785410522762, 38.58230399265276],
                        [-90.25769688860763, 38.582064989612554],
                        [-90.2575744775433, 38.58187938532142],
                        [-90.25738567122613, 38.58158929673962],
                        [-90.25728300610355, 38.58143028613731],
                        [-90.25716963643343, 38.5812508785151],
                        [-90.25705249163055, 38.58106047828783],
                        [-90.25694293838804, 38.580870094603476],
                        [-90.25684769514554, 38.58068932339667],
                        [-90.25676922665728, 38.58052440404268],
                        [-90.25670674158916, 38.580381237618745],
                        [-90.25666078503946, 38.58026421986829],
                        [-90.25662872721861, 38.58017513002426],
                        [-90.25659409903957, 38.580070272703495],
                        [-90.25654542848444, 38.57989717642807],
                        [-90.25651632635716, 38.57979277021196],
                        [-90.25631410499848, 38.57907541060526],
                        [-90.25620753689734, 38.57869668778846],
                        [-90.25609200994607, 38.57828845435861],
                        [-90.25598370589391, 38.577906542093935],
                        [-90.25590074187114, 38.577613926504604],
                        [-90.25583620219896, 38.577386317607456],
                        [-90.25575011169872, 38.57698432351931],
                        [-90.25572016033163, 38.57679045240293],
                        [-90.25570392662468, 38.57659498918604],
                        [-90.2556996347109, 38.57640616889015],
                        [-90.25570722666009, 38.57623022471754],
                        [-90.25572525913944, 38.5760700644601],
                        [-90.25575286829597, 38.57592252685816],
                        [-90.25579007192908, 38.57578234168247],
                        [-90.25583512882262, 38.575647198089285],
                        [-90.25588012904589, 38.575528748921656],
                        [-90.25594333867834, 38.5753732954265],
                        [-90.25651458905165, 38.57427632658909],
                        [-90.25665453131428, 38.57400957387596],
                        [-90.25704181544269, 38.57327399747078],
                        [-90.25729351534544, 38.572797850909744],
                        [-90.25840331411989, 38.57068829237231],
                        [-90.25902391746966, 38.571024330752216],
                        [-90.26419228996605, 38.573754553383125],
                        [-90.26673141798753, 38.570530872322315],
                        [-90.26680050567228, 38.570441986624004],
                        [-90.26746272088981, 38.56981676030583],
                        [-90.26771995884985, 38.56995275653129],
                        [-90.26842783835494, 38.56936103329012],
                        [-90.26859073766848, 38.56919360597662],
                        [-90.26971804521557, 38.56785536565755],
                        [-90.26976894951737, 38.56779615319018],
                        [-90.26988980233503, 38.56773803948412],
                        [-90.27733294554223, 38.571643555900046],
                        [-90.27739733307672, 38.57174780440444],
                        [-90.27540570884861, 38.57395242925562],
                        [-90.27715363741683, 38.57588188720804],
                        [-90.27710660947227, 38.575909010236245],
                        [-90.27576178357863, 38.576702052069166],
                        [-90.27577235399352, 38.5788267755474],
                        [-90.27577646177325, 38.57975587422694],
                        [-90.2758400512607, 38.58030974342258],
                        [-90.27593507002412, 38.58069023888157],
                        [-90.27602403358358, 38.58094830853523],
                        [-90.2762433688773, 38.58148006817718],
                        [-90.27641119648851, 38.58188132391208],
                        [-90.27653204231333, 38.58220398359086],
                        [-90.27659620807376, 38.582562891616526],
                        [-90.27660595410765, 38.58271462332318],
                        [-90.27664376718543, 38.583303261432846],
                        [-90.27663748958474, 38.58382775156103],
                        [-90.27659463422458, 38.58391781905743],
                        [-90.27660389535208, 38.584598831107385],
                        [-90.27661422722895, 38.58475308999741],
                        [-90.27659237469267, 38.58503129517916],
                        [-90.27662385919442, 38.58521258713871],
                        [-90.27627134028376, 38.5871899262021],
                        [-90.27624459087394, 38.587264482013794],
                        [-90.27616842721854, 38.587376920672284],
                        [-90.27333387677024, 38.591465989151416],
                        [-90.27330630414991, 38.59150517522083],
                        [-90.27309425946805, 38.59146110683988],
                        [-90.26978708854115, 38.59108850486221],
                        [-90.26404248124506, 38.59044223001492],
                        [-90.26193668179694, 38.590228341286846],
                        [-90.26173769265691, 38.59018100773053],
                        [-90.2616217327575, 38.5901533122626],
                        [-90.2597237192918, 38.589965453487586]
                    ]
                ]
            }
        },
        {
            "id": "43",
            "type": "Feature",
            "properties": { "neighborhood": "Southampton", "neighborhood_id": 7 },
            "geometry": {
                "type": "Polygon",
                "coordinates": [
                    [
                        [-90.27333387677024, 38.591465989151416],
                        [-90.27616842721854, 38.587376920672284],
                        [-90.27624459087394, 38.587264482013794],
                        [-90.27627134028376, 38.5871899262021],
                        [-90.27662385919442, 38.58521258713871],
                        [-90.27678537975713, 38.58493096913766],
                        [-90.27685727895476, 38.58478191930594],
                        [-90.27691096954777, 38.58467218415126],
                        [-90.27696776745003, 38.584587168329776],
                        [-90.27705654425407, 38.58444432888581],
                        [-90.2770894959228, 38.58435514867049],
                        [-90.27706520176619, 38.584292164749016],
                        [-90.27886716269239, 38.58097318291808],
                        [-90.29182411373597, 38.582315108531255],
                        [-90.29203811219871, 38.582312743011],
                        [-90.29332965049244, 38.58208299875398],
                        [-90.29246830144628, 38.58719884232546],
                        [-90.29267301956715, 38.58748500330936],
                        [-90.2927967983856, 38.587631223826776],
                        [-90.29289973162729, 38.58772682731454],
                        [-90.29310167717082, 38.58785830386004],
                        [-90.29362732218071, 38.58817020921994],
                        [-90.29377157771187, 38.588289664887924],
                        [-90.2939210424713, 38.58843527090027],
                        [-90.29409015628089, 38.588634430023006],
                        [-90.29422886974508, 38.588857534466925],
                        [-90.29432417725964, 38.58907693815719],
                        [-90.2943697590603, 38.58922598528924],
                        [-90.29441946270613, 38.58948784373909],
                        [-90.29444541502345, 38.58979727378416],
                        [-90.29454398634462, 38.590701109255505],
                        [-90.29455488088446, 38.591592872662254],
                        [-90.29449690530231, 38.59239068567977],
                        [-90.29438697730247, 38.59299048110621],
                        [-90.29426973036654, 38.59341982189013],
                        [-90.27930399213152, 38.59185354087428],
                        [-90.27655691063406, 38.591553140538174],
                        [-90.27551805415821, 38.59146394123768],
                        [-90.27512590025741, 38.5914677739806],
                        [-90.27478379094296, 38.59150166015328],
                        [-90.274503444552, 38.591543242687045],
                        [-90.27434882125418, 38.5915694706841],
                        [-90.27418846090103, 38.59157328029597],
                        [-90.2739858900558, 38.591548642536786],
                        [-90.27389030524341, 38.59153700750925],
                        [-90.27333387677024, 38.591465989151416]
                    ]
                ]
            }
        },
        {
            "id": "44",
            "type": "Feature",
            "properties": { "neighborhood": "Marine Villa", "neighborhood_id": 18 },
            "geometry": {
                "type": "Polygon",
                "coordinates": [
                    [
                        [-90.21450374072495, 38.5916330346228],
                        [-90.21377639784296, 38.590950458084805],
                        [-90.2119545418974, 38.58924142053477],
                        [-90.20978170744591, 38.58725916953217],
                        [-90.2248638628408, 38.57711232536068],
                        [-90.22845026128931, 38.57896830902874],
                        [-90.22714910110805, 38.58507643155652],
                        [-90.22713731478703, 38.58541758740655],
                        [-90.22711040190885, 38.5855957915113],
                        [-90.22701986337991, 38.58609440807417],
                        [-90.2269345670643, 38.586141356656995],
                        [-90.22546963454715, 38.59329985858082],
                        [-90.21584061284432, 38.59207860378019],
                        [-90.21565163550305, 38.59200949651775],
                        [-90.21493591194067, 38.59140205684533],
                        [-90.21450374072495, 38.5916330346228]
                    ]
                ]
            }
        },
        {
            "id": "45",
            "type": "Feature",
            "properties": { "neighborhood": "Gravois Park", "neighborhood_id": 19 },
            "geometry": {
                "type": "Polygon",
                "coordinates": [
                    [
                        [-90.22546963454715, 38.59329985858082],
                        [-90.2269345670643, 38.586141356656995],
                        [-90.24452005694816, 38.588327208058885],
                        [-90.24451863745601, 38.58840225149209],
                        [-90.24392992462529, 38.591938695800835],
                        [-90.24384960382342, 38.5924673327774],
                        [-90.2432023408951, 38.59294370748378],
                        [-90.24241638036871, 38.59365364425736],
                        [-90.24192559999896, 38.59358366792372],
                        [-90.24181232215746, 38.5935500272602],
                        [-90.2415958853951, 38.59349051205059],
                        [-90.2414196348822, 38.59344550137831],
                        [-90.24105333267926, 38.59338883952242],
                        [-90.24066600631292, 38.593341300158876],
                        [-90.23953577154347, 38.59320558553595],
                        [-90.2372499691947, 38.5929290676077],
                        [-90.23687628089725, 38.59473461494444],
                        [-90.22546963454715, 38.59329985858082]
                    ]
                ]
            }
        },
        {
            "id": "46",
            "type": "Feature",
            "properties": { "neighborhood": "North Hampton", "neighborhood_id": 14 },
            "geometry": {
                "type": "Polygon",
                "coordinates": [
                    [
                        [-90.28835901151082, 38.60428371505237],
                        [-90.28835248724425, 38.604324644439586],
                        [-90.28503607452993, 38.6039872475377],
                        [-90.28168697595456, 38.6036487902928],
                        [-90.2815676770384, 38.60366229732347],
                        [-90.27631297558275, 38.60304203187685],
                        [-90.26971396013681, 38.60235916984207],
                        [-90.27124104350553, 38.5948650169866],
                        [-90.27134474935026, 38.594435892892456],
                        [-90.27138137551691, 38.594283812018865],
                        [-90.2715619579072, 38.593984170559935],
                        [-90.27330630414991, 38.59150517522083],
                        [-90.27333387677024, 38.591465989151416],
                        [-90.27389030524341, 38.59153700750925],
                        [-90.2739858900558, 38.591548642536786],
                        [-90.27418846090103, 38.59157328029597],
                        [-90.27434882125418, 38.5915694706841],
                        [-90.274503444552, 38.591543242687045],
                        [-90.27478379094296, 38.59150166015328],
                        [-90.27512590025741, 38.5914677739806],
                        [-90.27551805415821, 38.59146394123768],
                        [-90.27655691063406, 38.591553140538174],
                        [-90.27930399213152, 38.59185354087428],
                        [-90.29426973036654, 38.59341982189013],
                        [-90.29411735278748, 38.59388589696481],
                        [-90.29395492954664, 38.594303927302654],
                        [-90.2937320290754, 38.594751122750395],
                        [-90.29353571989729, 38.595087840832726],
                        [-90.29309249839095, 38.59589617684898],
                        [-90.29293141077419, 38.59624761910281],
                        [-90.29281369273114, 38.5967261372821],
                        [-90.29268144075346, 38.59759820507305],
                        [-90.29192062571322, 38.60203887406098],
                        [-90.29177648009649, 38.602769311598465],
                        [-90.29167796225852, 38.60316087087282],
                        [-90.2915176569565, 38.60363266633887],
                        [-90.2914061795927, 38.60387021128641],
                        [-90.29120540798857, 38.60421309528394],
                        [-90.29099806925595, 38.60451455753448],
                        [-90.29096677774896, 38.6045534122136],
                        [-90.28835901151082, 38.60428371505237]
                    ]
                ]
            }
        },
        {
            "id": "47",
            "type": "Feature",
            "properties": { "neighborhood": "Benton Park West", "neighborhood_id": 30 },
            "geometry": {
                "type": "Polygon",
                "coordinates": [
                    [
                        [-90.22546963454715, 38.59329985858082],
                        [-90.23687628089725, 38.59473461494444],
                        [-90.2372499691947, 38.5929290676077],
                        [-90.23953577154347, 38.59320558553595],
                        [-90.24066600631292, 38.593341300158876],
                        [-90.24105333267926, 38.59338883952242],
                        [-90.2414196348822, 38.59344550137831],
                        [-90.2415958853951, 38.59349051205059],
                        [-90.24181232215746, 38.5935500272602],
                        [-90.24192559999896, 38.59358366792372],
                        [-90.24241638036871, 38.59365364425736],
                        [-90.24126788587031, 38.59469410091033],
                        [-90.24054500201197, 38.59520165187635],
                        [-90.2375363634109, 38.597230120934164],
                        [-90.23612194128881, 38.5983111455592],
                        [-90.2347412673456, 38.59932882522462],
                        [-90.23393706951141, 38.59987593945428],
                        [-90.23338820460204, 38.60021244043058],
                        [-90.23254839724, 38.600759957568556],
                        [-90.23208574044784, 38.60103989116852],
                        [-90.23189087307345, 38.601142197368816],
                        [-90.23073834966536, 38.601633792132155],
                        [-90.22434955015501, 38.60436001680646],
                        [-90.22300528565698, 38.60494537799665],
                        [-90.22419344016765, 38.59937778594691],
                        [-90.22428495278884, 38.5989363458538],
                        [-90.22546963454715, 38.59329985858082]
                    ]
                ]
            }
        },
        {
            "id": "48",
            "type": "Feature",
            "properties": { "neighborhood": "Tower Grove South", "neighborhood_id": 15 },
            "geometry": {
                "type": "Polygon",
                "coordinates": [
                    [
                        [-90.24229685287023, 38.60283452581163],
                        [-90.24228336484543, 38.60269214661228],
                        [-90.24364654061745, 38.593812891307486],
                        [-90.24384960382342, 38.5924673327774],
                        [-90.24392992462529, 38.591938695800835],
                        [-90.24451863745601, 38.58840225149209],
                        [-90.2597237192918, 38.589965453487586],
                        [-90.2616217327575, 38.5901533122626],
                        [-90.26173769265691, 38.59018100773053],
                        [-90.26193668179694, 38.590228341286846],
                        [-90.26404248124506, 38.59044223001492],
                        [-90.26978708854115, 38.59108850486221],
                        [-90.27309425946805, 38.59146110683988],
                        [-90.27330630414991, 38.59150517522083],
                        [-90.2715619579072, 38.593984170559935],
                        [-90.27138137551691, 38.594283812018865],
                        [-90.27134474935026, 38.594435892892456],
                        [-90.27124104350553, 38.5948650169866],
                        [-90.26971396013681, 38.60235916984207],
                        [-90.26922726745414, 38.60507234686218],
                        [-90.26873216332204, 38.605052614639696],
                        [-90.26798729060175, 38.60508043913338],
                        [-90.26691243976065, 38.60514626581148],
                        [-90.26669022001157, 38.60514829414203],
                        [-90.26652109536306, 38.60513653349245],
                        [-90.26571211616839, 38.60505572441972],
                        [-90.2589017315844, 38.60441257874102],
                        [-90.24229685287023, 38.60283452581163]
                    ]
                ]
            }
        },
        {
            "id": "49",
            "type": "Feature",
            "properties": { "neighborhood": "Lindenwood Park", "neighborhood_id": 9 },
            "geometry": {
                "type": "Polygon",
                "coordinates": [
                    [
                        [-90.28894622546882, 38.60700193191415],
                        [-90.28914546884053, 38.60668582201749],
                        [-90.29024961652487, 38.60536879682604],
                        [-90.29054304225993, 38.60504439651821],
                        [-90.29081540464564, 38.60474214415219],
                        [-90.29096677774896, 38.6045534122136],
                        [-90.29099806925595, 38.60451455753448],
                        [-90.29120540798857, 38.60421309528394],
                        [-90.2914061795927, 38.60387021128641],
                        [-90.2915176569565, 38.60363266633887],
                        [-90.29167796225852, 38.60316087087282],
                        [-90.29177648009649, 38.602769311598465],
                        [-90.29192062571322, 38.60203887406098],
                        [-90.29268144075346, 38.59759820507305],
                        [-90.29281369273114, 38.5967261372821],
                        [-90.29293141077419, 38.59624761910281],
                        [-90.29309249839095, 38.59589617684898],
                        [-90.29353571989729, 38.595087840832726],
                        [-90.2937320290754, 38.594751122750395],
                        [-90.29395492954664, 38.594303927302654],
                        [-90.29411735278748, 38.59388589696481],
                        [-90.29426973036654, 38.59341982189013],
                        [-90.2978311859806, 38.59376839249325],
                        [-90.29827863336493, 38.59381447248059],
                        [-90.29846059623046, 38.593806767985875],
                        [-90.29881521059576, 38.59378082416863],
                        [-90.29915390062024, 38.59371824940302],
                        [-90.29946008932721, 38.59360437854735],
                        [-90.30018327018529, 38.59326349890065],
                        [-90.31180211557509, 38.58771607620225],
                        [-90.31249514899828, 38.58736664183948],
                        [-90.31307572085822, 38.586995028359105],
                        [-90.31472160019078, 38.58582902613964],
                        [-90.31590745215391, 38.584978034704505],
                        [-90.31624918457688, 38.58472962458177],
                        [-90.32024517563931, 38.593638285898265],
                        [-90.3204988703377, 38.59420365228134],
                        [-90.31889884456278, 38.598192437211225],
                        [-90.3188491709036, 38.59822896376157],
                        [-90.31823084406709, 38.59864585436671],
                        [-90.31775218117282, 38.59893022116096],
                        [-90.31732765228087, 38.59914305553017],
                        [-90.31672188335435, 38.59941760884856],
                        [-90.31620084144203, 38.59963053476595],
                        [-90.31554848699992, 38.59987892245331],
                        [-90.31526243572439, 38.59998556260018],
                        [-90.31395766221269, 38.60050063803589],
                        [-90.31331322498822, 38.600833710034856],
                        [-90.31270388637833, 38.60123180365975],
                        [-90.31209977325187, 38.60175692880277],
                        [-90.3115298773532, 38.60236102436231],
                        [-90.3110121639645, 38.60294554110833],
                        [-90.31049954527366, 38.60347901629532],
                        [-90.3101060395757, 38.60386533563876],
                        [-90.30948699312586, 38.604397974092834],
                        [-90.30903692385891, 38.60474619429876],
                        [-90.3078148209744, 38.60560048574496],
                        [-90.307374804639, 38.60591279908834],
                        [-90.3067793833309, 38.60632552029922],
                        [-90.3062469841331, 38.60669808630676],
                        [-90.30563719746864, 38.607138731726195],
                        [-90.30538705075382, 38.60732023372997],
                        [-90.3050482425001, 38.607624220952474],
                        [-90.30481868622827, 38.60785175121562],
                        [-90.30449220970802, 38.608226492927805],
                        [-90.30428466754167, 38.6085163089253],
                        [-90.30427879614334, 38.608526348587354],
                        [-90.28894622546882, 38.60700193191415]
                    ]
                ]
            }
        },
        {
            "id": "50",
            "type": "Feature",
            "properties": { "neighborhood": "Benton Park", "neighborhood_id": 22 },
            "geometry": {
                "type": "Polygon",
                "coordinates": [
                    [
                        [-90.21261831241482, 38.60830853421332],
                        [-90.2134456732443, 38.6067007346348],
                        [-90.21376471949125, 38.605970412171686],
                        [-90.21397978833362, 38.60534645816035],
                        [-90.21461474941754, 38.602892898702606],
                        [-90.21465563916645, 38.602729615806645],
                        [-90.2156552749645, 38.59883005135331],
                        [-90.21572198838716, 38.59854988101237],
                        [-90.21583717612168, 38.59803598478173],
                        [-90.21596941000747, 38.597475695819504],
                        [-90.21613931588563, 38.596758018822214],
                        [-90.21616131627151, 38.5966534791312],
                        [-90.21616876364973, 38.59661049565511],
                        [-90.21618593177375, 38.596400226864425],
                        [-90.2161938593833, 38.5962352696149],
                        [-90.21619150526612, 38.59588241198178],
                        [-90.21617946361671, 38.595679402914236],
                        [-90.21614759982982, 38.5954097848971],
                        [-90.2161032971491, 38.595180391404035],
                        [-90.21602579773241, 38.5948687592622],
                        [-90.21594693643107, 38.59461042253848],
                        [-90.21588084569632, 38.59443177665609],
                        [-90.21580285019833, 38.59424670366185],
                        [-90.21572194286126, 38.59406365505744],
                        [-90.21559698287719, 38.59381028623354],
                        [-90.21551556309984, 38.59367734945995],
                        [-90.21544950173522, 38.59357171738372],
                        [-90.21528752152084, 38.59331938431642],
                        [-90.21518234164786, 38.59315231220974],
                        [-90.21502328387591, 38.59289583904932],
                        [-90.21484338451955, 38.59260111869732],
                        [-90.21468148466855, 38.592329563433935],
                        [-90.21455465331955, 38.59210867247791],
                        [-90.21447011589075, 38.59195148152417],
                        [-90.21435998527754, 38.59171003660287],
                        [-90.21450374072495, 38.5916330346228],
                        [-90.21493591194067, 38.59140205684533],
                        [-90.21565163550305, 38.59200949651775],
                        [-90.21584061284432, 38.59207860378019],
                        [-90.22546963454715, 38.59329985858082],
                        [-90.22428495278884, 38.5989363458538],
                        [-90.22419344016765, 38.59937778594691],
                        [-90.22300528565698, 38.60494537799665],
                        [-90.22273070736416, 38.60506738900321],
                        [-90.2208127296924, 38.60603763420331],
                        [-90.22041602898766, 38.606209213712006],
                        [-90.22011463308677, 38.60632288876546],
                        [-90.2198676606847, 38.60638932613057],
                        [-90.21921178954844, 38.60653260178213],
                        [-90.21734425692925, 38.60697706541881],
                        [-90.21637331911711, 38.60728753263519],
                        [-90.2154270420874, 38.60757237717091],
                        [-90.21468548047125, 38.6077776698342],
                        [-90.21418799411279, 38.60791627813368],
                        [-90.21256025149246, 38.60838824320962],
                        [-90.21261831241482, 38.60830853421332]
                    ]
                ]
            }
        },
        {
            "id": "51",
            "type": "Feature",
            "properties": { "neighborhood": "Tower Grove Park", "neighborhood_id": 81 },
            "geometry": {
                "type": "Polygon",
                "coordinates": [
                    [
                        [-90.26296517046283, 38.60926934380581],
                        [-90.25792935956872, 38.608786488123876],
                        [-90.24143568438507, 38.60721949962321],
                        [-90.2423041244563, 38.60291486020338],
                        [-90.24229685287023, 38.60283452581163],
                        [-90.2589017315844, 38.60441257874102],
                        [-90.26571211616839, 38.60505572441972],
                        [-90.26652109536306, 38.60513653349245],
                        [-90.26669022001157, 38.60514829414203],
                        [-90.26691243976065, 38.60514626581148],
                        [-90.26798729060175, 38.60508043913338],
                        [-90.26873216332204, 38.605052614639696],
                        [-90.26922726745414, 38.60507234686218],
                        [-90.26913669241009, 38.605589089979404],
                        [-90.26826930375326, 38.60977179180368],
                        [-90.26296517046283, 38.60926934380581]
                    ]
                ]
            }
        },
        {
            "id": "52",
            "type": "Feature",
            "properties": { "neighborhood": "Tower Grove East", "neighborhood_id": 25 },
            "geometry": {
                "type": "Polygon",
                "coordinates": [
                    [
                        [-90.22933712824637, 38.60845702688722],
                        [-90.23073834966536, 38.601633792132155],
                        [-90.23189087307345, 38.601142197368816],
                        [-90.23208574044784, 38.60103989116852],
                        [-90.23254839724, 38.600759957568556],
                        [-90.23338820460204, 38.60021244043058],
                        [-90.23393706951141, 38.59987593945428],
                        [-90.2347412673456, 38.59932882522462],
                        [-90.23612194128881, 38.5983111455592],
                        [-90.2375363634109, 38.597230120934164],
                        [-90.24054500201197, 38.59520165187635],
                        [-90.24126788587031, 38.59469410091033],
                        [-90.24241638036871, 38.59365364425736],
                        [-90.2432023408951, 38.59294370748378],
                        [-90.24384960382342, 38.5924673327774],
                        [-90.24364654061745, 38.593812891307486],
                        [-90.24228336484543, 38.60269214661228],
                        [-90.24229685287023, 38.60283452581163],
                        [-90.2423041244563, 38.60291486020338],
                        [-90.24143568438507, 38.60721949962321],
                        [-90.24082098689783, 38.6098769139027],
                        [-90.24069357458643, 38.60986449479715],
                        [-90.22933712824637, 38.60845702688722]
                    ]
                ]
            }
        },
        {
            "id": "53",
            "type": "Feature",
            "properties": { "neighborhood": "McKinley Heights", "neighborhood_id": 23 },
            "geometry": {
                "type": "Polygon",
                "coordinates": [
                    [
                        [-90.21153042620165, 38.61116848824541],
                        [-90.2124705456166, 38.608505192137066],
                        [-90.21252418311263, 38.60843780104806],
                        [-90.21256025149246, 38.60838824320962],
                        [-90.21418799411279, 38.60791627813368],
                        [-90.21468548047125, 38.6077776698342],
                        [-90.2154270420874, 38.60757237717091],
                        [-90.21637331911711, 38.60728753263519],
                        [-90.21734425692925, 38.60697706541881],
                        [-90.21921178954844, 38.60653260178213],
                        [-90.2198676606847, 38.60638932613057],
                        [-90.22011463308677, 38.60632288876546],
                        [-90.22041602898766, 38.606209213712006],
                        [-90.2208127296924, 38.60603763420331],
                        [-90.22273070736416, 38.60506738900321],
                        [-90.22300528565698, 38.60494537799665],
                        [-90.22246411880741, 38.60764817869013],
                        [-90.22125367889741, 38.61370356048206],
                        [-90.21997606806322, 38.61359385880323],
                        [-90.2194241804566, 38.61353075359079],
                        [-90.21901755612097, 38.613471427076185],
                        [-90.21834557117567, 38.613332734416296],
                        [-90.21759088004185, 38.61315171617743],
                        [-90.21689023101253, 38.612961241034476],
                        [-90.21608991081096, 38.612744212940065],
                        [-90.21488917738549, 38.61237902378041],
                        [-90.21448691119339, 38.612256069282054],
                        [-90.21153042620165, 38.61116848824541]
                    ]
                ]
            }
        },
        {
            "id": "54",
            "type": "Feature",
            "properties": { "neighborhood": "Soulard", "neighborhood_id": 21 },
            "geometry": {
                "type": "Polygon",
                "coordinates": [
                    [
                        [-90.21426970075656, 38.59175830965443],
                        [-90.21435998527754, 38.59171003660287],
                        [-90.21447011589075, 38.59195148152417],
                        [-90.21455465331955, 38.59210867247791],
                        [-90.21468148466855, 38.592329563433935],
                        [-90.21484338451955, 38.59260111869732],
                        [-90.21502328387591, 38.59289583904932],
                        [-90.21518234164786, 38.59315231220974],
                        [-90.21528752152084, 38.59331938431642],
                        [-90.21544950173522, 38.59357171738372],
                        [-90.21551556309984, 38.59367734945995],
                        [-90.21559698287719, 38.59381028623354],
                        [-90.21572194286126, 38.59406365505744],
                        [-90.21580285019833, 38.59424670366185],
                        [-90.21588084569632, 38.59443177665609],
                        [-90.21594693643107, 38.59461042253848],
                        [-90.21602579773241, 38.5948687592622],
                        [-90.2161032971491, 38.595180391404035],
                        [-90.21614759982982, 38.5954097848971],
                        [-90.21617946361671, 38.595679402914236],
                        [-90.21619150526612, 38.59588241198178],
                        [-90.2161938593833, 38.5962352696149],
                        [-90.21618593177375, 38.596400226864425],
                        [-90.21616876364973, 38.59661049565511],
                        [-90.21616131627151, 38.5966534791312],
                        [-90.21613931588563, 38.596758018822214],
                        [-90.21596941000747, 38.597475695819504],
                        [-90.21583717612168, 38.59803598478173],
                        [-90.21572198838716, 38.59854988101237],
                        [-90.2156552749645, 38.59883005135331],
                        [-90.21465563916645, 38.602729615806645],
                        [-90.21461474941754, 38.602892898702606],
                        [-90.21397978833362, 38.60534645816035],
                        [-90.21376471949125, 38.605970412171686],
                        [-90.2134456732443, 38.6067007346348],
                        [-90.21261831241482, 38.60830853421332],
                        [-90.21252418311263, 38.60843780104806],
                        [-90.2124705456166, 38.608505192137066],
                        [-90.21153042620165, 38.61116848824541],
                        [-90.20923888970825, 38.610325500662256],
                        [-90.20880493397502, 38.61039375613565],
                        [-90.20844698138215, 38.610421230368445],
                        [-90.20837610423908, 38.61042311319891],
                        [-90.20801671831711, 38.61043276107561],
                        [-90.20782806550223, 38.61042907761828],
                        [-90.20693714772848, 38.61041287334584],
                        [-90.2064604933091, 38.61044690896972],
                        [-90.20622350667527, 38.610486816607114],
                        [-90.20569785122217, 38.61059030747097],
                        [-90.20526042307498, 38.610719171156205],
                        [-90.2049233929651, 38.61084120268748],
                        [-90.20474164101378, 38.61091260486796],
                        [-90.20393645001965, 38.611265234897736],
                        [-90.20322757774943, 38.61158883095853],
                        [-90.2023618426, 38.6119715016604],
                        [-90.2018222199462, 38.612198725802216],
                        [-90.20123992807382, 38.612443468078595],
                        [-90.20066936509174, 38.61267791231407],
                        [-90.20011634657007, 38.61290053666305],
                        [-90.19953509720582, 38.61311116889342],
                        [-90.19907509592075, 38.61325848636178],
                        [-90.19816121842301, 38.61356894862212],
                        [-90.1974494608158, 38.61380984966584],
                        [-90.19714072302712, 38.61391364370864],
                        [-90.19752788681748, 38.61291100948225],
                        [-90.19757459289146, 38.61283149760701],
                        [-90.1982508175827, 38.612089317733],
                        [-90.19899962380133, 38.61116015737129],
                        [-90.20210666341497, 38.60775102046341],
                        [-90.20273425222312, 38.606899318899984],
                        [-90.20289123322907, 38.606663348315166],
                        [-90.20400412306745, 38.605100961165896],
                        [-90.20428270789147, 38.60472659902411],
                        [-90.20464722506466, 38.60422685406572],
                        [-90.20714298064497, 38.60069683326796],
                        [-90.20755635231316, 38.6000820919753],
                        [-90.20769340439827, 38.59986893764351],
                        [-90.20779926234434, 38.59965111970611],
                        [-90.20788473911597, 38.59941996079256],
                        [-90.20799538244945, 38.59903992596435],
                        [-90.20806295598842, 38.598770772925654],
                        [-90.20823179067597, 38.59840711079602],
                        [-90.20840947296789, 38.59809635748442],
                        [-90.2089612196341, 38.597357014966384],
                        [-90.21082029500087, 38.59513351736213],
                        [-90.21243023826044, 38.59306087018435],
                        [-90.21251167378654, 38.59296864194029],
                        [-90.21385789866146, 38.59201314273377],
                        [-90.21426970075656, 38.59175830965443]
                    ]
                ]
            }
        },
        {
            "id": "55",
            "type": "Feature",
            "properties": { "neighborhood": "Fox Park", "neighborhood_id": 24 },
            "geometry": {
                "type": "Polygon",
                "coordinates": [
                    [
                        [-90.22125367889741, 38.61370356048206],
                        [-90.22246411880741, 38.60764817869013],
                        [-90.22300528565698, 38.60494537799665],
                        [-90.22434955015501, 38.60436001680646],
                        [-90.23073834966536, 38.601633792132155],
                        [-90.22933712824637, 38.60845702688722],
                        [-90.22812309502534, 38.6143156442815],
                        [-90.224818493207, 38.61403810496094],
                        [-90.22125367889741, 38.61370356048206]
                    ]
                ]
            }
        },
        {
            "id": "56",
            "type": "Feature",
            "properties": { "neighborhood": "Compton Heights", "neighborhood_id": 26 },
            "geometry": {
                "type": "Polygon",
                "coordinates": [
                    [
                        [-90.22812309502534, 38.6143156442815],
                        [-90.22933712824637, 38.60845702688722],
                        [-90.24069357458643, 38.60986449479715],
                        [-90.24082098689783, 38.6098769139027],
                        [-90.2400280319468, 38.613417431112005],
                        [-90.23941295589498, 38.616382158448346],
                        [-90.23937959455299, 38.61665483662089],
                        [-90.23721849804424, 38.61645226911785],
                        [-90.23647858965282, 38.61636045642301],
                        [-90.2361678424986, 38.61630848999517],
                        [-90.23583646064007, 38.61624321321843],
                        [-90.23548384973891, 38.6161639380936],
                        [-90.2353057936135, 38.61612003945461],
                        [-90.2349718697734, 38.61603234837683],
                        [-90.2346773167375, 38.61594584291042],
                        [-90.23431261876885, 38.61582350841027],
                        [-90.2340679445928, 38.61573645519704],
                        [-90.23379471991106, 38.61563742041528],
                        [-90.23325558734425, 38.615439639486524],
                        [-90.23284837752314, 38.61528697044131],
                        [-90.23258188937764, 38.61518429508377],
                        [-90.2321313445467, 38.6150153237424],
                        [-90.23165998086618, 38.61486412438623],
                        [-90.23128879959023, 38.61476532483392],
                        [-90.2309347485979, 38.61468169489059],
                        [-90.23050255155158, 38.61458706420182],
                        [-90.22997558053875, 38.61450119245503],
                        [-90.22941817362783, 38.614431037009254],
                        [-90.22812309502534, 38.6143156442815]
                    ]
                ]
            }
        },
        {
            "id": "57",
            "type": "Feature",
            "properties": { "neighborhood": "Kosciusko", "neighborhood_id": 20 },
            "geometry": {
                "type": "Polygon",
                "coordinates": [
                    [
                        [-90.18747718668986, 38.61447028750071],
                        [-90.18843924900179, 38.61194179603971],
                        [-90.19119676685135, 38.60698762674983],
                        [-90.19290898412912, 38.60396334535029],
                        [-90.19551050797887, 38.59955971108939],
                        [-90.19946967026965, 38.59547825782425],
                        [-90.204466076201, 38.590834341697885],
                        [-90.20978170744591, 38.58725916953217],
                        [-90.2119545418974, 38.58924142053477],
                        [-90.21377639784296, 38.590950458084805],
                        [-90.21450374072495, 38.5916330346228],
                        [-90.21435998527754, 38.59171003660287],
                        [-90.21426970075656, 38.59175830965443],
                        [-90.21385789866146, 38.59201314273377],
                        [-90.21251167378654, 38.59296864194029],
                        [-90.21243023826044, 38.59306087018435],
                        [-90.21082029500087, 38.59513351736213],
                        [-90.2089612196341, 38.597357014966384],
                        [-90.20840947296789, 38.59809635748442],
                        [-90.20823179067597, 38.59840711079602],
                        [-90.20806295598842, 38.598770772925654],
                        [-90.20799538244945, 38.59903992596435],
                        [-90.20788473911597, 38.59941996079256],
                        [-90.20779926234434, 38.59965111970611],
                        [-90.20769340439827, 38.59986893764351],
                        [-90.20755635231316, 38.6000820919753],
                        [-90.20714298064497, 38.60069683326796],
                        [-90.20464722506466, 38.60422685406572],
                        [-90.20428270789147, 38.60472659902411],
                        [-90.20400412306745, 38.605100961165896],
                        [-90.20289123322907, 38.606663348315166],
                        [-90.20273425222312, 38.606899318899984],
                        [-90.20210666341497, 38.60775102046341],
                        [-90.19899962380133, 38.61116015737129],
                        [-90.1982508175827, 38.612089317733],
                        [-90.19757459289146, 38.61283149760701],
                        [-90.19752788681748, 38.61291100948225],
                        [-90.19714072302712, 38.61391364370864],
                        [-90.19674499514228, 38.61404648241869],
                        [-90.19620286348373, 38.61423017893404],
                        [-90.19566425940097, 38.61441481632763],
                        [-90.19521067609993, 38.614571772984235],
                        [-90.19472665578965, 38.61474213212798],
                        [-90.19432090690925, 38.614892098460004],
                        [-90.19387524625161, 38.615102589012324],
                        [-90.19349689746711, 38.61531852710988],
                        [-90.19325041448782, 38.61546250863628],
                        [-90.1929719640511, 38.615642543247226],
                        [-90.19260698074133, 38.61594822162788],
                        [-90.1924066098336, 38.61615295341001],
                        [-90.19205207610355, 38.61660029301148],
                        [-90.19202183405073, 38.6166418418298],
                        [-90.19185389477452, 38.6165624536415],
                        [-90.18807584497364, 38.61476023428507],
                        [-90.18747718668986, 38.61447028750071]
                    ]
                ]
            }
        },
        {
            "id": "58",
            "type": "Feature",
            "properties": { "neighborhood": "Missouri Botanical Garden", "neighborhood_id": 87 },
            "geometry": {
                "type": "Polygon",
                "coordinates": [
                    [
                        [-90.25637847477216, 38.616682483569456],
                        [-90.25792935956872, 38.608786488123876],
                        [-90.26296517046283, 38.60926934380581],
                        [-90.26260026477712, 38.61166904152498],
                        [-90.26248800549085, 38.61211137598772],
                        [-90.26212691263262, 38.61281725216609],
                        [-90.26169918140769, 38.61339511411944],
                        [-90.25999358786136, 38.61575449941131],
                        [-90.25963400217678, 38.61635305972428],
                        [-90.25948054555457, 38.61697653711742],
                        [-90.25637847477216, 38.616682483569456]
                    ]
                ]
            }
        },
        {
            "id": "59",
            "type": "Feature",
            "properties": { "neighborhood": "Shaw", "neighborhood_id": 27 },
            "geometry": {
                "type": "Polygon",
                "coordinates": [
                    [
                        [-90.25600614615873, 38.61819081407037],
                        [-90.24504369229024, 38.61717833192515],
                        [-90.23938806176304, 38.616655541959496],
                        [-90.23937959455299, 38.61665483662089],
                        [-90.23941295589498, 38.616382158448346],
                        [-90.2400280319468, 38.613417431112005],
                        [-90.24082098689783, 38.6098769139027],
                        [-90.24143568438507, 38.60721949962321],
                        [-90.25792935956872, 38.608786488123876],
                        [-90.25637847477216, 38.616682483569456],
                        [-90.25616163023153, 38.61775316287157],
                        [-90.25613549067793, 38.617803222359434],
                        [-90.25607087185374, 38.618198281383556],
                        [-90.25600614615873, 38.61819081407037]
                    ]
                ]
            }
        },
        {
            "id": "60",
            "type": "Feature",
            "properties": { "neighborhood": "Southwest Garden", "neighborhood_id": 13 },
            "geometry": {
                "type": "Polygon",
                "coordinates": [
                    [
                        [-90.2602203041565, 38.61852241897806],
                        [-90.26004389850337, 38.618512446634526],
                        [-90.25975138349217, 38.61849583844918],
                        [-90.2588683673118, 38.61843819740183],
                        [-90.25607087185374, 38.618198281383556],
                        [-90.25613549067793, 38.617803222359434],
                        [-90.25616163023153, 38.61775316287157],
                        [-90.25637847477216, 38.616682483569456],
                        [-90.25948054555457, 38.61697653711742],
                        [-90.25963400217678, 38.61635305972428],
                        [-90.25999358786136, 38.61575449941131],
                        [-90.26169918140769, 38.61339511411944],
                        [-90.26212691263262, 38.61281725216609],
                        [-90.26248800549085, 38.61211137598772],
                        [-90.26260026477712, 38.61166904152498],
                        [-90.26296517046283, 38.60926934380581],
                        [-90.26826930375326, 38.60977179180368],
                        [-90.26913669241009, 38.605589089979404],
                        [-90.26922726745414, 38.60507234686218],
                        [-90.26971396013681, 38.60235916984207],
                        [-90.27631297558275, 38.60304203187685],
                        [-90.2815676770384, 38.60366229732347],
                        [-90.28168697595456, 38.6036487902928],
                        [-90.28503607452993, 38.6039872475377],
                        [-90.28835248724425, 38.604324644439586],
                        [-90.28835901151082, 38.60428371505237],
                        [-90.29096677774896, 38.6045534122136],
                        [-90.29081540464564, 38.60474214415219],
                        [-90.29054304225993, 38.60504439651821],
                        [-90.29024961652487, 38.60536879682604],
                        [-90.28914546884053, 38.60668582201749],
                        [-90.28894622546882, 38.60700193191415],
                        [-90.28875453939044, 38.60742583184552],
                        [-90.28853973191652, 38.608178736043584],
                        [-90.28840676483676, 38.60886429183158],
                        [-90.28808811288087, 38.610605570321866],
                        [-90.2879767513227, 38.61117698872152],
                        [-90.28760152252669, 38.61222937242658],
                        [-90.27552771139518, 38.61104453712725],
                        [-90.27525047576646, 38.611006935002145],
                        [-90.27374096786006, 38.61118915710211],
                        [-90.2734409834448, 38.61124096908453],
                        [-90.27304552926547, 38.61132551834706],
                        [-90.27270434913379, 38.61141135367742],
                        [-90.27203318765883, 38.61160500876066],
                        [-90.27123086247857, 38.611795438793166],
                        [-90.26768254441717, 38.612650202562506],
                        [-90.2665184889704, 38.61842331426191],
                        [-90.26562144500608, 38.61845881065779],
                        [-90.2649796692856, 38.618481083555686],
                        [-90.26430583015178, 38.61850397483353],
                        [-90.26345496664928, 38.61852353876392],
                        [-90.26292611645682, 38.61854125029045],
                        [-90.26159923774944, 38.61855181737783],
                        [-90.26082896658662, 38.61854404014528],
                        [-90.2602203041565, 38.61852241897806]
                    ]
                ]
            }
        },
        {
            "id": "61",
            "type": "Feature",
            "properties": { "neighborhood": "Clifton Heights", "neighborhood_id": 11 },
            "geometry": {
                "type": "Polygon",
                "coordinates": [
                    [
                        [-90.28812398325958, 38.61850669021215],
                        [-90.28794620090821, 38.61826173334166],
                        [-90.2876842152269, 38.61799034528562],
                        [-90.28748947575141, 38.61765723966695],
                        [-90.28735195094963, 38.61741122975224],
                        [-90.28724627468968, 38.617154073167775],
                        [-90.28716773105327, 38.61688252360989],
                        [-90.2871332986811, 38.61669049231552],
                        [-90.2871289177504, 38.61650329491739],
                        [-90.28714332491562, 38.616175868889755],
                        [-90.28714176915874, 38.61511544320716],
                        [-90.28713397567368, 38.61449578266119],
                        [-90.28716029601196, 38.61408072843337],
                        [-90.28720298326066, 38.61375266721557],
                        [-90.28724764405995, 38.613443612105904],
                        [-90.28731272246318, 38.61314189762163],
                        [-90.28739379598863, 38.61285116881958],
                        [-90.28749566476834, 38.61252252845286],
                        [-90.28760152252669, 38.61222937242658],
                        [-90.2879767513227, 38.61117698872152],
                        [-90.28808811288087, 38.610605570321866],
                        [-90.28840676483676, 38.60886429183158],
                        [-90.28853973191652, 38.608178736043584],
                        [-90.28875453939044, 38.60742583184552],
                        [-90.28894622546882, 38.60700193191415],
                        [-90.30427879614334, 38.608526348587354],
                        [-90.30397548440493, 38.60905443371379],
                        [-90.3037715809082, 38.60950991677301],
                        [-90.30356686912654, 38.61002970754259],
                        [-90.30342500823022, 38.61039605143416],
                        [-90.30322772398495, 38.610872852509175],
                        [-90.30307236254099, 38.611170744878656],
                        [-90.30290473204766, 38.61146246505455],
                        [-90.30273219402378, 38.6117314948851],
                        [-90.30244472332097, 38.612114753952866],
                        [-90.30215237357221, 38.61247650329611],
                        [-90.30178266995127, 38.612866019768845],
                        [-90.30137362250993, 38.61324311070372],
                        [-90.30106456421298, 38.613517865586985],
                        [-90.3008400618779, 38.61370352012157],
                        [-90.30024037411985, 38.61412858473939],
                        [-90.29954360456246, 38.61454957910855],
                        [-90.29917151589544, 38.61474368282075],
                        [-90.29837170387647, 38.615087141624876],
                        [-90.29753102265191, 38.61543648183657],
                        [-90.29742876180492, 38.6154836729416],
                        [-90.29268047140982, 38.61741832076336],
                        [-90.29193179525825, 38.61770438046142],
                        [-90.29102881462383, 38.61799567965453],
                        [-90.2900908819633, 38.61825598960795],
                        [-90.28956023290387, 38.618389147932504],
                        [-90.28870915330928, 38.61858095489632],
                        [-90.28819671761613, 38.61867226369884],
                        [-90.28812398325958, 38.61850669021215]
                    ]
                ]
            }
        },
        {
            "id": "62",
            "type": "Feature",
            "properties": { "neighborhood": "LaSalle Park", "neighborhood_id": 34 },
            "geometry": {
                "type": "Polygon",
                "coordinates": [
                    [
                        [-90.19297423585282, 38.61709651578627],
                        [-90.19205207610355, 38.61660029301148],
                        [-90.1924066098336, 38.61615295341001],
                        [-90.19260698074133, 38.61594822162788],
                        [-90.1929719640511, 38.615642543247226],
                        [-90.19325041448782, 38.61546250863628],
                        [-90.19349689746711, 38.61531852710988],
                        [-90.19387524625161, 38.615102589012324],
                        [-90.19432090690925, 38.614892098460004],
                        [-90.19472665578965, 38.61474213212798],
                        [-90.19521067609993, 38.614571772984235],
                        [-90.19566425940097, 38.61441481632763],
                        [-90.19620286348373, 38.61423017893404],
                        [-90.19674499514228, 38.61404648241869],
                        [-90.19714072302712, 38.61391364370864],
                        [-90.1974494608158, 38.61380984966584],
                        [-90.19816121842301, 38.61356894862212],
                        [-90.19907509592075, 38.61325848636178],
                        [-90.19953509720582, 38.61311116889342],
                        [-90.20011634657007, 38.61290053666305],
                        [-90.20066936509174, 38.61267791231407],
                        [-90.20123992807382, 38.612443468078595],
                        [-90.2018222199462, 38.612198725802216],
                        [-90.2023618426, 38.6119715016604],
                        [-90.20322757774943, 38.61158883095853],
                        [-90.20393645001965, 38.611265234897736],
                        [-90.20474164101378, 38.61091260486796],
                        [-90.2049233929651, 38.61084120268748],
                        [-90.20526042307498, 38.610719171156205],
                        [-90.20569785122217, 38.61059030747097],
                        [-90.20622350667527, 38.610486816607114],
                        [-90.2064604933091, 38.61044690896972],
                        [-90.20693714772848, 38.61041287334584],
                        [-90.20782806550223, 38.61042907761828],
                        [-90.20801671831711, 38.61043276107561],
                        [-90.20837610423908, 38.61042311319891],
                        [-90.20772200764601, 38.61112353283683],
                        [-90.20251805525531, 38.61671257399327],
                        [-90.2022422743991, 38.61725010146747],
                        [-90.20168964064756, 38.61876672275284],
                        [-90.19339139588578, 38.617081353917506],
                        [-90.19297423585282, 38.61709651578627]
                    ]
                ]
            }
        },
        {
            "id": "63",
            "type": "Feature",
            "properties": { "neighborhood": "Peabody Darst Webbe", "neighborhood_id": 33 },
            "geometry": {
                "type": "Polygon",
                "coordinates": [
                    [
                        [-90.20168964064756, 38.61876672275284],
                        [-90.2022422743991, 38.61725010146747],
                        [-90.20251805525531, 38.61671257399327],
                        [-90.20772200764601, 38.61112353283683],
                        [-90.20837610423908, 38.61042311319891],
                        [-90.20844698138215, 38.610421230368445],
                        [-90.20880493397502, 38.61039375613565],
                        [-90.20923888970825, 38.610325500662256],
                        [-90.21153042620165, 38.61116848824541],
                        [-90.2106819600981, 38.613572291900766],
                        [-90.2100863435945, 38.616480400319524],
                        [-90.21012507606133, 38.616492166434305],
                        [-90.20879494006108, 38.62019838797476],
                        [-90.20168964064756, 38.61876672275284]
                    ]
                ]
            }
        },
        {
            "id": "64",
            "type": "Feature",
            "properties": { "neighborhood": "Lafayette Square", "neighborhood_id": 32 },
            "geometry": {
                "type": "Polygon",
                "coordinates": [
                    [
                        [-90.20879494006108, 38.62019838797476],
                        [-90.21012507606133, 38.616492166434305],
                        [-90.2100863435945, 38.616480400319524],
                        [-90.2106819600981, 38.613572291900766],
                        [-90.21153042620165, 38.61116848824541],
                        [-90.21448691119339, 38.612256069282054],
                        [-90.21488917738549, 38.61237902378041],
                        [-90.21608991081096, 38.612744212940065],
                        [-90.21689023101253, 38.612961241034476],
                        [-90.21759088004185, 38.61315171617743],
                        [-90.21834557117567, 38.613332734416296],
                        [-90.21901755612097, 38.613471427076185],
                        [-90.2194241804566, 38.61353075359079],
                        [-90.21997606806322, 38.61359385880323],
                        [-90.22125367889741, 38.61370356048206],
                        [-90.22103020406897, 38.614700018910014],
                        [-90.22044348061749, 38.61745099736696],
                        [-90.22019313773724, 38.61828538010482],
                        [-90.21860439044214, 38.622235507653365],
                        [-90.20879494006108, 38.62019838797476]
                    ]
                ]
            }
        },
        {
            "id": "65",
            "type": "Feature",
            "properties": { "neighborhood": "Ellendale", "neighborhood_id": 10 },
            "geometry": {
                "type": "Polygon",
                "coordinates": [
                    [
                        [-90.28821034480538, 38.61870386646847],
                        [-90.28819671761613, 38.61867226369884],
                        [-90.28870915330928, 38.61858095489632],
                        [-90.28956023290387, 38.618389147932504],
                        [-90.2900908819633, 38.61825598960795],
                        [-90.29102881462383, 38.61799567965453],
                        [-90.29193179525825, 38.61770438046142],
                        [-90.29268047140982, 38.61741832076336],
                        [-90.29742876180492, 38.6154836729416],
                        [-90.29753102265191, 38.61543648183657],
                        [-90.29837170387647, 38.615087141624876],
                        [-90.29917151589544, 38.61474368282075],
                        [-90.29954360456246, 38.61454957910855],
                        [-90.30024037411985, 38.61412858473939],
                        [-90.3008400618779, 38.61370352012157],
                        [-90.30106456421298, 38.613517865586985],
                        [-90.30137362250993, 38.61324311070372],
                        [-90.30178266995127, 38.612866019768845],
                        [-90.30215237357221, 38.61247650329611],
                        [-90.30244472332097, 38.612114753952866],
                        [-90.30273219402378, 38.6117314948851],
                        [-90.30290473204766, 38.61146246505455],
                        [-90.30307236254099, 38.611170744878656],
                        [-90.30322772398495, 38.610872852509175],
                        [-90.30342500823022, 38.61039605143416],
                        [-90.30356686912654, 38.61002970754259],
                        [-90.3037715809082, 38.60950991677301],
                        [-90.30397548440493, 38.60905443371379],
                        [-90.30427879614334, 38.608526348587354],
                        [-90.30428466754167, 38.6085163089253],
                        [-90.30449220970802, 38.608226492927805],
                        [-90.30481868622827, 38.60785175121562],
                        [-90.3050482425001, 38.607624220952474],
                        [-90.30538705075382, 38.60732023372997],
                        [-90.30563719746864, 38.607138731726195],
                        [-90.3062469841331, 38.60669808630676],
                        [-90.3067793833309, 38.60632552029922],
                        [-90.307374804639, 38.60591279908834],
                        [-90.3078148209744, 38.60560048574496],
                        [-90.30903692385891, 38.60474619429876],
                        [-90.30948699312586, 38.604397974092834],
                        [-90.3101060395757, 38.60386533563876],
                        [-90.31049954527366, 38.60347901629532],
                        [-90.3110121639645, 38.60294554110833],
                        [-90.3115298773532, 38.60236102436231],
                        [-90.31209977325187, 38.60175692880277],
                        [-90.31270388637833, 38.60123180365975],
                        [-90.31331322498822, 38.600833710034856],
                        [-90.31395766221269, 38.60050063803589],
                        [-90.31526243572439, 38.59998556260018],
                        [-90.31554848699992, 38.59987892245331],
                        [-90.31620084144203, 38.59963053476595],
                        [-90.31672188335435, 38.59941760884856],
                        [-90.31732765228087, 38.59914305553017],
                        [-90.31775218117282, 38.59893022116096],
                        [-90.31823084406709, 38.59864585436671],
                        [-90.3188491709036, 38.59822896376157],
                        [-90.31889884456278, 38.598192437211225],
                        [-90.31798828216418, 38.60046216285876],
                        [-90.31524989683538, 38.607360302171124],
                        [-90.31221001865072, 38.61501482907409],
                        [-90.31211666282563, 38.61524808281231],
                        [-90.31158530232408, 38.61557009528775],
                        [-90.3110905511088, 38.615823763174085],
                        [-90.31031702154327, 38.61615866862502],
                        [-90.30999002650574, 38.61628856949665],
                        [-90.30977952945516, 38.61635846837978],
                        [-90.30953345939028, 38.61643267471643],
                        [-90.30911841456705, 38.616544801103295],
                        [-90.30898648427471, 38.61659036112326],
                        [-90.30875642380974, 38.61667211531706],
                        [-90.30695189459801, 38.617209414425794],
                        [-90.30598533312293, 38.6175201645965],
                        [-90.29528728206664, 38.62095516169713],
                        [-90.2942394129862, 38.6212914846445],
                        [-90.29265183013983, 38.6217866280444],
                        [-90.29220346707106, 38.621901847810776],
                        [-90.29157158465704, 38.62202931645856],
                        [-90.29040838217739, 38.62219748574331],
                        [-90.28852630628485, 38.62243181426243],
                        [-90.28806332863998, 38.62245456376114],
                        [-90.28843517721931, 38.62050768877672],
                        [-90.28848297299213, 38.62002471194419],
                        [-90.28846185199345, 38.6196605914114],
                        [-90.28837155454252, 38.619122225666345],
                        [-90.28821034480538, 38.61870386646847]
                    ]
                ]
            }
        },
        {
            "id": "66",
            "type": "Feature",
            "properties": { "neighborhood": "The Gate District", "neighborhood_id": 31 },
            "geometry": {
                "type": "Polygon",
                "coordinates": [
                    [
                        [-90.21860439044214, 38.622235507653365],
                        [-90.22019313773724, 38.61828538010482],
                        [-90.22044348061749, 38.61745099736696],
                        [-90.22103020406897, 38.614700018910014],
                        [-90.22125367889741, 38.61370356048206],
                        [-90.224818493207, 38.61403810496094],
                        [-90.22812309502534, 38.6143156442815],
                        [-90.22941817362783, 38.614431037009254],
                        [-90.22997558053875, 38.61450119245503],
                        [-90.23050255155158, 38.61458706420182],
                        [-90.2309347485979, 38.61468169489059],
                        [-90.23128879959023, 38.61476532483392],
                        [-90.23165998086618, 38.61486412438623],
                        [-90.2321313445467, 38.6150153237424],
                        [-90.23258188937764, 38.61518429508377],
                        [-90.23284837752314, 38.61528697044131],
                        [-90.23325558734425, 38.615439639486524],
                        [-90.23379471991106, 38.61563742041528],
                        [-90.2340679445928, 38.61573645519704],
                        [-90.23431261876885, 38.61582350841027],
                        [-90.2346773167375, 38.61594584291042],
                        [-90.2349718697734, 38.61603234837683],
                        [-90.2353057936135, 38.61612003945461],
                        [-90.23548384973891, 38.6161639380936],
                        [-90.23583646064007, 38.61624321321843],
                        [-90.2361678424986, 38.61630848999517],
                        [-90.23647858965282, 38.61636045642301],
                        [-90.23721849804424, 38.61645226911785],
                        [-90.23937959455299, 38.61665483662089],
                        [-90.23932998949942, 38.61706386922512],
                        [-90.23858920108565, 38.620654408570566],
                        [-90.236739533493, 38.62600596495457],
                        [-90.21860439044214, 38.622235507653365]
                    ]
                ]
            }
        },
        {
            "id": "67",
            "type": "Feature",
            "properties": { "neighborhood": "College Hill", "neighborhood_id": 66 },
            "geometry": {
                "type": "Polygon",
                "coordinates": [
                    [
                        [-90.20116179622727, 38.66830373845419],
                        [-90.20225659215508, 38.66838322358315],
                        [-90.2036723536877, 38.668489789940935],
                        [-90.2076148274117, 38.66724486261976],
                        [-90.20768647589155, 38.667221921401904],
                        [-90.20873241055693, 38.66689342947094],
                        [-90.20919905819643, 38.6677719339128],
                        [-90.2107733748752, 38.66887079276075],
                        [-90.21100569311709, 38.6690201119721],
                        [-90.21119788701058, 38.6691308621015],
                        [-90.21226768983537, 38.6696239165491],
                        [-90.21241262419896, 38.66972930346231],
                        [-90.21422176140274, 38.67154627830933],
                        [-90.21429629327424, 38.67160047287747],
                        [-90.21818129997462, 38.67332476633289],
                        [-90.2181125042243, 38.67337883284193],
                        [-90.21259692646292, 38.6787354504814],
                        [-90.21237844986403, 38.678970374402475],
                        [-90.21115677458127, 38.679623412478286],
                        [-90.21104204398473, 38.679555168302],
                        [-90.21040288751624, 38.67915315325334],
                        [-90.20956507546033, 38.678648989559846],
                        [-90.20907590887434, 38.67833932691276],
                        [-90.20900023490579, 38.67828971262818],
                        [-90.20893005026822, 38.67824285784604],
                        [-90.20886367495261, 38.678197852106365],
                        [-90.20879817760299, 38.67815260167288],
                        [-90.20873153064002, 38.67810575557894],
                        [-90.20866226770248, 38.67805615613915],
                        [-90.20858947669505, 38.67800426953527],
                        [-90.20851585489454, 38.67794982771364],
                        [-90.2084401742036, 38.67789356813683],
                        [-90.20836453267836, 38.67783618250489],
                        [-90.2082859613444, 38.67777579588291],
                        [-90.20820418411019, 38.67771106345903],
                        [-90.20811661617361, 38.677640604929586],
                        [-90.20802322952945, 38.67756255358238],
                        [-90.2079242969462, 38.67747880374003],
                        [-90.20782219065778, 38.67739158559407],
                        [-90.20770521661191, 38.677299305979176],
                        [-90.2076185309735, 38.67722747633278],
                        [-90.20750597911675, 38.67712491048091],
                        [-90.20717886204854, 38.67681037302386],
                        [-90.20706573941898, 38.67670181894709],
                        [-90.20700121352941, 38.67663369651576],
                        [-90.20659267627427, 38.67617754000558],
                        [-90.2062652899915, 38.67578496118965],
                        [-90.20539658913388, 38.674569309305376],
                        [-90.20479548299855, 38.673671697742215],
                        [-90.204344313975, 38.673002371167854],
                        [-90.20363614284821, 38.67195505050437],
                        [-90.20265664490182, 38.67051805237714],
                        [-90.20182899071352, 38.66929080736792],
                        [-90.20116179622727, 38.66830373845419]
                    ]
                ]
            }
        },
        {
            "id": "68",
            "type": "Feature",
            "properties": { "neighborhood": "O'Fallon", "neighborhood_id": 68 },
            "geometry": {
                "type": "Polygon",
                "coordinates": [
                    [
                        [-90.21237844986403, 38.678970374402475],
                        [-90.21259692646292, 38.6787354504814],
                        [-90.2181125042243, 38.67337883284193],
                        [-90.21818129997462, 38.67332476633289],
                        [-90.21856066355906, 38.67298060351973],
                        [-90.22080163335875, 38.670104618758806],
                        [-90.22071886498381, 38.67006894434262],
                        [-90.22203813053711, 38.66820759246057],
                        [-90.22628312246574, 38.670063837879766],
                        [-90.22887608318649, 38.66646082902836],
                        [-90.23645747327991, 38.66978342575756],
                        [-90.23633638408981, 38.66985180025575],
                        [-90.23295439315909, 38.674531406513644],
                        [-90.23075423626244, 38.67766698333505],
                        [-90.23059940286821, 38.67785472038168],
                        [-90.23016233287882, 38.67809878455213],
                        [-90.22480267378857, 38.680935356052125],
                        [-90.22425891497112, 38.67991444107316],
                        [-90.22392421284813, 38.67927199055859],
                        [-90.22374212801698, 38.67902533672833],
                        [-90.22153558702311, 38.67653641287988],
                        [-90.21790396377997, 38.67844456560831],
                        [-90.21646359607332, 38.676830806712964],
                        [-90.21237844986403, 38.678970374402475]
                    ]
                ]
            }
        },
        {
            "id": "69",
            "type": "Feature",
            "properties": { "neighborhood": "O'Fallon Park", "neighborhood_id": 85 },
            "geometry": {
                "type": "Polygon",
                "coordinates": [
                    [
                        [-90.21115677458127, 38.679623412478286],
                        [-90.21237844986403, 38.678970374402475],
                        [-90.21646359607332, 38.676830806712964],
                        [-90.21790396377997, 38.67844456560831],
                        [-90.22153558702311, 38.67653641287988],
                        [-90.22374212801698, 38.67902533672833],
                        [-90.22392421284813, 38.67927199055859],
                        [-90.22425891497112, 38.67991444107316],
                        [-90.22480267378857, 38.680935356052125],
                        [-90.22492475317983, 38.6811468848781],
                        [-90.22507944435245, 38.68138658064965],
                        [-90.2251805373021, 38.68151702818739],
                        [-90.22543907598273, 38.68177185092247],
                        [-90.22547659022479, 38.68180969496612],
                        [-90.221104050768, 38.684131053487874],
                        [-90.22099599357053, 38.68413513440268],
                        [-90.22057300511241, 38.68412704001484],
                        [-90.22025836788949, 38.684111404379806],
                        [-90.21969223852315, 38.68404895286012],
                        [-90.21917819589372, 38.68396147105583],
                        [-90.21881883023421, 38.6838811696408],
                        [-90.2184272243589, 38.68376811271382],
                        [-90.21808755306903, 38.68365103291371],
                        [-90.21771361479895, 38.68350004040146],
                        [-90.21754279313971, 38.683429607815576],
                        [-90.2174536246487, 38.683387956359354],
                        [-90.21701081367864, 38.68315716442142],
                        [-90.21675094390466, 38.683006389823476],
                        [-90.21604527352541, 38.68258546306281],
                        [-90.21484072530279, 38.68185552941686],
                        [-90.21292386685312, 38.68069847014534],
                        [-90.21125494034574, 38.67968200503262],
                        [-90.21115677458127, 38.679623412478286]
                    ]
                ]
            }
        },
        {
            "id": "70",
            "type": "Feature",
            "properties": { "neighborhood": "Penrose", "neighborhood_id": 69 },
            "geometry": {
                "type": "Polygon",
                "coordinates": [
                    [
                        [-90.22779954971031, 38.683099790825565],
                        [-90.22653668412423, 38.68247146762467],
                        [-90.22629137536758, 38.682346834179484],
                        [-90.22603905424415, 38.68221466052366],
                        [-90.22582706185209, 38.68207162433857],
                        [-90.22555975852495, 38.681891360553735],
                        [-90.22547659022479, 38.68180969496612],
                        [-90.22543907598273, 38.68177185092247],
                        [-90.2251805373021, 38.68151702818739],
                        [-90.22507944435245, 38.68138658064965],
                        [-90.22492475317983, 38.6811468848781],
                        [-90.22480267378857, 38.680935356052125],
                        [-90.23016233287882, 38.67809878455213],
                        [-90.23059940286821, 38.67785472038168],
                        [-90.23075423626244, 38.67766698333505],
                        [-90.23295439315909, 38.674531406513644],
                        [-90.23633638408981, 38.66985180025575],
                        [-90.23645747327991, 38.66978342575756],
                        [-90.23938304129652, 38.67106504045814],
                        [-90.24251231871723, 38.672378140695606],
                        [-90.24426145868522, 38.67307762473464],
                        [-90.25182651663467, 38.67637447451698],
                        [-90.24804332816863, 38.68178862797492],
                        [-90.24658707171085, 38.68116144918098],
                        [-90.24633361125302, 38.68151124854589],
                        [-90.24635662718856, 38.681521128896335],
                        [-90.24582118866266, 38.682269128816],
                        [-90.24448237408411, 38.681699184213336],
                        [-90.24308451868696, 38.68367637887692],
                        [-90.24295790059993, 38.683894619594994],
                        [-90.24288802038818, 38.6840093537157],
                        [-90.24285522980502, 38.68411705868287],
                        [-90.24243399249409, 38.684597349736144],
                        [-90.24205986902253, 38.68439423479024],
                        [-90.24146164211166, 38.68407485646925],
                        [-90.24075388334248, 38.6837041595103],
                        [-90.2403173013827, 38.683492910578714],
                        [-90.2400275324096, 38.68337144677737],
                        [-90.23959194470952, 38.683215554764786],
                        [-90.23930964213223, 38.68313205457801],
                        [-90.2389932205264, 38.68304828568271],
                        [-90.23857432938122, 38.68295514297012],
                        [-90.23822012215719, 38.68289668699478],
                        [-90.23775324511826, 38.68284050343518],
                        [-90.23726379388212, 38.68280714070706],
                        [-90.236689845094, 38.68281222006738],
                        [-90.23609918036033, 38.68282851722109],
                        [-90.23312690732195, 38.6829263092556],
                        [-90.22862530694246, 38.68306832039543],
                        [-90.22779954971031, 38.683099790825565]
                    ]
                ]
            }
        },
        {
            "id": "71",
            "type": "Feature",
            "properties": { "neighborhood": "Near North Riverfront", "neighborhood_id": 64 },
            "geometry": {
                "type": "Polygon",
                "coordinates": [
                    [
                        [-90.18098725732088, 38.63383638635801],
                        [-90.18148207553273, 38.633888972570524],
                        [-90.18541074855202, 38.63432502715011],
                        [-90.1856268556043, 38.63434117719445],
                        [-90.18578309702595, 38.63437339469025],
                        [-90.18609815730265, 38.634441076468924],
                        [-90.18611657863784, 38.63523425590294],
                        [-90.18615015385642, 38.63663086321136],
                        [-90.18614845850946, 38.63722035152863],
                        [-90.1862832553746, 38.637684085980496],
                        [-90.18638107736948, 38.63806899519418],
                        [-90.18644326943827, 38.63825863044153],
                        [-90.18656944909554, 38.638555526595965],
                        [-90.18672984414893, 38.63890655491087],
                        [-90.18686631739462, 38.63919592703265],
                        [-90.18708569963995, 38.63959741738911],
                        [-90.18714305714228, 38.63969183792773],
                        [-90.18725547333918, 38.63987795479188],
                        [-90.18755324276938, 38.64036980202136],
                        [-90.1879876397285, 38.641191110016],
                        [-90.18845549652524, 38.64209782128891],
                        [-90.1887010930101, 38.64257857079196],
                        [-90.18914270420827, 38.6434135959257],
                        [-90.18973707624886, 38.64455977937205],
                        [-90.19027747898325, 38.645640133935984],
                        [-90.19100834066418, 38.647079330423715],
                        [-90.19161737187258, 38.64828323430869],
                        [-90.192677462727, 38.65039672166839],
                        [-90.19376908331316, 38.65258697374904],
                        [-90.19408482875727, 38.65320587635271],
                        [-90.19469273821262, 38.65442596082131],
                        [-90.1948657946137, 38.65477357690987],
                        [-90.19537074586637, 38.65576891072002],
                        [-90.19560822936815, 38.656268598067236],
                        [-90.19573451838332, 38.65656435860488],
                        [-90.1959037995846, 38.65703687463446],
                        [-90.19596642393108, 38.65727477754755],
                        [-90.19605279278944, 38.65762029975335],
                        [-90.19610081324396, 38.65785863128382],
                        [-90.19617255502068, 38.65828465273149],
                        [-90.19624871446264, 38.65877617544472],
                        [-90.19634942213563, 38.659317599674374],
                        [-90.19642075306254, 38.659709076255304],
                        [-90.1965459951805, 38.66024669189939],
                        [-90.1966617409907, 38.66061175782412],
                        [-90.19686533586555, 38.66112280460617],
                        [-90.19703978158701, 38.6614875555538],
                        [-90.1973068710842, 38.662033308565235],
                        [-90.19768627208751, 38.66279767799],
                        [-90.19797916721897, 38.66338031881471],
                        [-90.19822410043287, 38.66385096686903],
                        [-90.19869481974771, 38.66463341669882],
                        [-90.19898538009987, 38.665083339531854],
                        [-90.19936566840315, 38.66564357584263],
                        [-90.20004444160993, 38.666647379359375],
                        [-90.20084157520029, 38.6678294998848],
                        [-90.20116179622727, 38.66830373845419],
                        [-90.20182899071352, 38.66929080736792],
                        [-90.20265664490182, 38.67051805237714],
                        [-90.20363614284821, 38.67195505050437],
                        [-90.204344313975, 38.673002371167854],
                        [-90.20479548299855, 38.673671697742215],
                        [-90.20539658913388, 38.674569309305376],
                        [-90.2062652899915, 38.67578496118965],
                        [-90.20659267627427, 38.67617754000558],
                        [-90.20700121352941, 38.67663369651576],
                        [-90.20706573941898, 38.67670181894709],
                        [-90.20717886204854, 38.67681037302386],
                        [-90.20750597911675, 38.67712491048091],
                        [-90.2076185309735, 38.67722747633278],
                        [-90.20770521661191, 38.677299305979176],
                        [-90.20782219065778, 38.67739158559407],
                        [-90.2079242969462, 38.67747880374003],
                        [-90.20802322952945, 38.67756255358238],
                        [-90.20811661617361, 38.677640604929586],
                        [-90.20820418411019, 38.67771106345903],
                        [-90.2082859613444, 38.67777579588291],
                        [-90.20836453267836, 38.67783618250489],
                        [-90.2084401742036, 38.67789356813683],
                        [-90.20851585489454, 38.67794982771364],
                        [-90.20858947669505, 38.67800426953527],
                        [-90.20866226770248, 38.67805615613915],
                        [-90.20873153064002, 38.67810575557894],
                        [-90.20879817760299, 38.67815260167288],
                        [-90.20886367495261, 38.678197852106365],
                        [-90.20893005026822, 38.67824285784604],
                        [-90.20900023490579, 38.67828971262818],
                        [-90.20907590887434, 38.67833932691276],
                        [-90.20956507546033, 38.678648989559846],
                        [-90.21040288751624, 38.67915315325334],
                        [-90.21104204398473, 38.679555168302],
                        [-90.21115677458127, 38.679623412478286],
                        [-90.21039408091966, 38.68003456388857],
                        [-90.19897250209594, 38.68608941565228],
                        [-90.1986570444124, 38.68626000131617],
                        [-90.18974569242138, 38.67537260013294],
                        [-90.1865245413007, 38.66521456681758],
                        [-90.18203599091616, 38.6495267978908],
                        [-90.18079086369566, 38.63889591045004],
                        [-90.18067004405563, 38.63549449252274],
                        [-90.18098725732088, 38.63383638635801]
                    ]
                ]
            }
        },
        {
            "id": "72",
            "type": "Feature",
            "properties": { "neighborhood": "Penrose Park", "neighborhood_id": 84 },
            "geometry": {
                "type": "Polygon",
                "coordinates": [
                    [
                        [-90.24243399249409, 38.684597349736144],
                        [-90.24285522980502, 38.68411705868287],
                        [-90.24288802038818, 38.6840093537157],
                        [-90.24295790059993, 38.683894619594994],
                        [-90.24308451868696, 38.68367637887692],
                        [-90.24448237408411, 38.681699184213336],
                        [-90.24582118866266, 38.682269128816],
                        [-90.24635662718856, 38.681521128896335],
                        [-90.24633361125302, 38.68151124854589],
                        [-90.24658707171085, 38.68116144918098],
                        [-90.24804332816863, 38.68178862797492],
                        [-90.25022891980836, 38.682733812334085],
                        [-90.25019577954544, 38.68278410179547],
                        [-90.24951048073022, 38.6838198978174],
                        [-90.24968744135171, 38.68389691476927],
                        [-90.24966749549286, 38.684342887262765],
                        [-90.24969861468318, 38.6846216625542],
                        [-90.24970604508964, 38.68541524225412],
                        [-90.24955242808227, 38.68534352027405],
                        [-90.24955899585842, 38.68555977310108],
                        [-90.24959399973424, 38.68556855237737],
                        [-90.24945319881438, 38.68617166169856],
                        [-90.25028958379546, 38.686527231421174],
                        [-90.25034786492506, 38.68655184902905],
                        [-90.2497686290699, 38.687392666421275],
                        [-90.24945783730834, 38.6878553705291],
                        [-90.24914243771494, 38.68772039275311],
                        [-90.24849203956315, 38.68744528539753],
                        [-90.24784016253552, 38.68717409817365],
                        [-90.24569109038039, 38.68626511148826],
                        [-90.24463370621068, 38.68576118818919],
                        [-90.2438366811636, 38.68535236624388],
                        [-90.24319826039903, 38.68501184796996],
                        [-90.2426452164805, 38.68471176912458],
                        [-90.24243399249409, 38.684597349736144]
                    ]
                ]
            }
        },
        {
            "id": "73",
            "type": "Feature",
            "properties": { "neighborhood": "Wells Goodfellow", "neighborhood_id": 50 },
            "geometry": {
                "type": "Polygon",
                "coordinates": [
                    [
                        [-90.25824986936342, 38.679260906507544],
                        [-90.26771243704408, 38.66577722241598],
                        [-90.27562873210789, 38.67007112293298],
                        [-90.27939740226502, 38.67210528970308],
                        [-90.28600433236592, 38.67563811200579],
                        [-90.28575141689593, 38.67595847999001],
                        [-90.28117826629908, 38.681736775976226],
                        [-90.2752261451684, 38.68925613427404],
                        [-90.2733090796983, 38.68760443049911],
                        [-90.27253285355441, 38.68693086603272],
                        [-90.27216799457571, 38.68663678437927],
                        [-90.27194340746334, 38.68647755170996],
                        [-90.27128170886054, 38.68606388058326],
                        [-90.26839703153777, 38.6841529918568],
                        [-90.2664117469752, 38.68292937077186],
                        [-90.26577452006633, 38.68255100296291],
                        [-90.2652113306096, 38.68229859673332],
                        [-90.25824986936342, 38.679260906507544]
                    ]
                ]
            }
        },
        {
            "id": "74",
            "type": "Feature",
            "properties": { "neighborhood": "Mark Twain", "neighborhood_id": 71 },
            "geometry": {
                "type": "Polygon",
                "coordinates": [
                    [
                        [-90.22779954971031, 38.683099790825565],
                        [-90.22862530694246, 38.68306832039543],
                        [-90.23312690732195, 38.6829263092556],
                        [-90.23609918036033, 38.68282851722109],
                        [-90.236689845094, 38.68281222006738],
                        [-90.23726379388212, 38.68280714070706],
                        [-90.23775324511826, 38.68284050343518],
                        [-90.23822012215719, 38.68289668699478],
                        [-90.23857432938122, 38.68295514297012],
                        [-90.2389932205264, 38.68304828568271],
                        [-90.23930964213223, 38.68313205457801],
                        [-90.23959194470952, 38.683215554764786],
                        [-90.2400275324096, 38.68337144677737],
                        [-90.2403173013827, 38.683492910578714],
                        [-90.24075388334248, 38.6837041595103],
                        [-90.24146164211166, 38.68407485646925],
                        [-90.24205986902253, 38.68439423479024],
                        [-90.24243399249409, 38.684597349736144],
                        [-90.2426452164805, 38.68471176912458],
                        [-90.24319826039903, 38.68501184796996],
                        [-90.2438366811636, 38.68535236624388],
                        [-90.24463370621068, 38.68576118818919],
                        [-90.24569109038039, 38.68626511148826],
                        [-90.24784016253552, 38.68717409817365],
                        [-90.24849203956315, 38.68744528539753],
                        [-90.24914243771494, 38.68772039275311],
                        [-90.24945783730834, 38.6878553705291],
                        [-90.2498417673173, 38.68802026009848],
                        [-90.2509891976737, 38.6885119723691],
                        [-90.25222760248822, 38.68904203379316],
                        [-90.25286727131109, 38.68930723931218],
                        [-90.2533381328075, 38.68949448796452],
                        [-90.25365065791613, 38.68962423044128],
                        [-90.25400013517265, 38.68979842454263],
                        [-90.25430156287625, 38.68993679219748],
                        [-90.25397629496881, 38.69011003348304],
                        [-90.24105432633122, 38.69717380913109],
                        [-90.23913659413527, 38.694986756873774],
                        [-90.23795828573736, 38.6934258024808],
                        [-90.23048312601098, 38.68487257720319],
                        [-90.22986945848703, 38.68424669066854],
                        [-90.22934360541699, 38.68387774472611],
                        [-90.22779954971031, 38.683099790825565]
                    ]
                ]
            }
        },
        {
            "id": "75",
            "type": "Feature",
            "properties": { "neighborhood": "Mark Twain I-70 Industrial", "neighborhood_id": 70 },
            "geometry": {
                "type": "Polygon",
                "coordinates": [
                    [
                        [-90.26086978298304, 38.69792345881598],
                        [-90.26069662050143, 38.6974913134628],
                        [-90.26058525381627, 38.69708513341242],
                        [-90.26052023297505, 38.696619352191355],
                        [-90.2604881038325, 38.69609366843902],
                        [-90.26047167596018, 38.69576643399136],
                        [-90.26044708781963, 38.69535400632378],
                        [-90.2603875040146, 38.694918660582125],
                        [-90.26031864139951, 38.69456545250471],
                        [-90.26024166835315, 38.69427011114685],
                        [-90.26013717450935, 38.694000800093015],
                        [-90.26001073699669, 38.69373462851905],
                        [-90.25986999792325, 38.69348125057412],
                        [-90.25968963252869, 38.69319667999744],
                        [-90.25950422154449, 38.69293360008659],
                        [-90.25935620212341, 38.692752066214915],
                        [-90.25924247911605, 38.6926246150997],
                        [-90.25901177668882, 38.69237997586706],
                        [-90.25881238155114, 38.692192376983],
                        [-90.25861674480639, 38.692023348172164],
                        [-90.25816651110095, 38.69168395956596],
                        [-90.25775888685534, 38.69143804465183],
                        [-90.25713808303962, 38.69111570725476],
                        [-90.25663283633314, 38.69089589226846],
                        [-90.2561240657751, 38.69068295858905],
                        [-90.25533454340325, 38.69036069926399],
                        [-90.25477649052628, 38.69013596045205],
                        [-90.25452687232466, 38.69004048384925],
                        [-90.25430156287625, 38.68993679219748],
                        [-90.25400013517265, 38.68979842454263],
                        [-90.25365065791613, 38.68962423044128],
                        [-90.2533381328075, 38.68949448796452],
                        [-90.25286727131109, 38.68930723931218],
                        [-90.25222760248822, 38.68904203379316],
                        [-90.2509891976737, 38.6885119723691],
                        [-90.2498417673173, 38.68802026009848],
                        [-90.24945783730834, 38.6878553705291],
                        [-90.2497686290699, 38.687392666421275],
                        [-90.25034786492506, 38.68655184902905],
                        [-90.25028958379546, 38.686527231421174],
                        [-90.24945319881438, 38.68617166169856],
                        [-90.24959399973424, 38.68556855237737],
                        [-90.24955899585842, 38.68555977310108],
                        [-90.24955242808227, 38.68534352027405],
                        [-90.24970604508964, 38.68541524225412],
                        [-90.24969861468318, 38.6846216625542],
                        [-90.24966749549286, 38.684342887262765],
                        [-90.24968744135171, 38.68389691476927],
                        [-90.24951048073022, 38.6838198978174],
                        [-90.25019577954544, 38.68278410179547],
                        [-90.25022891980836, 38.682733812334085],
                        [-90.24804332816863, 38.68178862797492],
                        [-90.25182651663467, 38.67637447451698],
                        [-90.25245993718329, 38.67664123608031],
                        [-90.25391761629338, 38.67727087125608],
                        [-90.25616227169738, 38.678259317461325],
                        [-90.25824986936342, 38.679260906507544],
                        [-90.2652113306096, 38.68229859673332],
                        [-90.26577452006633, 38.68255100296291],
                        [-90.2664117469752, 38.68292937077186],
                        [-90.26839703153777, 38.6841529918568],
                        [-90.27128170886054, 38.68606388058326],
                        [-90.27194340746334, 38.68647755170996],
                        [-90.27216799457571, 38.68663678437927],
                        [-90.27253285355441, 38.68693086603272],
                        [-90.2733090796983, 38.68760443049911],
                        [-90.2752261451684, 38.68925613427404],
                        [-90.27490077952537, 38.689667640356554],
                        [-90.2657326136198, 38.70124605108652],
                        [-90.26559613537256, 38.701190421216914],
                        [-90.26404768440968, 38.70054680115264],
                        [-90.26376452568918, 38.70042790877097],
                        [-90.26342249927713, 38.70027756671319],
                        [-90.26319800170361, 38.70016889679165],
                        [-90.26290214807656, 38.70001178199223],
                        [-90.26259208613111, 38.69981756727715],
                        [-90.26226229038761, 38.699594205979416],
                        [-90.26191636254563, 38.69930131159239],
                        [-90.26166316128354, 38.699048174561526],
                        [-90.26139640964901, 38.69875060763604],
                        [-90.26124235329877, 38.69854619154314],
                        [-90.26098902351058, 38.698154604557274],
                        [-90.26087037389262, 38.69792483296618],
                        [-90.26086978298304, 38.69792345881598]
                    ]
                ]
            }
        },
        {
            "id": "76",
            "type": "Feature",
            "properties": { "neighborhood": "Walnut Park East", "neighborhood_id": 72 },
            "geometry": {
                "type": "Polygon",
                "coordinates": [
                    [
                        [-90.24105432633122, 38.69717380913109],
                        [-90.25397629496881, 38.69011003348304],
                        [-90.25430156287625, 38.68993679219748],
                        [-90.25452687232466, 38.69004048384925],
                        [-90.25477649052628, 38.69013596045205],
                        [-90.25533454340325, 38.69036069926399],
                        [-90.2561240657751, 38.69068295858905],
                        [-90.25663283633314, 38.69089589226846],
                        [-90.25713808303962, 38.69111570725476],
                        [-90.25775888685534, 38.69143804465183],
                        [-90.25816651110095, 38.69168395956596],
                        [-90.25861674480639, 38.692023348172164],
                        [-90.25881238155114, 38.692192376983],
                        [-90.25901177668882, 38.69237997586706],
                        [-90.25924247911605, 38.6926246150997],
                        [-90.25935620212341, 38.692752066214915],
                        [-90.25950422154449, 38.69293360008659],
                        [-90.25968963252869, 38.69319667999744],
                        [-90.25986999792325, 38.69348125057412],
                        [-90.26001073699669, 38.69373462851905],
                        [-90.26013717450935, 38.694000800093015],
                        [-90.26024166835315, 38.69427011114685],
                        [-90.26031864139951, 38.69456545250471],
                        [-90.2603875040146, 38.694918660582125],
                        [-90.26044708781963, 38.69535400632378],
                        [-90.26047167596018, 38.69576643399136],
                        [-90.2604881038325, 38.69609366843902],
                        [-90.26052023297505, 38.696619352191355],
                        [-90.26058525381627, 38.69708513341242],
                        [-90.26069662050143, 38.6974913134628],
                        [-90.26086978298304, 38.69792345881598],
                        [-90.26087037389262, 38.69792483296618],
                        [-90.2607800753525, 38.69803036480268],
                        [-90.26058862751364, 38.698175257999196],
                        [-90.26053604150115, 38.69826741219549],
                        [-90.26030663250062, 38.698583625980845],
                        [-90.26021539099197, 38.69870906308866],
                        [-90.26005389571418, 38.69888652777231],
                        [-90.25997656884341, 38.69895776294511],
                        [-90.25969491745128, 38.699188305341586],
                        [-90.25954302203166, 38.69929208981842],
                        [-90.25906283379102, 38.699594522405],
                        [-90.25439331556495, 38.70241787737859],
                        [-90.25276049517934, 38.70340089604383],
                        [-90.24943166709478, 38.70677583530152],
                        [-90.24105432633122, 38.69717380913109]
                    ]
                ]
            }
        },
        {
            "id": "77",
            "type": "Feature",
            "properties": {
                "neighborhood": "Bellefontaine/Calvary Cemetery",
                "neighborhood_id": 86
            },
            "geometry": {
                "type": "Polygon",
                "coordinates": [
                    [
                        [-90.2283889270047, 38.7002890089919],
                        [-90.22734072984655, 38.69819258367213],
                        [-90.2269013204188, 38.697412879107226],
                        [-90.22670033761675, 38.69705311067452],
                        [-90.22607079082735, 38.69590522894247],
                        [-90.22552921173641, 38.6948300691909],
                        [-90.22495893226568, 38.69346742772169],
                        [-90.22365465128898, 38.690357817639864],
                        [-90.2232173837966, 38.689354258712584],
                        [-90.22262088018617, 38.688381733258936],
                        [-90.22193727834643, 38.687513752967604],
                        [-90.22141606908573, 38.687008641432165],
                        [-90.22053524745475, 38.68633170936049],
                        [-90.22234063180221, 38.6854278054626],
                        [-90.2241822636661, 38.68444204899324],
                        [-90.22463393008994, 38.68419850943986],
                        [-90.22502890025498, 38.683902662057776],
                        [-90.22545169305593, 38.68351236529233],
                        [-90.22570433269901, 38.68324979239156],
                        [-90.22581095122275, 38.683236779611796],
                        [-90.22602711818344, 38.68320433553218],
                        [-90.22657264929235, 38.68314679450972],
                        [-90.22779954971031, 38.683099790825565],
                        [-90.22934360541699, 38.68387774472611],
                        [-90.22986945848703, 38.68424669066854],
                        [-90.23048312601098, 38.68487257720319],
                        [-90.23795828573736, 38.6934258024808],
                        [-90.23913659413527, 38.694986756873774],
                        [-90.24105432633122, 38.69717380913109],
                        [-90.24943166709478, 38.70677583530152],
                        [-90.24401462508463, 38.71227371591183],
                        [-90.24317333436134, 38.711989951209794],
                        [-90.24247034279583, 38.711755005521674],
                        [-90.24208295252505, 38.7116253423184],
                        [-90.24117225907695, 38.71131988271545],
                        [-90.24024235551819, 38.711008441957645],
                        [-90.2394104417069, 38.710727389837686],
                        [-90.23869637408374, 38.71049011663201],
                        [-90.23811389398341, 38.71028515196508],
                        [-90.23774550790203, 38.7101476910113],
                        [-90.2373188755965, 38.70998222758965],
                        [-90.23686133035119, 38.70979881691903],
                        [-90.23640905838029, 38.70961154526862],
                        [-90.2356168471366, 38.70926374828742],
                        [-90.23528596144887, 38.70910944946483],
                        [-90.23473209147642, 38.70883064084772],
                        [-90.23446629056855, 38.70868472496399],
                        [-90.2341827511575, 38.7085220460449],
                        [-90.2335932939176, 38.70816511341439],
                        [-90.23303100872016, 38.70779703561205],
                        [-90.23275312865974, 38.7076030353768],
                        [-90.2321896020623, 38.70718481136719],
                        [-90.23191443377665, 38.70697000233608],
                        [-90.23165298832942, 38.706759095220484],
                        [-90.2314113417893, 38.70655855796422],
                        [-90.23119623148355, 38.70637477539127],
                        [-90.23101138999174, 38.70621209666923],
                        [-90.23069216287927, 38.705917551998226],
                        [-90.23037704731937, 38.7056110990996],
                        [-90.23013789005266, 38.70537486849791],
                        [-90.23011974523597, 38.705149197003294],
                        [-90.23010146100744, 38.70488601618047],
                        [-90.2300367948706, 38.70445130361334],
                        [-90.22989840285274, 38.703829508118],
                        [-90.22981792116889, 38.70356571685491],
                        [-90.22935641011676, 38.702507456153455],
                        [-90.2283889270047, 38.7002890089919]
                    ]
                ]
            }
        },
        {
            "id": "78",
            "type": "Feature",
            "properties": { "neighborhood": "Walnut Park West", "neighborhood_id": 76 },
            "geometry": {
                "type": "Polygon",
                "coordinates": [
                    [
                        [-90.24943166709478, 38.70677583530152],
                        [-90.25276049517934, 38.70340089604383],
                        [-90.25439331556495, 38.70241787737859],
                        [-90.25906283379102, 38.699594522405],
                        [-90.25954302203166, 38.69929208981842],
                        [-90.25969491745128, 38.699188305341586],
                        [-90.25997656884341, 38.69895776294511],
                        [-90.26005389571418, 38.69888652777231],
                        [-90.26021539099197, 38.69870906308866],
                        [-90.26030663250062, 38.698583625980845],
                        [-90.26053604150115, 38.69826741219549],
                        [-90.26058862751364, 38.698175257999196],
                        [-90.2607800753525, 38.69803036480268],
                        [-90.26087037389262, 38.69792483296618],
                        [-90.26098902351058, 38.698154604557274],
                        [-90.26124235329877, 38.69854619154314],
                        [-90.26139640964901, 38.69875060763604],
                        [-90.26166316128354, 38.699048174561526],
                        [-90.26191636254563, 38.69930131159239],
                        [-90.26226229038761, 38.699594205979416],
                        [-90.26259208613111, 38.69981756727715],
                        [-90.26290214807656, 38.70001178199223],
                        [-90.26319800170361, 38.70016889679165],
                        [-90.26342249927713, 38.70027756671319],
                        [-90.26376452568918, 38.70042790877097],
                        [-90.26404768440968, 38.70054680115264],
                        [-90.26559613537256, 38.701190421216914],
                        [-90.2657326136198, 38.70124605108652],
                        [-90.26404595760927, 38.7033757749682],
                        [-90.25651632611734, 38.71288081416536],
                        [-90.25578422548378, 38.71380009192776],
                        [-90.25533962225497, 38.71349025051268],
                        [-90.25501171542581, 38.71312252190218],
                        [-90.24943166709478, 38.70677583530152]
                    ]
                ]
            }
        },
        {
            "id": "79",
            "type": "Feature",
            "properties": { "neighborhood": "North Pointe", "neighborhood_id": 73 },
            "geometry": {
                "type": "Polygon",
                "coordinates": [
                    [
                        [-90.24181320824928, 38.71450770209585],
                        [-90.24401462508463, 38.71227371591183],
                        [-90.24943166709478, 38.70677583530152],
                        [-90.25501171542581, 38.71312252190218],
                        [-90.25533962225497, 38.71349025051268],
                        [-90.25578422548378, 38.71380009192776],
                        [-90.25479016078555, 38.715047634441454],
                        [-90.25316945748514, 38.71708257335439],
                        [-90.25225626526029, 38.71822866688718],
                        [-90.25175495112428, 38.71885803022259],
                        [-90.2463649868302, 38.72095870131448],
                        [-90.2439433677457, 38.721902563162054],
                        [-90.24058452354981, 38.72321131228307],
                        [-90.23984879917347, 38.72349799488555],
                        [-90.24004110108791, 38.72291560972429],
                        [-90.23996087787557, 38.72289346435817],
                        [-90.23988270314238, 38.72285759413935],
                        [-90.23983958185174, 38.72283072595344],
                        [-90.23978045291848, 38.722781635343026],
                        [-90.23976358773713, 38.72276374964391],
                        [-90.23970895291203, 38.72268331129617],
                        [-90.23970112368002, 38.722667505107204],
                        [-90.23967745957343, 38.72259169322408],
                        [-90.23967932663552, 38.72248279584291],
                        [-90.2396953196592, 38.72242217544412],
                        [-90.23974322699101, 38.722337406926144],
                        [-90.23980743650054, 38.72227096245848],
                        [-90.23988825526237, 38.72221553839211],
                        [-90.23996257730376, 38.722182753258664],
                        [-90.24001784884757, 38.722164561356706],
                        [-90.24013999427159, 38.722147451387535],
                        [-90.24022088784498, 38.72214875634587],
                        [-90.24059698995856, 38.720160643264975],
                        [-90.241457845859, 38.71530025668201],
                        [-90.24156006025805, 38.714897057978526],
                        [-90.24167210403091, 38.71468381380269],
                        [-90.24181320824928, 38.71450770209585]
                    ]
                ]
            }
        },
        {
            "id": "80",
            "type": "Feature",
            "properties": { "neighborhood": "North Riverfront", "neighborhood_id": 79 },
            "geometry": {
                "type": "Polygon",
                "coordinates": [
                    [
                        [-90.22018468718036, 38.72846732131298],
                        [-90.21917940068234, 38.72774137398069],
                        [-90.21887738843706, 38.7275861651862],
                        [-90.21868773709429, 38.72752623322602],
                        [-90.21834795995268, 38.72746363315203],
                        [-90.21802959772948, 38.72744661037263],
                        [-90.21764073378388, 38.727458494929735],
                        [-90.21747683027012, 38.72746540236597],
                        [-90.21706116899092, 38.727463491798304],
                        [-90.2167534319539, 38.72742795574944],
                        [-90.21638299170124, 38.72736365590154],
                        [-90.21583969164871, 38.72727562202114],
                        [-90.21538309298764, 38.72721110866427],
                        [-90.21514371596871, 38.72717439066992],
                        [-90.21462186885086, 38.7270605365675],
                        [-90.21425329649958, 38.72696855604062],
                        [-90.21465733879442, 38.72563386718941],
                        [-90.2159129698062, 38.72227894028596],
                        [-90.21694831630458, 38.71301013241431],
                        [-90.21554042665333, 38.707533625141686],
                        [-90.21338158533182, 38.70274590326175],
                        [-90.21290735878287, 38.70216027845889],
                        [-90.20640644014068, 38.694066974415755],
                        [-90.2070209455564, 38.69359029138272],
                        [-90.19868088517649, 38.686289334177225],
                        [-90.1986570444124, 38.68626000131617],
                        [-90.19897250209594, 38.68608941565228],
                        [-90.21039408091966, 38.68003456388857],
                        [-90.21115677458127, 38.679623412478286],
                        [-90.21125494034574, 38.67968200503262],
                        [-90.21292386685312, 38.68069847014534],
                        [-90.21484072530279, 38.68185552941686],
                        [-90.21604527352541, 38.68258546306281],
                        [-90.21675094390466, 38.683006389823476],
                        [-90.21701081367864, 38.68315716442142],
                        [-90.2174536246487, 38.683387956359354],
                        [-90.21754279313971, 38.683429607815576],
                        [-90.21771361479895, 38.68350004040146],
                        [-90.21808755306903, 38.68365103291371],
                        [-90.2184272243589, 38.68376811271382],
                        [-90.21881883023421, 38.6838811696408],
                        [-90.21917819589372, 38.68396147105583],
                        [-90.21969223852315, 38.68404895286012],
                        [-90.22025836788949, 38.684111404379806],
                        [-90.22057300511241, 38.68412704001484],
                        [-90.22099599357053, 38.68413513440268],
                        [-90.221104050768, 38.684131053487874],
                        [-90.22547659022479, 38.68180969496612],
                        [-90.22555975852495, 38.681891360553735],
                        [-90.22582706185209, 38.68207162433857],
                        [-90.22603905424415, 38.68221466052366],
                        [-90.22629137536758, 38.682346834179484],
                        [-90.22653668412423, 38.68247146762467],
                        [-90.22779954971031, 38.683099790825565],
                        [-90.22657264929235, 38.68314679450972],
                        [-90.22602711818344, 38.68320433553218],
                        [-90.22581095122275, 38.683236779611796],
                        [-90.22570433269901, 38.68324979239156],
                        [-90.22545169305593, 38.68351236529233],
                        [-90.22502890025498, 38.683902662057776],
                        [-90.22463393008994, 38.68419850943986],
                        [-90.2241822636661, 38.68444204899324],
                        [-90.22234063180221, 38.6854278054626],
                        [-90.22053524745475, 38.68633170936049],
                        [-90.22141606908573, 38.687008641432165],
                        [-90.22193727834643, 38.687513752967604],
                        [-90.22262088018617, 38.688381733258936],
                        [-90.2232173837966, 38.689354258712584],
                        [-90.22365465128898, 38.690357817639864],
                        [-90.22495893226568, 38.69346742772169],
                        [-90.22552921173641, 38.6948300691909],
                        [-90.22607079082735, 38.69590522894247],
                        [-90.22670033761675, 38.69705311067452],
                        [-90.2269013204188, 38.697412879107226],
                        [-90.22734072984655, 38.69819258367213],
                        [-90.2283889270047, 38.7002890089919],
                        [-90.22666312240055, 38.70121540349778],
                        [-90.22605501921765, 38.70148214346961],
                        [-90.2225064119805, 38.70345605834563],
                        [-90.22491681831742, 38.70618182659712],
                        [-90.2261693380726, 38.70763418092307],
                        [-90.22673192797981, 38.70829017078322],
                        [-90.22701682619424, 38.708625394528326],
                        [-90.22725821696184, 38.70896598081743],
                        [-90.2276684675141, 38.70968226674045],
                        [-90.2278041646018, 38.71001436710849],
                        [-90.22792909432414, 38.71041374414518],
                        [-90.22799977542107, 38.71095163455672],
                        [-90.22799615108136, 38.711445665777056],
                        [-90.22791723908686, 38.711997431116636],
                        [-90.22783312779544, 38.71245966943348],
                        [-90.22715879614094, 38.71643372032931],
                        [-90.22596546848283, 38.723436156423034],
                        [-90.22580260972387, 38.72430945758965],
                        [-90.2256845457114, 38.72477919188481],
                        [-90.22548671019634, 38.725264499568716],
                        [-90.22542817742846, 38.72536368096549],
                        [-90.22518698193407, 38.72572900222756],
                        [-90.22494980970647, 38.72602247228845],
                        [-90.2246471397351, 38.726338688768756],
                        [-90.22439414698368, 38.726570119451445],
                        [-90.22418433747562, 38.726738275770245],
                        [-90.22399865182933, 38.726867799661854],
                        [-90.22320911620247, 38.727382843714885],
                        [-90.22299606009206, 38.72756425377199],
                        [-90.22290681302887, 38.7276729707216],
                        [-90.22275498712258, 38.72795612254052],
                        [-90.22223265830712, 38.7283333458214],
                        [-90.22157339364186, 38.72877570369642],
                        [-90.22097248233307, 38.72915616644124],
                        [-90.22018468718036, 38.72846732131298]
                    ]
                ]
            }
        },
        {
            "id": "81",
            "type": "Feature",
            "properties": { "neighborhood": "Baden", "neighborhood_id": 74 },
            "geometry": {
                "type": "Polygon",
                "coordinates": [
                    [
                        [-90.22183334564781, 38.729908747610764],
                        [-90.22097248233307, 38.72915616644124],
                        [-90.22157339364186, 38.72877570369642],
                        [-90.22223265830712, 38.7283333458214],
                        [-90.22275498712258, 38.72795612254052],
                        [-90.22290681302887, 38.7276729707216],
                        [-90.22299606009206, 38.72756425377199],
                        [-90.22320911620247, 38.727382843714885],
                        [-90.22399865182933, 38.726867799661854],
                        [-90.22418433747562, 38.726738275770245],
                        [-90.22439414698368, 38.726570119451445],
                        [-90.2246471397351, 38.726338688768756],
                        [-90.22494980970647, 38.72602247228845],
                        [-90.22518698193407, 38.72572900222756],
                        [-90.22542817742846, 38.72536368096549],
                        [-90.22548671019634, 38.725264499568716],
                        [-90.2256845457114, 38.72477919188481],
                        [-90.22580260972387, 38.72430945758965],
                        [-90.22596546848283, 38.723436156423034],
                        [-90.22715879614094, 38.71643372032931],
                        [-90.22783312779544, 38.71245966943348],
                        [-90.22791723908686, 38.711997431116636],
                        [-90.22799615108136, 38.711445665777056],
                        [-90.22799977542107, 38.71095163455672],
                        [-90.22792909432414, 38.71041374414518],
                        [-90.2278041646018, 38.71001436710849],
                        [-90.2276684675141, 38.70968226674045],
                        [-90.22725821696184, 38.70896598081743],
                        [-90.22701682619424, 38.708625394528326],
                        [-90.22673192797981, 38.70829017078322],
                        [-90.2261693380726, 38.70763418092307],
                        [-90.22491681831742, 38.70618182659712],
                        [-90.2225064119805, 38.70345605834563],
                        [-90.22605501921765, 38.70148214346961],
                        [-90.22666312240055, 38.70121540349778],
                        [-90.2283889270047, 38.7002890089919],
                        [-90.22935641011676, 38.702507456153455],
                        [-90.22981792116889, 38.70356571685491],
                        [-90.22989840285274, 38.703829508118],
                        [-90.2300367948706, 38.70445130361334],
                        [-90.23010146100744, 38.70488601618047],
                        [-90.23011974523597, 38.705149197003294],
                        [-90.23013789005266, 38.70537486849791],
                        [-90.23037704731937, 38.7056110990996],
                        [-90.23069216287927, 38.705917551998226],
                        [-90.23101138999174, 38.70621209666923],
                        [-90.23119623148355, 38.70637477539127],
                        [-90.2314113417893, 38.70655855796422],
                        [-90.23165298832942, 38.706759095220484],
                        [-90.23191443377665, 38.70697000233608],
                        [-90.2321896020623, 38.70718481136719],
                        [-90.23275312865974, 38.7076030353768],
                        [-90.23303100872016, 38.70779703561205],
                        [-90.2335932939176, 38.70816511341439],
                        [-90.2341827511575, 38.7085220460449],
                        [-90.23446629056855, 38.70868472496399],
                        [-90.23473209147642, 38.70883064084772],
                        [-90.23528596144887, 38.70910944946483],
                        [-90.2356168471366, 38.70926374828742],
                        [-90.23640905838029, 38.70961154526862],
                        [-90.23686133035119, 38.70979881691903],
                        [-90.2373188755965, 38.70998222758965],
                        [-90.23774550790203, 38.7101476910113],
                        [-90.23811389398341, 38.71028515196508],
                        [-90.23869637408374, 38.71049011663201],
                        [-90.2394104417069, 38.710727389837686],
                        [-90.24024235551819, 38.711008441957645],
                        [-90.24117225907695, 38.71131988271545],
                        [-90.24208295252505, 38.7116253423184],
                        [-90.24247034279583, 38.711755005521674],
                        [-90.24317333436134, 38.711989951209794],
                        [-90.24401462508463, 38.71227371591183],
                        [-90.24181320824928, 38.71450770209585],
                        [-90.24167210403091, 38.71468381380269],
                        [-90.24156006025805, 38.714897057978526],
                        [-90.241457845859, 38.71530025668201],
                        [-90.24059698995856, 38.720160643264975],
                        [-90.24022088784498, 38.72214875634587],
                        [-90.24013999427159, 38.722147451387535],
                        [-90.24001784884757, 38.722164561356706],
                        [-90.23996257730376, 38.722182753258664],
                        [-90.23988825526237, 38.72221553839211],
                        [-90.23980743650054, 38.72227096245848],
                        [-90.23974322699101, 38.722337406926144],
                        [-90.2396953196592, 38.72242217544412],
                        [-90.23967932663552, 38.72248279584291],
                        [-90.23967745957343, 38.72259169322408],
                        [-90.23970112368002, 38.722667505107204],
                        [-90.23970895291203, 38.72268331129617],
                        [-90.23976358773713, 38.72276374964391],
                        [-90.23978045291848, 38.722781635343026],
                        [-90.23983958185174, 38.72283072595344],
                        [-90.23988270314238, 38.72285759413935],
                        [-90.23996087787557, 38.72289346435817],
                        [-90.24004110108791, 38.72291560972429],
                        [-90.23984879917347, 38.72349799488555],
                        [-90.23420191991713, 38.72569797481863],
                        [-90.23135806916963, 38.726747043587196],
                        [-90.22845492557975, 38.72801027658382],
                        [-90.22834548134087, 38.728058075025714],
                        [-90.22434989578402, 38.729109975373866],
                        [-90.22196275560891, 38.73006603650244],
                        [-90.2219561127971, 38.73004314749029],
                        [-90.2219314529945, 38.73000234046629],
                        [-90.2218892431421, 38.72995786656915],
                        [-90.22183334564781, 38.729908747610764]
                    ]
                ]
            }
        },
        {
            "id": "82",
            "type": "Feature",
            "properties": { "neighborhood": "Riverview", "neighborhood_id": 75 },
            "geometry": {
                "type": "Polygon",
                "coordinates": [
                    [
                        [-90.17505144558082, 38.77336393678002],
                        [-90.18106747115296, 38.76020950463673],
                        [-90.18185986859595, 38.756766739729294],
                        [-90.18264054826297, 38.75430557989905],
                        [-90.18321158513908, 38.75277263274964],
                        [-90.18444946409443, 38.751241732151826],
                        [-90.18584058481679, 38.74987254892301],
                        [-90.18835570679313, 38.7481068277559],
                        [-90.1913960536559, 38.74641479303563],
                        [-90.19864977998218, 38.742189764904275],
                        [-90.20616116001858, 38.73726703980578],
                        [-90.2079370114181, 38.73594317599782],
                        [-90.21073942667755, 38.733399698098175],
                        [-90.21216161191013, 38.73193987844993],
                        [-90.21361428506303, 38.72963392136569],
                        [-90.2139380051478, 38.728010749832215],
                        [-90.21425329649958, 38.72696855604062],
                        [-90.21462186885086, 38.7270605365675],
                        [-90.21514371596871, 38.72717439066992],
                        [-90.21538309298764, 38.72721110866427],
                        [-90.21583969164871, 38.72727562202114],
                        [-90.21638299170124, 38.72736365590154],
                        [-90.2167534319539, 38.72742795574944],
                        [-90.21706116899092, 38.727463491798304],
                        [-90.21747683027012, 38.72746540236597],
                        [-90.21764073378388, 38.727458494929735],
                        [-90.21802959772948, 38.72744661037263],
                        [-90.21834795995268, 38.72746363315203],
                        [-90.21868773709429, 38.72752623322602],
                        [-90.21887738843706, 38.7275861651862],
                        [-90.21917940068234, 38.72774137398069],
                        [-90.22018468718036, 38.72846732131298],
                        [-90.22097248233307, 38.72915616644124],
                        [-90.22183334564781, 38.729908747610764],
                        [-90.2218892431421, 38.72995786656915],
                        [-90.2219314529945, 38.73000234046629],
                        [-90.2219561127971, 38.73004314749029],
                        [-90.22196275560891, 38.73006603650244],
                        [-90.2218518439802, 38.730110393015615],
                        [-90.22147783504768, 38.730509027090655],
                        [-90.21981438918115, 38.732241376590984],
                        [-90.21834210812598, 38.7334000019961],
                        [-90.21797159232624, 38.73356959922109],
                        [-90.21263346104972, 38.7362198463318],
                        [-90.20921881567565, 38.73879295787624],
                        [-90.2078953370356, 38.73977976316595],
                        [-90.20271814825611, 38.744423947720016],
                        [-90.20209343358837, 38.74498388638184],
                        [-90.19731319500515, 38.74927116160071],
                        [-90.19541494680726, 38.75162239939465],
                        [-90.19423059588817, 38.75271789792613],
                        [-90.19197831659828, 38.75478579534399],
                        [-90.1892571147456, 38.75767865833214],
                        [-90.1888349490064, 38.758117119282154],
                        [-90.18869023505819, 38.75826707022984],
                        [-90.18862058923656, 38.75835565824578],
                        [-90.18842124743207, 38.758567463884994],
                        [-90.18712891271696, 38.760247688765496],
                        [-90.18623989964932, 38.761375225836645],
                        [-90.18504242013958, 38.7648539960448],
                        [-90.18490230060398, 38.765549252180634],
                        [-90.18384198192427, 38.77056558782055],
                        [-90.18407181705393, 38.77299356880316],
                        [-90.18418571205152, 38.77434508151282],
                        [-90.17505144558082, 38.77336393678002]
                    ]
                ]
            }
        },
        {
            "id": "83",
            "type": "Feature",
            "properties": { "neighborhood": "Forest Park", "neighborhood_id": 82 },
            "geometry": {
                "type": "Polygon",
                "coordinates": [
                    [
                        [-90.28473352146707, 38.64747024001634],
                        [-90.28495026419445, 38.646040813861276],
                        [-90.2746604189571, 38.6450311046472],
                        [-90.26724166345602, 38.64429207045669],
                        [-90.26583803299553, 38.64415746486925],
                        [-90.2653830667259, 38.644094275793215],
                        [-90.2651865173406, 38.644057745904135],
                        [-90.26502822157818, 38.64401530521584],
                        [-90.26483440113337, 38.64395793815249],
                        [-90.26519295577947, 38.64246032232529],
                        [-90.26564884526226, 38.63973176884948],
                        [-90.26641161947535, 38.63512946049178],
                        [-90.26646629630763, 38.63473234550061],
                        [-90.2665252350435, 38.63427320815468],
                        [-90.26652542944097, 38.63394345022437],
                        [-90.26644783504723, 38.63331151438123],
                        [-90.26641630234317, 38.63315765230091],
                        [-90.26621716812296, 38.63266458183467],
                        [-90.26605081726224, 38.63232902791474],
                        [-90.26540836919813, 38.63127350027093],
                        [-90.2647516765121, 38.630212035850995],
                        [-90.26460733851641, 38.629925017171814],
                        [-90.26451075675485, 38.62965709512326],
                        [-90.26446033811644, 38.62938215428997],
                        [-90.2644748906419, 38.62921399622338],
                        [-90.26453498300782, 38.62876837154251],
                        [-90.27453225988224, 38.62974578581187],
                        [-90.2850113117346, 38.630752065256395],
                        [-90.28676757107574, 38.63091522880568],
                        [-90.29125034879783, 38.63138031678145],
                        [-90.29374917183605, 38.631617245914356],
                        [-90.29649593719145, 38.6318779205197],
                        [-90.29762958498983, 38.631987417198864],
                        [-90.29955884342048, 38.63217430292665],
                        [-90.30035323106846, 38.632275420429686],
                        [-90.30399777453682, 38.632615239393715],
                        [-90.30452484626949, 38.632655031564276],
                        [-90.30450403883081, 38.63268564061025],
                        [-90.30434567216552, 38.6334039013711],
                        [-90.30429548778848, 38.63362969693456],
                        [-90.30410614219221, 38.634267807221654],
                        [-90.30390456867713, 38.63501139364585],
                        [-90.30381834176433, 38.635396804194855],
                        [-90.30368210905344, 38.636248277675215],
                        [-90.30351926318873, 38.63731894056245],
                        [-90.30335965069577, 38.63839622549538],
                        [-90.30316217098328, 38.6394535393355],
                        [-90.30293624958995, 38.640538730526046],
                        [-90.30269316473681, 38.64152204564291],
                        [-90.30167145772118, 38.644235809864185],
                        [-90.30160091417906, 38.64442334639167],
                        [-90.30154378438631, 38.644609504742895],
                        [-90.30140686348328, 38.645174244334115],
                        [-90.30123765428654, 38.645993640818254],
                        [-90.30102378903906, 38.64736074285869],
                        [-90.30093091078707, 38.64792440338216],
                        [-90.30086585349684, 38.64791124959237],
                        [-90.30081544410717, 38.6478944685045],
                        [-90.300774634662, 38.64787495783495],
                        [-90.30073908370565, 38.64785361649321],
                        [-90.3007024006039, 38.64782378774084],
                        [-90.30066721071611, 38.647785751722076],
                        [-90.30064483283059, 38.6477491113814],
                        [-90.30062775245331, 38.64770857921629],
                        [-90.30061705760698, 38.647663693125594],
                        [-90.3006162830685, 38.64762730851196],
                        [-90.30062165953932, 38.64758247683754],
                        [-90.28635311641321, 38.64617886707984],
                        [-90.28611155466818, 38.647651004824745],
                        [-90.28541495212986, 38.64756186006742],
                        [-90.28473352146707, 38.64747024001634]
                    ]
                ]
            }
        },
        {
            "id": "84",
            "type": "Feature",
            "properties": { "neighborhood": "DeBaliviere Place", "neighborhood_id": 47 },
            "geometry": {
                "type": "Polygon",
                "coordinates": [
                    [
                        [-90.27914171471524, 38.65343654247516],
                        [-90.27457300965487, 38.65298112250016],
                        [-90.2743172293011, 38.652929143596],
                        [-90.2737512311207, 38.65279877291865],
                        [-90.27349206373748, 38.65272207250986],
                        [-90.2733748767933, 38.65268362178407],
                        [-90.2746604189571, 38.6450311046472],
                        [-90.28495026419445, 38.646040813861276],
                        [-90.28473352146707, 38.64747024001634],
                        [-90.28541495212986, 38.64756186006742],
                        [-90.28502115881457, 38.64986407989988],
                        [-90.2847871165896, 38.65131351817358],
                        [-90.28473988986926, 38.651590768743354],
                        [-90.28468562876766, 38.651983801058904],
                        [-90.28436979086669, 38.653847254249186],
                        [-90.28434877100462, 38.65395567876388],
                        [-90.27914171471524, 38.65343654247516]
                    ]
                ]
            }
        },
        {
            "id": "85",
            "type": "Feature",
            "properties": { "neighborhood": "Skinker DeBaliviere", "neighborhood_id": 46 },
            "geometry": {
                "type": "Polygon",
                "coordinates": [
                    [
                        [-90.28434877100462, 38.65395567876388],
                        [-90.28436979086669, 38.653847254249186],
                        [-90.28468562876766, 38.651983801058904],
                        [-90.28473988986926, 38.651590768743354],
                        [-90.2847871165896, 38.65131351817358],
                        [-90.28502115881457, 38.64986407989988],
                        [-90.28541495212986, 38.64756186006742],
                        [-90.28611155466818, 38.647651004824745],
                        [-90.28635311641321, 38.64617886707984],
                        [-90.30062165953932, 38.64758247683754],
                        [-90.3006162830685, 38.64762730851196],
                        [-90.30061705760698, 38.647663693125594],
                        [-90.30062775245331, 38.64770857921629],
                        [-90.30064483283059, 38.6477491113814],
                        [-90.30066721071611, 38.647785751722076],
                        [-90.3007024006039, 38.64782378774084],
                        [-90.30073908370565, 38.64785361649321],
                        [-90.300774634662, 38.64787495783495],
                        [-90.30081544410717, 38.6478944685045],
                        [-90.30086585349684, 38.64791124959237],
                        [-90.30093091078707, 38.64792440338216],
                        [-90.30097204685877, 38.64792677964928],
                        [-90.30105053009264, 38.64792164114556],
                        [-90.30109464128384, 38.64791163881266],
                        [-90.30113581849145, 38.64789913241033],
                        [-90.3012024402429, 38.64786538844119],
                        [-90.30125419520228, 38.6478263471769],
                        [-90.3012898780814, 38.64778749750675],
                        [-90.30132743013758, 38.64771822708553],
                        [-90.30133838228156, 38.647657615870706],
                        [-90.30311750504619, 38.64784484723068],
                        [-90.3018132183382, 38.65565276133805],
                        [-90.29459048596057, 38.65496250170061],
                        [-90.28434877100462, 38.65395567876388]
                    ]
                ]
            }
        },
        {
            "id": "86",
            "type": "Feature",
            "properties": { "neighborhood": "Downtown", "neighborhood_id": 35 },
            "geometry": {
                "type": "Polygon",
                "coordinates": [
                    [
                        [-90.18609815730265, 38.634441076468924],
                        [-90.18578309702595, 38.63437339469025],
                        [-90.1856268556043, 38.63434117719445],
                        [-90.18541074855202, 38.63432502715011],
                        [-90.18148207553273, 38.633888972570524],
                        [-90.18098725732088, 38.63383638635801],
                        [-90.18131800258959, 38.629180702322],
                        [-90.18747718668986, 38.61447028750071],
                        [-90.18807584497364, 38.61476023428507],
                        [-90.19185389477452, 38.6165624536415],
                        [-90.19202183405073, 38.6166418418298],
                        [-90.19205207610355, 38.61660029301148],
                        [-90.19297423585282, 38.61709651578627],
                        [-90.19339139588578, 38.617081353917506],
                        [-90.20168964064756, 38.61876672275284],
                        [-90.20168435752987, 38.61885092734279],
                        [-90.19952782510228, 38.624325829969585],
                        [-90.19825567689279, 38.62746962722684],
                        [-90.19695863791962, 38.631227771861745],
                        [-90.1967459747522, 38.63177525094856],
                        [-90.19654108211076, 38.632280654783195],
                        [-90.19579075584349, 38.63428004010341],
                        [-90.19542273026079, 38.63534312455299],
                        [-90.19538342584836, 38.63545653784663],
                        [-90.1951515552752, 38.63537514938982],
                        [-90.18809887825694, 38.63391899183429],
                        [-90.1876145414204, 38.63379756518848],
                        [-90.18715318493992, 38.63362471307442],
                        [-90.1869804383141, 38.63356430766968],
                        [-90.18690532022053, 38.63352978279626],
                        [-90.18665066415635, 38.633386972264844],
                        [-90.18657031640447, 38.63334784764352],
                        [-90.18644705394134, 38.633307481852995],
                        [-90.18614367465374, 38.633235274745076],
                        [-90.1860705638405, 38.63321470318691],
                        [-90.18609815730265, 38.634441076468924]
                    ]
                ]
            }
        },
        {
            "id": "87",
            "type": "Feature",
            "properties": { "neighborhood": "The Hill", "neighborhood_id": 12 },
            "geometry": {
                "type": "Polygon",
                "coordinates": [
                    [
                        [-90.2650164853647, 38.625862286353644],
                        [-90.26519900739837, 38.62495888900758],
                        [-90.26608858036742, 38.620555600972764],
                        [-90.2665184889704, 38.61842331426191],
                        [-90.26768254441717, 38.612650202562506],
                        [-90.27123086247857, 38.611795438793166],
                        [-90.27203318765883, 38.61160500876066],
                        [-90.27270434913379, 38.61141135367742],
                        [-90.27304552926547, 38.61132551834706],
                        [-90.2734409834448, 38.61124096908453],
                        [-90.27374096786006, 38.61118915710211],
                        [-90.27525047576646, 38.611006935002145],
                        [-90.27552771139518, 38.61104453712725],
                        [-90.28760152252669, 38.61222937242658],
                        [-90.28749566476834, 38.61252252845286],
                        [-90.28739379598863, 38.61285116881958],
                        [-90.28731272246318, 38.61314189762163],
                        [-90.28724764405995, 38.613443612105904],
                        [-90.28720298326066, 38.61375266721557],
                        [-90.28716029601196, 38.61408072843337],
                        [-90.28713397567368, 38.61449578266119],
                        [-90.28714176915874, 38.61511544320716],
                        [-90.28714332491562, 38.616175868889755],
                        [-90.2871289177504, 38.61650329491739],
                        [-90.2871332986811, 38.61669049231552],
                        [-90.28716773105327, 38.61688252360989],
                        [-90.28724627468968, 38.617154073167775],
                        [-90.28735195094963, 38.61741122975224],
                        [-90.28748947575141, 38.61765723966695],
                        [-90.2876842152269, 38.61799034528562],
                        [-90.28794620090821, 38.61826173334166],
                        [-90.28812398325958, 38.61850669021215],
                        [-90.28819671761613, 38.61867226369884],
                        [-90.28821034480538, 38.61870386646847],
                        [-90.28837155454252, 38.619122225666345],
                        [-90.28846185199345, 38.6196605914114],
                        [-90.28848297299213, 38.62002471194419],
                        [-90.28843517721931, 38.62050768877672],
                        [-90.28806332863998, 38.62245456376114],
                        [-90.28014423401265, 38.623400065410735],
                        [-90.27570275872272, 38.62391564048863],
                        [-90.27257344513016, 38.62428439082093],
                        [-90.272314592469, 38.62431821138859],
                        [-90.27154955527458, 38.62447208441998],
                        [-90.26808601293284, 38.625439387085876],
                        [-90.26704409031234, 38.625582945534795],
                        [-90.2650164853647, 38.625862286353644]
                    ]
                ]
            }
        }
    ]
}
