{"type": "FeatureCollection", "features": [{"id": "0", "type": "Feature", "properties": {"OBJECTID": 1, "Id": 0, "stormdate": 1747353600000, "stormtime": "1942 UTC", "surveydate": 1748822400000, "surveytime": "1450 UTC", "event_id": " ", "damage": 27, "damage_txt": "Trees: Hardwood (TH)", "dod_txt": "Trunks snapped", "efscale": "EF1", "damage_dir": "N/A", "windspeed": "107", "injuries": 0, "deaths": 0, "lat": 38.6429, "lon": -90.2982, "office": "LSX", "image": " ", "qc": "Y", "dod": 4, "surveytype": "0", "comments": "Numerous trees snapped or uprooted in this area per hi-res satellite imagery. Felled generally to the northeast.", "image_full": " "}, "geometry": {"type": "Point", "coordinates": [-90.2981719033107, 38.6428833626771]}}, {"id": "1", "type": "Feature", "properties": {"OBJECTID": 2, "Id": 0, "stormdate": 1747353600000, "stormtime": "1941 UTC", "surveydate": 1748476800000, "surveytime": "1924 UTC", "event_id": " ", "damage": 2, "damage_txt": "One- or Two-Family Residences (FR12)", "dod_txt": "Uplift of roof deck and loss of significant roof covering material (>20%); collapse of chimney; garage doors collapse inward; failure of porch or carport", "efscale": "EF1", "damage_dir": "N/A", "windspeed": "90", "injuries": 0, "deaths": 0, "lat": 38.6409, "lon": -90.304, "office": "LSX", "image": " ", "qc": "Y", "dod": 4, "surveytype": "0", "comments": "Chimney collapsed per hi-res satellite imagery.", "image_full": " "}, "geometry": {"type": "Point", "coordinates": [-90.303965901605, 38.6408997217448]}}, {"id": "2", "type": "Feature", "properties": {"OBJECTID": 3, "Id": 0, "stormdate": 1747353600000, "stormtime": "1939 UTC", "surveydate": 1747440000000, "surveytime": "2210 UTC", "event_id": "0", "damage": 27, "damage_txt": "Trees: Hardwood (TH)", "dod_txt": "Trees uprooted", "efscale": "TSTM/Wind", "damage_dir": "S/180", "windspeed": "85", "injuries": 0, "deaths": 0, "lat": 38.6355, "lon": -90.3305, "office": "LSX", "image": "0", "qc": "Y", "dod": 3, "surveytype": "0", "comments": "Tree fell southward.", "image_full": "https://services.dat.noaa.gov/arcgis/rest/services/nws_damageassessmenttoolkit/DamageViewer/MapServer/0/4480255/attachments/2625942"}, "geometry": {"type": "Point", "coordinates": [-90.3305241262873, 38.6355079686179]}}, {"id": "3", "type": "Feature", "properties": {"OBJECTID": 4, "Id": 0, "stormdate": 1747353600000, "stormtime": "1944 UTC", "surveydate": 1747440000000, "surveytime": "1818 UTC", "event_id": "0", "damage": 2, "damage_txt": "One- or Two-Family Residences (FR12)", "dod_txt": "Large sections of roof structure removed; most walls remain standing", "efscale": "EF2", "damage_dir": "N/A", "windspeed": "120", "injuries": 0, "deaths": 0, "lat": 38.6665, "lon": -90.2481, "office": "LSX", "image": "0", "qc": "Y", "dod": 6, "surveytype": "0", "comments": "0", "image_full": "https://services.dat.noaa.gov/arcgis/rest/services/nws_damageassessmenttoolkit/DamageViewer/MapServer/0/4479993/attachments/2625257"}, "geometry": {"type": "Point", "coordinates": [-90.2481281621849, 38.6665423826249]}}, {"id": "4", "type": "Feature", "properties": {"OBJECTID": 5, "Id": 0, "stormdate": 1747353600000, "stormtime": "1943 UTC", "surveydate": 1761523200000, "surveytime": "1040 UTC", "event_id": " ", "damage": 2, "damage_txt": "One- or Two-Family Residences (FR12)", "dod_txt": "Loss of roof covering material (<20%), gutters and/or awning; loss of vinyl or metal siding", "efscale": "EF0", "damage_dir": "N/A", "windspeed": "79", "injuries": 0, "deaths": 0, "lat": 38.6666, "lon": -90.2535, "office": "LSX", "image": " ", "qc": "Y", "dod": 2, "surveytype": "0", "comments": " ", "image_full": " "}, "geometry": {"type": "Point", "coordinates": [-90.253527734917, 38.6665503317325]}}, {"id": "5", "type": "Feature", "properties": {"OBJECTID": 6, "Id": 0, "stormdate": 1747353600000, "stormtime": "1942 UTC", "surveydate": 1747440000000, "surveytime": "2115 UTC", "event_id": "0", "damage": 28, "damage_txt": "Trees: Softwood (TS)", "dod_txt": "Trunks snapped", "efscale": "TSTM/Wind", "damage_dir": "N/A", "windspeed": "88", "injuries": 0, "deaths": 0, "lat": 38.6347, "lon": -90.2931, "office": "LSX", "image": "0", "qc": "Y", "dod": 4, "surveytype": "0", "comments": "0", "image_full": "https://services.dat.noaa.gov/arcgis/rest/services/nws_damageassessmenttoolkit/DamageViewer/MapServer/0/4480222/attachments/2625916"}, "geometry": {"type": "Point", "coordinates": [-90.2931035266064, 38.6347126576631]}}, {"id": "6", "type": "Feature", "properties": {"OBJECTID": 7, "Id": 0, "stormdate": 1747353600000, "stormtime": "1939 UTC", "surveydate": 1748390400000, "surveytime": "1734 UTC", "event_id": " ", "damage": 27, "damage_txt": "Trees: Hardwood (TH)", "dod_txt": "Trunks snapped", "efscale": "EF1", "damage_dir": "ENE/60", "windspeed": "107", "injuries": 0, "deaths": 0, "lat": 38.6432, "lon": -90.3395, "office": "LSX", "image": " ", "qc": "Y", "dod": 4, "surveytype": "0", "comments": "A few trees uprooted or snapped here, felled to the east-northeast per hi-res satellite imagery.", "image_full": " "}, "geometry": {"type": "Point", "coordinates": [-90.3394801076208, 38.6432446032559]}}, {"id": "7", "type": "Feature", "properties": {"OBJECTID": 8, "Id": 0, "stormdate": 1747353600000, "stormtime": "1942 UTC", "surveydate": 1747440000000, "surveytime": "2047 UTC", "event_id": "0", "damage": 27, "damage_txt": "Trees: Hardwood (TH)", "dod_txt": "Trees uprooted", "efscale": "TSTM/Wind", "damage_dir": "N/A", "windspeed": "94", "injuries": 0, "deaths": 0, "lat": 38.6336, "lon": -90.2869, "office": "LSX", "image": "0", "qc": "Y", "dod": 3, "surveytype": "0", "comments": "0", "image_full": "https://services.dat.noaa.gov/arcgis/rest/services/nws_damageassessmenttoolkit/DamageViewer/MapServer/0/4480205/attachments/2625897"}, "geometry": {"type": "Point", "coordinates": [-90.2869425338708, 38.6336244186321]}}, {"id": "8", "type": "Feature", "properties": {"OBJECTID": 9, "Id": 0, "stormdate": 1747353600000, "stormtime": "1940 UTC", "surveydate": 1748476800000, "surveytime": "1838 UTC", "event_id": " ", "damage": 27, "damage_txt": "Trees: Hardwood (TH)", "dod_txt": "Trunks snapped", "efscale": "EF1", "damage_dir": "N/A", "windspeed": "100", "injuries": 0, "deaths": 0, "lat": 38.6423, "lon": -90.3079, "office": "LSX", "image": " ", "qc": "Y", "dod": 4, "surveytype": "0", "comments": "Large tree topped or snapped per hi-res satellite imagery.", "image_full": " "}, "geometry": {"type": "Point", "coordinates": [-90.3079250616922, 38.6422704009583]}}, {"id": "9", "type": "Feature", "properties": {"OBJECTID": 10, "Id": 0, "stormdate": 1747353600000, "stormtime": "1956 UTC", "surveydate": 1747526400000, "surveytime": "1451 UTC", "event_id": "0", "damage": 28, "damage_txt": "Trees: Softwood (TS)", "dod_txt": "Trunks snapped", "efscale": "EF1", "damage_dir": "N/A", "windspeed": "104", "injuries": 0, "deaths": 0, "lat": 38.7316, "lon": -90.1002, "office": "LSX", "image": "0", "qc": "Y", "dod": 4, "surveytype": "0", "comments": "0", "image_full": "https://services.dat.noaa.gov/arcgis/rest/services/nws_damageassessmenttoolkit/DamageViewer/MapServer/0/4467280/attachments/2622262"}, "geometry": {"type": "Point", "coordinates": [-90.100192669556, 38.7316381236006]}}, {"id": "10", "type": "Feature", "properties": {"OBJECTID": 11, "Id": 0, "stormdate": 1747353600000, "stormtime": "1940 UTC", "surveydate": 1748476800000, "surveytime": "1748 UTC", "event_id": " ", "damage": 27, "damage_txt": "Trees: Hardwood (TH)", "dod_txt": "Large branches broken (1-3 inch diameter)", "efscale": "EF1", "damage_dir": "N/A", "windspeed": "88", "injuries": 0, "deaths": 0, "lat": 38.6398, "lon": -90.3129, "office": "LSX", "image": " ", "qc": "Y", "dod": 2, "surveytype": "0", "comments": "Several large tree limbs broken here per hi-res satellite imagery.", "image_full": " "}, "geometry": {"type": "Point", "coordinates": [-90.3128960643019, 38.6398056847846]}}, {"id": "11", "type": "Feature", "properties": {"OBJECTID": 12, "Id": 0, "stormdate": 1747353600000, "stormtime": "1943 UTC", "surveydate": 1761523200000, "surveytime": "1040 UTC", "event_id": " ", "damage": 2, "damage_txt": "One- or Two-Family Residences (FR12)", "dod_txt": "Loss of roof covering material (<20%), gutters and/or awning; loss of vinyl or metal siding", "efscale": "EF0", "damage_dir": "N/A", "windspeed": "79", "injuries": 0, "deaths": 0, "lat": 38.6666, "lon": -90.2535, "office": "LSX", "image": " ", "qc": "Y", "dod": 2, "surveytype": "0", "comments": " ", "image_full": " "}, "geometry": {"type": "Point", "coordinates": [-90.253527734917, 38.6665503317325]}}, {"id": "12", "type": "Feature", "properties": {"OBJECTID": 13, "Id": 0, "stormdate": 1747353600000, "stormtime": "1942 UTC", "surveydate": 1748822400000, "surveytime": "1752 UTC", "event_id": " ", "damage": 2, "damage_txt": "One- or Two-Family Residences (FR12)", "dod_txt": "Loss of roof covering material (<20%), gutters and/or awning; loss of vinyl or metal siding", "efscale": "EF0", "damage_dir": "N/A", "windspeed": "79", "injuries": 0, "deaths": 0, "lat": 38.6489, "lon": -90.2919, "office": "LSX", "image": " ", "qc": "Y", "dod": 2, "surveytype": "0", "comments": " ", "image_full": " "}, "geometry": {"type": "Point", "coordinates": [-90.2918943161697, 38.6489050792061]}}, {"id": "13", "type": "Feature", "properties": {"OBJECTID": 14, "Id": 0, "stormdate": 1747353600000, "stormtime": "1942 UTC", "surveydate": 1747440000000, "surveytime": "2105 UTC", "event_id": "0", "damage": 27, "damage_txt": "Trees: Hardwood (TH)", "dod_txt": "Trees uprooted", "efscale": "TSTM/Wind", "damage_dir": "N/A", "windspeed": "94", "injuries": 0, "deaths": 0, "lat": 38.6342, "lon": -90.2926, "office": "LSX", "image": "0", "qc": "Y", "dod": 3, "surveytype": "0", "comments": "0", "image_full": "https://services.dat.noaa.gov/arcgis/rest/services/nws_damageassessmenttoolkit/DamageViewer/MapServer/0/4480218/attachments/2625912"}, "geometry": {"type": "Point", "coordinates": [-90.2925609629181, 38.6341983506734]}}, {"id": "14", "type": "Feature", "properties": {"OBJECTID": 15, "Id": 0, "stormdate": 1747353600000, "stormtime": "1941 UTC", "surveydate": 1748736000000, "surveytime": "1417 UTC", "event_id": " ", "damage": 2, "damage_txt": "One- or Two-Family Residences (FR12)", "dod_txt": "Uplift of roof deck and loss of significant roof covering material (>20%); collapse of chimney; garage doors collapse inward; failure of porch or carport", "efscale": "EF1", "damage_dir": "N/A", "windspeed": "90", "injuries": 0, "deaths": 0, "lat": 38.6431, "lon": -90.3058, "office": "LSX", "image": " ", "qc": "Y", "dod": 4, "surveytype": "0", "comments": "Several large tree branches snapped at this property, roof damage per hi-res satellite imagery.", "image_full": " "}, "geometry": {"type": "Point", "coordinates": [-90.3057784869875, 38.6430954210169]}}, {"id": "15", "type": "Feature", "properties": {"OBJECTID": 16, "Id": 0, "stormdate": 1747353600000, "stormtime": "1940 UTC", "surveydate": 1748476800000, "surveytime": "1831 UTC", "event_id": " ", "damage": 27, "damage_txt": "Trees: Hardwood (TH)", "dod_txt": "Trunks snapped", "efscale": "EF1", "damage_dir": "N/A", "windspeed": "107", "injuries": 0, "deaths": 0, "lat": 38.6417, "lon": -90.3084, "office": "LSX", "image": " ", "qc": "Y", "dod": 4, "surveytype": "0", "comments": "Large tree snapped per hi-res satellite imagery.", "image_full": " "}, "geometry": {"type": "Point", "coordinates": [-90.3084199622115, 38.6416761496346]}}, {"id": "16", "type": "Feature", "properties": {"OBJECTID": 17, "Id": 0, "stormdate": 1747353600000, "stormtime": "1940 UTC", "surveydate": 1748476800000, "surveytime": "1649 UTC", "event_id": " ", "damage": 27, "damage_txt": "Trees: Hardwood (TH)", "dod_txt": "Trunks snapped", "efscale": "TSTM/Wind", "damage_dir": "E/90", "windspeed": "107", "injuries": 0, "deaths": 0, "lat": 38.6529, "lon": -90.3121, "office": "LSX", "image": " ", "qc": "Y", "dod": 4, "surveytype": "0", "comments": "Tree snapped and felled eastward per hi-res satellite data.", "image_full": " "}, "geometry": {"type": "Point", "coordinates": [-90.3120531306474, 38.6529074759993]}}, {"id": "17", "type": "Feature", "properties": {"OBJECTID": 18, "Id": 0, "stormdate": 1747353600000, "stormtime": "1942 UTC", "surveydate": 1748736000000, "surveytime": "1719 UTC", "event_id": " ", "damage": 5, "damage_txt": "Apartments, Condos, Townhouses [3 stories or less] (ACT)", "dod_txt": "Uplift of roof decking; significant loss of roof covering (>20%)", "efscale": "TSTM/Wind", "damage_dir": "ENE/60", "windspeed": "107", "injuries": 0, "deaths": 0, "lat": 38.6327, "lon": -90.3062, "office": "LSX", "image": " ", "qc": "Y", "dod": 3, "surveytype": "0", "comments": "Significant roof damage per hi-res satellite imagery.", "image_full": " "}, "geometry": {"type": "Point", "coordinates": [-90.3061562211327, 38.6327406215825]}}, {"id": "18", "type": "Feature", "properties": {"OBJECTID": 19, "Id": 0, "stormdate": 1747353600000, "stormtime": "1943 UTC", "surveydate": 1747440000000, "surveytime": "2014 UTC", "event_id": "0", "damage": 5, "damage_txt": "Apartments, Condos, Townhouses [3 stories or less] (ACT)", "dod_txt": "Uplift of roof decking; significant loss of roof covering (>20%)", "efscale": "EF2", "damage_dir": "N/A", "windspeed": "120", "injuries": 0, "deaths": 0, "lat": 38.6492, "lon": -90.283, "office": "LSX", "image": "0", "qc": "Y", "dod": 3, "surveytype": "0", "comments": "0", "image_full": "https://services.dat.noaa.gov/arcgis/rest/services/nws_damageassessmenttoolkit/DamageViewer/MapServer/0/4480192/attachments/2625884"}, "geometry": {"type": "Point", "coordinates": [-90.283037608299, 38.6491903441591]}}, {"id": "19", "type": "Feature", "properties": {"OBJECTID": 20, "Id": 0, "stormdate": 1747353600000, "stormtime": "1939 UTC", "surveydate": 1748390400000, "surveytime": "1441 UTC", "event_id": " ", "damage": 17, "damage_txt": "Low-Rise Building [1-4 Stories] (LRB)", "dod_txt": "Loss of roof covering (<20%)", "efscale": "EF0", "damage_dir": "N/A", "windspeed": "80", "injuries": 0, "deaths": 0, "lat": 38.6419, "lon": -90.3315, "office": "LSX", "image": " ", "qc": "Y", "dod": 2, "surveytype": "0", "comments": "Portions of roof damaged per hi-res satellite imagery.", "image_full": " "}, "geometry": {"type": "Point", "coordinates": [-90.3315323337501, 38.6419008659323]}}, {"id": "20", "type": "Feature", "properties": {"OBJECTID": 21, "Id": 0, "stormdate": 1747353600000, "stormtime": "1943 UTC", "surveydate": 1761523200000, "surveytime": "1040 UTC", "event_id": " ", "damage": 2, "damage_txt": "One- or Two-Family Residences (FR12)", "dod_txt": "Loss of roof covering material (<20%), gutters and/or awning; loss of vinyl or metal siding", "efscale": "EF0", "damage_dir": "N/A", "windspeed": "79", "injuries": 0, "deaths": 0, "lat": 38.6666, "lon": -90.2535, "office": "LSX", "image": " ", "qc": "Y", "dod": 2, "surveytype": "0", "comments": " ", "image_full": " "}, "geometry": {"type": "Point", "coordinates": [-90.253527734917, 38.6665503317325]}}, {"id": "21", "type": "Feature", "properties": {"OBJECTID": 22, "Id": 0, "stormdate": 1747353600000, "stormtime": "1943 UTC", "surveydate": 1754438400000, "surveytime": "1038 UTC", "event_id": " ", "damage": 2, "damage_txt": "One- or Two-Family Residences (FR12)", "dod_txt": "Loss of roof covering material (<20%), gutters and/or awning; loss of vinyl or metal siding", "efscale": "EF0", "damage_dir": "N/A", "windspeed": "79", "injuries": 0, "deaths": 0, "lat": 38.6581, "lon": -90.2663, "office": "LSX", "image": " ", "qc": "Y", "dod": 2, "surveytype": "0", "comments": " ", "image_full": " "}, "geometry": {"type": "Point", "coordinates": [-90.2662911400241, 38.6581030096463]}}, {"id": "22", "type": "Feature", "properties": {"OBJECTID": 23, "Id": 0, "stormdate": 1747353600000, "stormtime": "1945 UTC", "surveydate": 1747440000000, "surveytime": "1625 UTC", "event_id": "0", "damage": 2, "damage_txt": "One- or Two-Family Residences (FR12)", "dod_txt": "Loss of roof covering material (<20%), gutters and/or awning; loss of vinyl or metal siding", "efscale": "EF0", "damage_dir": "N/A", "windspeed": "79", "injuries": 0, "deaths": 0, "lat": 38.6743, "lon": -90.2286, "office": "LSX", "image": "0", "qc": "Y", "dod": 2, "surveytype": "0", "comments": "0", "image_full": "https://services.dat.noaa.gov/arcgis/rest/services/nws_damageassessmenttoolkit/DamageViewer/MapServer/0/4479935/attachments/2625177"}, "geometry": {"type": "Point", "coordinates": [-90.2286147533682, 38.6742962518706]}}, {"id": "23", "type": "Feature", "properties": {"OBJECTID": 24, "Id": 0, "stormdate": 1747353600000, "stormtime": "1943 UTC", "surveydate": 1755561600000, "surveytime": "1836 UTC", "event_id": " ", "damage": 2, "damage_txt": "One- or Two-Family Residences (FR12)", "dod_txt": "Loss of roof covering material (<20%), gutters and/or awning; loss of vinyl or metal siding", "efscale": "EF0", "damage_dir": "N/A", "windspeed": "79", "injuries": 0, "deaths": 0, "lat": 38.6615, "lon": -90.2656, "office": "LSX", "image": " ", "qc": "Y", "dod": 2, "surveytype": "0", "comments": " ", "image_full": " "}, "geometry": {"type": "Point", "coordinates": [-90.2655873162016, 38.6614955051135]}}, {"id": "24", "type": "Feature", "properties": {"OBJECTID": 25, "Id": 0, "stormdate": 1747353600000, "stormtime": "1943 UTC", "surveydate": 1754438400000, "surveytime": "1038 UTC", "event_id": " ", "damage": 2, "damage_txt": "One- or Two-Family Residences (FR12)", "dod_txt": "Loss of roof covering material (<20%), gutters and/or awning; loss of vinyl or metal siding", "efscale": "EF0", "damage_dir": "N/A", "windspeed": "79", "injuries": 0, "deaths": 0, "lat": 38.6581, "lon": -90.2663, "office": "LSX", "image": " ", "qc": "Y", "dod": 2, "surveytype": "0", "comments": " ", "image_full": " "}, "geometry": {"type": "Point", "coordinates": [-90.2662911400241, 38.6581030096463]}}, {"id": "25", "type": "Feature", "properties": {"OBJECTID": 26, "Id": 0, "stormdate": 1747353600000, "stormtime": "1941 UTC", "surveydate": 1748736000000, "surveytime": "1449 UTC", "event_id": " ", "damage": 20, "damage_txt": "Institutional Building [Hospital, Government or University Building] (IB)", "dod_txt": "Uplift of lightweight roof deck and insulation; significant loss of roof covering (>20%)", "efscale": "EF1", "damage_dir": "N/A", "windspeed": "110", "injuries": 0, "deaths": 0, "lat": 38.6436, "lon": -90.3027, "office": "LSX", "image": " ", "qc": "Y", "dod": 5, "surveytype": "0", "comments": "Several large sections of church roof missing per hi-res satellite imagery.", "image_full": " "}, "geometry": {"type": "Point", "coordinates": [-90.3026557215842, 38.6435647160388]}}, {"id": "26", "type": "Feature", "properties": {"OBJECTID": 27, "Id": 0, "stormdate": 1747353600000, "stormtime": "1942 UTC", "surveydate": 1748736000000, "surveytime": "1750 UTC", "event_id": " ", "damage": 27, "damage_txt": "Trees: Hardwood (TH)", "dod_txt": "Trunks snapped", "efscale": "EF1", "damage_dir": "N/A", "windspeed": "100", "injuries": 0, "deaths": 0, "lat": 38.6496, "lon": -90.2983, "office": "LSX", "image": " ", "qc": "Y", "dod": 4, "surveytype": "0", "comments": "Blown southeastward.", "image_full": " "}, "geometry": {"type": "Point", "coordinates": [-90.2982713107724, 38.6496242112884]}}, {"id": "27", "type": "Feature", "properties": {"OBJECTID": 28, "Id": 0, "stormdate": 1747353600000, "stormtime": "1942 UTC", "surveydate": 1748822400000, "surveytime": "1452 UTC", "event_id": " ", "damage": 27, "damage_txt": "Trees: Hardwood (TH)", "dod_txt": "Trunks snapped", "efscale": "EF1", "damage_dir": "E/90", "windspeed": "107", "injuries": 0, "deaths": 0, "lat": 38.6464, "lon": -90.2993, "office": "LSX", "image": " ", "qc": "Y", "dod": 4, "surveytype": "0", "comments": "Numerous trees snapped or uprooted in this area per hi-res satellite imagery. Felled in different directions.", "image_full": " "}, "geometry": {"type": "Point", "coordinates": [-90.2993276580449, 38.6463941936372]}}, {"id": "28", "type": "Feature", "properties": {"OBJECTID": 29, "Id": 0, "stormdate": 1747353600000, "stormtime": "1942 UTC", "surveydate": 1748822400000, "surveytime": "1753 UTC", "event_id": " ", "damage": 2, "damage_txt": "One- or Two-Family Residences (FR12)", "dod_txt": "Loss of roof covering material (<20%), gutters and/or awning; loss of vinyl or metal siding", "efscale": "EF0", "damage_dir": "N/A", "windspeed": "79", "injuries": 0, "deaths": 0, "lat": 38.6489, "lon": -90.2921, "office": "LSX", "image": " ", "qc": "Y", "dod": 2, "surveytype": "0", "comments": " ", "image_full": " "}, "geometry": {"type": "Point", "coordinates": [-90.2920954819209, 38.648928645041]}}, {"id": "29", "type": "Feature", "properties": {"OBJECTID": 30, "Id": 0, "stormdate": 1747353600000, "stormtime": "1944 UTC", "surveydate": 1747440000000, "surveytime": "1448 UTC", "event_id": "0", "damage": 2, "damage_txt": "One- or Two-Family Residences (FR12)", "dod_txt": "Most walls collapsed, except small interior rooms", "efscale": "EF3", "damage_dir": "N/A", "windspeed": "152", "injuries": 0, "deaths": 0, "lat": 38.6647, "lon": -90.2398, "office": "LSX", "image": "0", "qc": "Y", "dod": 8, "surveytype": "0", "comments": "0", "image_full": "https://services.dat.noaa.gov/arcgis/rest/services/nws_damageassessmenttoolkit/DamageViewer/MapServer/0/4479895/attachments/2625135"}, "geometry": {"type": "Point", "coordinates": [-90.2398269043881, 38.6646573856299]}}, {"id": "30", "type": "Feature", "properties": {"OBJECTID": 31, "Id": 0, "stormdate": 1747353600000, "stormtime": "1941 UTC", "surveydate": 1748736000000, "surveytime": "1531 UTC", "event_id": " ", "damage": 20, "damage_txt": "Institutional Building [Hospital, Government or University Building] (IB)", "dod_txt": "Loss of roof covering (<20%)", "efscale": "TSTM/Wind", "damage_dir": "N/A", "windspeed": "86", "injuries": 0, "deaths": 0, "lat": 38.6483, "lon": -90.309, "office": "LSX", "image": " ", "qc": "Y", "dod": 2, "surveytype": "0", "comments": " ", "image_full": " "}, "geometry": {"type": "Point", "coordinates": [-90.3089827282703, 38.6482635748041]}}, {"id": "31", "type": "Feature", "properties": {"OBJECTID": 32, "Id": 0, "stormdate": 1747353600000, "stormtime": "1940 UTC", "surveydate": 1748476800000, "surveytime": "1440 UTC", "event_id": " ", "damage": 27, "damage_txt": "Trees: Hardwood (TH)", "dod_txt": "Small limbs broken (up to 1 inch diameter)", "efscale": "TSTM/Wind", "damage_dir": "ENE/60", "windspeed": "60", "injuries": 0, "deaths": 0, "lat": 38.6406, "lon": -90.3409, "office": "LSX", "image": " ", "qc": "Y", "dod": 1, "surveytype": "0", "comments": "Tree uprooted and felled eastward per hi-res satellite imagery.", "image_full": " "}, "geometry": {"type": "Point", "coordinates": [-90.3409367179551, 38.6406405353325]}}, {"id": "32", "type": "Feature", "properties": {"OBJECTID": 33, "Id": 0, "stormdate": 1747353600000, "stormtime": "1941 UTC", "surveydate": 1748736000000, "surveytime": "1518 UTC", "event_id": " ", "damage": 27, "damage_txt": "Trees: Hardwood (TH)", "dod_txt": "Large branches broken (1-3 inch diameter)", "efscale": "EF0", "damage_dir": "N/A", "windspeed": "74", "injuries": 0, "deaths": 0, "lat": 38.6449, "lon": -90.3076, "office": "LSX", "image": " ", "qc": "Y", "dod": 2, "surveytype": "0", "comments": " ", "image_full": " "}, "geometry": {"type": "Point", "coordinates": [-90.3076287197895, 38.6448768412932]}}, {"id": "33", "type": "Feature", "properties": {"OBJECTID": 34, "Id": 0, "stormdate": 1747353600000, "stormtime": "1701 UTC", "surveydate": 1747440000000, "surveytime": "1701 UTC", "event_id": "0", "damage": 27, "damage_txt": "Trees: Hardwood (TH)", "dod_txt": "Trees uprooted", "efscale": "EF1", "damage_dir": "N/A", "windspeed": "94", "injuries": 0, "deaths": 0, "lat": 38.677, "lon": -90.2161, "office": "LSX", "image": "0", "qc": "Y", "dod": 3, "surveytype": "0", "comments": "0", "image_full": "https://services.dat.noaa.gov/arcgis/rest/services/nws_damageassessmenttoolkit/DamageViewer/MapServer/0/4465820/attachments/2613531"}, "geometry": {"type": "Point", "coordinates": [-90.2160693664081, 38.6769926558864]}}, {"id": "34", "type": "Feature", "properties": {"OBJECTID": 35, "Id": 0, "stormdate": 1747353600000, "stormtime": "1942 UTC", "surveydate": 1748736000000, "surveytime": "1756 UTC", "event_id": " ", "damage": 17, "damage_txt": "Low-Rise Building [1-4 Stories] (LRB)", "dod_txt": "Uplift of metal roof decking at eaves and roof corners; significant loss of roofing material (>20%)", "efscale": "EF1", "damage_dir": "N/A", "windspeed": "101", "injuries": 0, "deaths": 0, "lat": 38.6448, "lon": -90.2987, "office": "LSX", "image": " ", "qc": "Y", "dod": 3, "surveytype": "0", "comments": " ", "image_full": " "}, "geometry": {"type": "Point", "coordinates": [-90.2986562080176, 38.6447836022814]}}, {"id": "35", "type": "Feature", "properties": {"OBJECTID": 36, "Id": 0, "stormdate": 1747353600000, "stormtime": "1943 UTC", "surveydate": 1748822400000, "surveytime": "1623 UTC", "event_id": " ", "damage": 18, "damage_txt": "Mid-Rise Building [5-20 Stories] (MRB)", "dod_txt": "Damage to penthouse roof and walls; loss of rooftop HVAC equipment", "efscale": "EF1", "damage_dir": "N/A", "windspeed": "92", "injuries": 0, "deaths": 0, "lat": 38.6471, "lon": -90.2746, "office": "LSX", "image": " ", "qc": "Y", "dod": 3, "surveytype": "0", "comments": " ", "image_full": " "}, "geometry": {"type": "Point", "coordinates": [-90.2745814746553, 38.6470722320979]}}, {"id": "36", "type": "Feature", "properties": {"OBJECTID": 37, "Id": 0, "stormdate": 1747353600000, "stormtime": "1941 UTC", "surveydate": 1748736000000, "surveytime": "1430 UTC", "event_id": " ", "damage": 2, "damage_txt": "One- or Two-Family Residences (FR12)", "dod_txt": "Loss of roof covering material (<20%), gutters and/or awning; loss of vinyl or metal siding", "efscale": "EF0", "damage_dir": "N/A", "windspeed": "79", "injuries": 0, "deaths": 0, "lat": 38.6428, "lon": -90.3052, "office": "LSX", "image": " ", "qc": "Y", "dod": 2, "surveytype": "0", "comments": "Roof damage per hi-res satellite imagery.", "image_full": " "}, "geometry": {"type": "Point", "coordinates": [-90.3051916361851, 38.6428013427078]}}, {"id": "37", "type": "Feature", "properties": {"OBJECTID": 38, "Id": 0, "stormdate": 1747353600000, "stormtime": "1941 UTC", "surveydate": 1748736000000, "surveytime": "1423 UTC", "event_id": " ", "damage": 27, "damage_txt": "Trees: Hardwood (TH)", "dod_txt": "Trunks snapped", "efscale": "EF1", "damage_dir": "N/A", "windspeed": "100", "injuries": 0, "deaths": 0, "lat": 38.6439, "lon": -90.3046, "office": "LSX", "image": " ", "qc": "Y", "dod": 4, "surveytype": "0", "comments": "Several trees snapped in this area per hi-res satellite imagery.", "image_full": " "}, "geometry": {"type": "Point", "coordinates": [-90.3046204425793, 38.6438784013672]}}, {"id": "38", "type": "Feature", "properties": {"OBJECTID": 39, "Id": 0, "stormdate": 1747353600000, "stormtime": "1942 UTC", "surveydate": 1748822400000, "surveytime": "1751 UTC", "event_id": " ", "damage": 2, "damage_txt": "One- or Two-Family Residences (FR12)", "dod_txt": "Loss of roof covering material (<20%), gutters and/or awning; loss of vinyl or metal siding", "efscale": "EF0", "damage_dir": "N/A", "windspeed": "79", "injuries": 0, "deaths": 0, "lat": 38.6489, "lon": -90.2916, "office": "LSX", "image": " ", "qc": "Y", "dod": 2, "surveytype": "0", "comments": " ", "image_full": " "}, "geometry": {"type": "Point", "coordinates": [-90.291572481185, 38.6488669920181]}}, {"id": "39", "type": "Feature", "properties": {"OBJECTID": 40, "Id": 0, "stormdate": 1747353600000, "stormtime": "1941 UTC", "surveydate": 1748736000000, "surveytime": "1508 UTC", "event_id": " ", "damage": 28, "damage_txt": "Trees: Softwood (TS)", "dod_txt": "Large branches broken (1-3 inch diameter)", "efscale": "TSTM/Wind", "damage_dir": "N/A", "windspeed": "85", "injuries": 0, "deaths": 0, "lat": 38.6465, "lon": -90.3083, "office": "LSX", "image": " ", "qc": "Y", "dod": 2, "surveytype": "0", "comments": " ", "image_full": " "}, "geometry": {"type": "Point", "coordinates": [-90.3082647769978, 38.6465286431824]}}, {"id": "40", "type": "Feature", "properties": {"OBJECTID": 41, "Id": 0, "stormdate": 1747353600000, "stormtime": "1942 UTC", "surveydate": 1748736000000, "surveytime": "1752 UTC", "event_id": " ", "damage": 2, "damage_txt": "One- or Two-Family Residences (FR12)", "dod_txt": "Uplift of roof deck and loss of significant roof covering material (>20%); collapse of chimney; garage doors collapse inward; failure of porch or carport", "efscale": "EF1", "damage_dir": "N/A", "windspeed": "97", "injuries": 0, "deaths": 0, "lat": 38.6492, "lon": -90.2956, "office": "LSX", "image": " ", "qc": "Y", "dod": 4, "surveytype": "0", "comments": " ", "image_full": " "}, "geometry": {"type": "Point", "coordinates": [-90.2955783727436, 38.6491900725638]}}, {"id": "41", "type": "Feature", "properties": {"OBJECTID": 42, "Id": 0, "stormdate": 1747353600000, "stormtime": "1943 UTC", "surveydate": 1761523200000, "surveytime": "1040 UTC", "event_id": " ", "damage": 2, "damage_txt": "One- or Two-Family Residences (FR12)", "dod_txt": "Loss of roof covering material (<20%), gutters and/or awning; loss of vinyl or metal siding", "efscale": "EF0", "damage_dir": "N/A", "windspeed": "79", "injuries": 0, "deaths": 0, "lat": 38.6666, "lon": -90.2535, "office": "LSX", "image": " ", "qc": "Y", "dod": 2, "surveytype": "0", "comments": " ", "image_full": " "}, "geometry": {"type": "Point", "coordinates": [-90.253527734917, 38.6665503317325]}}, {"id": "42", "type": "Feature", "properties": {"OBJECTID": 43, "Id": 0, "stormdate": 1747353600000, "stormtime": "1939 UTC", "surveydate": 1748304000000, "surveytime": "1729 UTC", "event_id": " ", "damage": 27, "damage_txt": "Trees: Hardwood (TH)", "dod_txt": "Large branches broken (1-3 inch diameter)", "efscale": "TSTM/Wind", "damage_dir": "N/A", "windspeed": "88", "injuries": 0, "deaths": 0, "lat": 38.6342, "lon": -90.3294, "office": "LSX", "image": " ", "qc": "Y", "dod": 2, "surveytype": "0", "comments": "Large branches, possibly half or entire tree snapped her per hi-res imagery. Limbs/tree fell pointing southeast.", "image_full": " "}, "geometry": {"type": "Point", "coordinates": [-90.3293845773363, 38.6342436477262]}}, {"id": "43", "type": "Feature", "properties": {"OBJECTID": 44, "Id": 0, "stormdate": 1747353600000, "stormtime": "1943 UTC", "surveydate": 1761523200000, "surveytime": "1040 UTC", "event_id": " ", "damage": 2, "damage_txt": "One- or Two-Family Residences (FR12)", "dod_txt": "Loss of roof covering material (<20%), gutters and/or awning; loss of vinyl or metal siding", "efscale": "EF0", "damage_dir": "N/A", "windspeed": "79", "injuries": 0, "deaths": 0, "lat": 38.6666, "lon": -90.2535, "office": "LSX", "image": " ", "qc": "Y", "dod": 2, "surveytype": "0", "comments": " ", "image_full": " "}, "geometry": {"type": "Point", "coordinates": [-90.253527734917, 38.6665503317325]}}, {"id": "44", "type": "Feature", "properties": {"OBJECTID": 45, "Id": 0, "stormdate": 1747353600000, "stormtime": "1943 UTC", "surveydate": 1747440000000, "surveytime": "1437 UTC", "event_id": "0", "damage": 28, "damage_txt": "Trees: Softwood (TS)", "dod_txt": "Trees uprooted", "efscale": "EF1", "damage_dir": "N/A", "windspeed": "87", "injuries": 0, "deaths": 0, "lat": 38.6645, "lon": -90.2602, "office": "LSX", "image": "0", "qc": "Y", "dod": 3, "surveytype": "0", "comments": "0", "image_full": "https://services.dat.noaa.gov/arcgis/rest/services/nws_damageassessmenttoolkit/DamageViewer/MapServer/0/4479856/attachments/2625088"}, "geometry": {"type": "Point", "coordinates": [-90.2602101941451, 38.6645488608413]}}, {"id": "45", "type": "Feature", "properties": {"OBJECTID": 46, "Id": 0, "stormdate": 1747353600000, "stormtime": "1941 UTC", "surveydate": 1748736000000, "surveytime": "1502 UTC", "event_id": " ", "damage": 27, "damage_txt": "Trees: Hardwood (TH)", "dod_txt": "Trees uprooted", "efscale": "TSTM/Wind", "damage_dir": "E/90", "windspeed": "94", "injuries": 0, "deaths": 0, "lat": 38.6449, "lon": -90.3098, "office": "LSX", "image": " ", "qc": "Y", "dod": 3, "surveytype": "0", "comments": " ", "image_full": " "}, "geometry": {"type": "Point", "coordinates": [-90.3097557953936, 38.6449390653856]}}, {"id": "46", "type": "Feature", "properties": {"OBJECTID": 47, "Id": 0, "stormdate": 1747353600000, "stormtime": "1948 UTC", "surveydate": 1747440000000, "surveytime": "1705 UTC", "event_id": "0", "damage": 27, "damage_txt": "Trees: Hardwood (TH)", "dod_txt": "Trunks snapped", "efscale": "EF1", "damage_dir": "N/A", "windspeed": "107", "injuries": 0, "deaths": 0, "lat": 38.6855, "lon": -90.2067, "office": "LSX", "image": "0", "qc": "Y", "dod": 4, "surveytype": "0", "comments": "0", "image_full": "https://services.dat.noaa.gov/arcgis/rest/services/nws_damageassessmenttoolkit/DamageViewer/MapServer/0/4465823/attachments/2613534"}, "geometry": {"type": "Point", "coordinates": [-90.2066630441641, 38.6854952332185]}}, {"id": "47", "type": "Feature", "properties": {"OBJECTID": 48, "Id": 0, "stormdate": 1747353600000, "stormtime": "1943 UTC", "surveydate": 1761523200000, "surveytime": "1040 UTC", "event_id": " ", "damage": 2, "damage_txt": "One- or Two-Family Residences (FR12)", "dod_txt": "Loss of roof covering material (<20%), gutters and/or awning; loss of vinyl or metal siding", "efscale": "EF0", "damage_dir": "N/A", "windspeed": "79", "injuries": 0, "deaths": 0, "lat": 38.6666, "lon": -90.2535, "office": "LSX", "image": " ", "qc": "Y", "dod": 2, "surveytype": "0", "comments": " ", "image_full": " "}, "geometry": {"type": "Point", "coordinates": [-90.253527734917, 38.6665503317325]}}, {"id": "48", "type": "Feature", "properties": {"OBJECTID": 49, "Id": 0, "stormdate": 1747353600000, "stormtime": "1945 UTC", "surveydate": 1747440000000, "surveytime": "1614 UTC", "event_id": "0", "damage": 27, "damage_txt": "Trees: Hardwood (TH)", "dod_txt": "Large branches broken (1-3 inch diameter)", "efscale": "EF1", "damage_dir": "N/A", "windspeed": "88", "injuries": 0, "deaths": 0, "lat": 38.6656, "lon": -90.2194, "office": "LSX", "image": "0", "qc": "Y", "dod": 2, "surveytype": "0", "comments": "0", "image_full": "https://services.dat.noaa.gov/arcgis/rest/services/nws_damageassessmenttoolkit/DamageViewer/MapServer/0/4479915/attachments/2625154"}, "geometry": {"type": "Point", "coordinates": [-90.2194076822187, 38.6655558119512]}}, {"id": "49", "type": "Feature", "properties": {"OBJECTID": 50, "Id": 0, "stormdate": 1747353600000, "stormtime": "1944 UTC", "surveydate": 1747440000000, "surveytime": "1610 UTC", "event_id": "0", "damage": 27, "damage_txt": "Trees: Hardwood (TH)", "dod_txt": "Large branches broken (1-3 inch diameter)", "efscale": "EF1", "damage_dir": "N/A", "windspeed": "88", "injuries": 0, "deaths": 0, "lat": 38.6635, "lon": -90.2292, "office": "LSX", "image": "0", "qc": "Y", "dod": 2, "surveytype": "0", "comments": "0", "image_full": "https://services.dat.noaa.gov/arcgis/rest/services/nws_damageassessmenttoolkit/DamageViewer/MapServer/0/4479913/attachments/2625152"}, "geometry": {"type": "Point", "coordinates": [-90.2292066061999, 38.6635230608406]}}, {"id": "50", "type": "Feature", "properties": {"OBJECTID": 51, "Id": 0, "stormdate": 1747353600000, "stormtime": "1943 UTC", "surveydate": 1761523200000, "surveytime": "1040 UTC", "event_id": " ", "damage": 2, "damage_txt": "One- or Two-Family Residences (FR12)", "dod_txt": "Loss of roof covering material (<20%), gutters and/or awning; loss of vinyl or metal siding", "efscale": "EF0", "damage_dir": "N/A", "windspeed": "79", "injuries": 0, "deaths": 0, "lat": 38.6666, "lon": -90.2535, "office": "LSX", "image": " ", "qc": "Y", "dod": 2, "surveytype": "0", "comments": " ", "image_full": " "}, "geometry": {"type": "Point", "coordinates": [-90.253527734917, 38.6665503317325]}}, {"id": "51", "type": "Feature", "properties": {"OBJECTID": 52, "Id": 0, "stormdate": 1747353600000, "stormtime": "1941 UTC", "surveydate": 1748736000000, "surveytime": "1507 UTC", "event_id": " ", "damage": 27, "damage_txt": "Trees: Hardwood (TH)", "dod_txt": "Large branches broken (1-3 inch diameter)", "efscale": "TSTM/Wind", "damage_dir": "N/A", "windspeed": "85", "injuries": 0, "deaths": 0, "lat": 38.6456, "lon": -90.3096, "office": "LSX", "image": " ", "qc": "Y", "dod": 2, "surveytype": "0", "comments": " ", "image_full": " "}, "geometry": {"type": "Point", "coordinates": [-90.3096297311271, 38.6456418963565]}}, {"id": "52", "type": "Feature", "properties": {"OBJECTID": 53, "Id": 0, "stormdate": 1747353600000, "stormtime": "1731 UTC", "surveydate": 1748736000000, "surveytime": "1731 UTC", "event_id": " ", "damage": 27, "damage_txt": "Trees: Hardwood (TH)", "dod_txt": "Large branches broken (1-3 inch diameter)", "efscale": "TSTM/Wind", "damage_dir": "SE/135", "windspeed": "74", "injuries": 0, "deaths": 0, "lat": 38.6302, "lon": -90.3171, "office": "LSX", "image": " ", "qc": "Y", "dod": 2, "surveytype": "0", "comments": " ", "image_full": " "}, "geometry": {"type": "Point", "coordinates": [-90.3170986339947, 38.630184841857]}}, {"id": "53", "type": "Feature", "properties": {"OBJECTID": 54, "Id": 0, "stormdate": 1747353600000, "stormtime": "1941 UTC", "surveydate": 1748736000000, "surveytime": "1437 UTC", "event_id": " ", "damage": 2, "damage_txt": "One- or Two-Family Residences (FR12)", "dod_txt": "Uplift of roof deck and loss of significant roof covering material (>20%); collapse of chimney; garage doors collapse inward; failure of porch or carport", "efscale": "EF1", "damage_dir": "N/0", "windspeed": "97", "injuries": 0, "deaths": 0, "lat": 38.6419, "lon": -90.3038, "office": "LSX", "image": " ", "qc": "Y", "dod": 4, "surveytype": "0", "comments": "Several trees snapped at this property, roof damage per hi-res satellite imagery. \n\n", "image_full": " "}, "geometry": {"type": "Point", "coordinates": [-90.3038228176688, 38.6418693752715]}}, {"id": "54", "type": "Feature", "properties": {"OBJECTID": 55, "Id": 0, "stormdate": 1747353600000, "stormtime": "1940 UTC", "surveydate": 1748476800000, "surveytime": "1751 UTC", "event_id": " ", "damage": 27, "damage_txt": "Trees: Hardwood (TH)", "dod_txt": "Trunks snapped", "efscale": "EF1", "damage_dir": "NE/45", "windspeed": "107", "injuries": 0, "deaths": 0, "lat": 38.6414, "lon": -90.3118, "office": "LSX", "image": " ", "qc": "Y", "dod": 4, "surveytype": "0", "comments": "Several trees uprooted or snapped in this area per hi-res satellite imagery.", "image_full": " "}, "geometry": {"type": "Point", "coordinates": [-90.3118298847414, 38.6413612340337]}}, {"id": "55", "type": "Feature", "properties": {"OBJECTID": 56, "Id": 0, "stormdate": 1747353600000, "stormtime": "1939 UTC", "surveydate": 1748390400000, "surveytime": "1456 UTC", "event_id": " ", "damage": 28, "damage_txt": "Trees: Softwood (TS)", "dod_txt": "Trees uprooted", "efscale": "EF1", "damage_dir": "ESE/120", "windspeed": "87", "injuries": 0, "deaths": 0, "lat": 38.6424, "lon": -90.3363, "office": "LSX", "image": " ", "qc": "Y", "dod": 3, "surveytype": "0", "comments": "Tree uprooted, felled to the southeast per hi-res satellite imagery.", "image_full": " "}, "geometry": {"type": "Point", "coordinates": [-90.3363304992531, 38.6424250699611]}}, {"id": "56", "type": "Feature", "properties": {"OBJECTID": 57, "Id": 0, "stormdate": 1747353600000, "stormtime": "1940 UTC", "surveydate": 1747440000000, "surveytime": "2151 UTC", "event_id": "0", "damage": 27, "damage_txt": "Trees: Hardwood (TH)", "dod_txt": "Trees uprooted", "efscale": "EF1", "damage_dir": "N/A", "windspeed": "94", "injuries": 0, "deaths": 0, "lat": 38.6412, "lon": -90.3173, "office": "LSX", "image": "0", "qc": "Y", "dod": 3, "surveytype": "0", "comments": " ", "image_full": "https://services.dat.noaa.gov/arcgis/rest/services/nws_damageassessmenttoolkit/DamageViewer/MapServer/0/4480239/attachments/2625928"}, "geometry": {"type": "Point", "coordinates": [-90.3173317193833, 38.6412372022352]}}, {"id": "57", "type": "Feature", "properties": {"OBJECTID": 58, "Id": 0, "stormdate": 1747353600000, "stormtime": "1942 UTC", "surveydate": 1748822400000, "surveytime": "1750 UTC", "event_id": " ", "damage": 2, "damage_txt": "One- or Two-Family Residences (FR12)", "dod_txt": "Loss of roof covering material (<20%), gutters and/or awning; loss of vinyl or metal siding", "efscale": "EF0", "damage_dir": "N/A", "windspeed": "79", "injuries": 0, "deaths": 0, "lat": 38.6489, "lon": -90.2917, "office": "LSX", "image": " ", "qc": "Y", "dod": 2, "surveytype": "0", "comments": " ", "image_full": " "}, "geometry": {"type": "Point", "coordinates": [-90.2916797694058, 38.6488847976953]}}, {"id": "58", "type": "Feature", "properties": {"OBJECTID": 59, "Id": 0, "stormdate": 1747353600000, "stormtime": "1941 UTC", "surveydate": 1748736000000, "surveytime": "1446 UTC", "event_id": " ", "damage": 2, "damage_txt": "One- or Two-Family Residences (FR12)", "dod_txt": "Uplift of roof deck and loss of significant roof covering material (>20%); collapse of chimney; garage doors collapse inward; failure of porch or carport", "efscale": "EF1", "damage_dir": "N/A", "windspeed": "90", "injuries": 0, "deaths": 0, "lat": 38.6427, "lon": -90.3035, "office": "LSX", "image": " ", "qc": "Y", "dod": 4, "surveytype": "0", "comments": "Several trees snapped at this property, roof damage per hi-res satellite imagery.", "image_full": " "}, "geometry": {"type": "Point", "coordinates": [-90.3035123528128, 38.6427476891546]}}, {"id": "59", "type": "Feature", "properties": {"OBJECTID": 60, "Id": 0, "stormdate": 1747353600000, "stormtime": "1940 UTC", "surveydate": 1748390400000, "surveytime": "1843 UTC", "event_id": " ", "damage": 2, "damage_txt": "One- or Two-Family Residences (FR12)", "dod_txt": "Loss of roof covering material (<20%), gutters and/or awning; loss of vinyl or metal siding", "efscale": "EF0", "damage_dir": "N/A", "windspeed": "80", "injuries": 0, "deaths": 0, "lat": 38.642, "lon": -90.3228, "office": "LSX", "image": " ", "qc": "Y", "dod": 2, "surveytype": "0", "comments": "Multiple shingles missing across entire roof per hi-res satellite imagery.", "image_full": " "}, "geometry": {"type": "Point", "coordinates": [-90.3227525520886, 38.6419919150949]}}, {"id": "60", "type": "Feature", "properties": {"OBJECTID": 61, "Id": 0, "stormdate": 1747353600000, "stormtime": "1941 UTC", "surveydate": 1748736000000, "surveytime": "1417 UTC", "event_id": " ", "damage": 27, "damage_txt": "Trees: Hardwood (TH)", "dod_txt": "Large branches broken (1-3 inch diameter)", "efscale": "EF0", "damage_dir": "N/A", "windspeed": "85", "injuries": 0, "deaths": 0, "lat": 38.6429, "lon": -90.306, "office": "LSX", "image": " ", "qc": "Y", "dod": 2, "surveytype": "0", "comments": "Large limbs snapped at this property per hi-res satellite imagery.", "image_full": " "}, "geometry": {"type": "Point", "coordinates": [-90.3059984278851, 38.642940919288]}}, {"id": "61", "type": "Feature", "properties": {"OBJECTID": 62, "Id": 0, "stormdate": 1747353600000, "stormtime": "1939 UTC", "surveydate": 1748476800000, "surveytime": "1449 UTC", "event_id": " ", "damage": 27, "damage_txt": "Trees: Hardwood (TH)", "dod_txt": "Trees uprooted", "efscale": "TSTM/Wind", "damage_dir": "SSE/150", "windspeed": "94", "injuries": 0, "deaths": 0, "lat": 38.6519, "lon": -90.3616, "office": "LSX", "image": " ", "qc": "Y", "dod": 3, "surveytype": "0", "comments": "Large tree uprooted and felled to the southeast per hi-res satellite imagery.", "image_full": " "}, "geometry": {"type": "Point", "coordinates": [-90.3615672358392, 38.6518855736604]}}, {"id": "62", "type": "Feature", "properties": {"OBJECTID": 63, "Id": 0, "stormdate": 1747353600000, "stormtime": "1943 UTC", "surveydate": 1748736000000, "surveytime": "1840 UTC", "event_id": " ", "damage": 5, "damage_txt": "Apartments, Condos, Townhouses [3 stories or less] (ACT)", "dod_txt": "Uplift of roof decking; significant loss of roof covering (>20%)", "efscale": "EF2", "damage_dir": "N/A", "windspeed": "130", "injuries": 0, "deaths": 0, "lat": 38.649, "lon": -90.2812, "office": "LSX", "image": " ", "qc": "Y", "dod": 3, "surveytype": "0", "comments": " ", "image_full": " "}, "geometry": {"type": "Point", "coordinates": [-90.281202083909, 38.648977804682]}}, {"id": "63", "type": "Feature", "properties": {"OBJECTID": 64, "Id": 0, "stormdate": 1747353600000, "stormtime": "1943 UTC", "surveydate": 1761523200000, "surveytime": "1040 UTC", "event_id": " ", "damage": 2, "damage_txt": "One- or Two-Family Residences (FR12)", "dod_txt": "Loss of roof covering material (<20%), gutters and/or awning; loss of vinyl or metal siding", "efscale": "EF0", "damage_dir": "N/A", "windspeed": "79", "injuries": 0, "deaths": 0, "lat": 38.6666, "lon": -90.2535, "office": "LSX", "image": " ", "qc": "Y", "dod": 2, "surveytype": "0", "comments": " ", "image_full": " "}, "geometry": {"type": "Point", "coordinates": [-90.253527734917, 38.6665503317325]}}, {"id": "64", "type": "Feature", "properties": {"OBJECTID": 65, "Id": 0, "stormdate": 1747353600000, "stormtime": "1943 UTC", "surveydate": 1761523200000, "surveytime": "1040 UTC", "event_id": " ", "damage": 2, "damage_txt": "One- or Two-Family Residences (FR12)", "dod_txt": "Loss of roof covering material (<20%), gutters and/or awning; loss of vinyl or metal siding", "efscale": "EF0", "damage_dir": "N/A", "windspeed": "79", "injuries": 0, "deaths": 0, "lat": 38.6666, "lon": -90.2535, "office": "LSX", "image": " ", "qc": "Y", "dod": 2, "surveytype": "0", "comments": " ", "image_full": " "}, "geometry": {"type": "Point", "coordinates": [-90.253527734917, 38.6665503317325]}}, {"id": "65", "type": "Feature", "properties": {"OBJECTID": 66, "Id": 0, "stormdate": 1747353600000, "stormtime": "1943 UTC", "surveydate": 1748822400000, "surveytime": "1620 UTC", "event_id": " ", "damage": 18, "damage_txt": "Mid-Rise Building [5-20 Stories] (MRB)", "dod_txt": "Loss of roof covering (<20%)", "efscale": "EF0", "damage_dir": "N/A", "windspeed": "83", "injuries": 0, "deaths": 0, "lat": 38.6466, "lon": -90.2758, "office": "LSX", "image": " ", "qc": "Y", "dod": 2, "surveytype": "0", "comments": " ", "image_full": " "}, "geometry": {"type": "Point", "coordinates": [-90.2757596350991, 38.6466171292772]}}, {"id": "66", "type": "Feature", "properties": {"OBJECTID": 67, "Id": 0, "stormdate": 1747353600000, "stormtime": "1939 UTC", "surveydate": 1747440000000, "surveytime": "2200 UTC", "event_id": "0", "damage": 27, "damage_txt": "Trees: Hardwood (TH)", "dod_txt": "Trees uprooted", "efscale": "TSTM/Wind", "damage_dir": "ENE/60", "windspeed": "94", "injuries": 0, "deaths": 0, "lat": 38.6362, "lon": -90.3251, "office": "LSX", "image": "0", "qc": "Y", "dod": 3, "surveytype": "0", "comments": " ", "image_full": "https://services.dat.noaa.gov/arcgis/rest/services/nws_damageassessmenttoolkit/DamageViewer/MapServer/0/4480243/attachments/2625932"}, "geometry": {"type": "Point", "coordinates": [-90.3250501265621, 38.6361914632654]}}, {"id": "67", "type": "Feature", "properties": {"OBJECTID": 68, "Id": 0, "stormdate": 1747353600000, "stormtime": "1940 UTC", "surveydate": 1748390400000, "surveytime": "1844 UTC", "event_id": " ", "damage": 27, "damage_txt": "Trees: Hardwood (TH)", "dod_txt": "Trunks snapped", "efscale": "EF1", "damage_dir": "N/A", "windspeed": "107", "injuries": 0, "deaths": 0, "lat": 38.6425, "lon": -90.3228, "office": "LSX", "image": " ", "qc": "Y", "dod": 4, "surveytype": "0", "comments": "Tree felled to the northeast and onto house per hi-res satellite imagery.", "image_full": " "}, "geometry": {"type": "Point", "coordinates": [-90.3228403942687, 38.6425455089681]}}, {"id": "68", "type": "Feature", "properties": {"OBJECTID": 69, "Id": 0, "stormdate": 1747353600000, "stormtime": "1942 UTC", "surveydate": 1748822400000, "surveytime": "1455 UTC", "event_id": " ", "damage": 27, "damage_txt": "Trees: Hardwood (TH)", "dod_txt": "Trunks snapped", "efscale": "EF1", "damage_dir": "N/A", "windspeed": "107", "injuries": 0, "deaths": 0, "lat": 38.6457, "lon": -90.2874, "office": "LSX", "image": " ", "qc": "Y", "dod": 4, "surveytype": "0", "comments": "Several trees snapped or uprooted in this area per hi-res satellite imagery. Felled to the northeast.", "image_full": " "}, "geometry": {"type": "Point", "coordinates": [-90.2874052386608, 38.6456568053173]}}, {"id": "69", "type": "Feature", "properties": {"OBJECTID": 70, "Id": 0, "stormdate": 1747353600000, "stormtime": "1943 UTC", "surveydate": 1761523200000, "surveytime": "1040 UTC", "event_id": " ", "damage": 2, "damage_txt": "One- or Two-Family Residences (FR12)", "dod_txt": "Loss of roof covering material (<20%), gutters and/or awning; loss of vinyl or metal siding", "efscale": "EF0", "damage_dir": "N/A", "windspeed": "79", "injuries": 0, "deaths": 0, "lat": 38.6666, "lon": -90.2535, "office": "LSX", "image": " ", "qc": "Y", "dod": 2, "surveytype": "0", "comments": " ", "image_full": " "}, "geometry": {"type": "Point", "coordinates": [-90.253527734917, 38.6665503317325]}}, {"id": "70", "type": "Feature", "properties": {"OBJECTID": 71, "Id": 0, "stormdate": 1747353600000, "stormtime": "1944 UTC", "surveydate": 1747440000000, "surveytime": "1518 UTC", "event_id": "0", "damage": 2, "damage_txt": "One- or Two-Family Residences (FR12)", "dod_txt": "Most walls collapsed, except small interior rooms", "efscale": "EF3", "damage_dir": "N/A", "windspeed": "152", "injuries": 0, "deaths": 0, "lat": 38.6667, "lon": -90.2387, "office": "LSX", "image": "0", "qc": "Y", "dod": 8, "surveytype": "0", "comments": "0", "image_full": "https://services.dat.noaa.gov/arcgis/rest/services/nws_damageassessmenttoolkit/DamageViewer/MapServer/0/4479876/attachments/2625122"}, "geometry": {"type": "Point", "coordinates": [-90.2386514985678, 38.6666890782384]}}, {"id": "71", "type": "Feature", "properties": {"OBJECTID": 72, "Id": 0, "stormdate": 1747353600000, "stormtime": "1940 UTC", "surveydate": 1748476800000, "surveytime": "1740 UTC", "event_id": " ", "damage": 27, "damage_txt": "Trees: Hardwood (TH)", "dod_txt": "Trees uprooted", "efscale": "EF1", "damage_dir": "N/A", "windspeed": "94", "injuries": 0, "deaths": 0, "lat": 38.6431, "lon": -90.3143, "office": "LSX", "image": " ", "qc": "Y", "dod": 3, "surveytype": "0", "comments": "Several trees along Wydown Blvd uprooted per hi-res satellite imagery.", "image_full": " "}, "geometry": {"type": "Point", "coordinates": [-90.3142818035623, 38.643098386981]}}, {"id": "72", "type": "Feature", "properties": {"OBJECTID": 73, "Id": 0, "stormdate": 1747353600000, "stormtime": "1941 UTC", "surveydate": 1748736000000, "surveytime": "1528 UTC", "event_id": " ", "damage": 27, "damage_txt": "Trees: Hardwood (TH)", "dod_txt": "Large branches broken (1-3 inch diameter)", "efscale": "EF0", "damage_dir": "N/A", "windspeed": "74", "injuries": 0, "deaths": 0, "lat": 38.6476, "lon": -90.302, "office": "LSX", "image": " ", "qc": "Y", "dod": 2, "surveytype": "0", "comments": " ", "image_full": " "}, "geometry": {"type": "Point", "coordinates": [-90.3019975851204, 38.6475770035759]}}, {"id": "73", "type": "Feature", "properties": {"OBJECTID": 74, "Id": 0, "stormdate": 1747353600000, "stormtime": "1939 UTC", "surveydate": 1748476800000, "surveytime": "1455 UTC", "event_id": " ", "damage": 27, "damage_txt": "Trees: Hardwood (TH)", "dod_txt": "Trees uprooted", "efscale": "TSTM/Wind", "damage_dir": "NNE/30", "windspeed": "80", "injuries": 0, "deaths": 0, "lat": 38.6459, "lon": -90.367, "office": "LSX", "image": " ", "qc": "Y", "dod": 3, "surveytype": "0", "comments": "Large tree, likely already dead, uprooted and felled to the northeast per hi-res satellite imagery.", "image_full": " "}, "geometry": {"type": "Point", "coordinates": [-90.3669564636699, 38.6458840496093]}}, {"id": "74", "type": "Feature", "properties": {"OBJECTID": 75, "Id": 0, "stormdate": 1747353600000, "stormtime": "1942 UTC", "surveydate": 1748736000000, "surveytime": "1715 UTC", "event_id": " ", "damage": 27, "damage_txt": "Trees: Hardwood (TH)", "dod_txt": "Trees uprooted", "efscale": "TSTM/Wind", "damage_dir": "ENE/60", "windspeed": "94", "injuries": 0, "deaths": 0, "lat": 38.6351, "lon": -90.3031, "office": "LSX", "image": " ", "qc": "Y", "dod": 3, "surveytype": "0", "comments": "Felled northeastward.", "image_full": " "}, "geometry": {"type": "Point", "coordinates": [-90.3030917983478, 38.6351244473354]}}, {"id": "75", "type": "Feature", "properties": {"OBJECTID": 76, "Id": 0, "stormdate": 1747353600000, "stormtime": "1943 UTC", "surveydate": 1748822400000, "surveytime": "1915 UTC", "event_id": " ", "damage": 2, "damage_txt": "One- or Two-Family Residences (FR12)", "dod_txt": "Loss of roof covering material (<20%), gutters and/or awning; loss of vinyl or metal siding", "efscale": "EF1", "damage_dir": "N/A", "windspeed": "95", "injuries": 0, "deaths": 0, "lat": 38.646, "lon": -90.2783, "office": "LSX", "image": " ", "qc": "Y", "dod": 2, "surveytype": "0", "comments": "Nearly every tree on the property also snapped or uprooted.", "image_full": " "}, "geometry": {"type": "Point", "coordinates": [-90.278337208995, 38.6459894087843]}}, {"id": "76", "type": "Feature", "properties": {"OBJECTID": 77, "Id": 0, "stormdate": 1747353600000, "stormtime": "1939 UTC", "surveydate": 1748476800000, "surveytime": "1407 UTC", "event_id": " ", "damage": 2, "damage_txt": "One- or Two-Family Residences (FR12)", "dod_txt": "Threshold of visible damage", "efscale": "TSTM/Wind", "damage_dir": "N/A", "windspeed": "80", "injuries": 0, "deaths": 0, "lat": 38.6386, "lon": -90.332, "office": "LSX", "image": " ", "qc": "Y", "dod": 1, "surveytype": "0", "comments": "Minor roof damage per hi-res satellite imagery.", "image_full": " "}, "geometry": {"type": "Point", "coordinates": [-90.3319975863195, 38.6386319121331]}}, {"id": "77", "type": "Feature", "properties": {"OBJECTID": 78, "Id": 0, "stormdate": 1747353600000, "stormtime": "1944 UTC", "surveydate": 1747440000000, "surveytime": "1846 UTC", "event_id": "0", "damage": 2, "damage_txt": "One- or Two-Family Residences (FR12)", "dod_txt": "Large sections of roof structure removed; most walls remain standing", "efscale": "EF2", "damage_dir": "N/A", "windspeed": "122", "injuries": 0, "deaths": 0, "lat": 38.663, "lon": -90.2476, "office": "LSX", "image": "0", "qc": "Y", "dod": 6, "surveytype": "0", "comments": "0", "image_full": "https://services.dat.noaa.gov/arcgis/rest/services/nws_damageassessmenttoolkit/DamageViewer/MapServer/0/4480074/attachments/2625346"}, "geometry": {"type": "Point", "coordinates": [-90.2476234779411, 38.6630075676452]}}, {"id": "78", "type": "Feature", "properties": {"OBJECTID": 79, "Id": 0, "stormdate": 1747353600000, "stormtime": "1943 UTC", "surveydate": 1754438400000, "surveytime": "1038 UTC", "event_id": " ", "damage": 2, "damage_txt": "One- or Two-Family Residences (FR12)", "dod_txt": "Loss of roof covering material (<20%), gutters and/or awning; loss of vinyl or metal siding", "efscale": "EF0", "damage_dir": "N/A", "windspeed": "79", "injuries": 0, "deaths": 0, "lat": 38.6581, "lon": -90.2663, "office": "LSX", "image": " ", "qc": "Y", "dod": 2, "surveytype": "0", "comments": " ", "image_full": " "}, "geometry": {"type": "Point", "coordinates": [-90.2662911400241, 38.6581030096463]}}, {"id": "79", "type": "Feature", "properties": {"OBJECTID": 80, "Id": 0, "stormdate": 1747353600000, "stormtime": "1941 UTC", "surveydate": 1748736000000, "surveytime": "1429 UTC", "event_id": " ", "damage": 2, "damage_txt": "One- or Two-Family Residences (FR12)", "dod_txt": "Uplift of roof deck and loss of significant roof covering material (>20%); collapse of chimney; garage doors collapse inward; failure of porch or carport", "efscale": "EF1", "damage_dir": "N/A", "windspeed": "97", "injuries": 0, "deaths": 0, "lat": 38.6422, "lon": -90.3054, "office": "LSX", "image": " ", "qc": "Y", "dod": 4, "surveytype": "0", "comments": "Several trees snapped at this property, roof damage per hi-res satellite imagery.", "image_full": " "}, "geometry": {"type": "Point", "coordinates": [-90.3054088953043, 38.6422357042144]}}, {"id": "80", "type": "Feature", "properties": {"OBJECTID": 81, "Id": 0, "stormdate": 1747353600000, "stormtime": "1939 UTC", "surveydate": 1748390400000, "surveytime": "1431 UTC", "event_id": " ", "damage": 27, "damage_txt": "Trees: Hardwood (TH)", "dod_txt": "Trees uprooted", "efscale": "EF1", "damage_dir": "N/A", "windspeed": "94", "injuries": 0, "deaths": 0, "lat": 38.6413, "lon": -90.3296, "office": "LSX", "image": " ", "qc": "Y", "dod": 3, "surveytype": "0", "comments": "Tree uprooted, felled to the northeast per hi-res satellite imagery.", "image_full": " "}, "geometry": {"type": "Point", "coordinates": [-90.3296004730833, 38.641347299938]}}, {"id": "81", "type": "Feature", "properties": {"OBJECTID": 82, "Id": 0, "stormdate": 1747353600000, "stormtime": "1939 UTC", "surveydate": 1748390400000, "surveytime": "1508 UTC", "event_id": " ", "damage": 5, "damage_txt": "Apartments, Condos, Townhouses [3 stories or less] (ACT)", "dod_txt": "Uplift of roof decking; significant loss of roof covering (>20%)", "efscale": "EF2", "damage_dir": "N/A", "windspeed": "124", "injuries": 0, "deaths": 0, "lat": 38.6433, "lon": -90.343, "office": "LSX", "image": " ", "qc": "Y", "dod": 3, "surveytype": "0", "comments": "Majority of roof covering, portion of roof decking removed per hi-res satellite imagery.", "image_full": " "}, "geometry": {"type": "Point", "coordinates": [-90.3429808589794, 38.6433307457174]}}, {"id": "82", "type": "Feature", "properties": {"OBJECTID": 83, "Id": 0, "stormdate": 1747353600000, "stormtime": "1940 UTC", "surveydate": 1748476800000, "surveytime": "1808 UTC", "event_id": " ", "damage": 2, "damage_txt": "One- or Two-Family Residences (FR12)", "dod_txt": "Loss of roof covering material (<20%), gutters and/or awning; loss of vinyl or metal siding", "efscale": "EF0", "damage_dir": "N/A", "windspeed": "79", "injuries": 0, "deaths": 0, "lat": 38.6409, "lon": -90.3094, "office": "LSX", "image": " ", "qc": "Y", "dod": 2, "surveytype": "0", "comments": "Roof damage per hi-res satellite imagery.", "image_full": " "}, "geometry": {"type": "Point", "coordinates": [-90.309414510771, 38.6408846697917]}}, {"id": "83", "type": "Feature", "properties": {"OBJECTID": 84, "Id": 0, "stormdate": 1747353600000, "stormtime": "1943 UTC", "surveydate": 1747440000000, "surveytime": "2009 UTC", "event_id": "0", "damage": 2, "damage_txt": "One- or Two-Family Residences (FR12)", "dod_txt": "Large sections of roof structure removed; most walls remain standing", "efscale": "EF2", "damage_dir": "N/A", "windspeed": "122", "injuries": 0, "deaths": 0, "lat": 38.6488, "lon": -90.2772, "office": "LSX", "image": "0", "qc": "Y", "dod": 6, "surveytype": "0", "comments": "0", "image_full": "https://services.dat.noaa.gov/arcgis/rest/services/nws_damageassessmenttoolkit/DamageViewer/MapServer/0/4480188/attachments/2625880"}, "geometry": {"type": "Point", "coordinates": [-90.277161558559, 38.6488017641901]}}, {"id": "84", "type": "Feature", "properties": {"OBJECTID": 85, "Id": 0, "stormdate": 1747353600000, "stormtime": "1942 UTC", "surveydate": 1747440000000, "surveytime": "2055 UTC", "event_id": "0", "damage": 27, "damage_txt": "Trees: Hardwood (TH)", "dod_txt": "Trunks snapped", "efscale": "TSTM/Wind", "damage_dir": "N/A", "windspeed": "100", "injuries": 0, "deaths": 0, "lat": 38.6349, "lon": -90.2892, "office": "LSX", "image": "0", "qc": "Y", "dod": 4, "surveytype": "0", "comments": "0", "image_full": "https://services.dat.noaa.gov/arcgis/rest/services/nws_damageassessmenttoolkit/DamageViewer/MapServer/0/4480212/attachments/2625905"}, "geometry": {"type": "Point", "coordinates": [-90.2891596738798, 38.6349286163626]}}, {"id": "85", "type": "Feature", "properties": {"OBJECTID": 86, "Id": 0, "stormdate": 1747353600000, "stormtime": "1940 UTC", "surveydate": 1748476800000, "surveytime": "1811 UTC", "event_id": " ", "damage": 2, "damage_txt": "One- or Two-Family Residences (FR12)", "dod_txt": "Loss of roof covering material (<20%), gutters and/or awning; loss of vinyl or metal siding", "efscale": "EF1", "damage_dir": "N/A", "windspeed": "90", "injuries": 0, "deaths": 0, "lat": 38.6413, "lon": -90.3088, "office": "LSX", "image": " ", "qc": "Y", "dod": 2, "surveytype": "0", "comments": "Roof damage and tree snapped in front yard per hi-res satellite imagery.", "image_full": " "}, "geometry": {"type": "Point", "coordinates": [-90.3087902265876, 38.6413199065885]}}, {"id": "86", "type": "Feature", "properties": {"OBJECTID": 87, "Id": 0, "stormdate": 1747353600000, "stormtime": "1955 UTC", "surveydate": 1747526400000, "surveytime": "1438 UTC", "event_id": "0", "damage": 27, "damage_txt": "Trees: Hardwood (TH)", "dod_txt": "Trees uprooted", "efscale": "EF1", "damage_dir": "N/A", "windspeed": "94", "injuries": 0, "deaths": 0, "lat": 38.7232, "lon": -90.1091, "office": "LSX", "image": "0", "qc": "Y", "dod": 3, "surveytype": "0", "comments": "Tree fell onto structure", "image_full": "https://services.dat.noaa.gov/arcgis/rest/services/nws_damageassessmenttoolkit/DamageViewer/MapServer/0/4480367/attachments/2626100"}, "geometry": {"type": "Point", "coordinates": [-90.1090624292876, 38.7231976021877]}}, {"id": "87", "type": "Feature", "properties": {"OBJECTID": 88, "Id": 0, "stormdate": 1747353600000, "stormtime": "1940 UTC", "surveydate": 1748476800000, "surveytime": "1720 UTC", "event_id": " ", "damage": 27, "damage_txt": "Trees: Hardwood (TH)", "dod_txt": "Trunks snapped", "efscale": "EF1", "damage_dir": "NE/45", "windspeed": "107", "injuries": 0, "deaths": 0, "lat": 38.6409, "lon": -90.3138, "office": "LSX", "image": " ", "qc": "Y", "dod": 4, "surveytype": "0", "comments": "Several trees uprooted or snapped in this area per hi-res satellite imagery.", "image_full": " "}, "geometry": {"type": "Point", "coordinates": [-90.3138059551807, 38.6409418073186]}}, {"id": "88", "type": "Feature", "properties": {"OBJECTID": 89, "Id": 0, "stormdate": 1747353600000, "stormtime": "1941 UTC", "surveydate": 1748736000000, "surveytime": "1455 UTC", "event_id": " ", "damage": 20, "damage_txt": "Institutional Building [Hospital, Government or University Building] (IB)", "dod_txt": "Loss of roof covering (<20%)", "efscale": "EF1", "damage_dir": "N/A", "windspeed": "86", "injuries": 0, "deaths": 0, "lat": 38.6458, "lon": -90.3021, "office": "LSX", "image": " ", "qc": "Y", "dod": 2, "surveytype": "0", "comments": "Roof damage per hi-res satellite imagery.", "image_full": " "}, "geometry": {"type": "Point", "coordinates": [-90.302067913903, 38.6457607804357]}}, {"id": "89", "type": "Feature", "properties": {"OBJECTID": 90, "Id": 0, "stormdate": 1747353600000, "stormtime": "1940 UTC", "surveydate": 1748476800000, "surveytime": "1815 UTC", "event_id": " ", "damage": 27, "damage_txt": "Trees: Hardwood (TH)", "dod_txt": "Trunks snapped", "efscale": "EF1", "damage_dir": "NE/45", "windspeed": "107", "injuries": 0, "deaths": 0, "lat": 38.6409, "lon": -90.3111, "office": "LSX", "image": " ", "qc": "Y", "dod": 4, "surveytype": "0", "comments": "Tree snapped per hi-res satellite imagery.", "image_full": " "}, "geometry": {"type": "Point", "coordinates": [-90.3111283757739, 38.6408628225612]}}, {"id": "90", "type": "Feature", "properties": {"OBJECTID": 91, "Id": 0, "stormdate": 1747353600000, "stormtime": "1940 UTC", "surveydate": 1748390400000, "surveytime": "1844 UTC", "event_id": " ", "damage": 27, "damage_txt": "Trees: Hardwood (TH)", "dod_txt": "Large branches broken (1-3 inch diameter)", "efscale": "EF1", "damage_dir": "N/A", "windspeed": "86", "injuries": 0, "deaths": 0, "lat": 38.6423, "lon": -90.3223, "office": "LSX", "image": " ", "qc": "Y", "dod": 2, "surveytype": "0", "comments": "Numerous trees snapped and large branches broke in this area per hi-res satellite imagery.", "image_full": " "}, "geometry": {"type": "Point", "coordinates": [-90.3222925533586, 38.6423449169844]}}, {"id": "91", "type": "Feature", "properties": {"OBJECTID": 92, "Id": 0, "stormdate": 1747353600000, "stormtime": "1944 UTC", "surveydate": 1747440000000, "surveytime": "1601 UTC", "event_id": "0", "damage": 2, "damage_txt": "One- or Two-Family Residences (FR12)", "dod_txt": "Large sections of roof structure removed; most walls remain standing", "efscale": "EF2", "damage_dir": "N/A", "windspeed": "122", "injuries": 0, "deaths": 0, "lat": 38.6655, "lon": -90.2381, "office": "LSX", "image": "0", "qc": "Y", "dod": 6, "surveytype": "0", "comments": "0", "image_full": "https://services.dat.noaa.gov/arcgis/rest/services/nws_damageassessmenttoolkit/DamageViewer/MapServer/0/4479908/attachments/2625146"}, "geometry": {"type": "Point", "coordinates": [-90.2381183516806, 38.6655257053471]}}, {"id": "92", "type": "Feature", "properties": {"OBJECTID": 93, "Id": 0, "stormdate": 1747353600000, "stormtime": "1945 UTC", "surveydate": 1747440000000, "surveytime": "1625 UTC", "event_id": "0", "damage": 27, "damage_txt": "Trees: Hardwood (TH)", "dod_txt": "Large branches broken (1-3 inch diameter)", "efscale": "EF1", "damage_dir": "N/A", "windspeed": "88", "injuries": 0, "deaths": 0, "lat": 38.6751, "lon": -90.2281, "office": "LSX", "image": "0", "qc": "Y", "dod": 2, "surveytype": "0", "comments": "0", "image_full": "https://services.dat.noaa.gov/arcgis/rest/services/nws_damageassessmenttoolkit/DamageViewer/MapServer/0/4479934/attachments/2625176"}, "geometry": {"type": "Point", "coordinates": [-90.228061548002, 38.6751404877434]}}, {"id": "93", "type": "Feature", "properties": {"OBJECTID": 94, "Id": 0, "stormdate": 1747353600000, "stormtime": "1943 UTC", "surveydate": 1747440000000, "surveytime": "1432 UTC", "event_id": "0", "damage": 2, "damage_txt": "One- or Two-Family Residences (FR12)", "dod_txt": "Large sections of roof structure removed; most walls remain standing", "efscale": "EF2", "damage_dir": "N/A", "windspeed": "122", "injuries": 0, "deaths": 0, "lat": 38.6594, "lon": -90.26, "office": "LSX", "image": "0", "qc": "Y", "dod": 6, "surveytype": "0", "comments": "0", "image_full": "https://services.dat.noaa.gov/arcgis/rest/services/nws_damageassessmenttoolkit/DamageViewer/MapServer/0/4479842/attachments/2625081"}, "geometry": {"type": "Point", "coordinates": [-90.2600373633336, 38.6594368247497]}}, {"id": "94", "type": "Feature", "properties": {"OBJECTID": 95, "Id": 0, "stormdate": 1747353600000, "stormtime": "1939 UTC", "surveydate": 1748390400000, "surveytime": "1818 UTC", "event_id": " ", "damage": 2, "damage_txt": "One- or Two-Family Residences (FR12)", "dod_txt": "Loss of roof covering material (<20%), gutters and/or awning; loss of vinyl or metal siding", "efscale": "EF0", "damage_dir": "N/A", "windspeed": "85", "injuries": 0, "deaths": 0, "lat": 38.6416, "lon": -90.329, "office": "LSX", "image": " ", "qc": "Y", "dod": 2, "surveytype": "0", "comments": "Multiple areas of roof tarped per hi-res satellite imagery.", "image_full": " "}, "geometry": {"type": "Point", "coordinates": [-90.3289849986587, 38.6415723948502]}}, {"id": "95", "type": "Feature", "properties": {"OBJECTID": 96, "Id": 0, "stormdate": 1747353600000, "stormtime": "1945 UTC", "surveydate": 1747440000000, "surveytime": "1629 UTC", "event_id": "0", "damage": 27, "damage_txt": "Trees: Hardwood (TH)", "dod_txt": "Large branches broken (1-3 inch diameter)", "efscale": "EF1", "damage_dir": "N/A", "windspeed": "88", "injuries": 0, "deaths": 0, "lat": 38.6752, "lon": -90.2324, "office": "LSX", "image": "0", "qc": "Y", "dod": 2, "surveytype": "0", "comments": "0", "image_full": "https://services.dat.noaa.gov/arcgis/rest/services/nws_damageassessmenttoolkit/DamageViewer/MapServer/0/4479931/attachments/2625173"}, "geometry": {"type": "Point", "coordinates": [-90.2324217328766, 38.675186113948]}}, {"id": "96", "type": "Feature", "properties": {"OBJECTID": 97, "Id": 0, "stormdate": 1747353600000, "stormtime": "1943 UTC", "surveydate": 1754438400000, "surveytime": "1038 UTC", "event_id": " ", "damage": 2, "damage_txt": "One- or Two-Family Residences (FR12)", "dod_txt": "Loss of roof covering material (<20%), gutters and/or awning; loss of vinyl or metal siding", "efscale": "EF0", "damage_dir": "N/A", "windspeed": "79", "injuries": 0, "deaths": 0, "lat": 38.6581, "lon": -90.2663, "office": "LSX", "image": " ", "qc": "Y", "dod": 2, "surveytype": "0", "comments": " ", "image_full": " "}, "geometry": {"type": "Point", "coordinates": [-90.2662911400241, 38.6581030096463]}}, {"id": "97", "type": "Feature", "properties": {"OBJECTID": 98, "Id": 0, "stormdate": 1747353600000, "stormtime": "1939 UTC", "surveydate": 1748390400000, "surveytime": "1733 UTC", "event_id": " ", "damage": 27, "damage_txt": "Trees: Hardwood (TH)", "dod_txt": "Trunks snapped", "efscale": "EF1", "damage_dir": "N/A", "windspeed": "100", "injuries": 0, "deaths": 0, "lat": 38.6428, "lon": -90.3393, "office": "LSX", "image": " ", "qc": "Y", "dod": 4, "surveytype": "0", "comments": "A few trees snapped and topped and felled to the south in this area per hi-res satellite imagery.", "image_full": " "}, "geometry": {"type": "Point", "coordinates": [-90.3392501078062, 38.642826137916]}}, {"id": "98", "type": "Feature", "properties": {"OBJECTID": 99, "Id": 0, "stormdate": 1747353600000, "stormtime": "1950 UTC", "surveydate": 1747526400000, "surveytime": "1356 UTC", "event_id": "0", "damage": 27, "damage_txt": "Trees: Hardwood (TH)", "dod_txt": "Trunks snapped", "efscale": "EF1", "damage_dir": "N/A", "windspeed": "107", "injuries": 0, "deaths": 0, "lat": 38.7087, "lon": -90.17, "office": "LSX", "image": "0", "qc": "Y", "dod": 4, "surveytype": "0", "comments": "0", "image_full": "https://services.dat.noaa.gov/arcgis/rest/services/nws_damageassessmenttoolkit/DamageViewer/MapServer/0/4480352/attachments/2626082"}, "geometry": {"type": "Point", "coordinates": [-90.1700166933157, 38.7087312318609]}}, {"id": "99", "type": "Feature", "properties": {"OBJECTID": 100, "Id": 0, "stormdate": 1747353600000, "stormtime": "1940 UTC", "surveydate": 1748476800000, "surveytime": "1740 UTC", "event_id": " ", "damage": 27, "damage_txt": "Trees: Hardwood (TH)", "dod_txt": "Trees uprooted", "efscale": "EF1", "damage_dir": "N/A", "windspeed": "94", "injuries": 0, "deaths": 0, "lat": 38.6431, "lon": -90.3143, "office": "LSX", "image": " ", "qc": "Y", "dod": 3, "surveytype": "0", "comments": "Several trees along Wydown Blvd uprooted per hi-res satellite imagery.", "image_full": " "}, "geometry": {"type": "Point", "coordinates": [-90.3142818035623, 38.643098386981]}}, {"id": "100", "type": "Feature", "properties": {"OBJECTID": 101, "Id": 0, "stormdate": 1747353600000, "stormtime": "1943 UTC", "surveydate": 1754438400000, "surveytime": "1038 UTC", "event_id": " ", "damage": 2, "damage_txt": "One- or Two-Family Residences (FR12)", "dod_txt": "Loss of roof covering material (<20%), gutters and/or awning; loss of vinyl or metal siding", "efscale": "EF0", "damage_dir": "N/A", "windspeed": "79", "injuries": 0, "deaths": 0, "lat": 38.6581, "lon": -90.2663, "office": "LSX", "image": " ", "qc": "Y", "dod": 2, "surveytype": "0", "comments": " ", "image_full": " "}, "geometry": {"type": "Point", "coordinates": [-90.2662911400241, 38.6581030096463]}}, {"id": "101", "type": "Feature", "properties": {"OBJECTID": 102, "Id": 0, "stormdate": 1747353600000, "stormtime": "1941 UTC", "surveydate": 1747440000000, "surveytime": "2132 UTC", "event_id": "0", "damage": 27, "damage_txt": "Trees: Hardwood (TH)", "dod_txt": "Trunks snapped", "efscale": "EF0", "damage_dir": "NE/45", "windspeed": "107", "injuries": 0, "deaths": 0, "lat": 38.6408, "lon": -90.3028, "office": "LSX", "image": "0", "qc": "Y", "dod": 4, "surveytype": "0", "comments": " ", "image_full": "https://services.dat.noaa.gov/arcgis/rest/services/nws_damageassessmenttoolkit/DamageViewer/MapServer/0/4480229/attachments/2625918"}, "geometry": {"type": "Point", "coordinates": [-90.3028353269887, 38.6407832820229]}}, {"id": "102", "type": "Feature", "properties": {"OBJECTID": 103, "Id": 0, "stormdate": 1747353600000, "stormtime": "1940 UTC", "surveydate": 1748476800000, "surveytime": "1725 UTC", "event_id": " ", "damage": 27, "damage_txt": "Trees: Hardwood (TH)", "dod_txt": "Trees uprooted", "efscale": "EF1", "damage_dir": "N/A", "windspeed": "94", "injuries": 0, "deaths": 0, "lat": 38.6406, "lon": -90.3146, "office": "LSX", "image": " ", "qc": "Y", "dod": 3, "surveytype": "0", "comments": "Large tree uprooted and felled northeastward per hi-res satellite imagery.", "image_full": " "}, "geometry": {"type": "Point", "coordinates": [-90.3146194270449, 38.6406385631192]}}, {"id": "103", "type": "Feature", "properties": {"OBJECTID": 104, "Id": 0, "stormdate": 1747353600000, "stormtime": "1942 UTC", "surveydate": 1748822400000, "surveytime": "1930 UTC", "event_id": " ", "damage": 2, "damage_txt": "One- or Two-Family Residences (FR12)", "dod_txt": "Uplift of roof deck and loss of significant roof covering material (>20%); collapse of chimney; garage doors collapse inward; failure of porch or carport", "efscale": "EF1", "damage_dir": "N/A", "windspeed": "97", "injuries": 0, "deaths": 0, "lat": 38.647, "lon": -90.29, "office": "LSX", "image": " ", "qc": "Y", "dod": 4, "surveytype": "0", "comments": " ", "image_full": " "}, "geometry": {"type": "Point", "coordinates": [-90.2899621155591, 38.6469766566474]}}, {"id": "104", "type": "Feature", "properties": {"OBJECTID": 105, "Id": 0, "stormdate": 1747353600000, "stormtime": "1942 UTC", "surveydate": 1748736000000, "surveytime": "1712 UTC", "event_id": " ", "damage": 27, "damage_txt": "Trees: Hardwood (TH)", "dod_txt": "Large branches broken (1-3 inch diameter)", "efscale": "TSTM/Wind", "damage_dir": "N/0", "windspeed": "74", "injuries": 0, "deaths": 0, "lat": 38.6338, "lon": -90.3073, "office": "LSX", "image": " ", "qc": "Y", "dod": 2, "surveytype": "0", "comments": " ", "image_full": " "}, "geometry": {"type": "Point", "coordinates": [-90.3073417578158, 38.6337987126406]}}, {"id": "105", "type": "Feature", "properties": {"OBJECTID": 106, "Id": 0, "stormdate": 1747353600000, "stormtime": "1940 UTC", "surveydate": 1748390400000, "surveytime": "1846 UTC", "event_id": " ", "damage": 27, "damage_txt": "Trees: Hardwood (TH)", "dod_txt": "Trees uprooted", "efscale": "EF1", "damage_dir": "SE/135", "windspeed": "94", "injuries": 0, "deaths": 0, "lat": 38.6426, "lon": -90.321, "office": "LSX", "image": " ", "qc": "Y", "dod": 3, "surveytype": "0", "comments": "Tree uprooted and felled southeastward per hi-res satellite imagery.", "image_full": " "}, "geometry": {"type": "Point", "coordinates": [-90.3209682117135, 38.6426492097933]}}, {"id": "106", "type": "Feature", "properties": {"OBJECTID": 107, "Id": 0, "stormdate": 1747353600000, "stormtime": "1943 UTC", "surveydate": 1754438400000, "surveytime": "1038 UTC", "event_id": " ", "damage": 2, "damage_txt": "One- or Two-Family Residences (FR12)", "dod_txt": "Loss of roof covering material (<20%), gutters and/or awning; loss of vinyl or metal siding", "efscale": "EF0", "damage_dir": "N/A", "windspeed": "79", "injuries": 0, "deaths": 0, "lat": 38.6581, "lon": -90.2663, "office": "LSX", "image": " ", "qc": "Y", "dod": 2, "surveytype": "0", "comments": " ", "image_full": " "}, "geometry": {"type": "Point", "coordinates": [-90.2662911400241, 38.6581030096463]}}, {"id": "107", "type": "Feature", "properties": {"OBJECTID": 108, "Id": 0, "stormdate": 1747353600000, "stormtime": "1942 UTC", "surveydate": 1748822400000, "surveytime": "1453 UTC", "event_id": " ", "damage": 27, "damage_txt": "Trees: Hardwood (TH)", "dod_txt": "Trunks snapped", "efscale": "EF1", "damage_dir": "N/A", "windspeed": "107", "injuries": 0, "deaths": 0, "lat": 38.6468, "lon": -90.2975, "office": "LSX", "image": " ", "qc": "Y", "dod": 4, "surveytype": "0", "comments": "Numerous trees snapped or uprooted in this area per hi-res satellite imagery. Felled to the north.", "image_full": " "}, "geometry": {"type": "Point", "coordinates": [-90.2974554763891, 38.6467943092101]}}, {"id": "108", "type": "Feature", "properties": {"OBJECTID": 109, "Id": 0, "stormdate": 1747353600000, "stormtime": "1939 UTC", "surveydate": 1748476800000, "surveytime": "1319 UTC", "event_id": " ", "damage": 27, "damage_txt": "Trees: Hardwood (TH)", "dod_txt": "Trees uprooted", "efscale": "TSTM/Wind", "damage_dir": "SSE/150", "windspeed": "94", "injuries": 0, "deaths": 0, "lat": 38.6361, "lon": -90.3342, "office": "LSX", "image": " ", "qc": "Y", "dod": 3, "surveytype": "0", "comments": "Tree uprooted, felled to the southeast per hi-res satellite imagery.", "image_full": " "}, "geometry": {"type": "Point", "coordinates": [-90.3341835504305, 38.6361293488904]}}, {"id": "109", "type": "Feature", "properties": {"OBJECTID": 110, "Id": 0, "stormdate": 1747353600000, "stormtime": "1943 UTC", "surveydate": 1761523200000, "surveytime": "1040 UTC", "event_id": " ", "damage": 2, "damage_txt": "One- or Two-Family Residences (FR12)", "dod_txt": "Loss of roof covering material (<20%), gutters and/or awning; loss of vinyl or metal siding", "efscale": "EF0", "damage_dir": "N/A", "windspeed": "79", "injuries": 0, "deaths": 0, "lat": 38.6666, "lon": -90.2535, "office": "LSX", "image": " ", "qc": "Y", "dod": 2, "surveytype": "0", "comments": " ", "image_full": " "}, "geometry": {"type": "Point", "coordinates": [-90.253527734917, 38.6665503317325]}}, {"id": "110", "type": "Feature", "properties": {"OBJECTID": 111, "Id": 0, "stormdate": 1747353600000, "stormtime": "1942 UTC", "surveydate": 1748822400000, "surveytime": "1924 UTC", "event_id": " ", "damage": 2, "damage_txt": "One- or Two-Family Residences (FR12)", "dod_txt": "Loss of roof covering material (<20%), gutters and/or awning; loss of vinyl or metal siding", "efscale": "EF0", "damage_dir": "N/A", "windspeed": "79", "injuries": 0, "deaths": 0, "lat": 38.6463, "lon": -90.283, "office": "LSX", "image": " ", "qc": "Y", "dod": 2, "surveytype": "0", "comments": " ", "image_full": " "}, "geometry": {"type": "Point", "coordinates": [-90.2829851481461, 38.6462923157378]}}, {"id": "111", "type": "Feature", "properties": {"OBJECTID": 112, "Id": 0, "stormdate": 1747353600000, "stormtime": "1944 UTC", "surveydate": 1747440000000, "surveytime": "1856 UTC", "event_id": "0", "damage": 2, "damage_txt": "One- or Two-Family Residences (FR12)", "dod_txt": "Large sections of roof structure removed; most walls remain standing", "efscale": "EF2", "damage_dir": "N/A", "windspeed": "122", "injuries": 0, "deaths": 0, "lat": 38.6612, "lon": -90.2507, "office": "LSX", "image": "0", "qc": "Y", "dod": 6, "surveytype": "0", "comments": "0", "image_full": "https://services.dat.noaa.gov/arcgis/rest/services/nws_damageassessmenttoolkit/DamageViewer/MapServer/0/4480085/attachments/2625358"}, "geometry": {"type": "Point", "coordinates": [-90.2506734504194, 38.6612152098141]}}, {"id": "112", "type": "Feature", "properties": {"OBJECTID": 113, "Id": 0, "stormdate": 1747353600000, "stormtime": "1943 UTC", "surveydate": 1747440000000, "surveytime": "1930 UTC", "event_id": "0", "damage": 27, "damage_txt": "Trees: Hardwood (TH)", "dod_txt": "Trees uprooted", "efscale": "EF1", "damage_dir": "NE/45", "windspeed": "94", "injuries": 0, "deaths": 0, "lat": 38.6576, "lon": -90.2538, "office": "LSX", "image": "0", "qc": "Y", "dod": 3, "surveytype": "0", "comments": "0", "image_full": "https://services.dat.noaa.gov/arcgis/rest/services/nws_damageassessmenttoolkit/DamageViewer/MapServer/0/4480097/attachments/2625373"}, "geometry": {"type": "Point", "coordinates": [-90.2537879267714, 38.6576112477609]}}, {"id": "113", "type": "Feature", "properties": {"OBJECTID": 114, "Id": 0, "stormdate": 1747353600000, "stormtime": "1942 UTC", "surveydate": 1748822400000, "surveytime": "1824 UTC", "event_id": " ", "damage": 2, "damage_txt": "One- or Two-Family Residences (FR12)", "dod_txt": "Loss of roof covering material (<20%), gutters and/or awning; loss of vinyl or metal siding", "efscale": "EF0", "damage_dir": "N/A", "windspeed": "79", "injuries": 0, "deaths": 0, "lat": 38.649, "lon": -90.293, "office": "LSX", "image": " ", "qc": "Y", "dod": 2, "surveytype": "0", "comments": " ", "image_full": " "}, "geometry": {"type": "Point", "coordinates": [-90.293031612319, 38.6490206070155]}}, {"id": "114", "type": "Feature", "properties": {"OBJECTID": 115, "Id": 0, "stormdate": 1747353600000, "stormtime": "1941 UTC", "surveydate": 1747440000000, "surveytime": "2134 UTC", "event_id": "0", "damage": 27, "damage_txt": "Trees: Hardwood (TH)", "dod_txt": "Trees uprooted", "efscale": "EF1", "damage_dir": "N/A", "windspeed": "94", "injuries": 0, "deaths": 0, "lat": 38.6446, "lon": -90.3015, "office": "LSX", "image": "0", "qc": "Y", "dod": 3, "surveytype": "0", "comments": "0", "image_full": "https://services.dat.noaa.gov/arcgis/rest/services/nws_damageassessmenttoolkit/DamageViewer/MapServer/0/4480232/attachments/2625921"}, "geometry": {"type": "Point", "coordinates": [-90.3015000828625, 38.6446452442826]}}, {"id": "115", "type": "Feature", "properties": {"OBJECTID": 116, "Id": 0, "stormdate": 1747353600000, "stormtime": "1939 UTC", "surveydate": 1748390400000, "surveytime": "1715 UTC", "event_id": " ", "damage": 28, "damage_txt": "Trees: Softwood (TS)", "dod_txt": "Trees uprooted", "efscale": "EF1", "damage_dir": "SSE/150", "windspeed": "87", "injuries": 0, "deaths": 0, "lat": 38.6445, "lon": -90.3441, "office": "LSX", "image": " ", "qc": "Y", "dod": 3, "surveytype": "0", "comments": "Two small trees uprooted here, felled to the southeast per hi-res satellite imagery.", "image_full": " "}, "geometry": {"type": "Point", "coordinates": [-90.3441176470118, 38.644536643951]}}, {"id": "116", "type": "Feature", "properties": {"OBJECTID": 117, "Id": 0, "stormdate": 1747353600000, "stormtime": "1942 UTC", "surveydate": 1748822400000, "surveytime": "1753 UTC", "event_id": " ", "damage": 2, "damage_txt": "One- or Two-Family Residences (FR12)", "dod_txt": "Loss of roof covering material (<20%), gutters and/or awning; loss of vinyl or metal siding", "efscale": "EF0", "damage_dir": "N/A", "windspeed": "79", "injuries": 0, "deaths": 0, "lat": 38.6489, "lon": -90.2922, "office": "LSX", "image": " ", "qc": "Y", "dod": 2, "surveytype": "0", "comments": " ", "image_full": " "}, "geometry": {"type": "Point", "coordinates": [-90.2922134990537, 38.6489338817933]}}, {"id": "117", "type": "Feature", "properties": {"OBJECTID": 118, "Id": 0, "stormdate": 1747353600000, "stormtime": "1939 UTC", "surveydate": 1748390400000, "surveytime": "1816 UTC", "event_id": " ", "damage": 28, "damage_txt": "Trees: Softwood (TS)", "dod_txt": "Trunks snapped", "efscale": "EF1", "damage_dir": "N/A", "windspeed": "104", "injuries": 0, "deaths": 0, "lat": 38.6411, "lon": -90.3296, "office": "LSX", "image": " ", "qc": "Y", "dod": 4, "surveytype": "0", "comments": "Pine tree snapped and felled eastward per hi-res satellite imagery.", "image_full": " "}, "geometry": {"type": "Point", "coordinates": [-90.3295787013959, 38.6410758602628]}}, {"id": "118", "type": "Feature", "properties": {"OBJECTID": 119, "Id": 0, "stormdate": 1747353600000, "stormtime": "1957 UTC", "surveydate": 1747526400000, "surveytime": "1457 UTC", "event_id": "0", "damage": 2, "damage_txt": "One- or Two-Family Residences (FR12)", "dod_txt": "Loss of roof covering material (<20%), gutters and/or awning; loss of vinyl or metal siding", "efscale": "EF0", "damage_dir": "N/A", "windspeed": "85", "injuries": 0, "deaths": 0, "lat": 38.7315, "lon": -90.0876, "office": "LSX", "image": "0", "qc": "Y", "dod": 2, "surveytype": "0", "comments": "0", "image_full": "https://services.dat.noaa.gov/arcgis/rest/services/nws_damageassessmenttoolkit/DamageViewer/MapServer/0/4480376/attachments/2626107"}, "geometry": {"type": "Point", "coordinates": [-90.087550795233, 38.7314855581121]}}, {"id": "119", "type": "Feature", "properties": {"OBJECTID": 120, "Id": 0, "stormdate": 1747353600000, "stormtime": "1942 UTC", "surveydate": 1748822400000, "surveytime": "1926 UTC", "event_id": " ", "damage": 2, "damage_txt": "One- or Two-Family Residences (FR12)", "dod_txt": "Uplift of roof deck and loss of significant roof covering material (>20%); collapse of chimney; garage doors collapse inward; failure of porch or carport", "efscale": "EF1", "damage_dir": "N/A", "windspeed": "97", "injuries": 0, "deaths": 0, "lat": 38.6464, "lon": -90.2848, "office": "LSX", "image": " ", "qc": "Y", "dod": 4, "surveytype": "0", "comments": " ", "image_full": " "}, "geometry": {"type": "Point", "coordinates": [-90.2847708276116, 38.6464468111715]}}, {"id": "120", "type": "Feature", "properties": {"OBJECTID": 121, "Id": 0, "stormdate": 1747353600000, "stormtime": "1941 UTC", "surveydate": 1748476800000, "surveytime": "1927 UTC", "event_id": " ", "damage": 2, "damage_txt": "One- or Two-Family Residences (FR12)", "dod_txt": "Loss of roof covering material (<20%), gutters and/or awning; loss of vinyl or metal siding", "efscale": "EF0", "damage_dir": "N/A", "windspeed": "85", "injuries": 0, "deaths": 0, "lat": 38.6411, "lon": -90.3067, "office": "LSX", "image": " ", "qc": "Y", "dod": 2, "surveytype": "0", "comments": "Roof damage per hi-res satellite imagery.", "image_full": " "}, "geometry": {"type": "Point", "coordinates": [-90.3066802965584, 38.6411191743105]}}, {"id": "121", "type": "Feature", "properties": {"OBJECTID": 122, "Id": 0, "stormdate": 1747353600000, "stormtime": "1943 UTC", "surveydate": 1754438400000, "surveytime": "1038 UTC", "event_id": " ", "damage": 2, "damage_txt": "One- or Two-Family Residences (FR12)", "dod_txt": "Loss of roof covering material (<20%), gutters and/or awning; loss of vinyl or metal siding", "efscale": "EF0", "damage_dir": "N/A", "windspeed": "79", "injuries": 0, "deaths": 0, "lat": 38.6581, "lon": -90.2663, "office": "LSX", "image": " ", "qc": "Y", "dod": 2, "surveytype": "0", "comments": " ", "image_full": " "}, "geometry": {"type": "Point", "coordinates": [-90.2662911400241, 38.6581030096463]}}, {"id": "122", "type": "Feature", "properties": {"OBJECTID": 123, "Id": 0, "stormdate": 1747353600000, "stormtime": "1939 UTC", "surveydate": 1748390400000, "surveytime": "1741 UTC", "event_id": " ", "damage": 27, "damage_txt": "Trees: Hardwood (TH)", "dod_txt": "Large branches broken (1-3 inch diameter)", "efscale": "EF0", "damage_dir": "N/A", "windspeed": "85", "injuries": 0, "deaths": 0, "lat": 38.643, "lon": -90.3373, "office": "LSX", "image": " ", "qc": "Y", "dod": 2, "surveytype": "0", "comments": "Several trees topped in this location per hi-res satellite imagery.", "image_full": " "}, "geometry": {"type": "Point", "coordinates": [-90.3372941066377, 38.64302463358]}}, {"id": "123", "type": "Feature", "properties": {"OBJECTID": 124, "Id": 0, "stormdate": 1747353600000, "stormtime": "1942 UTC", "surveydate": 1748736000000, "surveytime": "1710 UTC", "event_id": " ", "damage": 27, "damage_txt": "Trees: Hardwood (TH)", "dod_txt": "Trunks snapped", "efscale": "TSTM/Wind", "damage_dir": "N/0", "windspeed": "93", "injuries": 0, "deaths": 0, "lat": 38.6353, "lon": -90.3067, "office": "LSX", "image": " ", "qc": "Y", "dod": 4, "surveytype": "0", "comments": "Felled to the north.", "image_full": " "}, "geometry": {"type": "Point", "coordinates": [-90.3067275316502, 38.6352957277157]}}, {"id": "124", "type": "Feature", "properties": {"OBJECTID": 125, "Id": 0, "stormdate": 1747353600000, "stormtime": "1941 UTC", "surveydate": 1748476800000, "surveytime": "1920 UTC", "event_id": " ", "damage": 2, "damage_txt": "One- or Two-Family Residences (FR12)", "dod_txt": "Loss of roof covering material (<20%), gutters and/or awning; loss of vinyl or metal siding", "efscale": "EF0", "damage_dir": "N/A", "windspeed": "79", "injuries": 0, "deaths": 0, "lat": 38.6399, "lon": -90.3057, "office": "LSX", "image": " ", "qc": "Y", "dod": 2, "surveytype": "0", "comments": "Roof damage per hi-res satellite imagery.", "image_full": " "}, "geometry": {"type": "Point", "coordinates": [-90.3056617289056, 38.639901444596]}}, {"id": "125", "type": "Feature", "properties": {"OBJECTID": 126, "Id": 0, "stormdate": 1747353600000, "stormtime": "1940 UTC", "surveydate": 1748476800000, "surveytime": "1740 UTC", "event_id": " ", "damage": 27, "damage_txt": "Trees: Hardwood (TH)", "dod_txt": "Trees uprooted", "efscale": "EF1", "damage_dir": "N/A", "windspeed": "94", "injuries": 0, "deaths": 0, "lat": 38.6431, "lon": -90.3143, "office": "LSX", "image": " ", "qc": "Y", "dod": 3, "surveytype": "0", "comments": "Several trees along Wydown Blvd uprooted per hi-res satellite imagery.", "image_full": " "}, "geometry": {"type": "Point", "coordinates": [-90.3142818035623, 38.643098386981]}}, {"id": "126", "type": "Feature", "properties": {"OBJECTID": 127, "Id": 0, "stormdate": 1747353600000, "stormtime": "1939 UTC", "surveydate": 1748390400000, "surveytime": "1433 UTC", "event_id": " ", "damage": 27, "damage_txt": "Trees: Hardwood (TH)", "dod_txt": "Trees uprooted", "efscale": "EF1", "damage_dir": "N/A", "windspeed": "94", "injuries": 0, "deaths": 0, "lat": 38.6414, "lon": -90.3315, "office": "LSX", "image": " ", "qc": "Y", "dod": 3, "surveytype": "0", "comments": "Tree uprooted, felled to the north per hi-res satellite imagery.", "image_full": " "}, "geometry": {"type": "Point", "coordinates": [-90.3315014888027, 38.6414420983742]}}, {"id": "127", "type": "Feature", "properties": {"OBJECTID": 128, "Id": 0, "stormdate": 1747353600000, "stormtime": "1943 UTC", "surveydate": 1761523200000, "surveytime": "1040 UTC", "event_id": " ", "damage": 2, "damage_txt": "One- or Two-Family Residences (FR12)", "dod_txt": "Loss of roof covering material (<20%), gutters and/or awning; loss of vinyl or metal siding", "efscale": "EF0", "damage_dir": "N/A", "windspeed": "79", "injuries": 0, "deaths": 0, "lat": 38.6666, "lon": -90.2535, "office": "LSX", "image": " ", "qc": "Y", "dod": 2, "surveytype": "0", "comments": " ", "image_full": " "}, "geometry": {"type": "Point", "coordinates": [-90.253527734917, 38.6665503317325]}}, {"id": "128", "type": "Feature", "properties": {"OBJECTID": 129, "Id": 0, "stormdate": 1747353600000, "stormtime": "1943 UTC", "surveydate": 1754438400000, "surveytime": "1038 UTC", "event_id": " ", "damage": 2, "damage_txt": "One- or Two-Family Residences (FR12)", "dod_txt": "Loss of roof covering material (<20%), gutters and/or awning; loss of vinyl or metal siding", "efscale": "EF0", "damage_dir": "N/A", "windspeed": "79", "injuries": 0, "deaths": 0, "lat": 38.6581, "lon": -90.2663, "office": "LSX", "image": " ", "qc": "Y", "dod": 2, "surveytype": "0", "comments": " ", "image_full": " "}, "geometry": {"type": "Point", "coordinates": [-90.2662911400241, 38.6581030096463]}}, {"id": "129", "type": "Feature", "properties": {"OBJECTID": 130, "Id": 0, "stormdate": 1747353600000, "stormtime": "1941 UTC", "surveydate": 1748736000000, "surveytime": "1420 UTC", "event_id": " ", "damage": 27, "damage_txt": "Trees: Hardwood (TH)", "dod_txt": "Large branches broken (1-3 inch diameter)", "efscale": "EF1", "damage_dir": "N/A", "windspeed": "86", "injuries": 0, "deaths": 0, "lat": 38.6435, "lon": -90.3055, "office": "LSX", "image": " ", "qc": "Y", "dod": 2, "surveytype": "0", "comments": "Several large limbs snapped per hi-res satellite imagery.", "image_full": " "}, "geometry": {"type": "Point", "coordinates": [-90.3055142895528, 38.6435301200191]}}, {"id": "130", "type": "Feature", "properties": {"OBJECTID": 131, "Id": 0, "stormdate": 1747353600000, "stormtime": "1943 UTC", "surveydate": 1748822400000, "surveytime": "1626 UTC", "event_id": " ", "damage": 18, "damage_txt": "Mid-Rise Building [5-20 Stories] (MRB)", "dod_txt": "Loss of roof covering (<20%)", "efscale": "EF0", "damage_dir": "N/A", "windspeed": "85", "injuries": 0, "deaths": 0, "lat": 38.6463, "lon": -90.2748, "office": "LSX", "image": " ", "qc": "Y", "dod": 2, "surveytype": "0", "comments": " ", "image_full": " "}, "geometry": {"type": "Point", "coordinates": [-90.2748251000983, 38.6463270781322]}}, {"id": "131", "type": "Feature", "properties": {"OBJECTID": 132, "Id": 0, "stormdate": 1747353600000, "stormtime": "1943 UTC", "surveydate": 1761523200000, "surveytime": "1040 UTC", "event_id": " ", "damage": 2, "damage_txt": "One- or Two-Family Residences (FR12)", "dod_txt": "Loss of roof covering material (<20%), gutters and/or awning; loss of vinyl or metal siding", "efscale": "EF0", "damage_dir": "N/A", "windspeed": "79", "injuries": 0, "deaths": 0, "lat": 38.6666, "lon": -90.2535, "office": "LSX", "image": " ", "qc": "Y", "dod": 2, "surveytype": "0", "comments": " ", "image_full": " "}, "geometry": {"type": "Point", "coordinates": [-90.253527734917, 38.6665503317325]}}, {"id": "132", "type": "Feature", "properties": {"OBJECTID": 133, "Id": 0, "stormdate": 1747353600000, "stormtime": "1945 UTC", "surveydate": 1747440000000, "surveytime": "1628 UTC", "event_id": "0", "damage": 2, "damage_txt": "One- or Two-Family Residences (FR12)", "dod_txt": "Large sections of roof structure removed; most walls remain standing", "efscale": "EF2", "damage_dir": "N/A", "windspeed": "122", "injuries": 0, "deaths": 0, "lat": 38.6745, "lon": -90.2309, "office": "LSX", "image": "0", "qc": "Y", "dod": 6, "surveytype": "0", "comments": "0", "image_full": "https://services.dat.noaa.gov/arcgis/rest/services/nws_damageassessmenttoolkit/DamageViewer/MapServer/0/4479929/attachments/2625171"}, "geometry": {"type": "Point", "coordinates": [-90.2309177930217, 38.6745404546783]}}, {"id": "133", "type": "Feature", "properties": {"OBJECTID": 134, "Id": 0, "stormdate": 1747353600000, "stormtime": "1943 UTC", "surveydate": 1747440000000, "surveytime": "1934 UTC", "event_id": "0", "damage": 28, "damage_txt": "Trees: Softwood (TS)", "dod_txt": "Trees uprooted", "efscale": "EF1", "damage_dir": "ESE/120", "windspeed": "87", "injuries": 0, "deaths": 0, "lat": 38.6586, "lon": -90.2698, "office": "LSX", "image": "0", "qc": "Y", "dod": 3, "surveytype": "0", "comments": "0", "image_full": "https://services.dat.noaa.gov/arcgis/rest/services/nws_damageassessmenttoolkit/DamageViewer/MapServer/0/4480099/attachments/2625375"}, "geometry": {"type": "Point", "coordinates": [-90.2697527241089, 38.6586073791273]}}, {"id": "134", "type": "Feature", "properties": {"OBJECTID": 135, "Id": 0, "stormdate": 1747353600000, "stormtime": "1944 UTC", "surveydate": 1747440000000, "surveytime": "1810 UTC", "event_id": "0", "damage": 8, "damage_txt": "Small Retail Building [Fast Food Restaurants] (SRB)", "dod_txt": "Uplift of roof decking; significant loss of roof covering (>20%)", "efscale": "EF1", "damage_dir": "N/A", "windspeed": "98", "injuries": 0, "deaths": 0, "lat": 38.6645, "lon": -90.2354, "office": "LSX", "image": "0", "qc": "Y", "dod": 4, "surveytype": "0", "comments": "0", "image_full": "https://services.dat.noaa.gov/arcgis/rest/services/nws_damageassessmenttoolkit/DamageViewer/MapServer/0/4479980/attachments/2625244"}, "geometry": {"type": "Point", "coordinates": [-90.2353539292404, 38.6644729994294]}}, {"id": "135", "type": "Feature", "properties": {"OBJECTID": 136, "Id": 0, "stormdate": 1747353600000, "stormtime": "1942 UTC", "surveydate": 1748822400000, "surveytime": "1821 UTC", "event_id": " ", "damage": 5, "damage_txt": "Apartments, Condos, Townhouses [3 stories or less] (ACT)", "dod_txt": "Loss of roof covering (<20%)", "efscale": "EF1", "damage_dir": "N/A", "windspeed": "100", "injuries": 0, "deaths": 0, "lat": 38.6492, "lon": -90.2948, "office": "LSX", "image": " ", "qc": "Y", "dod": 2, "surveytype": "0", "comments": " ", "image_full": " "}, "geometry": {"type": "Point", "coordinates": [-90.2948112582329, 38.6491525780291]}}, {"id": "136", "type": "Feature", "properties": {"OBJECTID": 137, "Id": 0, "stormdate": 1747353600000, "stormtime": "1942 UTC", "surveydate": 1748736000000, "surveytime": "1743 UTC", "event_id": " ", "damage": 2, "damage_txt": "One- or Two-Family Residences (FR12)", "dod_txt": "Uplift of roof deck and loss of significant roof covering material (>20%); collapse of chimney; garage doors collapse inward; failure of porch or carport", "efscale": "EF1", "damage_dir": "N/A", "windspeed": "97", "injuries": 0, "deaths": 0, "lat": 38.6486, "lon": -90.2892, "office": "LSX", "image": " ", "qc": "Y", "dod": 4, "surveytype": "0", "comments": " ", "image_full": " "}, "geometry": {"type": "Point", "coordinates": [-90.2892248126749, 38.6486482274338]}}, {"id": "137", "type": "Feature", "properties": {"OBJECTID": 138, "Id": 0, "stormdate": 1747353600000, "stormtime": "1941 UTC", "surveydate": 1748736000000, "surveytime": "1530 UTC", "event_id": " ", "damage": 27, "damage_txt": "Trees: Hardwood (TH)", "dod_txt": "Trunks snapped", "efscale": "EF1", "damage_dir": "N/A", "windspeed": "93", "injuries": 0, "deaths": 0, "lat": 38.6476, "lon": -90.3042, "office": "LSX", "image": " ", "qc": "Y", "dod": 4, "surveytype": "0", "comments": "Felled to the northeast.", "image_full": " "}, "geometry": {"type": "Point", "coordinates": [-90.3042368943172, 38.6476013563176]}}, {"id": "138", "type": "Feature", "properties": {"OBJECTID": 139, "Id": 0, "stormdate": 1747353600000, "stormtime": "1943 UTC", "surveydate": 1754438400000, "surveytime": "1038 UTC", "event_id": " ", "damage": 2, "damage_txt": "One- or Two-Family Residences (FR12)", "dod_txt": "Loss of roof covering material (<20%), gutters and/or awning; loss of vinyl or metal siding", "efscale": "EF0", "damage_dir": "N/A", "windspeed": "79", "injuries": 0, "deaths": 0, "lat": 38.6581, "lon": -90.2663, "office": "LSX", "image": " ", "qc": "Y", "dod": 2, "surveytype": "0", "comments": " ", "image_full": " "}, "geometry": {"type": "Point", "coordinates": [-90.2662911400241, 38.6581030096463]}}, {"id": "139", "type": "Feature", "properties": {"OBJECTID": 140, "Id": 0, "stormdate": 1747353600000, "stormtime": "1942 UTC", "surveydate": 1748736000000, "surveytime": "1713 UTC", "event_id": " ", "damage": 28, "damage_txt": "Trees: Softwood (TS)", "dod_txt": "Trees uprooted", "efscale": "TSTM/Wind", "damage_dir": "N/A", "windspeed": "87", "injuries": 0, "deaths": 0, "lat": 38.634, "lon": -90.308, "office": "LSX", "image": " ", "qc": "Y", "dod": 3, "surveytype": "0", "comments": "Felled southeastward.", "image_full": " "}, "geometry": {"type": "Point", "coordinates": [-90.3080096276422, 38.6339516639382]}}, {"id": "140", "type": "Feature", "properties": {"OBJECTID": 141, "Id": 0, "stormdate": 1747353600000, "stormtime": "1943 UTC", "surveydate": 1761523200000, "surveytime": "1040 UTC", "event_id": " ", "damage": 2, "damage_txt": "One- or Two-Family Residences (FR12)", "dod_txt": "Loss of roof covering material (<20%), gutters and/or awning; loss of vinyl or metal siding", "efscale": "EF0", "damage_dir": "N/A", "windspeed": "79", "injuries": 0, "deaths": 0, "lat": 38.6666, "lon": -90.2535, "office": "LSX", "image": " ", "qc": "Y", "dod": 2, "surveytype": "0", "comments": " ", "image_full": " "}, "geometry": {"type": "Point", "coordinates": [-90.253527734917, 38.6665503317325]}}, {"id": "141", "type": "Feature", "properties": {"OBJECTID": 142, "Id": 0, "stormdate": 1747353600000, "stormtime": "1729 UTC", "surveydate": 1748736000000, "surveytime": "1729 UTC", "event_id": " ", "damage": 27, "damage_txt": "Trees: Hardwood (TH)", "dod_txt": "Trees uprooted", "efscale": "TSTM/Wind", "damage_dir": "ENE/60", "windspeed": "94", "injuries": 0, "deaths": 0, "lat": 38.6298, "lon": -90.314, "office": "LSX", "image": " ", "qc": "Y", "dod": 3, "surveytype": "0", "comments": " ", "image_full": " "}, "geometry": {"type": "Point", "coordinates": [-90.3139778839721, 38.6298034933366]}}, {"id": "142", "type": "Feature", "properties": {"OBJECTID": 143, "Id": 0, "stormdate": 1747353600000, "stormtime": "1942 UTC", "surveydate": 1747440000000, "surveytime": "2048 UTC", "event_id": "0", "damage": 27, "damage_txt": "Trees: Hardwood (TH)", "dod_txt": "Trees uprooted", "efscale": "TSTM/Wind", "damage_dir": "N/A", "windspeed": "94", "injuries": 0, "deaths": 0, "lat": 38.6338, "lon": -90.2859, "office": "LSX", "image": "0", "qc": "Y", "dod": 3, "surveytype": "0", "comments": "0", "image_full": "https://services.dat.noaa.gov/arcgis/rest/services/nws_damageassessmenttoolkit/DamageViewer/MapServer/0/4480206/attachments/2625899"}, "geometry": {"type": "Point", "coordinates": [-90.2859411387725, 38.6337866554298]}}, {"id": "143", "type": "Feature", "properties": {"OBJECTID": 144, "Id": 0, "stormdate": 1747353600000, "stormtime": "1943 UTC", "surveydate": 1761523200000, "surveytime": "1040 UTC", "event_id": " ", "damage": 2, "damage_txt": "One- or Two-Family Residences (FR12)", "dod_txt": "Loss of roof covering material (<20%), gutters and/or awning; loss of vinyl or metal siding", "efscale": "EF0", "damage_dir": "N/A", "windspeed": "79", "injuries": 0, "deaths": 0, "lat": 38.6666, "lon": -90.2535, "office": "LSX", "image": " ", "qc": "Y", "dod": 2, "surveytype": "0", "comments": " ", "image_full": " "}, "geometry": {"type": "Point", "coordinates": [-90.253527734917, 38.6665503317325]}}, {"id": "144", "type": "Feature", "properties": {"OBJECTID": 145, "Id": 0, "stormdate": 1747353600000, "stormtime": "1941 UTC", "surveydate": 1748736000000, "surveytime": "1510 UTC", "event_id": " ", "damage": 27, "damage_txt": "Trees: Hardwood (TH)", "dod_txt": "Trunks snapped", "efscale": "EF1", "damage_dir": "NE/45", "windspeed": "107", "injuries": 0, "deaths": 0, "lat": 38.644, "lon": -90.3063, "office": "LSX", "image": " ", "qc": "Y", "dod": 4, "surveytype": "0", "comments": "Numerous trees snapped or uprooted in this area per hi-res satellite imagery.", "image_full": " "}, "geometry": {"type": "Point", "coordinates": [-90.3062661578568, 38.6440325946286]}}, {"id": "145", "type": "Feature", "properties": {"OBJECTID": 146, "Id": 0, "stormdate": 1747353600000, "stormtime": "1940 UTC", "surveydate": 1748476800000, "surveytime": "1746 UTC", "event_id": " ", "damage": 2, "damage_txt": "One- or Two-Family Residences (FR12)", "dod_txt": "Loss of roof covering material (<20%), gutters and/or awning; loss of vinyl or metal siding", "efscale": "EF1", "damage_dir": "N/A", "windspeed": "97", "injuries": 0, "deaths": 0, "lat": 38.6401, "lon": -90.3124, "office": "LSX", "image": " ", "qc": "Y", "dod": 2, "surveytype": "0", "comments": "Roof damage and tree uprooted in front yard per hi-res satellite imagery.", "image_full": " "}, "geometry": {"type": "Point", "coordinates": [-90.3123797383342, 38.6400838010267]}}, {"id": "146", "type": "Feature", "properties": {"OBJECTID": 147, "Id": 0, "stormdate": 1747353600000, "stormtime": "1956 UTC", "surveydate": 1747526400000, "surveytime": "1445 UTC", "event_id": "0", "damage": 1, "damage_txt": "Small Barns or Farm Outbuildings (SBO)", "dod_txt": "Major loss of roof panels", "efscale": "EF0", "damage_dir": "N/A", "windspeed": "80", "injuries": 0, "deaths": 0, "lat": 38.7314, "lon": -90.101, "office": "LSX", "image": "0", "qc": "Y", "dod": 4, "surveytype": "0", "comments": "0", "image_full": "https://services.dat.noaa.gov/arcgis/rest/services/nws_damageassessmenttoolkit/DamageViewer/MapServer/0/4480369/attachments/2626102"}, "geometry": {"type": "Point", "coordinates": [-90.1009733827154, 38.7314390307867]}}, {"id": "147", "type": "Feature", "properties": {"OBJECTID": 148, "Id": 0, "stormdate": 1747353600000, "stormtime": "1940 UTC", "surveydate": 1748476800000, "surveytime": "1723 UTC", "event_id": " ", "damage": 28, "damage_txt": "Trees: Softwood (TS)", "dod_txt": "Trees uprooted", "efscale": "EF1", "damage_dir": "ENE/60", "windspeed": "87", "injuries": 0, "deaths": 0, "lat": 38.6391, "lon": -90.3157, "office": "LSX", "image": " ", "qc": "Y", "dod": 3, "surveytype": "0", "comments": "Pine tree uprooted and felled eastward onto house.", "image_full": " "}, "geometry": {"type": "Point", "coordinates": [-90.3157472038703, 38.6390730376906]}}, {"id": "148", "type": "Feature", "properties": {"OBJECTID": 149, "Id": 0, "stormdate": 1747353600000, "stormtime": "1939 UTC", "surveydate": 1748390400000, "surveytime": "1740 UTC", "event_id": " ", "damage": 27, "damage_txt": "Trees: Hardwood (TH)", "dod_txt": "Trees uprooted", "efscale": "EF1", "damage_dir": "E/90", "windspeed": "94", "injuries": 0, "deaths": 0, "lat": 38.6433, "lon": -90.3377, "office": "LSX", "image": " ", "qc": "Y", "dod": 3, "surveytype": "0", "comments": "Large tree uprooted and felled to the east per hi-res satellite imagery.", "image_full": " "}, "geometry": {"type": "Point", "coordinates": [-90.337726613992, 38.6433236860393]}}, {"id": "149", "type": "Feature", "properties": {"OBJECTID": 150, "Id": 0, "stormdate": 1747353600000, "stormtime": "1943 UTC", "surveydate": 1748822400000, "surveytime": "1703 UTC", "event_id": " ", "damage": 5, "damage_txt": "Apartments, Condos, Townhouses [3 stories or less] (ACT)", "dod_txt": "Uplift of roof decking; significant loss of roof covering (>20%)", "efscale": "EF2", "damage_dir": "N/A", "windspeed": "124", "injuries": 0, "deaths": 0, "lat": 38.648, "lon": -90.282, "office": "LSX", "image": " ", "qc": "Y", "dod": 3, "surveytype": "0", "comments": " ", "image_full": " "}, "geometry": {"type": "Point", "coordinates": [-90.2819798131179, 38.6480436267121]}}, {"id": "150", "type": "Feature", "properties": {"OBJECTID": 151, "Id": 0, "stormdate": 1747353600000, "stormtime": "1947 UTC", "surveydate": 1747440000000, "surveytime": "1644 UTC", "event_id": "0", "damage": 26, "damage_txt": "Free-Standing Light Poles, Luminary Poles, Flag Poles (FSP)", "dod_txt": "Bent pole", "efscale": "EF1", "damage_dir": "N/A", "windspeed": "102", "injuries": 0, "deaths": 0, "lat": 38.6808, "lon": -90.2169, "office": "LSX", "image": "0", "qc": "Y", "dod": 2, "surveytype": "0", "comments": "0", "image_full": "https://services.dat.noaa.gov/arcgis/rest/services/nws_damageassessmenttoolkit/DamageViewer/MapServer/0/4479944/attachments/2625186"}, "geometry": {"type": "Point", "coordinates": [-90.2168768766665, 38.6807917573338]}}, {"id": "151", "type": "Feature", "properties": {"OBJECTID": 152, "Id": 0, "stormdate": 1747353600000, "stormtime": "1939 UTC", "surveydate": 1748390400000, "surveytime": "1357 UTC", "event_id": " ", "damage": 2, "damage_txt": "One- or Two-Family Residences (FR12)", "dod_txt": "Loss of roof covering material (<20%), gutters and/or awning; loss of vinyl or metal siding", "efscale": "TSTM/Wind", "damage_dir": "N/A", "windspeed": "79", "injuries": 0, "deaths": 0, "lat": 38.6365, "lon": -90.3245, "office": "LSX", "image": " ", "qc": "Y", "dod": 2, "surveytype": "0", "comments": "Roof damage to residence per hi-res satellite imagery.", "image_full": " "}, "geometry": {"type": "Point", "coordinates": [-90.3245481285932, 38.6364556166334]}}, {"id": "152", "type": "Feature", "properties": {"OBJECTID": 153, "Id": 0, "stormdate": 1747353600000, "stormtime": "1942 UTC", "surveydate": 1747440000000, "surveytime": "2025 UTC", "event_id": "0", "damage": 27, "damage_txt": "Trees: Hardwood (TH)", "dod_txt": "Trees uprooted", "efscale": "EF1", "damage_dir": "N/A", "windspeed": "94", "injuries": 0, "deaths": 0, "lat": 38.6423, "lon": -90.2875, "office": "LSX", "image": "0", "qc": "Y", "dod": 3, "surveytype": "0", "comments": "0", "image_full": "https://services.dat.noaa.gov/arcgis/rest/services/nws_damageassessmenttoolkit/DamageViewer/MapServer/0/4480200/attachments/2625892"}, "geometry": {"type": "Point", "coordinates": [-90.2875339001693, 38.6423011325912]}}, {"id": "153", "type": "Feature", "properties": {"OBJECTID": 154, "Id": 0, "stormdate": 1747353600000, "stormtime": "1941 UTC", "surveydate": 1747440000000, "surveytime": "2142 UTC", "event_id": "0", "damage": 27, "damage_txt": "Trees: Hardwood (TH)", "dod_txt": "Trunks snapped", "efscale": "TSTM/Wind", "damage_dir": "N/A", "windspeed": "100", "injuries": 0, "deaths": 0, "lat": 38.6471, "lon": -90.3113, "office": "LSX", "image": "0", "qc": "Y", "dod": 4, "surveytype": "0", "comments": "0", "image_full": "https://services.dat.noaa.gov/arcgis/rest/services/nws_damageassessmenttoolkit/DamageViewer/MapServer/0/4480236/attachments/2625925"}, "geometry": {"type": "Point", "coordinates": [-90.3112699020843, 38.647058012917]}}, {"id": "154", "type": "Feature", "properties": {"OBJECTID": 155, "Id": 0, "stormdate": 1747353600000, "stormtime": "1941 UTC", "surveydate": 1748476800000, "surveytime": "1931 UTC", "event_id": " ", "damage": 27, "damage_txt": "Trees: Hardwood (TH)", "dod_txt": "Trunks snapped", "efscale": "EF1", "damage_dir": "N/A", "windspeed": "107", "injuries": 0, "deaths": 0, "lat": 38.6414, "lon": -90.3033, "office": "LSX", "image": " ", "qc": "Y", "dod": 4, "surveytype": "0", "comments": "Every tree at the corner of Fauquier Dr and Skinker Blvd snapped, uprooted, or topped.", "image_full": " "}, "geometry": {"type": "Point", "coordinates": [-90.3032527697994, 38.6413773822604]}}, {"id": "155", "type": "Feature", "properties": {"OBJECTID": 156, "Id": 0, "stormdate": 1747353600000, "stormtime": "1941 UTC", "surveydate": 1748476800000, "surveytime": "1921 UTC", "event_id": " ", "damage": 2, "damage_txt": "One- or Two-Family Residences (FR12)", "dod_txt": "Loss of roof covering material (<20%), gutters and/or awning; loss of vinyl or metal siding", "efscale": "EF0", "damage_dir": "N/A", "windspeed": "85", "injuries": 0, "deaths": 0, "lat": 38.6406, "lon": -90.3063, "office": "LSX", "image": " ", "qc": "Y", "dod": 2, "surveytype": "0", "comments": "Roof damage per hi-res satellite imagery.", "image_full": " "}, "geometry": {"type": "Point", "coordinates": [-90.3062833313107, 38.6405744720343]}}, {"id": "156", "type": "Feature", "properties": {"OBJECTID": 157, "Id": 0, "stormdate": 1747353600000, "stormtime": "1942 UTC", "surveydate": 1748476800000, "surveytime": "1902 UTC", "event_id": " ", "damage": 2, "damage_txt": "One- or Two-Family Residences (FR12)", "dod_txt": "Loss of roof covering material (<20%), gutters and/or awning; loss of vinyl or metal siding", "efscale": "TSTM/Wind", "damage_dir": "N/A", "windspeed": "86", "injuries": 0, "deaths": 0, "lat": 38.6395, "lon": -90.306, "office": "LSX", "image": " ", "qc": "Y", "dod": 2, "surveytype": "0", "comments": "Roof damage per hi-res satellite imagery.", "image_full": " "}, "geometry": {"type": "Point", "coordinates": [-90.3059594665561, 38.6394548646504]}}, {"id": "157", "type": "Feature", "properties": {"OBJECTID": 158, "Id": 0, "stormdate": 1747353600000, "stormtime": "1939 UTC", "surveydate": 1748390400000, "surveytime": "1442 UTC", "event_id": " ", "damage": 5, "damage_txt": "Apartments, Condos, Townhouses [3 stories or less] (ACT)", "dod_txt": "Loss of roof covering (<20%)", "efscale": "EF1", "damage_dir": "N/A", "windspeed": "90", "injuries": 0, "deaths": 0, "lat": 38.6419, "lon": -90.3311, "office": "LSX", "image": " ", "qc": "Y", "dod": 2, "surveytype": "0", "comments": "Areas of shingles missing per hi-res satellite imagery.", "image_full": " "}, "geometry": {"type": "Point", "coordinates": [-90.3310662996699, 38.6419438130566]}}, {"id": "158", "type": "Feature", "properties": {"OBJECTID": 159, "Id": 0, "stormdate": 1747353600000, "stormtime": "1944 UTC", "surveydate": 1747440000000, "surveytime": "1517 UTC", "event_id": "0", "damage": 2, "damage_txt": "One- or Two-Family Residences (FR12)", "dod_txt": "Large sections of roof structure removed; most walls remain standing", "efscale": "EF2", "damage_dir": "N/A", "windspeed": "122", "injuries": 0, "deaths": 0, "lat": 38.6656, "lon": -90.2411, "office": "LSX", "image": "0", "qc": "Y", "dod": 6, "surveytype": "0", "comments": "0", "image_full": "https://services.dat.noaa.gov/arcgis/rest/services/nws_damageassessmenttoolkit/DamageViewer/MapServer/0/4479875/attachments/2625121"}, "geometry": {"type": "Point", "coordinates": [-90.2411156499672, 38.6656466191962]}}, {"id": "159", "type": "Feature", "properties": {"OBJECTID": 160, "Id": 0, "stormdate": 1747353600000, "stormtime": "1940 UTC", "surveydate": 1748390400000, "surveytime": "1847 UTC", "event_id": " ", "damage": 28, "damage_txt": "Trees: Softwood (TS)", "dod_txt": "Trunks snapped", "efscale": "EF1", "damage_dir": "E/90", "windspeed": "104", "injuries": 0, "deaths": 0, "lat": 38.6423, "lon": -90.3211, "office": "LSX", "image": " ", "qc": "Y", "dod": 4, "surveytype": "0", "comments": "Pine tree snapped and felled eastward per hi-res satellite data.", "image_full": " "}, "geometry": {"type": "Point", "coordinates": [-90.3210929350909, 38.6423003987444]}}, {"id": "160", "type": "Feature", "properties": {"OBJECTID": 161, "Id": 0, "stormdate": 1747353600000, "stormtime": "1943 UTC", "surveydate": 1747440000000, "surveytime": "2011 UTC", "event_id": "0", "damage": 5, "damage_txt": "Apartments, Condos, Townhouses [3 stories or less] (ACT)", "dod_txt": "Loss of roof covering (<20%)", "efscale": "EF1", "damage_dir": "N/A", "windspeed": "99", "injuries": 0, "deaths": 0, "lat": 38.6495, "lon": -90.2792, "office": "LSX", "image": "0", "qc": "Y", "dod": 2, "surveytype": "0", "comments": "0", "image_full": "https://services.dat.noaa.gov/arcgis/rest/services/nws_damageassessmenttoolkit/DamageViewer/MapServer/0/4480190/attachments/2625882"}, "geometry": {"type": "Point", "coordinates": [-90.2791993665575, 38.6495118886628]}}, {"id": "161", "type": "Feature", "properties": {"OBJECTID": 162, "Id": 0, "stormdate": 1747353600000, "stormtime": "1943 UTC", "surveydate": 1761523200000, "surveytime": "1040 UTC", "event_id": " ", "damage": 2, "damage_txt": "One- or Two-Family Residences (FR12)", "dod_txt": "Loss of roof covering material (<20%), gutters and/or awning; loss of vinyl or metal siding", "efscale": "EF0", "damage_dir": "N/A", "windspeed": "79", "injuries": 0, "deaths": 0, "lat": 38.6666, "lon": -90.2535, "office": "LSX", "image": " ", "qc": "Y", "dod": 2, "surveytype": "0", "comments": " ", "image_full": " "}, "geometry": {"type": "Point", "coordinates": [-90.253527734917, 38.6665503317325]}}, {"id": "162", "type": "Feature", "properties": {"OBJECTID": 163, "Id": 0, "stormdate": 1747353600000, "stormtime": "1939 UTC", "surveydate": 1748390400000, "surveytime": "1444 UTC", "event_id": " ", "damage": 27, "damage_txt": "Trees: Hardwood (TH)", "dod_txt": "Large branches broken (1-3 inch diameter)", "efscale": "EF0", "damage_dir": "N/A", "windspeed": "74", "injuries": 0, "deaths": 0, "lat": 38.6419, "lon": -90.3301, "office": "LSX", "image": " ", "qc": "Y", "dod": 2, "surveytype": "0", "comments": "Large branches snapped per hi-res satellite imagery.", "image_full": " "}, "geometry": {"type": "Point", "coordinates": [-90.330073213408, 38.641888296108]}}, {"id": "163", "type": "Feature", "properties": {"OBJECTID": 164, "Id": 0, "stormdate": 1747353600000, "stormtime": "1942 UTC", "surveydate": 1748822400000, "surveytime": "1929 UTC", "event_id": " ", "damage": 2, "damage_txt": "One- or Two-Family Residences (FR12)", "dod_txt": "Uplift of roof deck and loss of significant roof covering material (>20%); collapse of chimney; garage doors collapse inward; failure of porch or carport", "efscale": "EF1", "damage_dir": "N/A", "windspeed": "97", "injuries": 0, "deaths": 0, "lat": 38.6469, "lon": -90.2892, "office": "LSX", "image": " ", "qc": "Y", "dod": 4, "surveytype": "0", "comments": " ", "image_full": " "}, "geometry": {"type": "Point", "coordinates": [-90.2892499891956, 38.6468975783606]}}, {"id": "164", "type": "Feature", "properties": {"OBJECTID": 165, "Id": 0, "stormdate": 1747353600000, "stormtime": "1942 UTC", "surveydate": 1747440000000, "surveytime": "2025 UTC", "event_id": "0", "damage": 27, "damage_txt": "Trees: Hardwood (TH)", "dod_txt": "Large branches broken (1-3 inch diameter)", "efscale": "EF0", "damage_dir": "N/A", "windspeed": "74", "injuries": 0, "deaths": 0, "lat": 38.6439, "lon": -90.286, "office": "LSX", "image": "0", "qc": "Y", "dod": 2, "surveytype": "0", "comments": "0", "image_full": "https://services.dat.noaa.gov/arcgis/rest/services/nws_damageassessmenttoolkit/DamageViewer/MapServer/0/4480199/attachments/2625891"}, "geometry": {"type": "Point", "coordinates": [-90.285977984896, 38.6438914217518]}}, {"id": "165", "type": "Feature", "properties": {"OBJECTID": 166, "Id": 0, "stormdate": 1747353600000, "stormtime": "1942 UTC", "surveydate": 1748736000000, "surveytime": "1739 UTC", "event_id": " ", "damage": 5, "damage_txt": "Apartments, Condos, Townhouses [3 stories or less] (ACT)", "dod_txt": "Loss of roof covering (<20%)", "efscale": "EF1", "damage_dir": "N/A", "windspeed": "110", "injuries": 0, "deaths": 0, "lat": 38.6486, "lon": -90.2887, "office": "LSX", "image": " ", "qc": "Y", "dod": 2, "surveytype": "0", "comments": " ", "image_full": " "}, "geometry": {"type": "Point", "coordinates": [-90.2887473796878, 38.6485639123947]}}, {"id": "166", "type": "Feature", "properties": {"OBJECTID": 167, "Id": 0, "stormdate": 1747353600000, "stormtime": "1943 UTC", "surveydate": 1747440000000, "surveytime": "2015 UTC", "event_id": "0", "damage": 27, "damage_txt": "Trees: Hardwood (TH)", "dod_txt": "Large branches broken (1-3 inch diameter)", "efscale": "EF1", "damage_dir": "N/A", "windspeed": "88", "injuries": 0, "deaths": 0, "lat": 38.6485, "lon": -90.283, "office": "LSX", "image": "0", "qc": "Y", "dod": 2, "surveytype": "0", "comments": "0", "image_full": "https://services.dat.noaa.gov/arcgis/rest/services/nws_damageassessmenttoolkit/DamageViewer/MapServer/0/4465850/attachments/2613564"}, "geometry": {"type": "Point", "coordinates": [-90.282997396013, 38.648524128186]}}, {"id": "167", "type": "Feature", "properties": {"OBJECTID": 168, "Id": 0, "stormdate": 1747353600000, "stormtime": "1939 UTC", "surveydate": 1748390400000, "surveytime": "1508 UTC", "event_id": " ", "damage": 5, "damage_txt": "Apartments, Condos, Townhouses [3 stories or less] (ACT)", "dod_txt": "Uplift of roof decking; significant loss of roof covering (>20%)", "efscale": "EF2", "damage_dir": "N/A", "windspeed": "124", "injuries": 0, "deaths": 0, "lat": 38.6433, "lon": -90.343, "office": "LSX", "image": " ", "qc": "Y", "dod": 3, "surveytype": "0", "comments": "Majority of roof covering, portion of roof decking removed per hi-res satellite imagery.", "image_full": " "}, "geometry": {"type": "Point", "coordinates": [-90.3429808589794, 38.6433307457174]}}, {"id": "168", "type": "Feature", "properties": {"OBJECTID": 169, "Id": 0, "stormdate": 1747353600000, "stormtime": "1927 UTC", "surveydate": 1747440000000, "surveytime": "1927 UTC", "event_id": "0", "damage": 2, "damage_txt": "One- or Two-Family Residences (FR12)", "dod_txt": "Loss of roof covering material (<20%), gutters and/or awning; loss of vinyl or metal siding", "efscale": "EF0", "damage_dir": "N/A", "windspeed": "79", "injuries": 0, "deaths": 0, "lat": 38.6563, "lon": -90.248, "office": "LSX", "image": "0", "qc": "Y", "dod": 2, "surveytype": "0", "comments": "0", "image_full": "https://services.dat.noaa.gov/arcgis/rest/services/nws_damageassessmenttoolkit/DamageViewer/MapServer/0/4480181/attachments/2625873"}, "geometry": {"type": "Point", "coordinates": [-90.2480103905671, 38.656252977393]}}, {"id": "169", "type": "Feature", "properties": {"OBJECTID": 170, "Id": 0, "stormdate": 1747353600000, "stormtime": "1940 UTC", "surveydate": 1748476800000, "surveytime": "1740 UTC", "event_id": " ", "damage": 27, "damage_txt": "Trees: Hardwood (TH)", "dod_txt": "Trees uprooted", "efscale": "EF1", "damage_dir": "N/A", "windspeed": "94", "injuries": 0, "deaths": 0, "lat": 38.6431, "lon": -90.3143, "office": "LSX", "image": " ", "qc": "Y", "dod": 3, "surveytype": "0", "comments": "Several trees along Wydown Blvd uprooted per hi-res satellite imagery.", "image_full": " "}, "geometry": {"type": "Point", "coordinates": [-90.3142818035623, 38.643098386981]}}, {"id": "170", "type": "Feature", "properties": {"OBJECTID": 171, "Id": 0, "stormdate": 1747353600000, "stormtime": "1943 UTC", "surveydate": 1761523200000, "surveytime": "1040 UTC", "event_id": " ", "damage": 2, "damage_txt": "One- or Two-Family Residences (FR12)", "dod_txt": "Loss of roof covering material (<20%), gutters and/or awning; loss of vinyl or metal siding", "efscale": "EF0", "damage_dir": "N/A", "windspeed": "79", "injuries": 0, "deaths": 0, "lat": 38.6666, "lon": -90.2535, "office": "LSX", "image": " ", "qc": "Y", "dod": 2, "surveytype": "0", "comments": " ", "image_full": " "}, "geometry": {"type": "Point", "coordinates": [-90.253527734917, 38.6665503317325]}}, {"id": "171", "type": "Feature", "properties": {"OBJECTID": 172, "Id": 0, "stormdate": 1747353600000, "stormtime": "1945 UTC", "surveydate": 1747440000000, "surveytime": "1521 UTC", "event_id": "0", "damage": 25, "damage_txt": "Free-Standing Towers (FST)", "dod_txt": "Collapsed cell-phone pole or tower", "efscale": "EF2", "damage_dir": "N/A", "windspeed": "133", "injuries": 0, "deaths": 0, "lat": 38.6695, "lon": -90.2367, "office": "LSX", "image": "0", "qc": "Y", "dod": 2, "surveytype": "0", "comments": "0", "image_full": "https://services.dat.noaa.gov/arcgis/rest/services/nws_damageassessmenttoolkit/DamageViewer/MapServer/0/4479879/attachments/2625126"}, "geometry": {"type": "Point", "coordinates": [-90.2366951412677, 38.6694851792976]}}, {"id": "172", "type": "Feature", "properties": {"OBJECTID": 173, "Id": 0, "stormdate": 1747353600000, "stormtime": "1941 UTC", "surveydate": 1748476800000, "surveytime": "1925 UTC", "event_id": " ", "damage": 2, "damage_txt": "One- or Two-Family Residences (FR12)", "dod_txt": "Loss of roof covering material (<20%), gutters and/or awning; loss of vinyl or metal siding", "efscale": "EF0", "damage_dir": "N/A", "windspeed": "85", "injuries": 0, "deaths": 0, "lat": 38.6409, "lon": -90.3046, "office": "LSX", "image": " ", "qc": "Y", "dod": 2, "surveytype": "0", "comments": "Roof damage per hi-res satellite imagery.", "image_full": " "}, "geometry": {"type": "Point", "coordinates": [-90.304631759648, 38.6409060071066]}}, {"id": "173", "type": "Feature", "properties": {"OBJECTID": 174, "Id": 0, "stormdate": 1747353600000, "stormtime": "1942 UTC", "surveydate": 1748822400000, "surveytime": "1846 UTC", "event_id": " ", "damage": 27, "damage_txt": "Trees: Hardwood (TH)", "dod_txt": "Trees uprooted", "efscale": "TSTM/Wind", "damage_dir": "ENE/60", "windspeed": "94", "injuries": 0, "deaths": 0, "lat": 38.638, "lon": -90.2844, "office": "LSX", "image": " ", "qc": "Y", "dod": 3, "surveytype": "0", "comments": "Divergent tree fall pattern.", "image_full": " "}, "geometry": {"type": "Point", "coordinates": [-90.28437608279, 38.6380316281572]}}, {"id": "174", "type": "Feature", "properties": {"OBJECTID": 175, "Id": 0, "stormdate": 1747353600000, "stormtime": "1943 UTC", "surveydate": 1748822400000, "surveytime": "1702 UTC", "event_id": " ", "damage": 5, "damage_txt": "Apartments, Condos, Townhouses [3 stories or less] (ACT)", "dod_txt": "Uplift of roof decking; significant loss of roof covering (>20%)", "efscale": "EF2", "damage_dir": "N/A", "windspeed": "124", "injuries": 0, "deaths": 0, "lat": 38.648, "lon": -90.2818, "office": "LSX", "image": " ", "qc": "Y", "dod": 3, "surveytype": "0", "comments": " ", "image_full": " "}, "geometry": {"type": "Point", "coordinates": [-90.2818316210324, 38.6480300109763]}}, {"id": "175", "type": "Feature", "properties": {"OBJECTID": 176, "Id": 0, "stormdate": 1747353600000, "stormtime": "1943 UTC", "surveydate": 1748822400000, "surveytime": "1701 UTC", "event_id": " ", "damage": 5, "damage_txt": "Apartments, Condos, Townhouses [3 stories or less] (ACT)", "dod_txt": "Uplift of roof decking; significant loss of roof covering (>20%)", "efscale": "EF2", "damage_dir": "N/A", "windspeed": "124", "injuries": 0, "deaths": 0, "lat": 38.6479, "lon": -90.2817, "office": "LSX", "image": " ", "qc": "Y", "dod": 3, "surveytype": "0", "comments": " ", "image_full": " "}, "geometry": {"type": "Point", "coordinates": [-90.2816773935968, 38.6478969913531]}}, {"id": "176", "type": "Feature", "properties": {"OBJECTID": 177, "Id": 0, "stormdate": 1747353600000, "stormtime": "1944 UTC", "surveydate": 1747440000000, "surveytime": "1452 UTC", "event_id": "0", "damage": 2, "damage_txt": "One- or Two-Family Residences (FR12)", "dod_txt": "Most walls collapsed, except small interior rooms", "efscale": "EF2", "damage_dir": "N/A", "windspeed": "134", "injuries": 0, "deaths": 0, "lat": 38.6658, "lon": -90.2396, "office": "LSX", "image": "0", "qc": "Y", "dod": 8, "surveytype": "0", "comments": "0", "image_full": "https://services.dat.noaa.gov/arcgis/rest/services/nws_damageassessmenttoolkit/DamageViewer/MapServer/0/4479859/attachments/2625091"}, "geometry": {"type": "Point", "coordinates": [-90.2395853536811, 38.6658040122454]}}, {"id": "177", "type": "Feature", "properties": {"OBJECTID": 178, "Id": 0, "stormdate": 1747353600000, "stormtime": "1942 UTC", "surveydate": 1748476800000, "surveytime": "1918 UTC", "event_id": " ", "damage": 27, "damage_txt": "Trees: Hardwood (TH)", "dod_txt": "Trees uprooted", "efscale": "TSTM/Wind", "damage_dir": "NNW/330", "windspeed": "94", "injuries": 0, "deaths": 0, "lat": 38.6396, "lon": -90.3043, "office": "LSX", "image": " ", "qc": "Y", "dod": 3, "surveytype": "0", "comments": "Large tree uprooted and felled northward onto a house, causing damage to house per hi-res satellite imagery.", "image_full": " "}, "geometry": {"type": "Point", "coordinates": [-90.3042508868689, 38.6396217572383]}}, {"id": "178", "type": "Feature", "properties": {"OBJECTID": 179, "Id": 0, "stormdate": 1747353600000, "stormtime": "1940 UTC", "surveydate": 1748390400000, "surveytime": "1403 UTC", "event_id": " ", "damage": 2, "damage_txt": "One- or Two-Family Residences (FR12)", "dod_txt": "Loss of roof covering material (<20%), gutters and/or awning; loss of vinyl or metal siding", "efscale": "EF0", "damage_dir": "N/A", "windspeed": "79", "injuries": 0, "deaths": 0, "lat": 38.6417, "lon": -90.3265, "office": "LSX", "image": " ", "qc": "Y", "dod": 2, "surveytype": "0", "comments": "Multiple areas of shingles missing on residence per hi-res satellite imagery.", "image_full": " "}, "geometry": {"type": "Point", "coordinates": [-90.326536987392, 38.6416854090545]}}, {"id": "179", "type": "Feature", "properties": {"OBJECTID": 180, "Id": 0, "stormdate": 1747353600000, "stormtime": "1942 UTC", "surveydate": 1748822400000, "surveytime": "1925 UTC", "event_id": " ", "damage": 2, "damage_txt": "One- or Two-Family Residences (FR12)", "dod_txt": "Uplift of roof deck and loss of significant roof covering material (>20%); collapse of chimney; garage doors collapse inward; failure of porch or carport", "efscale": "EF1", "damage_dir": "N/A", "windspeed": "97", "injuries": 0, "deaths": 0, "lat": 38.6468, "lon": -90.2839, "office": "LSX", "image": " ", "qc": "Y", "dod": 4, "surveytype": "0", "comments": " ", "image_full": " "}, "geometry": {"type": "Point", "coordinates": [-90.2839219089689, 38.646813407213]}}, {"id": "180", "type": "Feature", "properties": {"OBJECTID": 181, "Id": 0, "stormdate": 1747353600000, "stormtime": "1942 UTC", "surveydate": 1748822400000, "surveytime": "1454 UTC", "event_id": " ", "damage": 27, "damage_txt": "Trees: Hardwood (TH)", "dod_txt": "Trunks snapped", "efscale": "EF1", "damage_dir": "N/A", "windspeed": "107", "injuries": 0, "deaths": 0, "lat": 38.6462, "lon": -90.2929, "office": "LSX", "image": " ", "qc": "Y", "dod": 4, "surveytype": "0", "comments": "Numerous trees snapped or uprooted in this area per hi-res satellite imagery. Felled to the northeast.", "image_full": " "}, "geometry": {"type": "Point", "coordinates": [-90.2928849922486, 38.6462245122515]}}, {"id": "181", "type": "Feature", "properties": {"OBJECTID": 182, "Id": 0, "stormdate": 1747353600000, "stormtime": "1942 UTC", "surveydate": 1748822400000, "surveytime": "1753 UTC", "event_id": " ", "damage": 2, "damage_txt": "One- or Two-Family Residences (FR12)", "dod_txt": "Loss of roof covering material (<20%), gutters and/or awning; loss of vinyl or metal siding", "efscale": "EF0", "damage_dir": "N/A", "windspeed": "79", "injuries": 0, "deaths": 0, "lat": 38.6489, "lon": -90.292, "office": "LSX", "image": " ", "qc": "Y", "dod": 2, "surveytype": "0", "comments": " ", "image_full": " "}, "geometry": {"type": "Point", "coordinates": [-90.2919982517179, 38.6489207903622]}}, {"id": "182", "type": "Feature", "properties": {"OBJECTID": 183, "Id": 0, "stormdate": 1747353600000, "stormtime": "1941 UTC", "surveydate": 1748736000000, "surveytime": "1433 UTC", "event_id": " ", "damage": 2, "damage_txt": "One- or Two-Family Residences (FR12)", "dod_txt": "Uplift of roof deck and loss of significant roof covering material (>20%); collapse of chimney; garage doors collapse inward; failure of porch or carport", "efscale": "EF1", "damage_dir": "N/A", "windspeed": "97", "injuries": 0, "deaths": 0, "lat": 38.6434, "lon": -90.3042, "office": "LSX", "image": " ", "qc": "Y", "dod": 4, "surveytype": "0", "comments": "Several trees uprooted at this property, roof damage per hi-res satellite imagery.", "image_full": " "}, "geometry": {"type": "Point", "coordinates": [-90.3041898309959, 38.6434057329882]}}, {"id": "183", "type": "Feature", "properties": {"OBJECTID": 184, "Id": 0, "stormdate": 1747353600000, "stormtime": "1943 UTC", "surveydate": 1747440000000, "surveytime": "1956 UTC", "event_id": "0", "damage": 8, "damage_txt": "Small Retail Building [Fast Food Restaurants] (SRB)", "dod_txt": "Broken glass in windows and doors", "efscale": "EF1", "damage_dir": "N/A", "windspeed": "86", "injuries": 0, "deaths": 0, "lat": 38.6521, "lon": -90.268, "office": "LSX", "image": "0", "qc": "Y", "dod": 3, "surveytype": "0", "comments": "0", "image_full": "https://services.dat.noaa.gov/arcgis/rest/services/nws_damageassessmenttoolkit/DamageViewer/MapServer/0/4480103/attachments/2625379"}, "geometry": {"type": "Point", "coordinates": [-90.2679612080433, 38.6520648831878]}}, {"id": "184", "type": "Feature", "properties": {"OBJECTID": 185, "Id": 0, "stormdate": 1747353600000, "stormtime": "1943 UTC", "surveydate": 1754438400000, "surveytime": "1038 UTC", "event_id": " ", "damage": 2, "damage_txt": "One- or Two-Family Residences (FR12)", "dod_txt": "Loss of roof covering material (<20%), gutters and/or awning; loss of vinyl or metal siding", "efscale": "EF0", "damage_dir": "N/A", "windspeed": "79", "injuries": 0, "deaths": 0, "lat": 38.6581, "lon": -90.2663, "office": "LSX", "image": " ", "qc": "Y", "dod": 2, "surveytype": "0", "comments": " ", "image_full": " "}, "geometry": {"type": "Point", "coordinates": [-90.2662911400241, 38.6581030096463]}}, {"id": "185", "type": "Feature", "properties": {"OBJECTID": 186, "Id": 0, "stormdate": 1747353600000, "stormtime": "1939 UTC", "surveydate": 1748390400000, "surveytime": "1747 UTC", "event_id": " ", "damage": 26, "damage_txt": "Free-Standing Light Poles, Luminary Poles, Flag Poles (FSP)", "dod_txt": "Bent pole", "efscale": "EF1", "damage_dir": "N/A", "windspeed": "102", "injuries": 0, "deaths": 0, "lat": 38.6418, "lon": -90.335, "office": "LSX", "image": " ", "qc": "Y", "dod": 2, "surveytype": "0", "comments": "Several small trees and a light pole snapped in this location per hi-res satellite imagery.", "image_full": " "}, "geometry": {"type": "Point", "coordinates": [-90.3349666207129, 38.6418032706045]}}, {"id": "186", "type": "Feature", "properties": {"OBJECTID": 187, "Id": 0, "stormdate": 1747353600000, "stormtime": "1944 UTC", "surveydate": 1747440000000, "surveytime": "1844 UTC", "event_id": "0", "damage": 2, "damage_txt": "One- or Two-Family Residences (FR12)", "dod_txt": "Large sections of roof structure removed; most walls remain standing", "efscale": "EF2", "damage_dir": "N/A", "windspeed": "122", "injuries": 0, "deaths": 0, "lat": 38.6639, "lon": -90.2506, "office": "LSX", "image": "0", "qc": "Y", "dod": 6, "surveytype": "0", "comments": " ", "image_full": "https://services.dat.noaa.gov/arcgis/rest/services/nws_damageassessmenttoolkit/DamageViewer/MapServer/0/4480051/attachments/2625323"}, "geometry": {"type": "Point", "coordinates": [-90.2505856783863, 38.663877963897]}}, {"id": "187", "type": "Feature", "properties": {"OBJECTID": 188, "Id": 0, "stormdate": 1747353600000, "stormtime": "1944 UTC", "surveydate": 1747440000000, "surveytime": "1458 UTC", "event_id": "0", "damage": 2, "damage_txt": "One- or Two-Family Residences (FR12)", "dod_txt": "Large sections of roof structure removed; most walls remain standing", "efscale": "EF2", "damage_dir": "N/A", "windspeed": "122", "injuries": 0, "deaths": 0, "lat": 38.6659, "lon": -90.239, "office": "LSX", "image": "0", "qc": "Y", "dod": 6, "surveytype": "0", "comments": "0", "image_full": "https://services.dat.noaa.gov/arcgis/rest/services/nws_damageassessmenttoolkit/DamageViewer/MapServer/0/4479861/attachments/2625101"}, "geometry": {"type": "Point", "coordinates": [-90.2389531752488, 38.6659369985937]}}, {"id": "188", "type": "Feature", "properties": {"OBJECTID": 189, "Id": 0, "stormdate": 1747353600000, "stormtime": "1943 UTC", "surveydate": 1761523200000, "surveytime": "1040 UTC", "event_id": " ", "damage": 2, "damage_txt": "One- or Two-Family Residences (FR12)", "dod_txt": "Loss of roof covering material (<20%), gutters and/or awning; loss of vinyl or metal siding", "efscale": "EF0", "damage_dir": "N/A", "windspeed": "79", "injuries": 0, "deaths": 0, "lat": 38.6666, "lon": -90.2535, "office": "LSX", "image": " ", "qc": "Y", "dod": 2, "surveytype": "0", "comments": " ", "image_full": " "}, "geometry": {"type": "Point", "coordinates": [-90.253527734917, 38.6665503317325]}}, {"id": "189", "type": "Feature", "properties": {"OBJECTID": 190, "Id": 0, "stormdate": 1747353600000, "stormtime": "1942 UTC", "surveydate": 1748822400000, "surveytime": "1923 UTC", "event_id": " ", "damage": 2, "damage_txt": "One- or Two-Family Residences (FR12)", "dod_txt": "Loss of roof covering material (<20%), gutters and/or awning; loss of vinyl or metal siding", "efscale": "EF1", "damage_dir": "N/A", "windspeed": "86", "injuries": 0, "deaths": 0, "lat": 38.6462, "lon": -90.2823, "office": "LSX", "image": " ", "qc": "Y", "dod": 2, "surveytype": "0", "comments": " ", "image_full": " "}, "geometry": {"type": "Point", "coordinates": [-90.2823359347556, 38.64624183859]}}, {"id": "190", "type": "Feature", "properties": {"OBJECTID": 191, "Id": 0, "stormdate": 1747353600000, "stormtime": "1943 UTC", "surveydate": 1761523200000, "surveytime": "1040 UTC", "event_id": " ", "damage": 2, "damage_txt": "One- or Two-Family Residences (FR12)", "dod_txt": "Loss of roof covering material (<20%), gutters and/or awning; loss of vinyl or metal siding", "efscale": "EF0", "damage_dir": "N/A", "windspeed": "79", "injuries": 0, "deaths": 0, "lat": 38.6666, "lon": -90.2535, "office": "LSX", "image": " ", "qc": "Y", "dod": 2, "surveytype": "0", "comments": " ", "image_full": " "}, "geometry": {"type": "Point", "coordinates": [-90.253527734917, 38.6665503317325]}}, {"id": "191", "type": "Feature", "properties": {"OBJECTID": 192, "Id": 0, "stormdate": 1747353600000, "stormtime": "1939 UTC", "surveydate": 1748390400000, "surveytime": "1718 UTC", "event_id": " ", "damage": 27, "damage_txt": "Trees: Hardwood (TH)", "dod_txt": "Trunks snapped", "efscale": "EF1", "damage_dir": "N/A", "windspeed": "107", "injuries": 0, "deaths": 0, "lat": 38.6436, "lon": -90.3428, "office": "LSX", "image": " ", "qc": "Y", "dod": 4, "surveytype": "0", "comments": "Numerous trees snapped or uprooted on the north and south side of Venetian Dr in this area per hi-res satellite imagery. Generally felled to the north.", "image_full": " "}, "geometry": {"type": "Point", "coordinates": [-90.3427798946764, 38.6436347840181]}}, {"id": "192", "type": "Feature", "properties": {"OBJECTID": 193, "Id": 0, "stormdate": 1747353600000, "stormtime": "1946 UTC", "surveydate": 1747440000000, "surveytime": "1622 UTC", "event_id": "0", "damage": 2, "damage_txt": "One- or Two-Family Residences (FR12)", "dod_txt": "Loss of roof covering material (<20%), gutters and/or awning; loss of vinyl or metal siding", "efscale": "EF1", "damage_dir": "N/A", "windspeed": "95", "injuries": 0, "deaths": 0, "lat": 38.6778, "lon": -90.2237, "office": "LSX", "image": "0", "qc": "Y", "dod": 2, "surveytype": "0", "comments": "0", "image_full": "https://services.dat.noaa.gov/arcgis/rest/services/nws_damageassessmenttoolkit/DamageViewer/MapServer/0/4479950/attachments/2625195"}, "geometry": {"type": "Point", "coordinates": [-90.2237180644371, 38.6778375266805]}}, {"id": "193", "type": "Feature", "properties": {"OBJECTID": 194, "Id": 0, "stormdate": 1747353600000, "stormtime": "1931 UTC", "surveydate": 1748304000000, "surveytime": "1833 UTC", "event_id": " ", "damage": 27, "damage_txt": "Trees: Hardwood (TH)", "dod_txt": "Large branches broken (1-3 inch diameter)", "efscale": "TSTM/Wind", "damage_dir": "N/A", "windspeed": "88", "injuries": 0, "deaths": 0, "lat": 38.6356, "lon": -90.3274, "office": "LSX", "image": " ", "qc": "Y", "dod": 2, "surveytype": "0", "comments": "Large branches, possibly a tree, snapped and lying to the southeast per hi-res satellite imagery.", "image_full": " "}, "geometry": {"type": "Point", "coordinates": [-90.3273978912996, 38.6356349519915]}}, {"id": "194", "type": "Feature", "properties": {"OBJECTID": 195, "Id": 0, "stormdate": 1747353600000, "stormtime": "1942 UTC", "surveydate": 1747440000000, "surveytime": "2104 UTC", "event_id": "0", "damage": 27, "damage_txt": "Trees: Hardwood (TH)", "dod_txt": "Large branches broken (1-3 inch diameter)", "efscale": "TSTM/Wind", "damage_dir": "N/A", "windspeed": "85", "injuries": 0, "deaths": 0, "lat": 38.6342, "lon": -90.2924, "office": "LSX", "image": "0", "qc": "Y", "dod": 2, "surveytype": "0", "comments": "0", "image_full": "https://services.dat.noaa.gov/arcgis/rest/services/nws_damageassessmenttoolkit/DamageViewer/MapServer/0/4480217/attachments/2625910"}, "geometry": {"type": "Point", "coordinates": [-90.2924143734245, 38.6341610710766]}}, {"id": "195", "type": "Feature", "properties": {"OBJECTID": 196, "Id": 0, "stormdate": 1747353600000, "stormtime": "1942 UTC", "surveydate": 1748822400000, "surveytime": "1923 UTC", "event_id": " ", "damage": 2, "damage_txt": "One- or Two-Family Residences (FR12)", "dod_txt": "Loss of roof covering material (<20%), gutters and/or awning; loss of vinyl or metal siding", "efscale": "EF0", "damage_dir": "N/A", "windspeed": "80", "injuries": 0, "deaths": 0, "lat": 38.6463, "lon": -90.2827, "office": "LSX", "image": " ", "qc": "Y", "dod": 2, "surveytype": "0", "comments": " ", "image_full": " "}, "geometry": {"type": "Point", "coordinates": [-90.2826604820956, 38.6462842596109]}}, {"id": "196", "type": "Feature", "properties": {"OBJECTID": 197, "Id": 0, "stormdate": 1747353600000, "stormtime": "1941 UTC", "surveydate": 1748736000000, "surveytime": "1526 UTC", "event_id": " ", "damage": 28, "damage_txt": "Trees: Softwood (TS)", "dod_txt": "Trees uprooted", "efscale": "TSTM/Wind", "damage_dir": "N/A", "windspeed": "87", "injuries": 0, "deaths": 0, "lat": 38.6483, "lon": -90.3065, "office": "LSX", "image": " ", "qc": "Y", "dod": 3, "surveytype": "0", "comments": " ", "image_full": " "}, "geometry": {"type": "Point", "coordinates": [-90.3065023548997, 38.6483180404452]}}, {"id": "197", "type": "Feature", "properties": {"OBJECTID": 198, "Id": 0, "stormdate": 1747353600000, "stormtime": "1942 UTC", "surveydate": 1748822400000, "surveytime": "1749 UTC", "event_id": " ", "damage": 2, "damage_txt": "One- or Two-Family Residences (FR12)", "dod_txt": "Loss of roof covering material (<20%), gutters and/or awning; loss of vinyl or metal siding", "efscale": "EF0", "damage_dir": "N/A", "windspeed": "79", "injuries": 0, "deaths": 0, "lat": 38.6488, "lon": -90.2914, "office": "LSX", "image": " ", "qc": "Y", "dod": 2, "surveytype": "0", "comments": " ", "image_full": " "}, "geometry": {"type": "Point", "coordinates": [-90.2913625983052, 38.6488465684144]}}, {"id": "198", "type": "Feature", "properties": {"OBJECTID": 199, "Id": 0, "stormdate": 1747353600000, "stormtime": "1943 UTC", "surveydate": 1747440000000, "surveytime": "1959 UTC", "event_id": "0", "damage": 27, "damage_txt": "Trees: Hardwood (TH)", "dod_txt": "Trunks snapped", "efscale": "EF1", "damage_dir": "N/A", "windspeed": "107", "injuries": 0, "deaths": 0, "lat": 38.6519, "lon": -90.2737, "office": "LSX", "image": "0", "qc": "Y", "dod": 4, "surveytype": "0", "comments": "0", "image_full": "https://services.dat.noaa.gov/arcgis/rest/services/nws_damageassessmenttoolkit/DamageViewer/MapServer/0/4480105/attachments/2625382"}, "geometry": {"type": "Point", "coordinates": [-90.2736809259339, 38.6519134121743]}}, {"id": "199", "type": "Feature", "properties": {"OBJECTID": 200, "Id": 0, "stormdate": 1747353600000, "stormtime": "1942 UTC", "surveydate": 1748822400000, "surveytime": "1534 UTC", "event_id": " ", "damage": 28, "damage_txt": "Trees: Softwood (TS)", "dod_txt": "Trunks snapped", "efscale": "TSTM/Wind", "damage_dir": "SE/135", "windspeed": "95", "injuries": 0, "deaths": 0, "lat": 38.6392, "lon": -90.2706, "office": "LSX", "image": " ", "qc": "Y", "dod": 4, "surveytype": "0", "comments": "Pine tree snapped, felled to the southeast per hi-res satellite imagery.", "image_full": " "}, "geometry": {"type": "Point", "coordinates": [-90.2706364150385, 38.6392208547587]}}, {"id": "200", "type": "Feature", "properties": {"OBJECTID": 201, "Id": 0, "stormdate": 1747353600000, "stormtime": "1943 UTC", "surveydate": 1761523200000, "surveytime": "1040 UTC", "event_id": " ", "damage": 2, "damage_txt": "One- or Two-Family Residences (FR12)", "dod_txt": "Loss of roof covering material (<20%), gutters and/or awning; loss of vinyl or metal siding", "efscale": "EF0", "damage_dir": "N/A", "windspeed": "79", "injuries": 0, "deaths": 0, "lat": 38.6666, "lon": -90.2535, "office": "LSX", "image": " ", "qc": "Y", "dod": 2, "surveytype": "0", "comments": " ", "image_full": " "}, "geometry": {"type": "Point", "coordinates": [-90.253527734917, 38.6665503317325]}}, {"id": "201", "type": "Feature", "properties": {"OBJECTID": 202, "Id": 0, "stormdate": 1747353600000, "stormtime": "1942 UTC", "surveydate": 1748822400000, "surveytime": "1928 UTC", "event_id": " ", "damage": 2, "damage_txt": "One- or Two-Family Residences (FR12)", "dod_txt": "Uplift of roof deck and loss of significant roof covering material (>20%); collapse of chimney; garage doors collapse inward; failure of porch or carport", "efscale": "EF1", "damage_dir": "N/A", "windspeed": "95", "injuries": 0, "deaths": 0, "lat": 38.6468, "lon": -90.2882, "office": "LSX", "image": " ", "qc": "Y", "dod": 4, "surveytype": "0", "comments": " ", "image_full": " "}, "geometry": {"type": "Point", "coordinates": [-90.2881931985572, 38.6467902172947]}}, {"id": "202", "type": "Feature", "properties": {"OBJECTID": 203, "Id": 0, "stormdate": 1747353600000, "stormtime": "1943 UTC", "surveydate": 1748822400000, "surveytime": "1710 UTC", "event_id": " ", "damage": 18, "damage_txt": "Mid-Rise Building [5-20 Stories] (MRB)", "dod_txt": "Damage to parapet walls or coping", "efscale": "EF1", "damage_dir": "N/A", "windspeed": "99", "injuries": 0, "deaths": 0, "lat": 38.6482, "lon": -90.2837, "office": "LSX", "image": " ", "qc": "Y", "dod": 4, "surveytype": "0", "comments": " ", "image_full": " "}, "geometry": {"type": "Point", "coordinates": [-90.2836588761562, 38.6481787417556]}}, {"id": "203", "type": "Feature", "properties": {"OBJECTID": 204, "Id": 0, "stormdate": 1747353600000, "stormtime": "1939 UTC", "surveydate": 1748390400000, "surveytime": "1444 UTC", "event_id": " ", "damage": 28, "damage_txt": "Trees: Softwood (TS)", "dod_txt": "Trees uprooted", "efscale": "EF1", "damage_dir": "N/A", "windspeed": "87", "injuries": 0, "deaths": 0, "lat": 38.6421, "lon": -90.3303, "office": "LSX", "image": " ", "qc": "Y", "dod": 3, "surveytype": "0", "comments": "Tree uprooted, felled to the northeast per hi-res satellite imagery.", "image_full": " "}, "geometry": {"type": "Point", "coordinates": [-90.3302931543056, 38.6420820811232]}}, {"id": "204", "type": "Feature", "properties": {"OBJECTID": 205, "Id": 0, "stormdate": 1747353600000, "stormtime": "1941 UTC", "surveydate": 1748476800000, "surveytime": "1922 UTC", "event_id": " ", "damage": 2, "damage_txt": "One- or Two-Family Residences (FR12)", "dod_txt": "Uplift of roof deck and loss of significant roof covering material (>20%); collapse of chimney; garage doors collapse inward; failure of porch or carport", "efscale": "EF1", "damage_dir": "N/A", "windspeed": "90", "injuries": 0, "deaths": 0, "lat": 38.6406, "lon": -90.3058, "office": "LSX", "image": " ", "qc": "Y", "dod": 4, "surveytype": "0", "comments": "Chimney collapsed per hi-res satellite imagery.", "image_full": " "}, "geometry": {"type": "Point", "coordinates": [-90.3057770642601, 38.6405828519171]}}, {"id": "205", "type": "Feature", "properties": {"OBJECTID": 206, "Id": 0, "stormdate": 1747353600000, "stormtime": "1941 UTC", "surveydate": 1748736000000, "surveytime": "1517 UTC", "event_id": " ", "damage": 27, "damage_txt": "Trees: Hardwood (TH)", "dod_txt": "Large branches broken (1-3 inch diameter)", "efscale": "EF0", "damage_dir": "N/A", "windspeed": "74", "injuries": 0, "deaths": 0, "lat": 38.6448, "lon": -90.3068, "office": "LSX", "image": " ", "qc": "Y", "dod": 2, "surveytype": "0", "comments": "Limbs on house roof per hi-res satellite imagery.", "image_full": " "}, "geometry": {"type": "Point", "coordinates": [-90.3068361283846, 38.6447527186631]}}, {"id": "206", "type": "Feature", "properties": {"OBJECTID": 207, "Id": 0, "stormdate": 1747353600000, "stormtime": "1941 UTC", "surveydate": 1748476800000, "surveytime": "1929 UTC", "event_id": " ", "damage": 2, "damage_txt": "One- or Two-Family Residences (FR12)", "dod_txt": "Uplift of roof deck and loss of significant roof covering material (>20%); collapse of chimney; garage doors collapse inward; failure of porch or carport", "efscale": "EF1", "damage_dir": "N/A", "windspeed": "90", "injuries": 0, "deaths": 0, "lat": 38.6416, "lon": -90.3054, "office": "LSX", "image": " ", "qc": "Y", "dod": 4, "surveytype": "0", "comments": "Significant roof damage per hi-res satellite imagery.", "image_full": " "}, "geometry": {"type": "Point", "coordinates": [-90.3054233474096, 38.6415622648867]}}, {"id": "207", "type": "Feature", "properties": {"OBJECTID": 208, "Id": 0, "stormdate": 1747353600000, "stormtime": "1942 UTC", "surveydate": 1748822400000, "surveytime": "1929 UTC", "event_id": " ", "damage": 2, "damage_txt": "One- or Two-Family Residences (FR12)", "dod_txt": "Uplift of roof deck and loss of significant roof covering material (>20%); collapse of chimney; garage doors collapse inward; failure of porch or carport", "efscale": "EF1", "damage_dir": "N/A", "windspeed": "90", "injuries": 0, "deaths": 0, "lat": 38.6468, "lon": -90.2886, "office": "LSX", "image": " ", "qc": "Y", "dod": 4, "surveytype": "0", "comments": " ", "image_full": " "}, "geometry": {"type": "Point", "coordinates": [-90.2886216823447, 38.6468305428953]}}, {"id": "208", "type": "Feature", "properties": {"OBJECTID": 209, "Id": 0, "stormdate": 1747353600000, "stormtime": "1940 UTC", "surveydate": 1748390400000, "surveytime": "1909 UTC", "event_id": " ", "damage": 27, "damage_txt": "Trees: Hardwood (TH)", "dod_txt": "Trees uprooted", "efscale": "TSTM/Wind", "damage_dir": "SE/135", "windspeed": "94", "injuries": 0, "deaths": 0, "lat": 38.6379, "lon": -90.3184, "office": "LSX", "image": " ", "qc": "Y", "dod": 3, "surveytype": "0", "comments": "Tree uprooted and felled east-southeast here per hi-res satellite imagery.", "image_full": " "}, "geometry": {"type": "Point", "coordinates": [-90.3184084452935, 38.6379203766242]}}, {"id": "209", "type": "Feature", "properties": {"OBJECTID": 210, "Id": 0, "stormdate": 1747353600000, "stormtime": "1941 UTC", "surveydate": 1748736000000, "surveytime": "1500 UTC", "event_id": " ", "damage": 28, "damage_txt": "Trees: Softwood (TS)", "dod_txt": "Trees uprooted", "efscale": "TSTM/Wind", "damage_dir": "E/90", "windspeed": "87", "injuries": 0, "deaths": 0, "lat": 38.6463, "lon": -90.3117, "office": "LSX", "image": " ", "qc": "Y", "dod": 3, "surveytype": "0", "comments": "Pine tree uprooted here per hi-res satellite imagery.", "image_full": " "}, "geometry": {"type": "Point", "coordinates": [-90.3116749162643, 38.6463290089766]}}, {"id": "210", "type": "Feature", "properties": {"OBJECTID": 211, "Id": 0, "stormdate": 1747353600000, "stormtime": "1722 UTC", "surveydate": 1748736000000, "surveytime": "1722 UTC", "event_id": " ", "damage": 28, "damage_txt": "Trees: Softwood (TS)", "dod_txt": "Trunks snapped", "efscale": "TSTM/Wind", "damage_dir": "ESE/120", "windspeed": "90", "injuries": 0, "deaths": 0, "lat": 38.633, "lon": -90.3186, "office": "LSX", "image": " ", "qc": "Y", "dod": 4, "surveytype": "0", "comments": "Felled southeastward.", "image_full": " "}, "geometry": {"type": "Point", "coordinates": [-90.3185545329653, 38.6329689432622]}}, {"id": "211", "type": "Feature", "properties": {"OBJECTID": 212, "Id": 0, "stormdate": 1747353600000, "stormtime": "1940 UTC", "surveydate": 1748390400000, "surveytime": "1835 UTC", "event_id": " ", "damage": 27, "damage_txt": "Trees: Hardwood (TH)", "dod_txt": "Large branches broken (1-3 inch diameter)", "efscale": "EF0", "damage_dir": "N/A", "windspeed": "85", "injuries": 0, "deaths": 0, "lat": 38.6425, "lon": -90.3239, "office": "LSX", "image": " ", "qc": "Y", "dod": 2, "surveytype": "0", "comments": "Tree topped per hi-res satellite imagery.", "image_full": " "}, "geometry": {"type": "Point", "coordinates": [-90.323871702617, 38.642509370611]}}, {"id": "212", "type": "Feature", "properties": {"OBJECTID": 213, "Id": 0, "stormdate": 1747353600000, "stormtime": "1939 UTC", "surveydate": 1748390400000, "surveytime": "1508 UTC", "event_id": " ", "damage": 5, "damage_txt": "Apartments, Condos, Townhouses [3 stories or less] (ACT)", "dod_txt": "Uplift of roof decking; significant loss of roof covering (>20%)", "efscale": "EF2", "damage_dir": "N/A", "windspeed": "124", "injuries": 0, "deaths": 0, "lat": 38.6433, "lon": -90.343, "office": "LSX", "image": " ", "qc": "Y", "dod": 3, "surveytype": "0", "comments": "Majority of roof covering, portion of roof decking removed per hi-res satellite imagery.", "image_full": " "}, "geometry": {"type": "Point", "coordinates": [-90.3429808589794, 38.6433307457174]}}, {"id": "213", "type": "Feature", "properties": {"OBJECTID": 214, "Id": 0, "stormdate": 1747353600000, "stormtime": "1943 UTC", "surveydate": 1761523200000, "surveytime": "1040 UTC", "event_id": " ", "damage": 2, "damage_txt": "One- or Two-Family Residences (FR12)", "dod_txt": "Loss of roof covering material (<20%), gutters and/or awning; loss of vinyl or metal siding", "efscale": "EF0", "damage_dir": "N/A", "windspeed": "79", "injuries": 0, "deaths": 0, "lat": 38.6666, "lon": -90.2535, "office": "LSX", "image": " ", "qc": "Y", "dod": 2, "surveytype": "0", "comments": " ", "image_full": " "}, "geometry": {"type": "Point", "coordinates": [-90.253527734917, 38.6665503317325]}}, {"id": "214", "type": "Feature", "properties": {"OBJECTID": 215, "Id": 0, "stormdate": 1747353600000, "stormtime": "1942 UTC", "surveydate": 1747440000000, "surveytime": "2021 UTC", "event_id": "0", "damage": 27, "damage_txt": "Trees: Hardwood (TH)", "dod_txt": "Trunks snapped", "efscale": "EF1", "damage_dir": "NNW/330", "windspeed": "107", "injuries": 0, "deaths": 0, "lat": 38.6457, "lon": -90.2821, "office": "LSX", "image": "0", "qc": "Y", "dod": 4, "surveytype": "0", "comments": "0", "image_full": "https://services.dat.noaa.gov/arcgis/rest/services/nws_damageassessmenttoolkit/DamageViewer/MapServer/0/4480196/attachments/2625888"}, "geometry": {"type": "Point", "coordinates": [-90.282140029139, 38.645742696868]}}, {"id": "215", "type": "Feature", "properties": {"OBJECTID": 216, "Id": 0, "stormdate": 1747353600000, "stormtime": "1942 UTC", "surveydate": 1748822400000, "surveytime": "1929 UTC", "event_id": " ", "damage": 2, "damage_txt": "One- or Two-Family Residences (FR12)", "dod_txt": "Loss of roof covering material (<20%), gutters and/or awning; loss of vinyl or metal siding", "efscale": "EF0", "damage_dir": "N/A", "windspeed": "85", "injuries": 0, "deaths": 0, "lat": 38.6468, "lon": -90.2889, "office": "LSX", "image": " ", "qc": "Y", "dod": 2, "surveytype": "0", "comments": " ", "image_full": " "}, "geometry": {"type": "Point", "coordinates": [-90.2888899033463, 38.6468499196881]}}, {"id": "216", "type": "Feature", "properties": {"OBJECTID": 217, "Id": 0, "stormdate": 1747353600000, "stormtime": "1944 UTC", "surveydate": 1747440000000, "surveytime": "1812 UTC", "event_id": "0", "damage": 27, "damage_txt": "Trees: Hardwood (TH)", "dod_txt": "Large branches broken (1-3 inch diameter)", "efscale": "EF0", "damage_dir": "N/A", "windspeed": "74", "injuries": 0, "deaths": 0, "lat": 38.6607, "lon": -90.2375, "office": "LSX", "image": "0", "qc": "Y", "dod": 2, "surveytype": "0", "comments": "0", "image_full": "https://services.dat.noaa.gov/arcgis/rest/services/nws_damageassessmenttoolkit/DamageViewer/MapServer/0/4479982/attachments/2625246"}, "geometry": {"type": "Point", "coordinates": [-90.2374976917651, 38.6607271747194]}}, {"id": "217", "type": "Feature", "properties": {"OBJECTID": 218, "Id": 0, "stormdate": 1747353600000, "stormtime": "1942 UTC", "surveydate": 1748736000000, "surveytime": "1710 UTC", "event_id": " ", "damage": 28, "damage_txt": "Trees: Softwood (TS)", "dod_txt": "Trees uprooted", "efscale": "TSTM/Wind", "damage_dir": "E/90", "windspeed": "87", "injuries": 0, "deaths": 0, "lat": 38.6352, "lon": -90.3055, "office": "LSX", "image": " ", "qc": "Y", "dod": 3, "surveytype": "0", "comments": "Felled eastward.", "image_full": " "}, "geometry": {"type": "Point", "coordinates": [-90.3055326078435, 38.6351637324204]}}, {"id": "218", "type": "Feature", "properties": {"OBJECTID": 219, "Id": 0, "stormdate": 1747353600000, "stormtime": "1941 UTC", "surveydate": 1748736000000, "surveytime": "1456 UTC", "event_id": " ", "damage": 20, "damage_txt": "Institutional Building [Hospital, Government or University Building] (IB)", "dod_txt": "Loss of roof covering (<20%)", "efscale": "EF1", "damage_dir": "N/A", "windspeed": "86", "injuries": 0, "deaths": 0, "lat": 38.6458, "lon": -90.3024, "office": "LSX", "image": " ", "qc": "Y", "dod": 2, "surveytype": "0", "comments": "Roof damage per hi-res satellite imagery.", "image_full": " "}, "geometry": {"type": "Point", "coordinates": [-90.3023569218344, 38.6457859182855]}}, {"id": "219", "type": "Feature", "properties": {"OBJECTID": 220, "Id": 0, "stormdate": 1747353600000, "stormtime": "1943 UTC", "surveydate": 1761523200000, "surveytime": "1040 UTC", "event_id": " ", "damage": 2, "damage_txt": "One- or Two-Family Residences (FR12)", "dod_txt": "Loss of roof covering material (<20%), gutters and/or awning; loss of vinyl or metal siding", "efscale": "EF0", "damage_dir": "N/A", "windspeed": "79", "injuries": 0, "deaths": 0, "lat": 38.6666, "lon": -90.2535, "office": "LSX", "image": " ", "qc": "Y", "dod": 2, "surveytype": "0", "comments": " ", "image_full": " "}, "geometry": {"type": "Point", "coordinates": [-90.253527734917, 38.6665503317325]}}, {"id": "220", "type": "Feature", "properties": {"OBJECTID": 221, "Id": 0, "stormdate": 1747353600000, "stormtime": "1943 UTC", "surveydate": 1754438400000, "surveytime": "1038 UTC", "event_id": " ", "damage": 2, "damage_txt": "One- or Two-Family Residences (FR12)", "dod_txt": "Loss of roof covering material (<20%), gutters and/or awning; loss of vinyl or metal siding", "efscale": "EF0", "damage_dir": "N/A", "windspeed": "79", "injuries": 0, "deaths": 0, "lat": 38.6581, "lon": -90.2663, "office": "LSX", "image": " ", "qc": "Y", "dod": 2, "surveytype": "0", "comments": " ", "image_full": " "}, "geometry": {"type": "Point", "coordinates": [-90.2662911400241, 38.6581030096463]}}, {"id": "221", "type": "Feature", "properties": {"OBJECTID": 222, "Id": 0, "stormdate": 1747353600000, "stormtime": "1944 UTC", "surveydate": 1747440000000, "surveytime": "1444 UTC", "event_id": "0", "damage": 2, "damage_txt": "One- or Two-Family Residences (FR12)", "dod_txt": "Large sections of roof structure removed; most walls remain standing", "efscale": "EF2", "damage_dir": "N/A", "windspeed": "122", "injuries": 0, "deaths": 0, "lat": 38.666, "lon": -90.245, "office": "LSX", "image": "0", "qc": "Y", "dod": 6, "surveytype": "0", "comments": "0", "image_full": "https://services.dat.noaa.gov/arcgis/rest/services/nws_damageassessmenttoolkit/DamageViewer/MapServer/0/4479893/attachments/2625133"}, "geometry": {"type": "Point", "coordinates": [-90.2450497873178, 38.6659727610341]}}, {"id": "222", "type": "Feature", "properties": {"OBJECTID": 223, "Id": 0, "stormdate": 1747353600000, "stormtime": "1944 UTC", "surveydate": 1747440000000, "surveytime": "1921 UTC", "event_id": "0", "damage": 2, "damage_txt": "One- or Two-Family Residences (FR12)", "dod_txt": "Large sections of roof structure removed; most walls remain standing", "efscale": "EF2", "damage_dir": "N/A", "windspeed": "122", "injuries": 0, "deaths": 0, "lat": 38.661, "lon": -90.2524, "office": "LSX", "image": "0", "qc": "Y", "dod": 6, "surveytype": "0", "comments": "0", "image_full": "https://services.dat.noaa.gov/arcgis/rest/services/nws_damageassessmenttoolkit/DamageViewer/MapServer/0/4480092/attachments/2625364"}, "geometry": {"type": "Point", "coordinates": [-90.2524357601022, 38.6610076256015]}}, {"id": "223", "type": "Feature", "properties": {"OBJECTID": 224, "Id": 0, "stormdate": 1747353600000, "stormtime": "1941 UTC", "surveydate": 1748736000000, "surveytime": "1505 UTC", "event_id": " ", "damage": 27, "damage_txt": "Trees: Hardwood (TH)", "dod_txt": "Trunks snapped", "efscale": "EF1", "damage_dir": "N/A", "windspeed": "107", "injuries": 0, "deaths": 0, "lat": 38.6456, "lon": -90.3051, "office": "LSX", "image": " ", "qc": "Y", "dod": 4, "surveytype": "0", "comments": "Numerous trees snapped or uprooted in this area per hi-res satellite imagery.", "image_full": " "}, "geometry": {"type": "Point", "coordinates": [-90.3050699758986, 38.6456083777245]}}, {"id": "224", "type": "Feature", "properties": {"OBJECTID": 225, "Id": 0, "stormdate": 1747353600000, "stormtime": "1939 UTC", "surveydate": 1748476800000, "surveytime": "1403 UTC", "event_id": " ", "damage": 27, "damage_txt": "Trees: Hardwood (TH)", "dod_txt": "Large branches broken (1-3 inch diameter)", "efscale": "TSTM/Wind", "damage_dir": "SE/135", "windspeed": "88", "injuries": 0, "deaths": 0, "lat": 38.6375, "lon": -90.3255, "office": "LSX", "image": " ", "qc": "Y", "dod": 2, "surveytype": "0", "comments": "Very large limbs snapped and felled southeastward onto a house per hi-res satellite imagery.", "image_full": " "}, "geometry": {"type": "Point", "coordinates": [-90.3255368153717, 38.6375356574447]}}, {"id": "225", "type": "Feature", "properties": {"OBJECTID": 226, "Id": 0, "stormdate": 1747353600000, "stormtime": "1942 UTC", "surveydate": 1748822400000, "surveytime": "1746 UTC", "event_id": " ", "damage": 2, "damage_txt": "One- or Two-Family Residences (FR12)", "dod_txt": "Loss of roof covering material (<20%), gutters and/or awning; loss of vinyl or metal siding", "efscale": "EF0", "damage_dir": "N/A", "windspeed": "79", "injuries": 0, "deaths": 0, "lat": 38.6488, "lon": -90.2905, "office": "LSX", "image": " ", "qc": "Y", "dod": 2, "surveytype": "0", "comments": " ", "image_full": " "}, "geometry": {"type": "Point", "coordinates": [-90.2905250776702, 38.6487737745901]}}, {"id": "226", "type": "Feature", "properties": {"OBJECTID": 227, "Id": 0, "stormdate": 1747353600000, "stormtime": "1939 UTC", "surveydate": 1748390400000, "surveytime": "1729 UTC", "event_id": " ", "damage": 27, "damage_txt": "Trees: Hardwood (TH)", "dod_txt": "Large branches broken (1-3 inch diameter)", "efscale": "EF0", "damage_dir": "N/A", "windspeed": "85", "injuries": 0, "deaths": 0, "lat": 38.6432, "lon": -90.3407, "office": "LSX", "image": " ", "qc": "Y", "dod": 2, "surveytype": "0", "comments": "Several trees on both sides of Meramec Ave topped per hi-res satellite imagery.", "image_full": " "}, "geometry": {"type": "Point", "coordinates": [-90.3406535736035, 38.6431917051331]}}, {"id": "227", "type": "Feature", "properties": {"OBJECTID": 228, "Id": 0, "stormdate": 1747353600000, "stormtime": "1939 UTC", "surveydate": 1748390400000, "surveytime": "1501 UTC", "event_id": " ", "damage": 2, "damage_txt": "One- or Two-Family Residences (FR12)", "dod_txt": "Uplift of roof deck and loss of significant roof covering material (>20%); collapse of chimney; garage doors collapse inward; failure of porch or carport", "efscale": "EF1", "damage_dir": "N/A", "windspeed": "97", "injuries": 0, "deaths": 0, "lat": 38.6424, "lon": -90.34, "office": "LSX", "image": " ", "qc": "Y", "dod": 4, "surveytype": "0", "comments": "Large section of roof covering missing per hi-res satellite imagery.", "image_full": " "}, "geometry": {"type": "Point", "coordinates": [-90.3400070096158, 38.6424156000999]}}, {"id": "228", "type": "Feature", "properties": {"OBJECTID": 229, "Id": 0, "stormdate": 1747353600000, "stormtime": "1942 UTC", "surveydate": 1748736000000, "surveytime": "1744 UTC", "event_id": " ", "damage": 5, "damage_txt": "Apartments, Condos, Townhouses [3 stories or less] (ACT)", "dod_txt": "Uplift of roof decking; significant loss of roof covering (>20%)", "efscale": "EF2", "damage_dir": "N/A", "windspeed": "124", "injuries": 0, "deaths": 0, "lat": 38.6487, "lon": -90.2895, "office": "LSX", "image": " ", "qc": "Y", "dod": 3, "surveytype": "0", "comments": " ", "image_full": " "}, "geometry": {"type": "Point", "coordinates": [-90.2895185150674, 38.6486592243438]}}, {"id": "229", "type": "Feature", "properties": {"OBJECTID": 230, "Id": 0, "stormdate": 1747353600000, "stormtime": "1944 UTC", "surveydate": 1747440000000, "surveytime": "1828 UTC", "event_id": "0", "damage": 2, "damage_txt": "One- or Two-Family Residences (FR12)", "dod_txt": "Uplift of roof deck and loss of significant roof covering material (>20%); collapse of chimney; garage doors collapse inward; failure of porch or carport", "efscale": "EF1", "damage_dir": "N/A", "windspeed": "97", "injuries": 0, "deaths": 0, "lat": 38.6697, "lon": -90.2434, "office": "LSX", "image": "0", "qc": "Y", "dod": 4, "surveytype": "0", "comments": "0", "image_full": "https://services.dat.noaa.gov/arcgis/rest/services/nws_damageassessmenttoolkit/DamageViewer/MapServer/0/4480041/attachments/2625313"}, "geometry": {"type": "Point", "coordinates": [-90.2433581409654, 38.6697034879257]}}, {"id": "230", "type": "Feature", "properties": {"OBJECTID": 231, "Id": 0, "stormdate": 1747353600000, "stormtime": "1942 UTC", "surveydate": 1748822400000, "surveytime": "1508 UTC", "event_id": " ", "damage": 27, "damage_txt": "Trees: Hardwood (TH)", "dod_txt": "Trunks snapped", "efscale": "EF1", "damage_dir": "N/A", "windspeed": "107", "injuries": 0, "deaths": 0, "lat": 38.643, "lon": -90.2839, "office": "LSX", "image": " ", "qc": "Y", "dod": 4, "surveytype": "0", "comments": "A few trees snapped or uprooted in this area per hi-res satellite imagery. Felled to the north.", "image_full": " "}, "geometry": {"type": "Point", "coordinates": [-90.2839391381806, 38.6429959389115]}}, {"id": "231", "type": "Feature", "properties": {"OBJECTID": 232, "Id": 0, "stormdate": 1747353600000, "stormtime": "1941 UTC", "surveydate": 1748476800000, "surveytime": "1926 UTC", "event_id": " ", "damage": 2, "damage_txt": "One- or Two-Family Residences (FR12)", "dod_txt": "Loss of roof covering material (<20%), gutters and/or awning; loss of vinyl or metal siding", "efscale": "EF1", "damage_dir": "N/A", "windspeed": "90", "injuries": 0, "deaths": 0, "lat": 38.641, "lon": -90.306, "office": "LSX", "image": " ", "qc": "Y", "dod": 2, "surveytype": "0", "comments": "Roof damage per hi-res satellite imagery.", "image_full": " "}, "geometry": {"type": "Point", "coordinates": [-90.3060184620823, 38.641035897089]}}, {"id": "232", "type": "Feature", "properties": {"OBJECTID": 233, "Id": 0, "stormdate": 1747353600000, "stormtime": "1942 UTC", "surveydate": 1748822400000, "surveytime": "1925 UTC", "event_id": " ", "damage": 2, "damage_txt": "One- or Two-Family Residences (FR12)", "dod_txt": "Loss of roof covering material (<20%), gutters and/or awning; loss of vinyl or metal siding", "efscale": "EF0", "damage_dir": "N/A", "windspeed": "79", "injuries": 0, "deaths": 0, "lat": 38.6464, "lon": -90.284, "office": "LSX", "image": " ", "qc": "Y", "dod": 2, "surveytype": "0", "comments": " ", "image_full": " "}, "geometry": {"type": "Point", "coordinates": [-90.2840084102599, 38.6463782036912]}}, {"id": "233", "type": "Feature", "properties": {"OBJECTID": 234, "Id": 0, "stormdate": 1747353600000, "stormtime": "1942 UTC", "surveydate": 1747440000000, "surveytime": "2050 UTC", "event_id": "0", "damage": 27, "damage_txt": "Trees: Hardwood (TH)", "dod_txt": "Trees uprooted", "efscale": "TSTM/Wind", "damage_dir": "N/A", "windspeed": "94", "injuries": 0, "deaths": 0, "lat": 38.6352, "lon": -90.2861, "office": "LSX", "image": "0", "qc": "Y", "dod": 3, "surveytype": "0", "comments": "0", "image_full": "https://services.dat.noaa.gov/arcgis/rest/services/nws_damageassessmenttoolkit/DamageViewer/MapServer/0/4480209/attachments/2625902"}, "geometry": {"type": "Point", "coordinates": [-90.2861235860346, 38.6351666426265]}}, {"id": "234", "type": "Feature", "properties": {"OBJECTID": 235, "Id": 0, "stormdate": 1747353600000, "stormtime": "1944 UTC", "surveydate": 1747440000000, "surveytime": "1601 UTC", "event_id": "0", "damage": 2, "damage_txt": "One- or Two-Family Residences (FR12)", "dod_txt": "Large sections of roof structure removed; most walls remain standing", "efscale": "EF2", "damage_dir": "N/A", "windspeed": "122", "injuries": 0, "deaths": 0, "lat": 38.6653, "lon": -90.2378, "office": "LSX", "image": "0", "qc": "Y", "dod": 6, "surveytype": "0", "comments": "0", "image_full": "https://services.dat.noaa.gov/arcgis/rest/services/nws_damageassessmenttoolkit/DamageViewer/MapServer/0/4479909/attachments/2625147"}, "geometry": {"type": "Point", "coordinates": [-90.2378298410743, 38.6653247356481]}}, {"id": "235", "type": "Feature", "properties": {"OBJECTID": 236, "Id": 0, "stormdate": 1747353600000, "stormtime": "1940 UTC", "surveydate": 1748390400000, "surveytime": "1640 UTC", "event_id": " ", "damage": 27, "damage_txt": "Trees: Hardwood (TH)", "dod_txt": "Large branches broken (1-3 inch diameter)", "efscale": "TSTM/Wind", "damage_dir": "N/A", "windspeed": "85", "injuries": 0, "deaths": 0, "lat": 38.6426, "lon": -90.3489, "office": "LSX", "image": " ", "qc": "Y", "dod": 2, "surveytype": "0", "comments": "Large limbs snapped on tree at this location per hi-res satellite imagery.", "image_full": " "}, "geometry": {"type": "Point", "coordinates": [-90.348918175933, 38.6425713716715]}}, {"id": "236", "type": "Feature", "properties": {"OBJECTID": 237, "Id": 0, "stormdate": 1747353600000, "stormtime": "1940 UTC", "surveydate": 1748476800000, "surveytime": "1740 UTC", "event_id": " ", "damage": 27, "damage_txt": "Trees: Hardwood (TH)", "dod_txt": "Trees uprooted", "efscale": "EF1", "damage_dir": "N/A", "windspeed": "94", "injuries": 0, "deaths": 0, "lat": 38.6431, "lon": -90.3143, "office": "LSX", "image": " ", "qc": "Y", "dod": 3, "surveytype": "0", "comments": "Several trees along Wydown Blvd uprooted per hi-res satellite imagery.", "image_full": " "}, "geometry": {"type": "Point", "coordinates": [-90.3142818035623, 38.643098386981]}}, {"id": "237", "type": "Feature", "properties": {"OBJECTID": 238, "Id": 0, "stormdate": 1747353600000, "stormtime": "1942 UTC", "surveydate": 1748736000000, "surveytime": "1749 UTC", "event_id": " ", "damage": 2, "damage_txt": "One- or Two-Family Residences (FR12)", "dod_txt": "Loss of roof covering material (<20%), gutters and/or awning; loss of vinyl or metal siding", "efscale": "EF0", "damage_dir": "N/A", "windspeed": "79", "injuries": 0, "deaths": 0, "lat": 38.6496, "lon": -90.2986, "office": "LSX", "image": " ", "qc": "Y", "dod": 2, "surveytype": "0", "comments": "Tree limbs also blown on roof.", "image_full": " "}, "geometry": {"type": "Point", "coordinates": [-90.2985965290065, 38.6495686997358]}}, {"id": "238", "type": "Feature", "properties": {"OBJECTID": 239, "Id": 0, "stormdate": 1747353600000, "stormtime": "1940 UTC", "surveydate": 1748476800000, "surveytime": "1818 UTC", "event_id": " ", "damage": 2, "damage_txt": "One- or Two-Family Residences (FR12)", "dod_txt": "Uplift of roof deck and loss of significant roof covering material (>20%); collapse of chimney; garage doors collapse inward; failure of porch or carport", "efscale": "EF1", "damage_dir": "N/A", "windspeed": "97", "injuries": 0, "deaths": 0, "lat": 38.6433, "lon": -90.3092, "office": "LSX", "image": " ", "qc": "Y", "dod": 4, "surveytype": "0", "comments": "Significant roof damage per hi-res satellite imagery.", "image_full": " "}, "geometry": {"type": "Point", "coordinates": [-90.3092038913465, 38.6432605185581]}}, {"id": "239", "type": "Feature", "properties": {"OBJECTID": 240, "Id": 0, "stormdate": 1747353600000, "stormtime": "1941 UTC", "surveydate": 1748736000000, "surveytime": "1404 UTC", "event_id": " ", "damage": 2, "damage_txt": "One- or Two-Family Residences (FR12)", "dod_txt": "Uplift of roof deck and loss of significant roof covering material (>20%); collapse of chimney; garage doors collapse inward; failure of porch or carport", "efscale": "EF1", "damage_dir": "N/A", "windspeed": "97", "injuries": 0, "deaths": 0, "lat": 38.6441, "lon": -90.3054, "office": "LSX", "image": " ", "qc": "Y", "dod": 4, "surveytype": "0", "comments": "Several trees snapped at this property, significant roof damage per hi-res satellite imagery.", "image_full": " "}, "geometry": {"type": "Point", "coordinates": [-90.3053995684353, 38.6440563637103]}}, {"id": "240", "type": "Feature", "properties": {"OBJECTID": 241, "Id": 0, "stormdate": 1747353600000, "stormtime": "1939 UTC", "surveydate": 1748390400000, "surveytime": "1451 UTC", "event_id": " ", "damage": 27, "damage_txt": "Trees: Hardwood (TH)", "dod_txt": "Trees uprooted", "efscale": "EF1", "damage_dir": "SSE/150", "windspeed": "94", "injuries": 0, "deaths": 0, "lat": 38.6429, "lon": -90.332, "office": "LSX", "image": " ", "qc": "Y", "dod": 3, "surveytype": "0", "comments": "Tree uprooted, felled to the southeast per hi-res satellite imagery.", "image_full": " "}, "geometry": {"type": "Point", "coordinates": [-90.3320083467078, 38.6428802222445]}}, {"id": "241", "type": "Feature", "properties": {"OBJECTID": 242, "Id": 0, "stormdate": 1747353600000, "stormtime": "1940 UTC", "surveydate": 1748476800000, "surveytime": "1437 UTC", "event_id": " ", "damage": 27, "damage_txt": "Trees: Hardwood (TH)", "dod_txt": "Large branches broken (1-3 inch diameter)", "efscale": "TSTM/Wind", "damage_dir": "N/A", "windspeed": "88", "injuries": 0, "deaths": 0, "lat": 38.6398, "lon": -90.3391, "office": "LSX", "image": " ", "qc": "Y", "dod": 2, "surveytype": "0", "comments": "Very large branches of tree snapped here per hi-res satellite imagery.", "image_full": " "}, "geometry": {"type": "Point", "coordinates": [-90.3391315906504, 38.639840234939]}}, {"id": "242", "type": "Feature", "properties": {"OBJECTID": 243, "Id": 0, "stormdate": 1747353600000, "stormtime": "1943 UTC", "surveydate": 1747440000000, "surveytime": "2008 UTC", "event_id": "0", "damage": 27, "damage_txt": "Trees: Hardwood (TH)", "dod_txt": "Large branches broken (1-3 inch diameter)", "efscale": "EF0", "damage_dir": "N/A", "windspeed": "85", "injuries": 0, "deaths": 0, "lat": 38.649, "lon": -90.2762, "office": "LSX", "image": "0", "qc": "Y", "dod": 2, "surveytype": "0", "comments": "0", "image_full": "https://services.dat.noaa.gov/arcgis/rest/services/nws_damageassessmenttoolkit/DamageViewer/MapServer/0/4480187/attachments/2625879"}, "geometry": {"type": "Point", "coordinates": [-90.2761881278798, 38.6489910939638]}}, {"id": "243", "type": "Feature", "properties": {"OBJECTID": 244, "Id": 0, "stormdate": 1747353600000, "stormtime": "1943 UTC", "surveydate": 1748822400000, "surveytime": "1655 UTC", "event_id": " ", "damage": 18, "damage_txt": "Mid-Rise Building [5-20 Stories] (MRB)", "dod_txt": "Damage to parapet walls or coping", "efscale": "EF1", "damage_dir": "N/A", "windspeed": "99", "injuries": 0, "deaths": 0, "lat": 38.6477, "lon": -90.2792, "office": "LSX", "image": " ", "qc": "Y", "dod": 4, "surveytype": "0", "comments": " ", "image_full": " "}, "geometry": {"type": "Point", "coordinates": [-90.2792305487508, 38.6476534702315]}}, {"id": "244", "type": "Feature", "properties": {"OBJECTID": 245, "Id": 0, "stormdate": 1747353600000, "stormtime": "1948 UTC", "surveydate": 1747440000000, "surveytime": "1703 UTC", "event_id": "0", "damage": 24, "damage_txt": "Electrical Transmission Lines (ETL)", "dod_txt": "Broken wood poles", "efscale": "EF2", "damage_dir": "N/A", "windspeed": "118", "injuries": 0, "deaths": 0, "lat": 38.6833, "lon": -90.2047, "office": "LSX", "image": "0", "qc": "Y", "dod": 4, "surveytype": "0", "comments": "0", "image_full": "https://services.dat.noaa.gov/arcgis/rest/services/nws_damageassessmenttoolkit/DamageViewer/MapServer/0/4465822/attachments/2613533"}, "geometry": {"type": "Point", "coordinates": [-90.2046560856098, 38.6832942252483]}}, {"id": "245", "type": "Feature", "properties": {"OBJECTID": 246, "Id": 0, "stormdate": 1747353600000, "stormtime": "1944 UTC", "surveydate": 1747440000000, "surveytime": "1456 UTC", "event_id": "0", "damage": 2, "damage_txt": "One- or Two-Family Residences (FR12)", "dod_txt": "All walls collapsed", "efscale": "EF3", "damage_dir": "N/A", "windspeed": "142", "injuries": 0, "deaths": 0, "lat": 38.6657, "lon": -90.2391, "office": "LSX", "image": "0", "qc": "Y", "dod": 9, "surveytype": "0", "comments": "0", "image_full": "https://services.dat.noaa.gov/arcgis/rest/services/nws_damageassessmenttoolkit/DamageViewer/MapServer/0/4479860/attachments/2625097"}, "geometry": {"type": "Point", "coordinates": [-90.2390892966337, 38.6657380415774]}}, {"id": "246", "type": "Feature", "properties": {"OBJECTID": 247, "Id": 0, "stormdate": 1747353600000, "stormtime": "1940 UTC", "surveydate": 1748476800000, "surveytime": "1755 UTC", "event_id": " ", "damage": 2, "damage_txt": "One- or Two-Family Residences (FR12)", "dod_txt": "Loss of roof covering material (<20%), gutters and/or awning; loss of vinyl or metal siding", "efscale": "EF0", "damage_dir": "N/A", "windspeed": "79", "injuries": 0, "deaths": 0, "lat": 38.6399, "lon": -90.3099, "office": "LSX", "image": " ", "qc": "Y", "dod": 2, "surveytype": "0", "comments": "Roof damage per hi-res satellite imagery.", "image_full": " "}, "geometry": {"type": "Point", "coordinates": [-90.309926188143, 38.6398543947645]}}, {"id": "247", "type": "Feature", "properties": {"OBJECTID": 248, "Id": 0, "stormdate": 1747353600000, "stormtime": "1939 UTC", "surveydate": 1747440000000, "surveytime": "2217 UTC", "event_id": "0", "damage": 27, "damage_txt": "Trees: Hardwood (TH)", "dod_txt": "Large branches broken (1-3 inch diameter)", "efscale": "TSTM/Wind", "damage_dir": "N/A", "windspeed": "85", "injuries": 0, "deaths": 0, "lat": 38.6336, "lon": -90.3282, "office": "LSX", "image": "0", "qc": "Y", "dod": 2, "surveytype": "0", "comments": "0", "image_full": "https://services.dat.noaa.gov/arcgis/rest/services/nws_damageassessmenttoolkit/DamageViewer/MapServer/0/4480260/attachments/2625947"}, "geometry": {"type": "Point", "coordinates": [-90.3282006270572, 38.6336028663792]}}, {"id": "248", "type": "Feature", "properties": {"OBJECTID": 249, "Id": 0, "stormdate": 1747353600000, "stormtime": "1943 UTC", "surveydate": 1747440000000, "surveytime": "1939 UTC", "event_id": "0", "damage": 24, "damage_txt": "Electrical Transmission Lines (ETL)", "dod_txt": "Broken wood poles", "efscale": "EF2", "damage_dir": "N/A", "windspeed": "118", "injuries": 0, "deaths": 0, "lat": 38.6523, "lon": -90.2611, "office": "LSX", "image": "0", "qc": "Y", "dod": 4, "surveytype": "0", "comments": "0", "image_full": "https://services.dat.noaa.gov/arcgis/rest/services/nws_damageassessmenttoolkit/DamageViewer/MapServer/0/4480100/attachments/2625376"}, "geometry": {"type": "Point", "coordinates": [-90.261103816288, 38.6522986466653]}}, {"id": "249", "type": "Feature", "properties": {"OBJECTID": 250, "Id": 0, "stormdate": 1747353600000, "stormtime": "1939 UTC", "surveydate": 1748304000000, "surveytime": "1716 UTC", "event_id": " ", "damage": 24, "damage_txt": "Electrical Transmission Lines (ETL)", "dod_txt": "Threshold of visible damage", "efscale": "N/A", "damage_dir": "N/A", "windspeed": "N/A", "injuries": 0, "deaths": 0, "lat": 38.6314, "lon": -90.3348, "office": "LSX", "image": " ", "qc": "Y", "dod": 1, "surveytype": "0", "comments": "Northbound Hanley Rd closed for utility company to make repair to lines in this location per hi-res satellite imagery.", "image_full": " "}, "geometry": {"type": "Point", "coordinates": [-90.3347797892558, 38.6314212001283]}}, {"id": "250", "type": "Feature", "properties": {"OBJECTID": 251, "Id": 0, "stormdate": 1747353600000, "stormtime": "1941 UTC", "surveydate": 1748736000000, "surveytime": "1400 UTC", "event_id": " ", "damage": 27, "damage_txt": "Trees: Hardwood (TH)", "dod_txt": "Trunks snapped", "efscale": "EF1", "damage_dir": "NNE/30", "windspeed": "107", "injuries": 0, "deaths": 0, "lat": 38.6433, "lon": -90.3074, "office": "LSX", "image": " ", "qc": "Y", "dod": 4, "surveytype": "0", "comments": "Numerous trees snapped or uprooted in this area per hi-res satellite imagery.", "image_full": " "}, "geometry": {"type": "Point", "coordinates": [-90.3074169771118, 38.6433499048742]}}, {"id": "251", "type": "Feature", "properties": {"OBJECTID": 252, "Id": 0, "stormdate": 1747353600000, "stormtime": "1943 UTC", "surveydate": 1747440000000, "surveytime": "2021 UTC", "event_id": "0", "damage": 27, "damage_txt": "Trees: Hardwood (TH)", "dod_txt": "Trees uprooted", "efscale": "EF1", "damage_dir": "N/A", "windspeed": "94", "injuries": 0, "deaths": 0, "lat": 38.6455, "lon": -90.2795, "office": "LSX", "image": "0", "qc": "Y", "dod": 3, "surveytype": "0", "comments": "0", "image_full": "https://services.dat.noaa.gov/arcgis/rest/services/nws_damageassessmenttoolkit/DamageViewer/MapServer/0/4480197/attachments/2625889"}, "geometry": {"type": "Point", "coordinates": [-90.2794528260871, 38.6454562987692]}}, {"id": "252", "type": "Feature", "properties": {"OBJECTID": 253, "Id": 0, "stormdate": 1747353600000, "stormtime": "1940 UTC", "surveydate": 1748390400000, "surveytime": "1841 UTC", "event_id": " ", "damage": 28, "damage_txt": "Trees: Softwood (TS)", "dod_txt": "Trees uprooted", "efscale": "EF1", "damage_dir": "N/A", "windspeed": "87", "injuries": 0, "deaths": 0, "lat": 38.6419, "lon": -90.3224, "office": "LSX", "image": " ", "qc": "Y", "dod": 3, "surveytype": "0", "comments": "Pine tree uprooted and felled to the east-southeast per hi-res satellite imagery.", "image_full": " "}, "geometry": {"type": "Point", "coordinates": [-90.3224293447385, 38.6418965932533]}}, {"id": "253", "type": "Feature", "properties": {"OBJECTID": 254, "Id": 0, "stormdate": 1747353600000, "stormtime": "1939 UTC", "surveydate": 1748390400000, "surveytime": "1711 UTC", "event_id": " ", "damage": 5, "damage_txt": "Apartments, Condos, Townhouses [3 stories or less] (ACT)", "dod_txt": "Loss of roof covering (<20%)", "efscale": "EF1", "damage_dir": "N/A", "windspeed": "99", "injuries": 0, "deaths": 0, "lat": 38.6426, "lon": -90.3435, "office": "LSX", "image": " ", "qc": "Y", "dod": 2, "surveytype": "0", "comments": "Patches of shingles missing per hi-res satellite imagery.", "image_full": " "}, "geometry": {"type": "Point", "coordinates": [-90.3434778648116, 38.642610588408]}}, {"id": "254", "type": "Feature", "properties": {"OBJECTID": 255, "Id": 0, "stormdate": 1747353600000, "stormtime": "1940 UTC", "surveydate": 1748476800000, "surveytime": "1740 UTC", "event_id": " ", "damage": 27, "damage_txt": "Trees: Hardwood (TH)", "dod_txt": "Trees uprooted", "efscale": "EF1", "damage_dir": "N/A", "windspeed": "94", "injuries": 0, "deaths": 0, "lat": 38.6431, "lon": -90.3143, "office": "LSX", "image": " ", "qc": "Y", "dod": 3, "surveytype": "0", "comments": "Several trees along Wydown Blvd uprooted per hi-res satellite imagery.", "image_full": " "}, "geometry": {"type": "Point", "coordinates": [-90.3142818035623, 38.643098386981]}}, {"id": "255", "type": "Feature", "properties": {"OBJECTID": 256, "Id": 0, "stormdate": 1747353600000, "stormtime": "1953 UTC", "surveydate": 1747526400000, "surveytime": "1426 UTC", "event_id": "0", "damage": 27, "damage_txt": "Trees: Hardwood (TH)", "dod_txt": "Large branches broken (1-3 inch diameter)", "efscale": "EF0", "damage_dir": "N/A", "windspeed": "74", "injuries": 0, "deaths": 0, "lat": 38.7111, "lon": -90.1369, "office": "LSX", "image": "0", "qc": "Y", "dod": 2, "surveytype": "0", "comments": "0", "image_full": "https://services.dat.noaa.gov/arcgis/rest/services/nws_damageassessmenttoolkit/DamageViewer/MapServer/0/4480360/attachments/2626091"}, "geometry": {"type": "Point", "coordinates": [-90.1369118070342, 38.7110932292692]}}, {"id": "256", "type": "Feature", "properties": {"OBJECTID": 257, "Id": 0, "stormdate": 1747353600000, "stormtime": "1939 UTC", "surveydate": 1748390400000, "surveytime": "1802 UTC", "event_id": " ", "damage": 5, "damage_txt": "Apartments, Condos, Townhouses [3 stories or less] (ACT)", "dod_txt": "Loss of roof covering (<20%)", "efscale": "EF1", "damage_dir": "N/A", "windspeed": "99", "injuries": 0, "deaths": 0, "lat": 38.6416, "lon": -90.3306, "office": "LSX", "image": " ", "qc": "Y", "dod": 2, "surveytype": "0", "comments": "Multiple sections of shingles missing on south-facing portion of roof per hi-res satellite imagery.", "image_full": " "}, "geometry": {"type": "Point", "coordinates": [-90.3305500978087, 38.6416095431459]}}, {"id": "257", "type": "Feature", "properties": {"OBJECTID": 258, "Id": 0, "stormdate": 1747353600000, "stormtime": "1942 UTC", "surveydate": 1748822400000, "surveytime": "1510 UTC", "event_id": " ", "damage": 27, "damage_txt": "Trees: Hardwood (TH)", "dod_txt": "Trunks snapped", "efscale": "EF1", "damage_dir": "N/A", "windspeed": "107", "injuries": 0, "deaths": 0, "lat": 38.6424, "lon": -90.2864, "office": "LSX", "image": " ", "qc": "Y", "dod": 4, "surveytype": "0", "comments": "Numerous trees snapped or uprooted in this area per hi-res satellite imagery. Felled to the north-northwest.", "image_full": " "}, "geometry": {"type": "Point", "coordinates": [-90.2863733160756, 38.6423988781058]}}, {"id": "258", "type": "Feature", "properties": {"OBJECTID": 259, "Id": 0, "stormdate": 1747353600000, "stormtime": "1943 UTC", "surveydate": 1755561600000, "surveytime": "1836 UTC", "event_id": " ", "damage": 2, "damage_txt": "One- or Two-Family Residences (FR12)", "dod_txt": "Loss of roof covering material (<20%), gutters and/or awning; loss of vinyl or metal siding", "efscale": "EF0", "damage_dir": "N/A", "windspeed": "79", "injuries": 0, "deaths": 0, "lat": 38.6615, "lon": -90.2656, "office": "LSX", "image": " ", "qc": "Y", "dod": 2, "surveytype": "0", "comments": " ", "image_full": " "}, "geometry": {"type": "Point", "coordinates": [-90.2655873162016, 38.6614955051135]}}, {"id": "259", "type": "Feature", "properties": {"OBJECTID": 260, "Id": 0, "stormdate": 1747353600000, "stormtime": "1941 UTC", "surveydate": 1748736000000, "surveytime": "1512 UTC", "event_id": " ", "damage": 27, "damage_txt": "Trees: Hardwood (TH)", "dod_txt": "Trunks snapped", "efscale": "EF1", "damage_dir": "ENE/60", "windspeed": "107", "injuries": 0, "deaths": 0, "lat": 38.6435, "lon": -90.3074, "office": "LSX", "image": " ", "qc": "Y", "dod": 4, "surveytype": "0", "comments": "Numerous trees snapped or uprooted in this area per hi-res satellite imagery.", "image_full": " "}, "geometry": {"type": "Point", "coordinates": [-90.3074107906754, 38.6434737747949]}}, {"id": "260", "type": "Feature", "properties": {"OBJECTID": 261, "Id": 0, "stormdate": 1747353600000, "stormtime": "1943 UTC", "surveydate": 1748822400000, "surveytime": "1828 UTC", "event_id": " ", "damage": 27, "damage_txt": "Trees: Hardwood (TH)", "dod_txt": "Trunks snapped", "efscale": "EF1", "damage_dir": "ENE/60", "windspeed": "100", "injuries": 0, "deaths": 0, "lat": 38.6454, "lon": -90.274, "office": "LSX", "image": " ", "qc": "Y", "dod": 4, "surveytype": "0", "comments": " ", "image_full": " "}, "geometry": {"type": "Point", "coordinates": [-90.2739913773002, 38.6453716087128]}}, {"id": "261", "type": "Feature", "properties": {"OBJECTID": 262, "Id": 0, "stormdate": 1747353600000, "stormtime": "1943 UTC", "surveydate": 1754438400000, "surveytime": "1038 UTC", "event_id": " ", "damage": 2, "damage_txt": "One- or Two-Family Residences (FR12)", "dod_txt": "Loss of roof covering material (<20%), gutters and/or awning; loss of vinyl or metal siding", "efscale": "EF0", "damage_dir": "N/A", "windspeed": "79", "injuries": 0, "deaths": 0, "lat": 38.6581, "lon": -90.2663, "office": "LSX", "image": " ", "qc": "Y", "dod": 2, "surveytype": "0", "comments": " ", "image_full": " "}, "geometry": {"type": "Point", "coordinates": [-90.2662911400241, 38.6581030096463]}}, {"id": "262", "type": "Feature", "properties": {"OBJECTID": 263, "Id": 0, "stormdate": 1747353600000, "stormtime": "1942 UTC", "surveydate": 1748736000000, "surveytime": "1742 UTC", "event_id": " ", "damage": 2, "damage_txt": "One- or Two-Family Residences (FR12)", "dod_txt": "Uplift of roof deck and loss of significant roof covering material (>20%); collapse of chimney; garage doors collapse inward; failure of porch or carport", "efscale": "EF1", "damage_dir": "N/A", "windspeed": "97", "injuries": 0, "deaths": 0, "lat": 38.6486, "lon": -90.289, "office": "LSX", "image": " ", "qc": "Y", "dod": 4, "surveytype": "0", "comments": " ", "image_full": " "}, "geometry": {"type": "Point", "coordinates": [-90.2890088962435, 38.6486089504427]}}, {"id": "263", "type": "Feature", "properties": {"OBJECTID": 264, "Id": 0, "stormdate": 1747353600000, "stormtime": "1941 UTC", "surveydate": 1748736000000, "surveytime": "1402 UTC", "event_id": " ", "damage": 2, "damage_txt": "One- or Two-Family Residences (FR12)", "dod_txt": "Loss of roof covering material (<20%), gutters and/or awning; loss of vinyl or metal siding", "efscale": "EF1", "damage_dir": "N/A", "windspeed": "86", "injuries": 0, "deaths": 0, "lat": 38.6436, "lon": -90.3061, "office": "LSX", "image": " ", "qc": "Y", "dod": 2, "surveytype": "0", "comments": "Large limbs broken at this property, roof damage per hi-res satellite imagery.", "image_full": " "}, "geometry": {"type": "Point", "coordinates": [-90.3061217528166, 38.6435865776585]}}, {"id": "264", "type": "Feature", "properties": {"OBJECTID": 265, "Id": 0, "stormdate": 1747353600000, "stormtime": "2003 UTC", "surveydate": 1747526400000, "surveytime": "1602 UTC", "event_id": "0", "damage": 27, "damage_txt": "Trees: Hardwood (TH)", "dod_txt": "Trunks snapped", "efscale": "EF1", "damage_dir": "N/A", "windspeed": "95", "injuries": 0, "deaths": 0, "lat": 38.7784, "lon": -89.9999, "office": "LSX", "image": "0", "qc": "Y", "dod": 4, "surveytype": "0", "comments": "0", "image_full": "https://services.dat.noaa.gov/arcgis/rest/services/nws_damageassessmenttoolkit/DamageViewer/MapServer/0/4480426/attachments/2626136"}, "geometry": {"type": "Point", "coordinates": [-89.9998688778464, 38.7784330260633]}}, {"id": "265", "type": "Feature", "properties": {"OBJECTID": 266, "Id": 0, "stormdate": 1747353600000, "stormtime": "1943 UTC", "surveydate": 1747440000000, "surveytime": "1358 UTC", "event_id": "0", "damage": 22, "damage_txt": "Service Station Canopy (SSC)", "dod_txt": "Metal roof panels stripped from canopy", "efscale": "EF1", "damage_dir": "N/A", "windspeed": "92", "injuries": 0, "deaths": 0, "lat": 38.6519, "lon": -90.2638, "office": "LSX", "image": "0", "qc": "Y", "dod": 3, "surveytype": "0", "comments": "0", "image_full": "https://services.dat.noaa.gov/arcgis/rest/services/nws_damageassessmenttoolkit/DamageViewer/MapServer/0/4479827/attachments/2625060"}, "geometry": {"type": "Point", "coordinates": [-90.2638383281763, 38.6518599465793]}}, {"id": "266", "type": "Feature", "properties": {"OBJECTID": 267, "Id": 0, "stormdate": 1747353600000, "stormtime": "1942 UTC", "surveydate": 1748822400000, "surveytime": "1513 UTC", "event_id": " ", "damage": 27, "damage_txt": "Trees: Hardwood (TH)", "dod_txt": "Trunks snapped", "efscale": "EF1", "damage_dir": "N/A", "windspeed": "100", "injuries": 0, "deaths": 0, "lat": 38.6419, "lon": -90.2902, "office": "LSX", "image": " ", "qc": "Y", "dod": 4, "surveytype": "0", "comments": "Numerous trees snapped or uprooted in this area per hi-res satellite imagery. Felled to the north-northeast.", "image_full": " "}, "geometry": {"type": "Point", "coordinates": [-90.2902330138425, 38.6418939897159]}}, {"id": "267", "type": "Feature", "properties": {"OBJECTID": 268, "Id": 0, "stormdate": 1747353600000, "stormtime": "1942 UTC", "surveydate": 1748822400000, "surveytime": "1455 UTC", "event_id": " ", "damage": 27, "damage_txt": "Trees: Hardwood (TH)", "dod_txt": "Trunks snapped", "efscale": "EF1", "damage_dir": "N/A", "windspeed": "107", "injuries": 0, "deaths": 0, "lat": 38.6459, "lon": -90.2904, "office": "LSX", "image": " ", "qc": "Y", "dod": 4, "surveytype": "0", "comments": "Numerous trees snapped or uprooted in this area per hi-res satellite imagery. Felled to the north-northeast.", "image_full": " "}, "geometry": {"type": "Point", "coordinates": [-90.2904039488831, 38.6458872404039]}}, {"id": "268", "type": "Feature", "properties": {"OBJECTID": 269, "Id": 0, "stormdate": 1747353600000, "stormtime": "1941 UTC", "surveydate": 1748476800000, "surveytime": "1923 UTC", "event_id": " ", "damage": 2, "damage_txt": "One- or Two-Family Residences (FR12)", "dod_txt": "Loss of roof covering material (<20%), gutters and/or awning; loss of vinyl or metal siding", "efscale": "EF0", "damage_dir": "N/A", "windspeed": "85", "injuries": 0, "deaths": 0, "lat": 38.6405, "lon": -90.305, "office": "LSX", "image": " ", "qc": "Y", "dod": 2, "surveytype": "0", "comments": "Roof damage per hi-res satellite imagery.", "image_full": " "}, "geometry": {"type": "Point", "coordinates": [-90.3050387856114, 38.6404728630322]}}, {"id": "269", "type": "Feature", "properties": {"OBJECTID": 270, "Id": 0, "stormdate": 1747353600000, "stormtime": "1944 UTC", "surveydate": 1747440000000, "surveytime": "1858 UTC", "event_id": "0", "damage": 2, "damage_txt": "One- or Two-Family Residences (FR12)", "dod_txt": "Large sections of roof structure removed; most walls remain standing", "efscale": "EF2", "damage_dir": "N/A", "windspeed": "122", "injuries": 0, "deaths": 0, "lat": 38.6626, "lon": -90.2492, "office": "LSX", "image": "0", "qc": "Y", "dod": 6, "surveytype": "0", "comments": "0", "image_full": "https://services.dat.noaa.gov/arcgis/rest/services/nws_damageassessmenttoolkit/DamageViewer/MapServer/0/4480088/attachments/2625360"}, "geometry": {"type": "Point", "coordinates": [-90.249174429856, 38.6626192062114]}}, {"id": "270", "type": "Feature", "properties": {"OBJECTID": 271, "Id": 0, "stormdate": 1747353600000, "stormtime": "1939 UTC", "surveydate": 1748304000000, "surveytime": "1725 UTC", "event_id": " ", "damage": 27, "damage_txt": "Trees: Hardwood (TH)", "dod_txt": "Large branches broken (1-3 inch diameter)", "efscale": "TSTM/Wind", "damage_dir": "N/A", "windspeed": "74", "injuries": 0, "deaths": 0, "lat": 38.6341, "lon": -90.329, "office": "LSX", "image": " ", "qc": "Y", "dod": 2, "surveytype": "0", "comments": "Two trees topped in this location per hi-res satellite imagery.", "image_full": " "}, "geometry": {"type": "Point", "coordinates": [-90.3290378113459, 38.6340952398035]}}, {"id": "271", "type": "Feature", "properties": {"OBJECTID": 272, "Id": 0, "stormdate": 1747353600000, "stormtime": "1943 UTC", "surveydate": 1747440000000, "surveytime": "1917 UTC", "event_id": "0", "damage": 2, "damage_txt": "One- or Two-Family Residences (FR12)", "dod_txt": "Large sections of roof structure removed; most walls remain standing", "efscale": "EF2", "damage_dir": "N/A", "windspeed": "122", "injuries": 0, "deaths": 0, "lat": 38.6642, "lon": -90.2549, "office": "LSX", "image": "0", "qc": "Y", "dod": 6, "surveytype": "0", "comments": "0", "image_full": "https://services.dat.noaa.gov/arcgis/rest/services/nws_damageassessmenttoolkit/DamageViewer/MapServer/0/4465844/attachments/2613557"}, "geometry": {"type": "Point", "coordinates": [-90.2548850618961, 38.6641837936472]}}, {"id": "272", "type": "Feature", "properties": {"OBJECTID": 273, "Id": 0, "stormdate": 1747353600000, "stormtime": "1953 UTC", "surveydate": 1747526400000, "surveytime": "1422 UTC", "event_id": "0", "damage": 27, "damage_txt": "Trees: Hardwood (TH)", "dod_txt": "Trunks snapped", "efscale": "EF1", "damage_dir": "N/A", "windspeed": "107", "injuries": 0, "deaths": 0, "lat": 38.7175, "lon": -90.1338, "office": "LSX", "image": "0", "qc": "Y", "dod": 4, "surveytype": "0", "comments": "0", "image_full": "https://services.dat.noaa.gov/arcgis/rest/services/nws_damageassessmenttoolkit/DamageViewer/MapServer/0/4480358/attachments/2626089"}, "geometry": {"type": "Point", "coordinates": [-90.1337528268315, 38.7175203610759]}}, {"id": "273", "type": "Feature", "properties": {"OBJECTID": 274, "Id": 0, "stormdate": 1747353600000, "stormtime": "1942 UTC", "surveydate": 1748736000000, "surveytime": "1745 UTC", "event_id": " ", "damage": 5, "damage_txt": "Apartments, Condos, Townhouses [3 stories or less] (ACT)", "dod_txt": "Uplift of roof decking; significant loss of roof covering (>20%)", "efscale": "EF2", "damage_dir": "N/A", "windspeed": "124", "injuries": 0, "deaths": 0, "lat": 38.6487, "lon": -90.2897, "office": "LSX", "image": " ", "qc": "Y", "dod": 3, "surveytype": "0", "comments": " ", "image_full": " "}, "geometry": {"type": "Point", "coordinates": [-90.2896915176494, 38.6486539866922]}}, {"id": "274", "type": "Feature", "properties": {"OBJECTID": 275, "Id": 0, "stormdate": 1747353600000, "stormtime": "1944 UTC", "surveydate": 1747440000000, "surveytime": "1821 UTC", "event_id": "0", "damage": 27, "damage_txt": "Trees: Hardwood (TH)", "dod_txt": "Trees uprooted", "efscale": "EF1", "damage_dir": "E/90", "windspeed": "94", "injuries": 0, "deaths": 0, "lat": 38.6692, "lon": -90.2534, "office": "LSX", "image": "0", "qc": "Y", "dod": 3, "surveytype": "0", "comments": "0", "image_full": "https://services.dat.noaa.gov/arcgis/rest/services/nws_damageassessmenttoolkit/DamageViewer/MapServer/0/4465829/attachments/2613541"}, "geometry": {"type": "Point", "coordinates": [-90.2533506799899, 38.6691588054346]}}, {"id": "275", "type": "Feature", "properties": {"OBJECTID": 276, "Id": 0, "stormdate": 1747353600000, "stormtime": "1944 UTC", "surveydate": 1747440000000, "surveytime": "1445 UTC", "event_id": "0", "damage": 2, "damage_txt": "One- or Two-Family Residences (FR12)", "dod_txt": "Exterior walls collapsed", "efscale": "EF2", "damage_dir": "N/A", "windspeed": "132", "injuries": 0, "deaths": 0, "lat": 38.6663, "lon": -90.2446, "office": "LSX", "image": "0", "qc": "Y", "dod": 7, "surveytype": "0", "comments": "0", "image_full": "https://services.dat.noaa.gov/arcgis/rest/services/nws_damageassessmenttoolkit/DamageViewer/MapServer/0/4479928/attachments/2625169"}, "geometry": {"type": "Point", "coordinates": [-90.2445897876885, 38.6662528701739]}}, {"id": "276", "type": "Feature", "properties": {"OBJECTID": 277, "Id": 0, "stormdate": 1747353600000, "stormtime": "1943 UTC", "surveydate": 1754438400000, "surveytime": "1038 UTC", "event_id": " ", "damage": 2, "damage_txt": "One- or Two-Family Residences (FR12)", "dod_txt": "Loss of roof covering material (<20%), gutters and/or awning; loss of vinyl or metal siding", "efscale": "EF0", "damage_dir": "N/A", "windspeed": "79", "injuries": 0, "deaths": 0, "lat": 38.6581, "lon": -90.2663, "office": "LSX", "image": " ", "qc": "Y", "dod": 2, "surveytype": "0", "comments": " ", "image_full": " "}, "geometry": {"type": "Point", "coordinates": [-90.2662911400241, 38.6581030096463]}}, {"id": "277", "type": "Feature", "properties": {"OBJECTID": 278, "Id": 0, "stormdate": 1747353600000, "stormtime": "1945 UTC", "surveydate": 1747440000000, "surveytime": "1627 UTC", "event_id": "0", "damage": 2, "damage_txt": "One- or Two-Family Residences (FR12)", "dod_txt": "Uplift of roof deck and loss of significant roof covering material (>20%); collapse of chimney; garage doors collapse inward; failure of porch or carport", "efscale": "EF2", "damage_dir": "N/A", "windspeed": "116", "injuries": 0, "deaths": 0, "lat": 38.674, "lon": -90.2297, "office": "LSX", "image": "0", "qc": "Y", "dod": 4, "surveytype": "0", "comments": "0", "image_full": "https://services.dat.noaa.gov/arcgis/rest/services/nws_damageassessmenttoolkit/DamageViewer/MapServer/0/4479938/attachments/2625180"}, "geometry": {"type": "Point", "coordinates": [-90.2297441570672, 38.6740108601131]}}, {"id": "278", "type": "Feature", "properties": {"OBJECTID": 279, "Id": 0, "stormdate": 1747353600000, "stormtime": "1941 UTC", "surveydate": 1748736000000, "surveytime": "1401 UTC", "event_id": " ", "damage": 27, "damage_txt": "Trees: Hardwood (TH)", "dod_txt": "Trunks snapped", "efscale": "EF1", "damage_dir": "N/A", "windspeed": "100", "injuries": 0, "deaths": 0, "lat": 38.6434, "lon": -90.3063, "office": "LSX", "image": " ", "qc": "Y", "dod": 4, "surveytype": "0", "comments": "Several trees snapped at this property, roof damage per hi-res satellite imagery.", "image_full": " "}, "geometry": {"type": "Point", "coordinates": [-90.3062846973808, 38.6434022238336]}}, {"id": "279", "type": "Feature", "properties": {"OBJECTID": 280, "Id": 0, "stormdate": 1747353600000, "stormtime": "1940 UTC", "surveydate": 1748476800000, "surveytime": "1620 UTC", "event_id": " ", "damage": 28, "damage_txt": "Trees: Softwood (TS)", "dod_txt": "Trees uprooted", "efscale": "EF1", "damage_dir": "ENE/60", "windspeed": "87", "injuries": 0, "deaths": 0, "lat": 38.6418, "lon": -90.3123, "office": "LSX", "image": " ", "qc": "Y", "dod": 3, "surveytype": "0", "comments": "Large tree uprooted and felled to the east.", "image_full": " "}, "geometry": {"type": "Point", "coordinates": [-90.312317260633, 38.6418243597065]}}, {"id": "280", "type": "Feature", "properties": {"OBJECTID": 281, "Id": 0, "stormdate": 1747353600000, "stormtime": "1944 UTC", "surveydate": 1747440000000, "surveytime": "1516 UTC", "event_id": "0", "damage": 2, "damage_txt": "One- or Two-Family Residences (FR12)", "dod_txt": "Exterior walls collapsed", "efscale": "EF2", "damage_dir": "N/A", "windspeed": "132", "injuries": 0, "deaths": 0, "lat": 38.6661, "lon": -90.2422, "office": "LSX", "image": "0", "qc": "Y", "dod": 7, "surveytype": "0", "comments": "0", "image_full": "https://services.dat.noaa.gov/arcgis/rest/services/nws_damageassessmenttoolkit/DamageViewer/MapServer/0/4479874/attachments/2625120"}, "geometry": {"type": "Point", "coordinates": [-90.2422272497877, 38.666101180625]}}, {"id": "281", "type": "Feature", "properties": {"OBJECTID": 282, "Id": 0, "stormdate": 1747353600000, "stormtime": "1940 UTC", "surveydate": 1748390400000, "surveytime": "1819 UTC", "event_id": " ", "damage": 27, "damage_txt": "Trees: Hardwood (TH)", "dod_txt": "Trees uprooted", "efscale": "EF1", "damage_dir": "NNE/30", "windspeed": "94", "injuries": 0, "deaths": 0, "lat": 38.6415, "lon": -90.3274, "office": "LSX", "image": " ", "qc": "Y", "dod": 3, "surveytype": "0", "comments": "Large tree uprooted and felled to the northeast per hi-res satellite imagery.", "image_full": " "}, "geometry": {"type": "Point", "coordinates": [-90.3274353525595, 38.641462407764]}}, {"id": "282", "type": "Feature", "properties": {"OBJECTID": 283, "Id": 0, "stormdate": 1747353600000, "stormtime": "1943 UTC", "surveydate": 1747440000000, "surveytime": "2004 UTC", "event_id": "0", "damage": 24, "damage_txt": "Electrical Transmission Lines (ETL)", "dod_txt": "Broken wood poles", "efscale": "EF2", "damage_dir": "N/A", "windspeed": "118", "injuries": 0, "deaths": 0, "lat": 38.6482, "lon": -90.2703, "office": "LSX", "image": "0", "qc": "Y", "dod": 4, "surveytype": "0", "comments": "0", "image_full": "https://services.dat.noaa.gov/arcgis/rest/services/nws_damageassessmenttoolkit/DamageViewer/MapServer/0/4480184/attachments/2625876"}, "geometry": {"type": "Point", "coordinates": [-90.2702759793529, 38.6481565347963]}}, {"id": "283", "type": "Feature", "properties": {"OBJECTID": 284, "Id": 0, "stormdate": 1747353600000, "stormtime": "1944 UTC", "surveydate": 1747440000000, "surveytime": "1831 UTC", "event_id": "0", "damage": 2, "damage_txt": "One- or Two-Family Residences (FR12)", "dod_txt": "Uplift of roof deck and loss of significant roof covering material (>20%); collapse of chimney; garage doors collapse inward; failure of porch or carport", "efscale": "EF1", "damage_dir": "N/A", "windspeed": "105", "injuries": 0, "deaths": 0, "lat": 38.6675, "lon": -90.2457, "office": "LSX", "image": "0", "qc": "Y", "dod": 4, "surveytype": "0", "comments": " ", "image_full": "https://services.dat.noaa.gov/arcgis/rest/services/nws_damageassessmenttoolkit/DamageViewer/MapServer/0/4480042/attachments/2625314"}, "geometry": {"type": "Point", "coordinates": [-90.2457074750199, 38.6674512671623]}}, {"id": "284", "type": "Feature", "properties": {"OBJECTID": 285, "Id": 0, "stormdate": 1747353600000, "stormtime": "2005 UTC", "surveydate": 1747526400000, "surveytime": "1638 UTC", "event_id": "0", "damage": 28, "damage_txt": "Trees: Softwood (TS)", "dod_txt": "Large branches broken (1-3 inch diameter)", "efscale": "EF0", "damage_dir": "N/A", "windspeed": "75", "injuries": 0, "deaths": 0, "lat": 38.7916, "lon": -89.9825, "office": "LSX", "image": "0", "qc": "Y", "dod": 2, "surveytype": "0", "comments": "0", "image_full": "https://services.dat.noaa.gov/arcgis/rest/services/nws_damageassessmenttoolkit/DamageViewer/MapServer/0/4480451/attachments/2626146"}, "geometry": {"type": "Point", "coordinates": [-89.9825484496512, 38.7916221774216]}}, {"id": "285", "type": "Feature", "properties": {"OBJECTID": 286, "Id": 0, "stormdate": 1747353600000, "stormtime": "1939 UTC", "surveydate": 1748476800000, "surveytime": "1333 UTC", "event_id": " ", "damage": 27, "damage_txt": "Trees: Hardwood (TH)", "dod_txt": "Trunks snapped", "efscale": "TSTM/Wind", "damage_dir": "E/90", "windspeed": "93", "injuries": 0, "deaths": 0, "lat": 38.6345, "lon": -90.3319, "office": "LSX", "image": " ", "qc": "Y", "dod": 4, "surveytype": "0", "comments": "Small tree snapped, felled to the east per hi-res satellite imagery.", "image_full": " "}, "geometry": {"type": "Point", "coordinates": [-90.3318694742968, 38.6345391163871]}}, {"id": "286", "type": "Feature", "properties": {"OBJECTID": 287, "Id": 0, "stormdate": 1747353600000, "stormtime": "1941 UTC", "surveydate": 1748736000000, "surveytime": "1512 UTC", "event_id": " ", "damage": 2, "damage_txt": "One- or Two-Family Residences (FR12)", "dod_txt": "Loss of roof covering material (<20%), gutters and/or awning; loss of vinyl or metal siding", "efscale": "EF0", "damage_dir": "N/A", "windspeed": "79", "injuries": 0, "deaths": 0, "lat": 38.6436, "lon": -90.3079, "office": "LSX", "image": " ", "qc": "Y", "dod": 2, "surveytype": "0", "comments": " ", "image_full": " "}, "geometry": {"type": "Point", "coordinates": [-90.307857378715, 38.6435858528049]}}, {"id": "287", "type": "Feature", "properties": {"OBJECTID": 288, "Id": 0, "stormdate": 1747353600000, "stormtime": "1943 UTC", "surveydate": 1761523200000, "surveytime": "1040 UTC", "event_id": " ", "damage": 2, "damage_txt": "One- or Two-Family Residences (FR12)", "dod_txt": "Loss of roof covering material (<20%), gutters and/or awning; loss of vinyl or metal siding", "efscale": "EF0", "damage_dir": "N/A", "windspeed": "79", "injuries": 0, "deaths": 0, "lat": 38.6666, "lon": -90.2535, "office": "LSX", "image": " ", "qc": "Y", "dod": 2, "surveytype": "0", "comments": " ", "image_full": " "}, "geometry": {"type": "Point", "coordinates": [-90.253527734917, 38.6665503317325]}}, {"id": "288", "type": "Feature", "properties": {"OBJECTID": 289, "Id": 0, "stormdate": 1747353600000, "stormtime": "1943 UTC", "surveydate": 1748822400000, "surveytime": "1706 UTC", "event_id": " ", "damage": 5, "damage_txt": "Apartments, Condos, Townhouses [3 stories or less] (ACT)", "dod_txt": "Uplift of roof decking; significant loss of roof covering (>20%)", "efscale": "EF2", "damage_dir": "N/A", "windspeed": "124", "injuries": 0, "deaths": 0, "lat": 38.648, "lon": -90.2824, "office": "LSX", "image": " ", "qc": "Y", "dod": 3, "surveytype": "0", "comments": " ", "image_full": " "}, "geometry": {"type": "Point", "coordinates": [-90.2824150013512, 38.6480420555964]}}, {"id": "289", "type": "Feature", "properties": {"OBJECTID": 290, "Id": 0, "stormdate": 1747353600000, "stormtime": "1942 UTC", "surveydate": 1748822400000, "surveytime": "1527 UTC", "event_id": " ", "damage": 27, "damage_txt": "Trees: Hardwood (TH)", "dod_txt": "Trees uprooted", "efscale": "EF1", "damage_dir": "N/A", "windspeed": "94", "injuries": 0, "deaths": 0, "lat": 38.6422, "lon": -90.2757, "office": "LSX", "image": " ", "qc": "Y", "dod": 3, "surveytype": "0", "comments": "A few trees uprooted in this area per hi-res satellite imagery. Felled east-northeastward.", "image_full": " "}, "geometry": {"type": "Point", "coordinates": [-90.275677839061, 38.642169442166]}}, {"id": "290", "type": "Feature", "properties": {"OBJECTID": 291, "Id": 0, "stormdate": 1747353600000, "stormtime": "1939 UTC", "surveydate": 1748476800000, "surveytime": "1332 UTC", "event_id": " ", "damage": 27, "damage_txt": "Trees: Hardwood (TH)", "dod_txt": "Trunks snapped", "efscale": "TSTM/Wind", "damage_dir": "S/180", "windspeed": "100", "injuries": 0, "deaths": 0, "lat": 38.6341, "lon": -90.3322, "office": "LSX", "image": " ", "qc": "Y", "dod": 4, "surveytype": "0", "comments": "Tree snapped at base, felled to the south per hi-res satellite imagery.", "image_full": " "}, "geometry": {"type": "Point", "coordinates": [-90.3322020678711, 38.6341127433085]}}, {"id": "291", "type": "Feature", "properties": {"OBJECTID": 292, "Id": 0, "stormdate": 1747353600000, "stormtime": "1940 UTC", "surveydate": 1748390400000, "surveytime": "1650 UTC", "event_id": " ", "damage": 27, "damage_txt": "Trees: Hardwood (TH)", "dod_txt": "Trees uprooted", "efscale": "TSTM/Wind", "damage_dir": "SSE/150", "windspeed": "94", "injuries": 0, "deaths": 0, "lat": 38.6428, "lon": -90.3504, "office": "LSX", "image": " ", "qc": "Y", "dod": 3, "surveytype": "0", "comments": "Possible tree uprooted or snapped here per hi-res satellite imagery.", "image_full": " "}, "geometry": {"type": "Point", "coordinates": [-90.3504128716567, 38.6427737883796]}}, {"id": "292", "type": "Feature", "properties": {"OBJECTID": 293, "Id": 0, "stormdate": 1747353600000, "stormtime": "1929 UTC", "surveydate": 1747440000000, "surveytime": "1929 UTC", "event_id": "0", "damage": 27, "damage_txt": "Trees: Hardwood (TH)", "dod_txt": "Trunks snapped", "efscale": "EF1", "damage_dir": "N/A", "windspeed": "107", "injuries": 0, "deaths": 0, "lat": 38.6568, "lon": -90.2518, "office": "LSX", "image": "0", "qc": "Y", "dod": 4, "surveytype": "0", "comments": "0", "image_full": "https://services.dat.noaa.gov/arcgis/rest/services/nws_damageassessmenttoolkit/DamageViewer/MapServer/0/4480182/attachments/2625874"}, "geometry": {"type": "Point", "coordinates": [-90.2517660844373, 38.6567564196731]}}, {"id": "293", "type": "Feature", "properties": {"OBJECTID": 294, "Id": 0, "stormdate": 1747353600000, "stormtime": "1943 UTC", "surveydate": 1754438400000, "surveytime": "1038 UTC", "event_id": " ", "damage": 2, "damage_txt": "One- or Two-Family Residences (FR12)", "dod_txt": "Loss of roof covering material (<20%), gutters and/or awning; loss of vinyl or metal siding", "efscale": "EF0", "damage_dir": "N/A", "windspeed": "79", "injuries": 0, "deaths": 0, "lat": 38.6581, "lon": -90.2663, "office": "LSX", "image": " ", "qc": "Y", "dod": 2, "surveytype": "0", "comments": " ", "image_full": " "}, "geometry": {"type": "Point", "coordinates": [-90.2662911400241, 38.6581030096463]}}, {"id": "294", "type": "Feature", "properties": {"OBJECTID": 295, "Id": 0, "stormdate": 1747353600000, "stormtime": "1943 UTC", "surveydate": 1761523200000, "surveytime": "1040 UTC", "event_id": " ", "damage": 2, "damage_txt": "One- or Two-Family Residences (FR12)", "dod_txt": "Loss of roof covering material (<20%), gutters and/or awning; loss of vinyl or metal siding", "efscale": "EF0", "damage_dir": "N/A", "windspeed": "79", "injuries": 0, "deaths": 0, "lat": 38.6666, "lon": -90.2535, "office": "LSX", "image": " ", "qc": "Y", "dod": 2, "surveytype": "0", "comments": " ", "image_full": " "}, "geometry": {"type": "Point", "coordinates": [-90.253527734917, 38.6665503317325]}}, {"id": "295", "type": "Feature", "properties": {"OBJECTID": 296, "Id": 0, "stormdate": 1747353600000, "stormtime": "1943 UTC", "surveydate": 1761523200000, "surveytime": "1040 UTC", "event_id": " ", "damage": 2, "damage_txt": "One- or Two-Family Residences (FR12)", "dod_txt": "Loss of roof covering material (<20%), gutters and/or awning; loss of vinyl or metal siding", "efscale": "EF0", "damage_dir": "N/A", "windspeed": "79", "injuries": 0, "deaths": 0, "lat": 38.6666, "lon": -90.2535, "office": "LSX", "image": " ", "qc": "Y", "dod": 2, "surveytype": "0", "comments": " ", "image_full": " "}, "geometry": {"type": "Point", "coordinates": [-90.253527734917, 38.6665503317325]}}, {"id": "296", "type": "Feature", "properties": {"OBJECTID": 297, "Id": 0, "stormdate": 1747353600000, "stormtime": "1943 UTC", "surveydate": 1748822400000, "surveytime": "1654 UTC", "event_id": " ", "damage": 17, "damage_txt": "Low-Rise Building [1-4 Stories] (LRB)", "dod_txt": "Uplift of metal roof decking at eaves and roof corners; significant loss of roofing material (>20%)", "efscale": "EF1", "damage_dir": "N/A", "windspeed": "101", "injuries": 0, "deaths": 0, "lat": 38.6477, "lon": -90.2786, "office": "LSX", "image": " ", "qc": "Y", "dod": 3, "surveytype": "0", "comments": " ", "image_full": " "}, "geometry": {"type": "Point", "coordinates": [-90.2785781013982, 38.6477178859717]}}, {"id": "297", "type": "Feature", "properties": {"OBJECTID": 298, "Id": 0, "stormdate": 1747353600000, "stormtime": "1942 UTC", "surveydate": 1748822400000, "surveytime": "1823 UTC", "event_id": " ", "damage": 2, "damage_txt": "One- or Two-Family Residences (FR12)", "dod_txt": "Threshold of visible damage", "efscale": "EF0", "damage_dir": "N/A", "windspeed": "65", "injuries": 0, "deaths": 0, "lat": 38.6491, "lon": -90.2937, "office": "LSX", "image": " ", "qc": "Y", "dod": 1, "surveytype": "0", "comments": " ", "image_full": " "}, "geometry": {"type": "Point", "coordinates": [-90.2936545547139, 38.6490881640876]}}, {"id": "298", "type": "Feature", "properties": {"OBJECTID": 299, "Id": 0, "stormdate": 1747353600000, "stormtime": "1939 UTC", "surveydate": 1748476800000, "surveytime": "1456 UTC", "event_id": " ", "damage": 27, "damage_txt": "Trees: Hardwood (TH)", "dod_txt": "Trees uprooted", "efscale": "TSTM/Wind", "damage_dir": "E/90", "windspeed": "94", "injuries": 0, "deaths": 0, "lat": 38.6464, "lon": -90.3665, "office": "LSX", "image": " ", "qc": "Y", "dod": 3, "surveytype": "0", "comments": "Large tree uprooted and felled eastward per hi-res satellite imagery.", "image_full": " "}, "geometry": {"type": "Point", "coordinates": [-90.3665460859331, 38.6463951945826]}}, {"id": "299", "type": "Feature", "properties": {"OBJECTID": 300, "Id": 0, "stormdate": 1747353600000, "stormtime": "2004 UTC", "surveydate": 1747526400000, "surveytime": "1639 UTC", "event_id": "0", "damage": 27, "damage_txt": "Trees: Hardwood (TH)", "dod_txt": "Large branches broken (1-3 inch diameter)", "efscale": "EF0", "damage_dir": "N/A", "windspeed": "74", "injuries": 0, "deaths": 0, "lat": 38.7884, "lon": -89.9938, "office": "LSX", "image": "0", "qc": "Y", "dod": 2, "surveytype": "0", "comments": "0", "image_full": "https://services.dat.noaa.gov/arcgis/rest/services/nws_damageassessmenttoolkit/DamageViewer/MapServer/0/4480452/attachments/2626147"}, "geometry": {"type": "Point", "coordinates": [-89.9938443293523, 38.7883506515614]}}, {"id": "300", "type": "Feature", "properties": {"OBJECTID": 301, "Id": 0, "stormdate": 1747353600000, "stormtime": "1940 UTC", "surveydate": 1748390400000, "surveytime": "1910 UTC", "event_id": " ", "damage": 27, "damage_txt": "Trees: Hardwood (TH)", "dod_txt": "Trunks snapped", "efscale": "TSTM/Wind", "damage_dir": "SE/135", "windspeed": "93", "injuries": 0, "deaths": 0, "lat": 38.6373, "lon": -90.3191, "office": "LSX", "image": " ", "qc": "Y", "dod": 4, "surveytype": "0", "comments": "Tree snapped near base and blown southeastward per hi-res satellite imagery.", "image_full": " "}, "geometry": {"type": "Point", "coordinates": [-90.3191011247171, 38.6373217006361]}}, {"id": "301", "type": "Feature", "properties": {"OBJECTID": 302, "Id": 0, "stormdate": 1747353600000, "stormtime": "1939 UTC", "surveydate": 1748390400000, "surveytime": "1745 UTC", "event_id": " ", "damage": 27, "damage_txt": "Trees: Hardwood (TH)", "dod_txt": "Trees uprooted", "efscale": "EF1", "damage_dir": "N/A", "windspeed": "94", "injuries": 0, "deaths": 0, "lat": 38.6418, "lon": -90.3353, "office": "LSX", "image": " ", "qc": "Y", "dod": 3, "surveytype": "0", "comments": "Large tree uprooted and felled eastward per hi-res satellite imagery.", "image_full": " "}, "geometry": {"type": "Point", "coordinates": [-90.3353233538896, 38.6418257923265]}}, {"id": "302", "type": "Feature", "properties": {"OBJECTID": 303, "Id": 0, "stormdate": 1747353600000, "stormtime": "1956 UTC", "surveydate": 1747526400000, "surveytime": "1454 UTC", "event_id": "0", "damage": 9, "damage_txt": "Small Professional Building [Doctor's Office, Branch Banks] (SPB)", "dod_txt": "Uplift of roof decking; significant loss of roof covering (>20%); loss of rooftop HVAC equipment", "efscale": "EF1", "damage_dir": "N/A", "windspeed": "100", "injuries": 0, "deaths": 0, "lat": 38.7293, "lon": -90.1014, "office": "LSX", "image": "0", "qc": "Y", "dod": 5, "surveytype": "0", "comments": "0", "image_full": "https://services.dat.noaa.gov/arcgis/rest/services/nws_damageassessmenttoolkit/DamageViewer/MapServer/0/4480371/attachments/2626104"}, "geometry": {"type": "Point", "coordinates": [-90.1014392342332, 38.7293248973262]}}, {"id": "303", "type": "Feature", "properties": {"OBJECTID": 304, "Id": 0, "stormdate": 1747353600000, "stormtime": "1941 UTC", "surveydate": 1748476800000, "surveytime": "1923 UTC", "event_id": " ", "damage": 2, "damage_txt": "One- or Two-Family Residences (FR12)", "dod_txt": "Loss of roof covering material (<20%), gutters and/or awning; loss of vinyl or metal siding", "efscale": "EF0", "damage_dir": "N/A", "windspeed": "85", "injuries": 0, "deaths": 0, "lat": 38.6405, "lon": -90.3049, "office": "LSX", "image": " ", "qc": "Y", "dod": 2, "surveytype": "0", "comments": "Roof damage per hi-res satellite imagery.", "image_full": " "}, "geometry": {"type": "Point", "coordinates": [-90.30485840679, 38.640460293208]}}, {"id": "304", "type": "Feature", "properties": {"OBJECTID": 305, "Id": 0, "stormdate": 1747353600000, "stormtime": "1940 UTC", "surveydate": 1748390400000, "surveytime": "1906 UTC", "event_id": " ", "damage": 27, "damage_txt": "Trees: Hardwood (TH)", "dod_txt": "Trees uprooted", "efscale": "EF1", "damage_dir": "ESE/120", "windspeed": "94", "injuries": 0, "deaths": 0, "lat": 38.6392, "lon": -90.3178, "office": "LSX", "image": " ", "qc": "Y", "dod": 3, "surveytype": "0", "comments": "Several trees uprooted here and felled to the east per hi-res satellite imagery.", "image_full": " "}, "geometry": {"type": "Point", "coordinates": [-90.3178398156549, 38.6391894684193]}}, {"id": "305", "type": "Feature", "properties": {"OBJECTID": 306, "Id": 0, "stormdate": 1747353600000, "stormtime": "1941 UTC", "surveydate": 1748736000000, "surveytime": "1506 UTC", "event_id": " ", "damage": 27, "damage_txt": "Trees: Hardwood (TH)", "dod_txt": "Large branches broken (1-3 inch diameter)", "efscale": "EF0", "damage_dir": "N/A", "windspeed": "74", "injuries": 0, "deaths": 0, "lat": 38.6455, "lon": -90.3058, "office": "LSX", "image": " ", "qc": "Y", "dod": 2, "surveytype": "0", "comments": " ", "image_full": " "}, "geometry": {"type": "Point", "coordinates": [-90.3058451348451, 38.6455046822953]}}, {"id": "306", "type": "Feature", "properties": {"OBJECTID": 307, "Id": 0, "stormdate": 1747353600000, "stormtime": "1943 UTC", "surveydate": 1754438400000, "surveytime": "1038 UTC", "event_id": " ", "damage": 2, "damage_txt": "One- or Two-Family Residences (FR12)", "dod_txt": "Loss of roof covering material (<20%), gutters and/or awning; loss of vinyl or metal siding", "efscale": "EF0", "damage_dir": "N/A", "windspeed": "79", "injuries": 0, "deaths": 0, "lat": 38.6581, "lon": -90.2663, "office": "LSX", "image": " ", "qc": "Y", "dod": 2, "surveytype": "0", "comments": " ", "image_full": " "}, "geometry": {"type": "Point", "coordinates": [-90.2662911400241, 38.6581030096463]}}, {"id": "307", "type": "Feature", "properties": {"OBJECTID": 308, "Id": 0, "stormdate": 1747353600000, "stormtime": "1944 UTC", "surveydate": 1747440000000, "surveytime": "1842 UTC", "event_id": "0", "damage": 27, "damage_txt": "Trees: Hardwood (TH)", "dod_txt": "Trunks snapped", "efscale": "EF1", "damage_dir": "N/A", "windspeed": "107", "injuries": 0, "deaths": 0, "lat": 38.6659, "lon": -90.2514, "office": "LSX", "image": "0", "qc": "Y", "dod": 4, "surveytype": "0", "comments": "0", "image_full": "https://services.dat.noaa.gov/arcgis/rest/services/nws_damageassessmenttoolkit/DamageViewer/MapServer/0/4480049/attachments/2625321"}, "geometry": {"type": "Point", "coordinates": [-90.251421955259, 38.6658832506115]}}, {"id": "308", "type": "Feature", "properties": {"OBJECTID": 309, "Id": 0, "stormdate": 1747353600000, "stormtime": "1940 UTC", "surveydate": 1748476800000, "surveytime": "1724 UTC", "event_id": " ", "damage": 27, "damage_txt": "Trees: Hardwood (TH)", "dod_txt": "Trunks snapped", "efscale": "EF1", "damage_dir": "N/A", "windspeed": "107", "injuries": 0, "deaths": 0, "lat": 38.6404, "lon": -90.3148, "office": "LSX", "image": " ", "qc": "Y", "dod": 4, "surveytype": "0", "comments": "Large tree snapped and felled northeastward per hi-res satellite imagery.", "image_full": " "}, "geometry": {"type": "Point", "coordinates": [-90.3148165692293, 38.6404316803778]}}, {"id": "309", "type": "Feature", "properties": {"OBJECTID": 310, "Id": 0, "stormdate": 1747353600000, "stormtime": "1943 UTC", "surveydate": 1754438400000, "surveytime": "1038 UTC", "event_id": " ", "damage": 2, "damage_txt": "One- or Two-Family Residences (FR12)", "dod_txt": "Loss of roof covering material (<20%), gutters and/or awning; loss of vinyl or metal siding", "efscale": "EF0", "damage_dir": "N/A", "windspeed": "79", "injuries": 0, "deaths": 0, "lat": 38.6581, "lon": -90.2663, "office": "LSX", "image": " ", "qc": "Y", "dod": 2, "surveytype": "0", "comments": " ", "image_full": " "}, "geometry": {"type": "Point", "coordinates": [-90.2662911400241, 38.6581030096463]}}, {"id": "310", "type": "Feature", "properties": {"OBJECTID": 311, "Id": 0, "stormdate": 1747353600000, "stormtime": "1941 UTC", "surveydate": 1748736000000, "surveytime": "1424 UTC", "event_id": " ", "damage": 27, "damage_txt": "Trees: Hardwood (TH)", "dod_txt": "Trunks snapped", "efscale": "EF1", "damage_dir": "N/A", "windspeed": "100", "injuries": 0, "deaths": 0, "lat": 38.6438, "lon": -90.3041, "office": "LSX", "image": " ", "qc": "Y", "dod": 4, "surveytype": "0", "comments": "Several trees snapped in this area per hi-res satellite imagery.", "image_full": " "}, "geometry": {"type": "Point", "coordinates": [-90.3041497158367, 38.6437883198751]}}, {"id": "311", "type": "Feature", "properties": {"OBJECTID": 312, "Id": 0, "stormdate": 1747353600000, "stormtime": "1942 UTC", "surveydate": 1747440000000, "surveytime": "2058 UTC", "event_id": "0", "damage": 27, "damage_txt": "Trees: Hardwood (TH)", "dod_txt": "Large branches broken (1-3 inch diameter)", "efscale": "TSTM/Wind", "damage_dir": "N/A", "windspeed": "85", "injuries": 0, "deaths": 0, "lat": 38.6338, "lon": -90.2901, "office": "LSX", "image": "0", "qc": "Y", "dod": 2, "surveytype": "0", "comments": "0", "image_full": "https://services.dat.noaa.gov/arcgis/rest/services/nws_damageassessmenttoolkit/DamageViewer/MapServer/0/4480214/attachments/2625907"}, "geometry": {"type": "Point", "coordinates": [-90.2901093867388, 38.6338029052799]}}, {"id": "312", "type": "Feature", "properties": {"OBJECTID": 313, "Id": 0, "stormdate": 1747353600000, "stormtime": "1940 UTC", "surveydate": 1748390400000, "surveytime": "1851 UTC", "event_id": " ", "damage": 27, "damage_txt": "Trees: Hardwood (TH)", "dod_txt": "Trunks snapped", "efscale": "EF1", "damage_dir": "E/90", "windspeed": "107", "injuries": 0, "deaths": 0, "lat": 38.6405, "lon": -90.3221, "office": "LSX", "image": " ", "qc": "Y", "dod": 4, "surveytype": "0", "comments": "Several trees snapped or uprooted in this area per hi-res satellite imagery.", "image_full": " "}, "geometry": {"type": "Point", "coordinates": [-90.3221450312681, 38.6404646621145]}}, {"id": "313", "type": "Feature", "properties": {"OBJECTID": 314, "Id": 0, "stormdate": 1747353600000, "stormtime": "1941 UTC", "surveydate": 1748736000000, "surveytime": "1414 UTC", "event_id": " ", "damage": 2, "damage_txt": "One- or Two-Family Residences (FR12)", "dod_txt": "Uplift of roof deck and loss of significant roof covering material (>20%); collapse of chimney; garage doors collapse inward; failure of porch or carport", "efscale": "EF1", "damage_dir": "N/A", "windspeed": "95", "injuries": 0, "deaths": 0, "lat": 38.6421, "lon": -90.3061, "office": "LSX", "image": " ", "qc": "Y", "dod": 4, "surveytype": "0", "comments": "Several trees uprooted at this property, roof damage per hi-res satellite imagery.", "image_full": " "}, "geometry": {"type": "Point", "coordinates": [-90.3061399146253, 38.6421024111973]}}, {"id": "314", "type": "Feature", "properties": {"OBJECTID": 315, "Id": 0, "stormdate": 1747353600000, "stormtime": "1942 UTC", "surveydate": 1748822400000, "surveytime": "1953 UTC", "event_id": " ", "damage": 2, "damage_txt": "One- or Two-Family Residences (FR12)", "dod_txt": "Uplift of roof deck and loss of significant roof covering material (>20%); collapse of chimney; garage doors collapse inward; failure of porch or carport", "efscale": "EF1", "damage_dir": "N/A", "windspeed": "100", "injuries": 0, "deaths": 0, "lat": 38.6472, "lon": -90.2917, "office": "LSX", "image": " ", "qc": "Y", "dod": 4, "surveytype": "0", "comments": " ", "image_full": " "}, "geometry": {"type": "Point", "coordinates": [-90.2917046446536, 38.6471636517812]}}, {"id": "315", "type": "Feature", "properties": {"OBJECTID": 316, "Id": 0, "stormdate": 1747353600000, "stormtime": "1943 UTC", "surveydate": 1761523200000, "surveytime": "1040 UTC", "event_id": " ", "damage": 2, "damage_txt": "One- or Two-Family Residences (FR12)", "dod_txt": "Loss of roof covering material (<20%), gutters and/or awning; loss of vinyl or metal siding", "efscale": "EF0", "damage_dir": "N/A", "windspeed": "79", "injuries": 0, "deaths": 0, "lat": 38.6666, "lon": -90.2535, "office": "LSX", "image": " ", "qc": "Y", "dod": 2, "surveytype": "0", "comments": " ", "image_full": " "}, "geometry": {"type": "Point", "coordinates": [-90.253527734917, 38.6665503317325]}}, {"id": "316", "type": "Feature", "properties": {"OBJECTID": 317, "Id": 0, "stormdate": 1747353600000, "stormtime": "1943 UTC", "surveydate": 1747440000000, "surveytime": "1400 UTC", "event_id": "0", "damage": 2, "damage_txt": "One- or Two-Family Residences (FR12)", "dod_txt": "Loss of roof covering material (<20%), gutters and/or awning; loss of vinyl or metal siding", "efscale": "EF1", "damage_dir": "N/A", "windspeed": "90", "injuries": 0, "deaths": 0, "lat": 38.6527, "lon": -90.2616, "office": "LSX", "image": "0", "qc": "Y", "dod": 2, "surveytype": "0", "comments": "0", "image_full": "https://services.dat.noaa.gov/arcgis/rest/services/nws_damageassessmenttoolkit/DamageViewer/MapServer/0/4479829/attachments/2625061"}, "geometry": {"type": "Point", "coordinates": [-90.2615557678843, 38.652719675073]}}, {"id": "317", "type": "Feature", "properties": {"OBJECTID": 318, "Id": 0, "stormdate": 1747353600000, "stormtime": "1942 UTC", "surveydate": 1748476800000, "surveytime": "1911 UTC", "event_id": " ", "damage": 5, "damage_txt": "Apartments, Condos, Townhouses [3 stories or less] (ACT)", "dod_txt": "Uplift of roof decking; significant loss of roof covering (>20%)", "efscale": "TSTM/Wind", "damage_dir": "N/0", "windspeed": "107", "injuries": 0, "deaths": 0, "lat": 38.638, "lon": -90.3066, "office": "LSX", "image": " ", "qc": "Y", "dod": 3, "surveytype": "0", "comments": "Significant roof damage per hi-res satellite imagery.", "image_full": " "}, "geometry": {"type": "Point", "coordinates": [-90.3066337287635, 38.6379754879785]}}, {"id": "318", "type": "Feature", "properties": {"OBJECTID": 319, "Id": 0, "stormdate": 1747353600000, "stormtime": "1940 UTC", "surveydate": 1748476800000, "surveytime": "1805 UTC", "event_id": " ", "damage": 2, "damage_txt": "One- or Two-Family Residences (FR12)", "dod_txt": "Loss of roof covering material (<20%), gutters and/or awning; loss of vinyl or metal siding", "efscale": "EF1", "damage_dir": "N/A", "windspeed": "90", "injuries": 0, "deaths": 0, "lat": 38.6414, "lon": -90.3095, "office": "LSX", "image": " ", "qc": "Y", "dod": 2, "surveytype": "0", "comments": "Roof damage per hi-res satellite imagery.", "image_full": " "}, "geometry": {"type": "Point", "coordinates": [-90.3094867236334, 38.6413882658558]}}, {"id": "319", "type": "Feature", "properties": {"OBJECTID": 320, "Id": 0, "stormdate": 1747353600000, "stormtime": "1943 UTC", "surveydate": 1754438400000, "surveytime": "1038 UTC", "event_id": " ", "damage": 2, "damage_txt": "One- or Two-Family Residences (FR12)", "dod_txt": "Loss of roof covering material (<20%), gutters and/or awning; loss of vinyl or metal siding", "efscale": "EF0", "damage_dir": "N/A", "windspeed": "79", "injuries": 0, "deaths": 0, "lat": 38.6581, "lon": -90.2663, "office": "LSX", "image": " ", "qc": "Y", "dod": 2, "surveytype": "0", "comments": " ", "image_full": " "}, "geometry": {"type": "Point", "coordinates": [-90.2662911400241, 38.6581030096463]}}, {"id": "320", "type": "Feature", "properties": {"OBJECTID": 321, "Id": 0, "stormdate": 1747353600000, "stormtime": "1939 UTC", "surveydate": 1748390400000, "surveytime": "1800 UTC", "event_id": " ", "damage": 5, "damage_txt": "Apartments, Condos, Townhouses [3 stories or less] (ACT)", "dod_txt": "Loss of roof covering (<20%)", "efscale": "EF1", "damage_dir": "N/A", "windspeed": "99", "injuries": 0, "deaths": 0, "lat": 38.6416, "lon": -90.3311, "office": "LSX", "image": " ", "qc": "Y", "dod": 2, "surveytype": "0", "comments": "Multiple sections of shingles missing on south-facing portion of roof per hi-res satellite imagery.", "image_full": " "}, "geometry": {"type": "Point", "coordinates": [-90.3310885515953, 38.6416210661593]}}, {"id": "321", "type": "Feature", "properties": {"OBJECTID": 322, "Id": 0, "stormdate": 1747353600000, "stormtime": "1940 UTC", "surveydate": 1748390400000, "surveytime": "1832 UTC", "event_id": " ", "damage": 27, "damage_txt": "Trees: Hardwood (TH)", "dod_txt": "Large branches broken (1-3 inch diameter)", "efscale": "EF1", "damage_dir": "NE/45", "windspeed": "88", "injuries": 0, "deaths": 0, "lat": 38.6412, "lon": -90.326, "office": "LSX", "image": " ", "qc": "Y", "dod": 2, "surveytype": "0", "comments": "Large branches, possibly a tree, snapped and felled to the northeast per hi-res satellite imagery.", "image_full": " "}, "geometry": {"type": "Point", "coordinates": [-90.3260385930066, 38.6411785358608]}}, {"id": "322", "type": "Feature", "properties": {"OBJECTID": 323, "Id": 0, "stormdate": 1747353600000, "stormtime": "1944 UTC", "surveydate": 1747440000000, "surveytime": "1820 UTC", "event_id": "0", "damage": 2, "damage_txt": "One- or Two-Family Residences (FR12)", "dod_txt": "Large sections of roof structure removed; most walls remain standing", "efscale": "EF1", "damage_dir": "N/A", "windspeed": "104", "injuries": 0, "deaths": 0, "lat": 38.6678, "lon": -90.2507, "office": "LSX", "image": "0", "qc": "Y", "dod": 6, "surveytype": "0", "comments": "House had been abandoned since sometime between 2016 and 2019 per Google Street View imagery, large hole in roof appeared after 2016, and chimney had been collapsed since 2023-2024. Given these factors and the condition of surrounding houses and trees, t", "image_full": "https://services.dat.noaa.gov/arcgis/rest/services/nws_damageassessmenttoolkit/DamageViewer/MapServer/0/4479994/attachments/2625258"}, "geometry": {"type": "Point", "coordinates": [-90.2507206270553, 38.6678059184085]}}, {"id": "323", "type": "Feature", "properties": {"OBJECTID": 324, "Id": 0, "stormdate": 1747353600000, "stormtime": "1942 UTC", "surveydate": 1748736000000, "surveytime": "1714 UTC", "event_id": " ", "damage": 27, "damage_txt": "Trees: Hardwood (TH)", "dod_txt": "Trees uprooted", "efscale": "TSTM/Wind", "damage_dir": "SE/135", "windspeed": "94", "injuries": 0, "deaths": 0, "lat": 38.6336, "lon": -90.304, "office": "LSX", "image": " ", "qc": "Y", "dod": 3, "surveytype": "0", "comments": "Felled southeastward.", "image_full": " "}, "geometry": {"type": "Point", "coordinates": [-90.3040010659964, 38.6336473342571]}}, {"id": "324", "type": "Feature", "properties": {"OBJECTID": 325, "Id": 0, "stormdate": 1747353600000, "stormtime": "1941 UTC", "surveydate": 1748736000000, "surveytime": "1405 UTC", "event_id": " ", "damage": 2, "damage_txt": "One- or Two-Family Residences (FR12)", "dod_txt": "Loss of roof covering material (<20%), gutters and/or awning; loss of vinyl or metal siding", "efscale": "EF1", "damage_dir": "N/A", "windspeed": "90", "injuries": 0, "deaths": 0, "lat": 38.6442, "lon": -90.3052, "office": "LSX", "image": " ", "qc": "Y", "dod": 2, "surveytype": "0", "comments": "Large branches snapped at this property, roof damage per hi-res satellite imagery.", "image_full": " "}, "geometry": {"type": "Point", "coordinates": [-90.3051823093161, 38.6441899148327]}}, {"id": "325", "type": "Feature", "properties": {"OBJECTID": 326, "Id": 0, "stormdate": 1747353600000, "stormtime": "1941 UTC", "surveydate": 1748736000000, "surveytime": "1529 UTC", "event_id": " ", "damage": 27, "damage_txt": "Trees: Hardwood (TH)", "dod_txt": "Trunks snapped", "efscale": "EF1", "damage_dir": "N/A", "windspeed": "93", "injuries": 0, "deaths": 0, "lat": 38.6476, "lon": -90.3032, "office": "LSX", "image": " ", "qc": "Y", "dod": 4, "surveytype": "0", "comments": " ", "image_full": " "}, "geometry": {"type": "Point", "coordinates": [-90.3031780918954, 38.64760764078]}}, {"id": "326", "type": "Feature", "properties": {"OBJECTID": 327, "Id": 0, "stormdate": 1747353600000, "stormtime": "1943 UTC", "surveydate": 1748822400000, "surveytime": "1654 UTC", "event_id": " ", "damage": 5, "damage_txt": "Apartments, Condos, Townhouses [3 stories or less] (ACT)", "dod_txt": "Uplift of roof decking; significant loss of roof covering (>20%)", "efscale": "EF2", "damage_dir": "N/A", "windspeed": "124", "injuries": 0, "deaths": 0, "lat": 38.6477, "lon": -90.2784, "office": "LSX", "image": " ", "qc": "Y", "dod": 3, "surveytype": "0", "comments": " ", "image_full": " "}, "geometry": {"type": "Point", "coordinates": [-90.2783789474304, 38.6476896058907]}}, {"id": "327", "type": "Feature", "properties": {"OBJECTID": 328, "Id": 0, "stormdate": 1747353600000, "stormtime": "1942 UTC", "surveydate": 1748822400000, "surveytime": "1523 UTC", "event_id": " ", "damage": 27, "damage_txt": "Trees: Hardwood (TH)", "dod_txt": "Trunks snapped", "efscale": "EF1", "damage_dir": "N/A", "windspeed": "93", "injuries": 0, "deaths": 0, "lat": 38.6407, "lon": -90.2823, "office": "LSX", "image": " ", "qc": "Y", "dod": 4, "surveytype": "0", "comments": "A few small trees snapped in this area per hi-res satellite imagery.", "image_full": " "}, "geometry": {"type": "Point", "coordinates": [-90.2823082599182, 38.6407113281653]}}, {"id": "328", "type": "Feature", "properties": {"OBJECTID": 329, "Id": 0, "stormdate": 1747353600000, "stormtime": "1944 UTC", "surveydate": 1747440000000, "surveytime": "1442 UTC", "event_id": "0", "damage": 2, "damage_txt": "One- or Two-Family Residences (FR12)", "dod_txt": "Exterior walls collapsed", "efscale": "EF2", "damage_dir": "N/A", "windspeed": "122", "injuries": 0, "deaths": 0, "lat": 38.6678, "lon": -90.2483, "office": "LSX", "image": "0", "qc": "Y", "dod": 7, "surveytype": "0", "comments": "House has been abandoned since at least sometime between 2011 and 2014, and was gradually deteriorating. Given how the structure collapsed and surrounding structures, went with lower rating.", "image_full": "https://services.dat.noaa.gov/arcgis/rest/services/nws_damageassessmenttoolkit/DamageViewer/MapServer/0/4465814/attachments/2613525"}, "geometry": {"type": "Point", "coordinates": [-90.2482679330187, 38.667824359007]}}, {"id": "329", "type": "Feature", "properties": {"OBJECTID": 330, "Id": 0, "stormdate": 1747353600000, "stormtime": "1939 UTC", "surveydate": 1748390400000, "surveytime": "1508 UTC", "event_id": " ", "damage": 5, "damage_txt": "Apartments, Condos, Townhouses [3 stories or less] (ACT)", "dod_txt": "Uplift of roof decking; significant loss of roof covering (>20%)", "efscale": "EF2", "damage_dir": "N/A", "windspeed": "124", "injuries": 0, "deaths": 0, "lat": 38.6433, "lon": -90.343, "office": "LSX", "image": " ", "qc": "Y", "dod": 3, "surveytype": "0", "comments": "Majority of roof covering, portion of roof decking removed per hi-res satellite imagery.", "image_full": " "}, "geometry": {"type": "Point", "coordinates": [-90.3429808589794, 38.6433307457174]}}, {"id": "330", "type": "Feature", "properties": {"OBJECTID": 331, "Id": 0, "stormdate": 1747353600000, "stormtime": "1946 UTC", "surveydate": 1747440000000, "surveytime": "1618 UTC", "event_id": "0", "damage": 2, "damage_txt": "One- or Two-Family Residences (FR12)", "dod_txt": "Uplift of roof deck and loss of significant roof covering material (>20%); collapse of chimney; garage doors collapse inward; failure of porch or carport", "efscale": "EF1", "damage_dir": "N/A", "windspeed": "110", "injuries": 0, "deaths": 0, "lat": 38.6729, "lon": -90.222, "office": "LSX", "image": "0", "qc": "Y", "dod": 4, "surveytype": "0", "comments": "0", "image_full": "https://services.dat.noaa.gov/arcgis/rest/services/nws_damageassessmenttoolkit/DamageViewer/MapServer/0/4479922/attachments/2625163"}, "geometry": {"type": "Point", "coordinates": [-90.2219861518394, 38.6729067768263]}}, {"id": "331", "type": "Feature", "properties": {"OBJECTID": 332, "Id": 0, "stormdate": 1747353600000, "stormtime": "1930 UTC", "surveydate": 1748476800000, "surveytime": "1650 UTC", "event_id": " ", "damage": 27, "damage_txt": "Trees: Hardwood (TH)", "dod_txt": "Trees uprooted", "efscale": "TSTM/Wind", "damage_dir": "ESE/120", "windspeed": "94", "injuries": 0, "deaths": 0, "lat": 38.652, "lon": -90.3132, "office": "LSX", "image": " ", "qc": "Y", "dod": 3, "surveytype": "0", "comments": "Tree uprooted, felled southeastward per hi-res satellite imagery.", "image_full": " "}, "geometry": {"type": "Point", "coordinates": [-90.3131514960447, 38.6520172416025]}}, {"id": "332", "type": "Feature", "properties": {"OBJECTID": 333, "Id": 0, "stormdate": 1747353600000, "stormtime": "1939 UTC", "surveydate": 1747440000000, "surveytime": "2211 UTC", "event_id": "0", "damage": 27, "damage_txt": "Trees: Hardwood (TH)", "dod_txt": "Trees uprooted", "efscale": "TSTM/Wind", "damage_dir": "N/A", "windspeed": "85", "injuries": 0, "deaths": 0, "lat": 38.636, "lon": -90.3331, "office": "LSX", "image": "0", "qc": "Y", "dod": 3, "surveytype": "0", "comments": "Tree fell southward.", "image_full": "https://services.dat.noaa.gov/arcgis/rest/services/nws_damageassessmenttoolkit/DamageViewer/MapServer/0/4480256/attachments/2625943"}, "geometry": {"type": "Point", "coordinates": [-90.3330886456245, 38.6359938588296]}}, {"id": "333", "type": "Feature", "properties": {"OBJECTID": 334, "Id": 0, "stormdate": 1747353600000, "stormtime": "1941 UTC", "surveydate": 1748736000000, "surveytime": "1434 UTC", "event_id": " ", "damage": 2, "damage_txt": "One- or Two-Family Residences (FR12)", "dod_txt": "Uplift of roof deck and loss of significant roof covering material (>20%); collapse of chimney; garage doors collapse inward; failure of porch or carport", "efscale": "EF1", "damage_dir": "N/A", "windspeed": "90", "injuries": 0, "deaths": 0, "lat": 38.6422, "lon": -90.3046, "office": "LSX", "image": " ", "qc": "Y", "dod": 4, "surveytype": "0", "comments": "Several trees uprooted at this property, roof damage per hi-res satellite imagery.", "image_full": " "}, "geometry": {"type": "Point", "coordinates": [-90.3045603426856, 38.6422201441444]}}, {"id": "334", "type": "Feature", "properties": {"OBJECTID": 335, "Id": 0, "stormdate": 1747353600000, "stormtime": "1941 UTC", "surveydate": 1748476800000, "surveytime": "1926 UTC", "event_id": " ", "damage": 2, "damage_txt": "One- or Two-Family Residences (FR12)", "dod_txt": "Uplift of roof deck and loss of significant roof covering material (>20%); collapse of chimney; garage doors collapse inward; failure of porch or carport", "efscale": "EF1", "damage_dir": "N/A", "windspeed": "97", "injuries": 0, "deaths": 0, "lat": 38.6411, "lon": -90.3062, "office": "LSX", "image": " ", "qc": "Y", "dod": 4, "surveytype": "0", "comments": "Significant roof damage per hi-res satellite imagery.", "image_full": " "}, "geometry": {"type": "Point", "coordinates": [-90.3062055462489, 38.6410615610422]}}, {"id": "335", "type": "Feature", "properties": {"OBJECTID": 336, "Id": 0, "stormdate": 1747353600000, "stormtime": "1942 UTC", "surveydate": 1748476800000, "surveytime": "1916 UTC", "event_id": " ", "damage": 27, "damage_txt": "Trees: Hardwood (TH)", "dod_txt": "Trees uprooted", "efscale": "TSTM/Wind", "damage_dir": "SE/135", "windspeed": "94", "injuries": 0, "deaths": 0, "lat": 38.6387, "lon": -90.3056, "office": "LSX", "image": " ", "qc": "Y", "dod": 3, "surveytype": "0", "comments": "Tree uprooted and several large limbs snapped per hi-res satellite imagery.", "image_full": " "}, "geometry": {"type": "Point", "coordinates": [-90.3055557806747, 38.6386847428067]}}, {"id": "336", "type": "Feature", "properties": {"OBJECTID": 337, "Id": 0, "stormdate": 1747353600000, "stormtime": "1941 UTC", "surveydate": 1748736000000, "surveytime": "1535 UTC", "event_id": " ", "damage": 27, "damage_txt": "Trees: Hardwood (TH)", "dod_txt": "Trees uprooted", "efscale": "TSTM/Wind", "damage_dir": "E/90", "windspeed": "94", "injuries": 0, "deaths": 0, "lat": 38.6516, "lon": -90.3116, "office": "LSX", "image": " ", "qc": "Y", "dod": 3, "surveytype": "0", "comments": " ", "image_full": " "}, "geometry": {"type": "Point", "coordinates": [-90.3115844777414, 38.6515507092978]}}, {"id": "337", "type": "Feature", "properties": {"OBJECTID": 338, "Id": 0, "stormdate": 1747353600000, "stormtime": "1940 UTC", "surveydate": 1747440000000, "surveytime": "2150 UTC", "event_id": "0", "damage": 24, "damage_txt": "Electrical Transmission Lines (ETL)", "dod_txt": "Broken wood poles", "efscale": "EF1", "damage_dir": "N/A", "windspeed": "110", "injuries": 0, "deaths": 0, "lat": 38.6427, "lon": -90.3168, "office": "LSX", "image": "0", "qc": "Y", "dod": 4, "surveytype": "0", "comments": "0", "image_full": "https://services.dat.noaa.gov/arcgis/rest/services/nws_damageassessmenttoolkit/DamageViewer/MapServer/0/4480237/attachments/2625926"}, "geometry": {"type": "Point", "coordinates": [-90.3167829827484, 38.6426938521396]}}, {"id": "338", "type": "Feature", "properties": {"OBJECTID": 339, "Id": 0, "stormdate": 1747353600000, "stormtime": "1942 UTC", "surveydate": 1747440000000, "surveytime": "2057 UTC", "event_id": "0", "damage": 27, "damage_txt": "Trees: Hardwood (TH)", "dod_txt": "Trunks snapped", "efscale": "TSTM/Wind", "damage_dir": "N/A", "windspeed": "107", "injuries": 0, "deaths": 0, "lat": 38.6338, "lon": -90.2908, "office": "LSX", "image": "0", "qc": "Y", "dod": 4, "surveytype": "0", "comments": "0", "image_full": "https://services.dat.noaa.gov/arcgis/rest/services/nws_damageassessmenttoolkit/DamageViewer/MapServer/0/4480213/attachments/2625906"}, "geometry": {"type": "Point", "coordinates": [-90.2907739614491, 38.6338495953826]}}, {"id": "339", "type": "Feature", "properties": {"OBJECTID": 340, "Id": 0, "stormdate": 1747353600000, "stormtime": "1940 UTC", "surveydate": 1748476800000, "surveytime": "1752 UTC", "event_id": " ", "damage": 2, "damage_txt": "One- or Two-Family Residences (FR12)", "dod_txt": "Loss of roof covering material (<20%), gutters and/or awning; loss of vinyl or metal siding", "efscale": "EF0", "damage_dir": "N/A", "windspeed": "79", "injuries": 0, "deaths": 0, "lat": 38.6416, "lon": -90.3113, "office": "LSX", "image": " ", "qc": "Y", "dod": 2, "surveytype": "0", "comments": "Roof damage per hi-res satellite imagery.", "image_full": " "}, "geometry": {"type": "Point", "coordinates": [-90.3113169132449, 38.6415723040187]}}, {"id": "340", "type": "Feature", "properties": {"OBJECTID": 341, "Id": 0, "stormdate": 1747353600000, "stormtime": "1941 UTC", "surveydate": 1748736000000, "surveytime": "1527 UTC", "event_id": " ", "damage": 27, "damage_txt": "Trees: Hardwood (TH)", "dod_txt": "Trunks snapped", "efscale": "TSTM/Wind", "damage_dir": "N/A", "windspeed": "93", "injuries": 0, "deaths": 0, "lat": 38.6486, "lon": -90.3041, "office": "LSX", "image": " ", "qc": "Y", "dod": 4, "surveytype": "0", "comments": " ", "image_full": " "}, "geometry": {"type": "Point", "coordinates": [-90.3041138481755, 38.6485783168359]}}, {"id": "341", "type": "Feature", "properties": {"OBJECTID": 342, "Id": 0, "stormdate": 1747353600000, "stormtime": "1943 UTC", "surveydate": 1754438400000, "surveytime": "1038 UTC", "event_id": " ", "damage": 2, "damage_txt": "One- or Two-Family Residences (FR12)", "dod_txt": "Loss of roof covering material (<20%), gutters and/or awning; loss of vinyl or metal siding", "efscale": "EF0", "damage_dir": "N/A", "windspeed": "79", "injuries": 0, "deaths": 0, "lat": 38.6581, "lon": -90.2663, "office": "LSX", "image": " ", "qc": "Y", "dod": 2, "surveytype": "0", "comments": " ", "image_full": " "}, "geometry": {"type": "Point", "coordinates": [-90.2662911400241, 38.6581030096463]}}, {"id": "342", "type": "Feature", "properties": {"OBJECTID": 343, "Id": 0, "stormdate": 1747353600000, "stormtime": "1942 UTC", "surveydate": 1748736000000, "surveytime": "1838 UTC", "event_id": " ", "damage": 2, "damage_txt": "One- or Two-Family Residences (FR12)", "dod_txt": "Uplift of roof deck and loss of significant roof covering material (>20%); collapse of chimney; garage doors collapse inward; failure of porch or carport", "efscale": "EF1", "damage_dir": "N/A", "windspeed": "105", "injuries": 0, "deaths": 0, "lat": 38.647, "lon": -90.2903, "office": "LSX", "image": " ", "qc": "Y", "dod": 4, "surveytype": "0", "comments": " ", "image_full": " "}, "geometry": {"type": "Point", "coordinates": [-90.2902525282316, 38.6469997908077]}}, {"id": "343", "type": "Feature", "properties": {"OBJECTID": 344, "Id": 0, "stormdate": 1747353600000, "stormtime": "1941 UTC", "surveydate": 1748736000000, "surveytime": "1519 UTC", "event_id": " ", "damage": 27, "damage_txt": "Trees: Hardwood (TH)", "dod_txt": "Trees uprooted", "efscale": "EF1", "damage_dir": "E/90", "windspeed": "94", "injuries": 0, "deaths": 0, "lat": 38.6445, "lon": -90.3093, "office": "LSX", "image": " ", "qc": "Y", "dod": 3, "surveytype": "0", "comments": " ", "image_full": " "}, "geometry": {"type": "Point", "coordinates": [-90.3092809614472, 38.6444960944192]}}, {"id": "344", "type": "Feature", "properties": {"OBJECTID": 345, "Id": 0, "stormdate": 1747353600000, "stormtime": "1943 UTC", "surveydate": 1754438400000, "surveytime": "1038 UTC", "event_id": " ", "damage": 2, "damage_txt": "One- or Two-Family Residences (FR12)", "dod_txt": "Loss of roof covering material (<20%), gutters and/or awning; loss of vinyl or metal siding", "efscale": "EF0", "damage_dir": "N/A", "windspeed": "79", "injuries": 0, "deaths": 0, "lat": 38.6581, "lon": -90.2663, "office": "LSX", "image": " ", "qc": "Y", "dod": 2, "surveytype": "0", "comments": " ", "image_full": " "}, "geometry": {"type": "Point", "coordinates": [-90.2662911400241, 38.6581030096463]}}, {"id": "345", "type": "Feature", "properties": {"OBJECTID": 346, "Id": 0, "stormdate": 1747353600000, "stormtime": "1943 UTC", "surveydate": 1747440000000, "surveytime": "2010 UTC", "event_id": "0", "damage": 27, "damage_txt": "Trees: Hardwood (TH)", "dod_txt": "Large branches broken (1-3 inch diameter)", "efscale": "EF0", "damage_dir": "N/A", "windspeed": "74", "injuries": 0, "deaths": 0, "lat": 38.6492, "lon": -90.2785, "office": "LSX", "image": "0", "qc": "Y", "dod": 2, "surveytype": "0", "comments": "0", "image_full": "https://services.dat.noaa.gov/arcgis/rest/services/nws_damageassessmenttoolkit/DamageViewer/MapServer/0/4480189/attachments/2625881"}, "geometry": {"type": "Point", "coordinates": [-90.2784713221938, 38.6492240291657]}}, {"id": "346", "type": "Feature", "properties": {"OBJECTID": 347, "Id": 0, "stormdate": 1747353600000, "stormtime": "1943 UTC", "surveydate": 1747440000000, "surveytime": "1931 UTC", "event_id": "0", "damage": 2, "damage_txt": "One- or Two-Family Residences (FR12)", "dod_txt": "Uplift of roof deck and loss of significant roof covering material (>20%); collapse of chimney; garage doors collapse inward; failure of porch or carport", "efscale": "EF1", "damage_dir": "N/A", "windspeed": "97", "injuries": 0, "deaths": 0, "lat": 38.6595, "lon": -90.2581, "office": "LSX", "image": "0", "qc": "Y", "dod": 4, "surveytype": "0", "comments": "0", "image_full": "https://services.dat.noaa.gov/arcgis/rest/services/nws_damageassessmenttoolkit/DamageViewer/MapServer/0/4480098/attachments/2625374"}, "geometry": {"type": "Point", "coordinates": [-90.2581362639773, 38.6594739559583]}}, {"id": "347", "type": "Feature", "properties": {"OBJECTID": 348, "Id": 0, "stormdate": 1747353600000, "stormtime": "1940 UTC", "surveydate": 1748476800000, "surveytime": "1739 UTC", "event_id": " ", "damage": 1, "damage_txt": "Small Barns or Farm Outbuildings (SBO)", "dod_txt": "Loss of wood or metal roof panels", "efscale": "EF0", "damage_dir": "N/A", "windspeed": "74", "injuries": 0, "deaths": 0, "lat": 38.6424, "lon": -90.3144, "office": "LSX", "image": " ", "qc": "Y", "dod": 2, "surveytype": "0", "comments": "Roof damage per hi-res satellite imagery.", "image_full": " "}, "geometry": {"type": "Point", "coordinates": [-90.3144440781316, 38.6423656769345]}}, {"id": "348", "type": "Feature", "properties": {"OBJECTID": 349, "Id": 0, "stormdate": 1747353600000, "stormtime": "1939 UTC", "surveydate": 1748390400000, "surveytime": "1433 UTC", "event_id": " ", "damage": 2, "damage_txt": "One- or Two-Family Residences (FR12)", "dod_txt": "Loss of roof covering material (<20%), gutters and/or awning; loss of vinyl or metal siding", "efscale": "EF0", "damage_dir": "N/A", "windspeed": "79", "injuries": 0, "deaths": 0, "lat": 38.6416, "lon": -90.3318, "office": "LSX", "image": " ", "qc": "Y", "dod": 2, "surveytype": "0", "comments": "Several patches of shingles missing and multiple tarps on roof per hi-res satellite imagery.", "image_full": " "}, "geometry": {"type": "Point", "coordinates": [-90.3317985429683, 38.6416400751294]}}, {"id": "349", "type": "Feature", "properties": {"OBJECTID": 350, "Id": 0, "stormdate": 1747353600000, "stormtime": "1941 UTC", "surveydate": 1748736000000, "surveytime": "1403 UTC", "event_id": " ", "damage": 2, "damage_txt": "One- or Two-Family Residences (FR12)", "dod_txt": "Loss of roof covering material (<20%), gutters and/or awning; loss of vinyl or metal siding", "efscale": "EF1", "damage_dir": "N/A", "windspeed": "97", "injuries": 0, "deaths": 0, "lat": 38.6437, "lon": -90.306, "office": "LSX", "image": " ", "qc": "Y", "dod": 2, "surveytype": "0", "comments": "Several trees snapped at this property, significant roof damage per hi-res satellite imagery.", "image_full": " "}, "geometry": {"type": "Point", "coordinates": [-90.3059574682625, 38.6437002276834]}}, {"id": "350", "type": "Feature", "properties": {"OBJECTID": 351, "Id": 0, "stormdate": 1747353600000, "stormtime": "1943 UTC", "surveydate": 1747440000000, "surveytime": "1918 UTC", "event_id": "0", "damage": 2, "damage_txt": "One- or Two-Family Residences (FR12)", "dod_txt": "Large sections of roof structure removed; most walls remain standing", "efscale": "EF2", "damage_dir": "N/A", "windspeed": "122", "injuries": 0, "deaths": 0, "lat": 38.6638, "lon": -90.2539, "office": "LSX", "image": "0", "qc": "Y", "dod": 6, "surveytype": "0", "comments": "0", "image_full": "https://services.dat.noaa.gov/arcgis/rest/services/nws_damageassessmenttoolkit/DamageViewer/MapServer/0/4480089/attachments/2625361"}, "geometry": {"type": "Point", "coordinates": [-90.2538604579937, 38.6638057681217]}}, {"id": "351", "type": "Feature", "properties": {"OBJECTID": 352, "Id": 0, "stormdate": 1747353600000, "stormtime": "1950 UTC", "surveydate": 1747526400000, "surveytime": "1352 UTC", "event_id": "0", "damage": 27, "damage_txt": "Trees: Hardwood (TH)", "dod_txt": "Trunks snapped", "efscale": "EF1", "damage_dir": "N/A", "windspeed": "107", "injuries": 0, "deaths": 0, "lat": 38.7002, "lon": -90.1689, "office": "LSX", "image": "0", "qc": "Y", "dod": 4, "surveytype": "0", "comments": "0", "image_full": "https://services.dat.noaa.gov/arcgis/rest/services/nws_damageassessmenttoolkit/DamageViewer/MapServer/0/4480327/attachments/2626054"}, "geometry": {"type": "Point", "coordinates": [-90.1689419216323, 38.7002437829243]}}, {"id": "352", "type": "Feature", "properties": {"OBJECTID": 353, "Id": 0, "stormdate": 1747353600000, "stormtime": "1939 UTC", "surveydate": 1748390400000, "surveytime": "1436 UTC", "event_id": " ", "damage": 17, "damage_txt": "Low-Rise Building [1-4 Stories] (LRB)", "dod_txt": "Loss of roof covering (<20%)", "efscale": "EF0", "damage_dir": "N/A", "windspeed": "80", "injuries": 0, "deaths": 0, "lat": 38.6417, "lon": -90.3323, "office": "LSX", "image": " ", "qc": "Y", "dod": 2, "surveytype": "0", "comments": "Multiple areas of damage on roof per hi-res satellite imagery.", "image_full": " "}, "geometry": {"type": "Point", "coordinates": [-90.332336996755, 38.6416987343092]}}, {"id": "353", "type": "Feature", "properties": {"OBJECTID": 354, "Id": 0, "stormdate": 1747353600000, "stormtime": "1943 UTC", "surveydate": 1761523200000, "surveytime": "1040 UTC", "event_id": " ", "damage": 2, "damage_txt": "One- or Two-Family Residences (FR12)", "dod_txt": "Loss of roof covering material (<20%), gutters and/or awning; loss of vinyl or metal siding", "efscale": "EF0", "damage_dir": "N/A", "windspeed": "79", "injuries": 0, "deaths": 0, "lat": 38.6666, "lon": -90.2535, "office": "LSX", "image": " ", "qc": "Y", "dod": 2, "surveytype": "0", "comments": " ", "image_full": " "}, "geometry": {"type": "Point", "coordinates": [-90.253527734917, 38.6665503317325]}}, {"id": "354", "type": "Feature", "properties": {"OBJECTID": 355, "Id": 0, "stormdate": 1747353600000, "stormtime": "1943 UTC", "surveydate": 1754438400000, "surveytime": "1038 UTC", "event_id": " ", "damage": 2, "damage_txt": "One- or Two-Family Residences (FR12)", "dod_txt": "Loss of roof covering material (<20%), gutters and/or awning; loss of vinyl or metal siding", "efscale": "EF0", "damage_dir": "N/A", "windspeed": "79", "injuries": 0, "deaths": 0, "lat": 38.6581, "lon": -90.2663, "office": "LSX", "image": " ", "qc": "Y", "dod": 2, "surveytype": "0", "comments": " ", "image_full": " "}, "geometry": {"type": "Point", "coordinates": [-90.2662911400241, 38.6581030096463]}}, {"id": "355", "type": "Feature", "properties": {"OBJECTID": 356, "Id": 0, "stormdate": 1747353600000, "stormtime": "1943 UTC", "surveydate": 1748822400000, "surveytime": "1658 UTC", "event_id": " ", "damage": 18, "damage_txt": "Mid-Rise Building [5-20 Stories] (MRB)", "dod_txt": "Damage to parapet walls or coping", "efscale": "EF1", "damage_dir": "N/A", "windspeed": "99", "injuries": 0, "deaths": 0, "lat": 38.6478, "lon": -90.2802, "office": "LSX", "image": " ", "qc": "Y", "dod": 4, "surveytype": "0", "comments": " ", "image_full": " "}, "geometry": {"type": "Point", "coordinates": [-90.280178039385, 38.6477733984236]}}, {"id": "356", "type": "Feature", "properties": {"OBJECTID": 357, "Id": 0, "stormdate": 1747353600000, "stormtime": "1943 UTC", "surveydate": 1748822400000, "surveytime": "1708 UTC", "event_id": " ", "damage": 5, "damage_txt": "Apartments, Condos, Townhouses [3 stories or less] (ACT)", "dod_txt": "Uplift of roof decking; significant loss of roof covering (>20%)", "efscale": "EF2", "damage_dir": "N/A", "windspeed": "130", "injuries": 0, "deaths": 0, "lat": 38.6482, "lon": -90.2829, "office": "LSX", "image": " ", "qc": "Y", "dod": 3, "surveytype": "0", "comments": " ", "image_full": " "}, "geometry": {"type": "Point", "coordinates": [-90.2828823763206, 38.6481583172526]}}, {"id": "357", "type": "Feature", "properties": {"OBJECTID": 358, "Id": 0, "stormdate": 1747353600000, "stormtime": "1939 UTC", "surveydate": 1748390400000, "surveytime": "1713 UTC", "event_id": " ", "damage": 27, "damage_txt": "Trees: Hardwood (TH)", "dod_txt": "Trunks snapped", "efscale": "EF1", "damage_dir": "E/90", "windspeed": "101", "injuries": 0, "deaths": 0, "lat": 38.6429, "lon": -90.3426, "office": "LSX", "image": " ", "qc": "Y", "dod": 4, "surveytype": "0", "comments": "Tree snapped here, felled to the east-northeast per hi-res satellite imagery.", "image_full": " "}, "geometry": {"type": "Point", "coordinates": [-90.3425887131985, 38.6428792662652]}}, {"id": "358", "type": "Feature", "properties": {"OBJECTID": 359, "Id": 0, "stormdate": 1747353600000, "stormtime": "1943 UTC", "surveydate": 1761523200000, "surveytime": "1040 UTC", "event_id": " ", "damage": 2, "damage_txt": "One- or Two-Family Residences (FR12)", "dod_txt": "Loss of roof covering material (<20%), gutters and/or awning; loss of vinyl or metal siding", "efscale": "EF0", "damage_dir": "N/A", "windspeed": "79", "injuries": 0, "deaths": 0, "lat": 38.6666, "lon": -90.2535, "office": "LSX", "image": " ", "qc": "Y", "dod": 2, "surveytype": "0", "comments": " ", "image_full": " "}, "geometry": {"type": "Point", "coordinates": [-90.253527734917, 38.6665503317325]}}, {"id": "359", "type": "Feature", "properties": {"OBJECTID": 360, "Id": 0, "stormdate": 1747353600000, "stormtime": "1942 UTC", "surveydate": 1748822400000, "surveytime": "1926 UTC", "event_id": " ", "damage": 2, "damage_txt": "One- or Two-Family Residences (FR12)", "dod_txt": "Loss of roof covering material (<20%), gutters and/or awning; loss of vinyl or metal siding", "efscale": "EF0", "damage_dir": "N/A", "windspeed": "79", "injuries": 0, "deaths": 0, "lat": 38.6464, "lon": -90.2844, "office": "LSX", "image": " ", "qc": "Y", "dod": 2, "surveytype": "0", "comments": " ", "image_full": " "}, "geometry": {"type": "Point", "coordinates": [-90.2843695743963, 38.6464085980784]}}, {"id": "360", "type": "Feature", "properties": {"OBJECTID": 361, "Id": 0, "stormdate": 1747353600000, "stormtime": "1943 UTC", "surveydate": 1748822400000, "surveytime": "1708 UTC", "event_id": " ", "damage": 5, "damage_txt": "Apartments, Condos, Townhouses [3 stories or less] (ACT)", "dod_txt": "Uplift of roof decking; significant loss of roof covering (>20%)", "efscale": "EF2", "damage_dir": "N/A", "windspeed": "130", "injuries": 0, "deaths": 0, "lat": 38.6482, "lon": -90.2831, "office": "LSX", "image": " ", "qc": "Y", "dod": 3, "surveytype": "0", "comments": " ", "image_full": " "}, "geometry": {"type": "Point", "coordinates": [-90.2831452328662, 38.6481892161594]}}, {"id": "361", "type": "Feature", "properties": {"OBJECTID": 362, "Id": 0, "stormdate": 1747353600000, "stormtime": "1940 UTC", "surveydate": 1748476800000, "surveytime": "1832 UTC", "event_id": " ", "damage": 27, "damage_txt": "Trees: Hardwood (TH)", "dod_txt": "Trunks snapped", "efscale": "EF1", "damage_dir": "N/A", "windspeed": "107", "injuries": 0, "deaths": 0, "lat": 38.6415, "lon": -90.3077, "office": "LSX", "image": " ", "qc": "Y", "dod": 4, "surveytype": "0", "comments": "Tree snapped per hi-res satellite imagery.", "image_full": " "}, "geometry": {"type": "Point", "coordinates": [-90.3077245992109, 38.641513265325]}}, {"id": "362", "type": "Feature", "properties": {"OBJECTID": 363, "Id": 0, "stormdate": 1747353600000, "stormtime": "1943 UTC", "surveydate": 1747440000000, "surveytime": "1357 UTC", "event_id": "0", "damage": 26, "damage_txt": "Free-Standing Light Poles, Luminary Poles, Flag Poles (FSP)", "dod_txt": "Bent pole", "efscale": "EF1", "damage_dir": "N/A", "windspeed": "102", "injuries": 0, "deaths": 0, "lat": 38.652, "lon": -90.2629, "office": "LSX", "image": "0", "qc": "Y", "dod": 2, "surveytype": "0", "comments": "0", "image_full": "https://services.dat.noaa.gov/arcgis/rest/services/nws_damageassessmenttoolkit/DamageViewer/MapServer/0/4479826/attachments/2625059"}, "geometry": {"type": "Point", "coordinates": [-90.2629102835827, 38.6520410007916]}}, {"id": "363", "type": "Feature", "properties": {"OBJECTID": 364, "Id": 0, "stormdate": 1747353600000, "stormtime": "1943 UTC", "surveydate": 1761523200000, "surveytime": "1040 UTC", "event_id": " ", "damage": 2, "damage_txt": "One- or Two-Family Residences (FR12)", "dod_txt": "Loss of roof covering material (<20%), gutters and/or awning; loss of vinyl or metal siding", "efscale": "EF0", "damage_dir": "N/A", "windspeed": "79", "injuries": 0, "deaths": 0, "lat": 38.6666, "lon": -90.2535, "office": "LSX", "image": " ", "qc": "Y", "dod": 2, "surveytype": "0", "comments": " ", "image_full": " "}, "geometry": {"type": "Point", "coordinates": [-90.253527734917, 38.6665503317325]}}, {"id": "364", "type": "Feature", "properties": {"OBJECTID": 365, "Id": 0, "stormdate": 1747353600000, "stormtime": "1943 UTC", "surveydate": 1754438400000, "surveytime": "1038 UTC", "event_id": " ", "damage": 2, "damage_txt": "One- or Two-Family Residences (FR12)", "dod_txt": "Loss of roof covering material (<20%), gutters and/or awning; loss of vinyl or metal siding", "efscale": "EF0", "damage_dir": "N/A", "windspeed": "79", "injuries": 0, "deaths": 0, "lat": 38.6581, "lon": -90.2663, "office": "LSX", "image": " ", "qc": "Y", "dod": 2, "surveytype": "0", "comments": " ", "image_full": " "}, "geometry": {"type": "Point", "coordinates": [-90.2662911400241, 38.6581030096463]}}, {"id": "365", "type": "Feature", "properties": {"OBJECTID": 366, "Id": 0, "stormdate": 1747353600000, "stormtime": "1941 UTC", "surveydate": 1748476800000, "surveytime": "1919 UTC", "event_id": " ", "damage": 2, "damage_txt": "One- or Two-Family Residences (FR12)", "dod_txt": "Loss of roof covering material (<20%), gutters and/or awning; loss of vinyl or metal siding", "efscale": "EF0", "damage_dir": "N/A", "windspeed": "80", "injuries": 0, "deaths": 0, "lat": 38.6399, "lon": -90.3055, "office": "LSX", "image": " ", "qc": "Y", "dod": 2, "surveytype": "0", "comments": "Roof damage per hi-res satellite imagery.", "image_full": " "}, "geometry": {"type": "Point", "coordinates": [-90.3054981143464, 38.6398836371202]}}, {"id": "366", "type": "Feature", "properties": {"OBJECTID": 367, "Id": 0, "stormdate": 1747353600000, "stormtime": "1939 UTC", "surveydate": 1748390400000, "surveytime": "1744 UTC", "event_id": " ", "damage": 27, "damage_txt": "Trees: Hardwood (TH)", "dod_txt": "Trees uprooted", "efscale": "EF1", "damage_dir": "ENE/60", "windspeed": "94", "injuries": 0, "deaths": 0, "lat": 38.6418, "lon": -90.3361, "office": "LSX", "image": " ", "qc": "Y", "dod": 3, "surveytype": "0", "comments": "Two large trees uprooted here and felled eastward per hi-res satellite imagery.", "image_full": " "}, "geometry": {"type": "Point", "coordinates": [-90.3361280168944, 38.6418132216029]}}, {"id": "367", "type": "Feature", "properties": {"OBJECTID": 368, "Id": 0, "stormdate": 1747353600000, "stormtime": "1941 UTC", "surveydate": 1748736000000, "surveytime": "1457 UTC", "event_id": " ", "damage": 27, "damage_txt": "Trees: Hardwood (TH)", "dod_txt": "Trunks snapped", "efscale": "EF1", "damage_dir": "N/A", "windspeed": "107", "injuries": 0, "deaths": 0, "lat": 38.6457, "lon": -90.3044, "office": "LSX", "image": " ", "qc": "Y", "dod": 4, "surveytype": "0", "comments": "Several trees snapped and uprooted in this area per hi-res satellite imagery.", "image_full": " "}, "geometry": {"type": "Point", "coordinates": [-90.3043618731019, 38.6456607497438]}}, {"id": "368", "type": "Feature", "properties": {"OBJECTID": 369, "Id": 0, "stormdate": 1747353600000, "stormtime": "1939 UTC", "surveydate": 1748390400000, "surveytime": "1750 UTC", "event_id": " ", "damage": 5, "damage_txt": "Apartments, Condos, Townhouses [3 stories or less] (ACT)", "dod_txt": "Threshold of visible damage", "efscale": "EF0", "damage_dir": "N/A", "windspeed": "85", "injuries": 0, "deaths": 0, "lat": 38.6419, "lon": -90.335, "office": "LSX", "image": " ", "qc": "Y", "dod": 1, "surveytype": "0", "comments": "Section of brick facade collapsed per hi-res satellite imagery.", "image_full": " "}, "geometry": {"type": "Point", "coordinates": [-90.3349519419785, 38.6418756471435]}}, {"id": "369", "type": "Feature", "properties": {"OBJECTID": 370, "Id": 0, "stormdate": 1747353600000, "stormtime": "1944 UTC", "surveydate": 1747440000000, "surveytime": "1832 UTC", "event_id": "0", "damage": 2, "damage_txt": "One- or Two-Family Residences (FR12)", "dod_txt": "Large sections of roof structure removed; most walls remain standing", "efscale": "EF2", "damage_dir": "N/A", "windspeed": "122", "injuries": 0, "deaths": 0, "lat": 38.6669, "lon": -90.2445, "office": "LSX", "image": "0", "qc": "Y", "dod": 6, "surveytype": "0", "comments": "0", "image_full": "https://services.dat.noaa.gov/arcgis/rest/services/nws_damageassessmenttoolkit/DamageViewer/MapServer/0/4480043/attachments/2625315"}, "geometry": {"type": "Point", "coordinates": [-90.2444894584218, 38.6669177974185]}}, {"id": "370", "type": "Feature", "properties": {"OBJECTID": 371, "Id": 0, "stormdate": 1747353600000, "stormtime": "1940 UTC", "surveydate": 1748390400000, "surveytime": "1852 UTC", "event_id": " ", "damage": 27, "damage_txt": "Trees: Hardwood (TH)", "dod_txt": "Trees uprooted", "efscale": "EF1", "damage_dir": "N/0", "windspeed": "94", "injuries": 0, "deaths": 0, "lat": 38.6405, "lon": -90.3229, "office": "LSX", "image": " ", "qc": "Y", "dod": 3, "surveytype": "0", "comments": "Tree uprooted and felled northward per hi-res satellite imagery.", "image_full": " "}, "geometry": {"type": "Point", "coordinates": [-90.3228779445615, 38.6404882306474]}}, {"id": "371", "type": "Feature", "properties": {"OBJECTID": 372, "Id": 0, "stormdate": 1747353600000, "stormtime": "1943 UTC", "surveydate": 1754438400000, "surveytime": "1038 UTC", "event_id": " ", "damage": 2, "damage_txt": "One- or Two-Family Residences (FR12)", "dod_txt": "Loss of roof covering material (<20%), gutters and/or awning; loss of vinyl or metal siding", "efscale": "EF0", "damage_dir": "N/A", "windspeed": "79", "injuries": 0, "deaths": 0, "lat": 38.6581, "lon": -90.2663, "office": "LSX", "image": " ", "qc": "Y", "dod": 2, "surveytype": "0", "comments": " ", "image_full": " "}, "geometry": {"type": "Point", "coordinates": [-90.2662911400241, 38.6581030096463]}}, {"id": "372", "type": "Feature", "properties": {"OBJECTID": 373, "Id": 0, "stormdate": 1747353600000, "stormtime": "1943 UTC", "surveydate": 1748822400000, "surveytime": "1638 UTC", "event_id": " ", "damage": 18, "damage_txt": "Mid-Rise Building [5-20 Stories] (MRB)", "dod_txt": "Damage to parapet walls or coping", "efscale": "EF1", "damage_dir": "N/A", "windspeed": "99", "injuries": 0, "deaths": 0, "lat": 38.6475, "lon": -90.2777, "office": "LSX", "image": " ", "qc": "Y", "dod": 4, "surveytype": "0", "comments": " ", "image_full": " "}, "geometry": {"type": "Point", "coordinates": [-90.2776855377573, 38.6475044408773]}}, {"id": "373", "type": "Feature", "properties": {"OBJECTID": 374, "Id": 0, "stormdate": 1747353600000, "stormtime": "1940 UTC", "surveydate": 1748476800000, "surveytime": "1804 UTC", "event_id": " ", "damage": 2, "damage_txt": "One- or Two-Family Residences (FR12)", "dod_txt": "Uplift of roof deck and loss of significant roof covering material (>20%); collapse of chimney; garage doors collapse inward; failure of porch or carport", "efscale": "EF1", "damage_dir": "N/A", "windspeed": "97", "injuries": 0, "deaths": 0, "lat": 38.6414, "lon": -90.3097, "office": "LSX", "image": " ", "qc": "Y", "dod": 4, "surveytype": "0", "comments": "Significant roof damage per hi-res satellite imagery.", "image_full": " "}, "geometry": {"type": "Point", "coordinates": [-90.3096771595732, 38.6413940269128]}}, {"id": "374", "type": "Feature", "properties": {"OBJECTID": 375, "Id": 0, "stormdate": 1747353600000, "stormtime": "1940 UTC", "surveydate": 1748476800000, "surveytime": "1825 UTC", "event_id": " ", "damage": 2, "damage_txt": "One- or Two-Family Residences (FR12)", "dod_txt": "Loss of roof covering material (<20%), gutters and/or awning; loss of vinyl or metal siding", "efscale": "EF1", "damage_dir": "N/A", "windspeed": "90", "injuries": 0, "deaths": 0, "lat": 38.6412, "lon": -90.3078, "office": "LSX", "image": " ", "qc": "Y", "dod": 2, "surveytype": "0", "comments": "Roof damage per hi-res satellite imagery.", "image_full": " "}, "geometry": {"type": "Point", "coordinates": [-90.307758179896, 38.641226830354]}}, {"id": "375", "type": "Feature", "properties": {"OBJECTID": 376, "Id": 0, "stormdate": 1747353600000, "stormtime": "1944 UTC", "surveydate": 1747440000000, "surveytime": "1447 UTC", "event_id": "0", "damage": 17, "damage_txt": "Low-Rise Building [1-4 Stories] (LRB)", "dod_txt": "Broken glass in windows, entryways or atriums", "efscale": "EF1", "damage_dir": "N/A", "windspeed": "101", "injuries": 0, "deaths": 0, "lat": 38.6647, "lon": -90.2418, "office": "LSX", "image": "0", "qc": "Y", "dod": 4, "surveytype": "0", "comments": "0", "image_full": "https://services.dat.noaa.gov/arcgis/rest/services/nws_damageassessmenttoolkit/DamageViewer/MapServer/0/4479894/attachments/2625134"}, "geometry": {"type": "Point", "coordinates": [-90.2418167713269, 38.6647476757646]}}, {"id": "376", "type": "Feature", "properties": {"OBJECTID": 377, "Id": 0, "stormdate": 1747353600000, "stormtime": "1946 UTC", "surveydate": 1747440000000, "surveytime": "1639 UTC", "event_id": "0", "damage": 27, "damage_txt": "Trees: Hardwood (TH)", "dod_txt": "Large branches broken (1-3 inch diameter)", "efscale": "EF0", "damage_dir": "N/A", "windspeed": "74", "injuries": 0, "deaths": 0, "lat": 38.6782, "lon": -90.2252, "office": "LSX", "image": "0", "qc": "Y", "dod": 2, "surveytype": "0", "comments": "0", "image_full": "https://services.dat.noaa.gov/arcgis/rest/services/nws_damageassessmenttoolkit/DamageViewer/MapServer/0/4479939/attachments/2625181"}, "geometry": {"type": "Point", "coordinates": [-90.2251899335685, 38.6782367959914]}}, {"id": "377", "type": "Feature", "properties": {"OBJECTID": 378, "Id": 0, "stormdate": 1747353600000, "stormtime": "2004 UTC", "surveydate": 1747526400000, "surveytime": "1640 UTC", "event_id": "0", "damage": 27, "damage_txt": "Trees: Hardwood (TH)", "dod_txt": "Large branches broken (1-3 inch diameter)", "efscale": "EF0", "damage_dir": "N/A", "windspeed": "74", "injuries": 0, "deaths": 0, "lat": 38.7921, "lon": -89.9939, "office": "LSX", "image": "0", "qc": "Y", "dod": 2, "surveytype": "0", "comments": "0", "image_full": "https://services.dat.noaa.gov/arcgis/rest/services/nws_damageassessmenttoolkit/DamageViewer/MapServer/0/4480453/attachments/2626148"}, "geometry": {"type": "Point", "coordinates": [-89.9938921067353, 38.7921480595853]}}, {"id": "378", "type": "Feature", "properties": {"OBJECTID": 379, "Id": 0, "stormdate": 1747353600000, "stormtime": "1940 UTC", "surveydate": 1747440000000, "surveytime": "2150 UTC", "event_id": "0", "damage": 24, "damage_txt": "Electrical Transmission Lines (ETL)", "dod_txt": "Broken wood poles", "efscale": "EF2", "damage_dir": "NNE/30", "windspeed": "118", "injuries": 0, "deaths": 0, "lat": 38.6419, "lon": -90.317, "office": "LSX", "image": "0", "qc": "Y", "dod": 4, "surveytype": "0", "comments": " ", "image_full": "https://services.dat.noaa.gov/arcgis/rest/services/nws_damageassessmenttoolkit/DamageViewer/MapServer/0/4480238/attachments/2625927"}, "geometry": {"type": "Point", "coordinates": [-90.3170297890935, 38.6419396429002]}}, {"id": "379", "type": "Feature", "properties": {"OBJECTID": 380, "Id": 0, "stormdate": 1747353600000, "stormtime": "1943 UTC", "surveydate": 1748822400000, "surveytime": "1528 UTC", "event_id": " ", "damage": 27, "damage_txt": "Trees: Hardwood (TH)", "dod_txt": "Large branches broken (1-3 inch diameter)", "efscale": "EF0", "damage_dir": "SSE/150", "windspeed": "85", "injuries": 0, "deaths": 0, "lat": 38.6446, "lon": -90.2727, "office": "LSX", "image": " ", "qc": "Y", "dod": 2, "surveytype": "0", "comments": "Several trees with large limbs broken at this location per hi-res satellite imagery.", "image_full": " "}, "geometry": {"type": "Point", "coordinates": [-90.272668562704, 38.6445524288516]}}, {"id": "380", "type": "Feature", "properties": {"OBJECTID": 381, "Id": 0, "stormdate": 1747353600000, "stormtime": "1941 UTC", "surveydate": 1748736000000, "surveytime": "1406 UTC", "event_id": " ", "damage": 2, "damage_txt": "One- or Two-Family Residences (FR12)", "dod_txt": "Loss of roof covering material (<20%), gutters and/or awning; loss of vinyl or metal siding", "efscale": "EF1", "damage_dir": "N/A", "windspeed": "95", "injuries": 0, "deaths": 0, "lat": 38.6443, "lon": -90.305, "office": "LSX", "image": " ", "qc": "Y", "dod": 2, "surveytype": "0", "comments": "Large branches snapped at this property, roof damage per hi-res satellite imagery.", "image_full": " "}, "geometry": {"type": "Point", "coordinates": [-90.3049965660386, 38.6442705687318]}}, {"id": "381", "type": "Feature", "properties": {"OBJECTID": 382, "Id": 0, "stormdate": 1747353600000, "stormtime": "1940 UTC", "surveydate": 1748476800000, "surveytime": "1742 UTC", "event_id": " ", "damage": 27, "damage_txt": "Trees: Hardwood (TH)", "dod_txt": "Trees uprooted", "efscale": "EF1", "damage_dir": "N/A", "windspeed": "94", "injuries": 0, "deaths": 0, "lat": 38.6416, "lon": -90.3134, "office": "LSX", "image": " ", "qc": "Y", "dod": 3, "surveytype": "0", "comments": "Several trees uprooted in this area per hi-res satellite imagery.", "image_full": " "}, "geometry": {"type": "Point", "coordinates": [-90.313414108874, 38.6415889648589]}}, {"id": "382", "type": "Feature", "properties": {"OBJECTID": 383, "Id": 0, "stormdate": 1747353600000, "stormtime": "2003 UTC", "surveydate": 1747526400000, "surveytime": "1611 UTC", "event_id": "0", "damage": 27, "damage_txt": "Trees: Hardwood (TH)", "dod_txt": "Large branches broken (1-3 inch diameter)", "efscale": "EF0", "damage_dir": "N/A", "windspeed": "85", "injuries": 0, "deaths": 0, "lat": 38.7823, "lon": -89.9971, "office": "LSX", "image": "0", "qc": "Y", "dod": 2, "surveytype": "0", "comments": "0", "image_full": " "}, "geometry": {"type": "Point", "coordinates": [-89.9970564657833, 38.7822888900203]}}, {"id": "383", "type": "Feature", "properties": {"OBJECTID": 384, "Id": 0, "stormdate": 1747353600000, "stormtime": "1721 UTC", "surveydate": 1748736000000, "surveytime": "1721 UTC", "event_id": " ", "damage": 27, "damage_txt": "Trees: Hardwood (TH)", "dod_txt": "Trees uprooted", "efscale": "TSTM/Wind", "damage_dir": "ESE/120", "windspeed": "94", "injuries": 0, "deaths": 0, "lat": 38.6321, "lon": -90.3168, "office": "LSX", "image": " ", "qc": "Y", "dod": 3, "surveytype": "0", "comments": "Felled southeastward.", "image_full": " "}, "geometry": {"type": "Point", "coordinates": [-90.3167641590387, 38.6321261292176]}}, {"id": "384", "type": "Feature", "properties": {"OBJECTID": 385, "Id": 0, "stormdate": 1747353600000, "stormtime": "1940 UTC", "surveydate": 1748390400000, "surveytime": "1836 UTC", "event_id": " ", "damage": 27, "damage_txt": "Trees: Hardwood (TH)", "dod_txt": "Trunks snapped", "efscale": "EF1", "damage_dir": "N/A", "windspeed": "107", "injuries": 0, "deaths": 0, "lat": 38.6425, "lon": -90.3232, "office": "LSX", "image": " ", "qc": "Y", "dod": 4, "surveytype": "0", "comments": "Large tree snapped and felled northward per hi-res satellite imagery.", "image_full": " "}, "geometry": {"type": "Point", "coordinates": [-90.3232346786374, 38.6425496989095]}}, {"id": "385", "type": "Feature", "properties": {"OBJECTID": 386, "Id": 0, "stormdate": 1747353600000, "stormtime": "1943 UTC", "surveydate": 1747440000000, "surveytime": "2007 UTC", "event_id": "0", "damage": 27, "damage_txt": "Trees: Hardwood (TH)", "dod_txt": "Large branches broken (1-3 inch diameter)", "efscale": "EF1", "damage_dir": "E/90", "windspeed": "88", "injuries": 0, "deaths": 0, "lat": 38.6489, "lon": -90.2744, "office": "LSX", "image": "0", "qc": "Y", "dod": 2, "surveytype": "0", "comments": "0", "image_full": "https://services.dat.noaa.gov/arcgis/rest/services/nws_damageassessmenttoolkit/DamageViewer/MapServer/0/4480185/attachments/2625877"}, "geometry": {"type": "Point", "coordinates": [-90.2743794491522, 38.6488507997247]}}, {"id": "386", "type": "Feature", "properties": {"OBJECTID": 387, "Id": 0, "stormdate": 1747353600000, "stormtime": "1944 UTC", "surveydate": 1747440000000, "surveytime": "1852 UTC", "event_id": "0", "damage": 27, "damage_txt": "Trees: Hardwood (TH)", "dod_txt": "Small limbs broken (up to 1 inch diameter)", "efscale": "EF0", "damage_dir": "N/A", "windspeed": "60", "injuries": 0, "deaths": 0, "lat": 38.6578, "lon": -90.2432, "office": "LSX", "image": "0", "qc": "Y", "dod": 1, "surveytype": "0", "comments": "0", "image_full": "https://services.dat.noaa.gov/arcgis/rest/services/nws_damageassessmenttoolkit/DamageViewer/MapServer/0/4465838/attachments/2613551"}, "geometry": {"type": "Point", "coordinates": [-90.2432193800703, 38.6577872513806]}}, {"id": "387", "type": "Feature", "properties": {"OBJECTID": 388, "Id": 0, "stormdate": 1747353600000, "stormtime": "1943 UTC", "surveydate": 1754438400000, "surveytime": "1038 UTC", "event_id": " ", "damage": 2, "damage_txt": "One- or Two-Family Residences (FR12)", "dod_txt": "Loss of roof covering material (<20%), gutters and/or awning; loss of vinyl or metal siding", "efscale": "EF0", "damage_dir": "N/A", "windspeed": "79", "injuries": 0, "deaths": 0, "lat": 38.6581, "lon": -90.2663, "office": "LSX", "image": " ", "qc": "Y", "dod": 2, "surveytype": "0", "comments": " ", "image_full": " "}, "geometry": {"type": "Point", "coordinates": [-90.2662911400241, 38.6581030096463]}}, {"id": "388", "type": "Feature", "properties": {"OBJECTID": 389, "Id": 0, "stormdate": 1747353600000, "stormtime": "1959 UTC", "surveydate": 1747526400000, "surveytime": "1510 UTC", "event_id": "0", "damage": 27, "damage_txt": "Trees: Hardwood (TH)", "dod_txt": "Large branches broken (1-3 inch diameter)", "efscale": "EF0", "damage_dir": "N/A", "windspeed": "65", "injuries": 0, "deaths": 0, "lat": 38.741, "lon": -90.074, "office": "LSX", "image": "0", "qc": "Y", "dod": 2, "surveytype": "0", "comments": "0", "image_full": "https://services.dat.noaa.gov/arcgis/rest/services/nws_damageassessmenttoolkit/DamageViewer/MapServer/0/4480383/attachments/2626114"}, "geometry": {"type": "Point", "coordinates": [-90.0739640841751, 38.7409601029265]}}, {"id": "389", "type": "Feature", "properties": {"OBJECTID": 390, "Id": 0, "stormdate": 1747353600000, "stormtime": "1941 UTC", "surveydate": 1748736000000, "surveytime": "1457 UTC", "event_id": " ", "damage": 2, "damage_txt": "One- or Two-Family Residences (FR12)", "dod_txt": "Loss of roof covering material (<20%), gutters and/or awning; loss of vinyl or metal siding", "efscale": "EF0", "damage_dir": "N/A", "windspeed": "79", "injuries": 0, "deaths": 0, "lat": 38.6461, "lon": -90.3052, "office": "LSX", "image": " ", "qc": "Y", "dod": 2, "surveytype": "0", "comments": "Roof damage per hi-res satellite imagery.", "image_full": " "}, "geometry": {"type": "Point", "coordinates": [-90.3051826285754, 38.6460556312624]}}, {"id": "390", "type": "Feature", "properties": {"OBJECTID": 391, "Id": 0, "stormdate": 1747353600000, "stormtime": "1941 UTC", "surveydate": 1748476800000, "surveytime": "1931 UTC", "event_id": " ", "damage": 2, "damage_txt": "One- or Two-Family Residences (FR12)", "dod_txt": "Loss of roof covering material (<20%), gutters and/or awning; loss of vinyl or metal siding", "efscale": "EF1", "damage_dir": "N/A", "windspeed": "86", "injuries": 0, "deaths": 0, "lat": 38.6415, "lon": -90.3042, "office": "LSX", "image": " ", "qc": "Y", "dod": 2, "surveytype": "0", "comments": "Roof damage per hi-res satellite imagery.", "image_full": " "}, "geometry": {"type": "Point", "coordinates": [-90.3042150120132, 38.6414622287989]}}, {"id": "391", "type": "Feature", "properties": {"OBJECTID": 392, "Id": 0, "stormdate": 1747353600000, "stormtime": "1942 UTC", "surveydate": 1748822400000, "surveytime": "1822 UTC", "event_id": " ", "damage": 2, "damage_txt": "One- or Two-Family Residences (FR12)", "dod_txt": "Loss of roof covering material (<20%), gutters and/or awning; loss of vinyl or metal siding", "efscale": "EF0", "damage_dir": "N/A", "windspeed": "79", "injuries": 0, "deaths": 0, "lat": 38.6491, "lon": -90.2939, "office": "LSX", "image": " ", "qc": "Y", "dod": 2, "surveytype": "0", "comments": " ", "image_full": " "}, "geometry": {"type": "Point", "coordinates": [-90.2938503569084, 38.6491023032288]}}, {"id": "392", "type": "Feature", "properties": {"OBJECTID": 393, "Id": 0, "stormdate": 1747353600000, "stormtime": "1943 UTC", "surveydate": 1754438400000, "surveytime": "1038 UTC", "event_id": " ", "damage": 2, "damage_txt": "One- or Two-Family Residences (FR12)", "dod_txt": "Loss of roof covering material (<20%), gutters and/or awning; loss of vinyl or metal siding", "efscale": "EF0", "damage_dir": "N/A", "windspeed": "79", "injuries": 0, "deaths": 0, "lat": 38.6581, "lon": -90.2663, "office": "LSX", "image": " ", "qc": "Y", "dod": 2, "surveytype": "0", "comments": " ", "image_full": " "}, "geometry": {"type": "Point", "coordinates": [-90.2662911400241, 38.6581030096463]}}, {"id": "393", "type": "Feature", "properties": {"OBJECTID": 394, "Id": 0, "stormdate": 1747353600000, "stormtime": "1942 UTC", "surveydate": 1748736000000, "surveytime": "1738 UTC", "event_id": " ", "damage": 5, "damage_txt": "Apartments, Condos, Townhouses [3 stories or less] (ACT)", "dod_txt": "Uplift of roof decking; significant loss of roof covering (>20%)", "efscale": "EF2", "damage_dir": "N/A", "windspeed": "120", "injuries": 0, "deaths": 0, "lat": 38.6485, "lon": -90.2885, "office": "LSX", "image": " ", "qc": "Y", "dod": 3, "surveytype": "0", "comments": " ", "image_full": " "}, "geometry": {"type": "Point", "coordinates": [-90.2885240861177, 38.6485392979503]}}, {"id": "394", "type": "Feature", "properties": {"OBJECTID": 395, "Id": 0, "stormdate": 1747353600000, "stormtime": "1900 UTC", "surveydate": 1748476800000, "surveytime": "1824 UTC", "event_id": " ", "damage": 2, "damage_txt": "One- or Two-Family Residences (FR12)", "dod_txt": "Loss of roof covering material (<20%), gutters and/or awning; loss of vinyl or metal siding", "efscale": "EF1", "damage_dir": "N/A", "windspeed": "90", "injuries": 0, "deaths": 0, "lat": 38.6408, "lon": -90.3082, "office": "LSX", "image": " ", "qc": "Y", "dod": 2, "surveytype": "0", "comments": "Roof damage per hi-res satellite imagery.", "image_full": " "}, "geometry": {"type": "Point", "coordinates": [-90.3081819692225, 38.640781118254]}}, {"id": "395", "type": "Feature", "properties": {"OBJECTID": 396, "Id": 0, "stormdate": 1747353600000, "stormtime": "1945 UTC", "surveydate": 1747440000000, "surveytime": "1539 UTC", "event_id": "0", "damage": 2, "damage_txt": "One- or Two-Family Residences (FR12)", "dod_txt": "Exterior walls collapsed", "efscale": "EF2", "damage_dir": "N/A", "windspeed": "132", "injuries": 0, "deaths": 1, "lat": 38.671, "lon": -90.2321, "office": "LSX", "image": "0", "qc": "Y", "dod": 7, "surveytype": "0", "comments": "0", "image_full": "https://services.dat.noaa.gov/arcgis/rest/services/nws_damageassessmenttoolkit/DamageViewer/MapServer/0/4479897/attachments/2625136"}, "geometry": {"type": "Point", "coordinates": [-90.2321381325687, 38.6710106983851]}}, {"id": "396", "type": "Feature", "properties": {"OBJECTID": 397, "Id": 0, "stormdate": 1747353600000, "stormtime": "1956 UTC", "surveydate": 1747526400000, "surveytime": "1453 UTC", "event_id": "0", "damage": 27, "damage_txt": "Trees: Hardwood (TH)", "dod_txt": "Large branches broken (1-3 inch diameter)", "efscale": "EF0", "damage_dir": "N/A", "windspeed": "74", "injuries": 0, "deaths": 0, "lat": 38.7346, "lon": -90.0951, "office": "LSX", "image": "0", "qc": "Y", "dod": 2, "surveytype": "0", "comments": "0", "image_full": "https://services.dat.noaa.gov/arcgis/rest/services/nws_damageassessmenttoolkit/DamageViewer/MapServer/0/4480370/attachments/2626103"}, "geometry": {"type": "Point", "coordinates": [-90.0951155874144, 38.7345896697775]}}, {"id": "397", "type": "Feature", "properties": {"OBJECTID": 398, "Id": 0, "stormdate": 1747353600000, "stormtime": "1942 UTC", "surveydate": 1747440000000, "surveytime": "2028 UTC", "event_id": "0", "damage": 27, "damage_txt": "Trees: Hardwood (TH)", "dod_txt": "Large branches broken (1-3 inch diameter)", "efscale": "EF0", "damage_dir": "N/A", "windspeed": "74", "injuries": 0, "deaths": 0, "lat": 38.642, "lon": -90.2962, "office": "LSX", "image": "0", "qc": "Y", "dod": 2, "surveytype": "0", "comments": "0", "image_full": "https://services.dat.noaa.gov/arcgis/rest/services/nws_damageassessmenttoolkit/DamageViewer/MapServer/0/4480201/attachments/2625893"}, "geometry": {"type": "Point", "coordinates": [-90.2962040589701, 38.6419980529678]}}, {"id": "398", "type": "Feature", "properties": {"OBJECTID": 399, "Id": 0, "stormdate": 1747353600000, "stormtime": "1942 UTC", "surveydate": 1748822400000, "surveytime": "1500 UTC", "event_id": " ", "damage": 27, "damage_txt": "Trees: Hardwood (TH)", "dod_txt": "Trees uprooted", "efscale": "EF1", "damage_dir": "N/A", "windspeed": "94", "injuries": 0, "deaths": 0, "lat": 38.6431, "lon": -90.2815, "office": "LSX", "image": " ", "qc": "Y", "dod": 3, "surveytype": "0", "comments": "A few trees uprooted in this area per hi-res satellite imagery. Felled to the north and east.", "image_full": " "}, "geometry": {"type": "Point", "coordinates": [-90.2815186092964, 38.6431100412954]}}, {"id": "399", "type": "Feature", "properties": {"OBJECTID": 400, "Id": 0, "stormdate": 1747353600000, "stormtime": "1941 UTC", "surveydate": 1748476800000, "surveytime": "1925 UTC", "event_id": " ", "damage": 2, "damage_txt": "One- or Two-Family Residences (FR12)", "dod_txt": "Loss of roof covering material (<20%), gutters and/or awning; loss of vinyl or metal siding", "efscale": "EF0", "damage_dir": "N/A", "windspeed": "85", "injuries": 0, "deaths": 0, "lat": 38.6409, "lon": -90.3043, "office": "LSX", "image": " ", "qc": "Y", "dod": 2, "surveytype": "0", "comments": "Roof damage per hi-res satellite imagery.", "image_full": " "}, "geometry": {"type": "Point", "coordinates": [-90.3042777091489, 38.6408714398651]}}, {"id": "400", "type": "Feature", "properties": {"OBJECTID": 401, "Id": 0, "stormdate": 1747353600000, "stormtime": "1943 UTC", "surveydate": 1761523200000, "surveytime": "1040 UTC", "event_id": " ", "damage": 2, "damage_txt": "One- or Two-Family Residences (FR12)", "dod_txt": "Loss of roof covering material (<20%), gutters and/or awning; loss of vinyl or metal siding", "efscale": "EF0", "damage_dir": "N/A", "windspeed": "79", "injuries": 0, "deaths": 0, "lat": 38.6666, "lon": -90.2535, "office": "LSX", "image": " ", "qc": "Y", "dod": 2, "surveytype": "0", "comments": " ", "image_full": " "}, "geometry": {"type": "Point", "coordinates": [-90.253527734917, 38.6665503317325]}}, {"id": "401", "type": "Feature", "properties": {"OBJECTID": 402, "Id": 0, "stormdate": 1747353600000, "stormtime": "1946 UTC", "surveydate": 1747440000000, "surveytime": "1617 UTC", "event_id": "0", "damage": 27, "damage_txt": "Trees: Hardwood (TH)", "dod_txt": "Large branches broken (1-3 inch diameter)", "efscale": "EF0", "damage_dir": "N/A", "windspeed": "74", "injuries": 0, "deaths": 0, "lat": 38.6715, "lon": -90.2195, "office": "LSX", "image": "0", "qc": "Y", "dod": 2, "surveytype": "0", "comments": "0", "image_full": "https://services.dat.noaa.gov/arcgis/rest/services/nws_damageassessmenttoolkit/DamageViewer/MapServer/0/4465816/attachments/2613527"}, "geometry": {"type": "Point", "coordinates": [-90.2195109495706, 38.6715442076991]}}, {"id": "402", "type": "Feature", "properties": {"OBJECTID": 403, "Id": 0, "stormdate": 1747353600000, "stormtime": "1943 UTC", "surveydate": 1748822400000, "surveytime": "1656 UTC", "event_id": " ", "damage": 18, "damage_txt": "Mid-Rise Building [5-20 Stories] (MRB)", "dod_txt": "Damage to penthouse roof and walls; loss of rooftop HVAC equipment", "efscale": "EF1", "damage_dir": "N/A", "windspeed": "92", "injuries": 0, "deaths": 0, "lat": 38.6477, "lon": -90.2799, "office": "LSX", "image": " ", "qc": "Y", "dod": 3, "surveytype": "0", "comments": " ", "image_full": " "}, "geometry": {"type": "Point", "coordinates": [-90.2799285944291, 38.6477367393591]}}, {"id": "403", "type": "Feature", "properties": {"OBJECTID": 404, "Id": 0, "stormdate": 1747353600000, "stormtime": "1944 UTC", "surveydate": 1747440000000, "surveytime": "1847 UTC", "event_id": "0", "damage": 2, "damage_txt": "One- or Two-Family Residences (FR12)", "dod_txt": "Large sections of roof structure removed; most walls remain standing", "efscale": "EF2", "damage_dir": "N/A", "windspeed": "122", "injuries": 0, "deaths": 0, "lat": 38.6622, "lon": -90.2467, "office": "LSX", "image": "0", "qc": "Y", "dod": 6, "surveytype": "0", "comments": "0", "image_full": "https://services.dat.noaa.gov/arcgis/rest/services/nws_damageassessmenttoolkit/DamageViewer/MapServer/0/4480075/attachments/2625348"}, "geometry": {"type": "Point", "coordinates": [-90.2466994569144, 38.6621764088143]}}, {"id": "404", "type": "Feature", "properties": {"OBJECTID": 405, "Id": 0, "stormdate": 1747353600000, "stormtime": "1944 UTC", "surveydate": 1747440000000, "surveytime": "1509 UTC", "event_id": "0", "damage": 2, "damage_txt": "One- or Two-Family Residences (FR12)", "dod_txt": "Most walls collapsed, except small interior rooms", "efscale": "EF2", "damage_dir": "N/A", "windspeed": "135", "injuries": 0, "deaths": 0, "lat": 38.6686, "lon": -90.2447, "office": "LSX", "image": "0", "qc": "Y", "dod": 8, "surveytype": "0", "comments": "0", "image_full": "https://services.dat.noaa.gov/arcgis/rest/services/nws_damageassessmenttoolkit/DamageViewer/MapServer/0/4479871/attachments/2625118"}, "geometry": {"type": "Point", "coordinates": [-90.2447270098436, 38.6685989954473]}}, {"id": "405", "type": "Feature", "properties": {"OBJECTID": 406, "Id": 0, "stormdate": 1747353600000, "stormtime": "1940 UTC", "surveydate": 1748390400000, "surveytime": "1850 UTC", "event_id": " ", "damage": 27, "damage_txt": "Trees: Hardwood (TH)", "dod_txt": "Trunks snapped", "efscale": "EF1", "damage_dir": "NE/45", "windspeed": "107", "injuries": 0, "deaths": 0, "lat": 38.6406, "lon": -90.3213, "office": "LSX", "image": " ", "qc": "Y", "dod": 4, "surveytype": "0", "comments": "Several trees snapped here and blown eastward per hi-res satellite imagery.", "image_full": " "}, "geometry": {"type": "Point", "coordinates": [-90.3212592323277, 38.6406364533097]}}, {"id": "406", "type": "Feature", "properties": {"OBJECTID": 407, "Id": 0, "stormdate": 1747353600000, "stormtime": "1942 UTC", "surveydate": 1748736000000, "surveytime": "1754 UTC", "event_id": " ", "damage": 20, "damage_txt": "Institutional Building [Hospital, Government or University Building] (IB)", "dod_txt": "Loss of roof covering (<20%)", "efscale": "EF1", "damage_dir": "N/A", "windspeed": "90", "injuries": 0, "deaths": 0, "lat": 38.644, "lon": -90.2838, "office": "LSX", "image": " ", "qc": "Y", "dod": 2, "surveytype": "0", "comments": "Trees uprooted and felled northward around the building.", "image_full": " "}, "geometry": {"type": "Point", "coordinates": [-90.2837645842681, 38.6440221040369]}}, {"id": "407", "type": "Feature", "properties": {"OBJECTID": 408, "Id": 0, "stormdate": 1747353600000, "stormtime": "2004 UTC", "surveydate": 1747526400000, "surveytime": "1612 UTC", "event_id": "0", "damage": 28, "damage_txt": "Trees: Softwood (TS)", "dod_txt": "Trunks snapped", "efscale": "EF1", "damage_dir": "N/A", "windspeed": "90", "injuries": 0, "deaths": 0, "lat": 38.7836, "lon": -89.9945, "office": "LSX", "image": "0", "qc": "Y", "dod": 4, "surveytype": "0", "comments": "0", "image_full": "https://services.dat.noaa.gov/arcgis/rest/services/nws_damageassessmenttoolkit/DamageViewer/MapServer/0/4480441/attachments/2626143"}, "geometry": {"type": "Point", "coordinates": [-89.9945463491347, 38.7835792327954]}}, {"id": "408", "type": "Feature", "properties": {"OBJECTID": 409, "Id": 0, "stormdate": 1747353600000, "stormtime": "1939 UTC", "surveydate": 1748390400000, "surveytime": "1608 UTC", "event_id": " ", "damage": 28, "damage_txt": "Trees: Softwood (TS)", "dod_txt": "Trees uprooted", "efscale": "EF1", "damage_dir": "N/0", "windspeed": "87", "injuries": 0, "deaths": 0, "lat": 38.6429, "lon": -90.3441, "office": "LSX", "image": " ", "qc": "Y", "dod": 3, "surveytype": "0", "comments": "Two pine trees uprooted here, felled to the north per hi-res satellite imagery.", "image_full": " "}, "geometry": {"type": "Point", "coordinates": [-90.3440762808956, 38.6428902200077]}}, {"id": "409", "type": "Feature", "properties": {"OBJECTID": 410, "Id": 0, "stormdate": 1747353600000, "stormtime": "2005 UTC", "surveydate": 1747526400000, "surveytime": "1637 UTC", "event_id": "0", "damage": 27, "damage_txt": "Trees: Hardwood (TH)", "dod_txt": "Large branches broken (1-3 inch diameter)", "efscale": "EF0", "damage_dir": "N/A", "windspeed": "70", "injuries": 0, "deaths": 0, "lat": 38.7939, "lon": -89.9787, "office": "LSX", "image": "0", "qc": "Y", "dod": 2, "surveytype": "0", "comments": "0", "image_full": " "}, "geometry": {"type": "Point", "coordinates": [-89.9786748132919, 38.7939198778002]}}, {"id": "410", "type": "Feature", "properties": {"OBJECTID": 411, "Id": 0, "stormdate": 1747353600000, "stormtime": "1944 UTC", "surveydate": 1747440000000, "surveytime": "1842 UTC", "event_id": "0", "damage": 2, "damage_txt": "One- or Two-Family Residences (FR12)", "dod_txt": "Large sections of roof structure removed; most walls remain standing", "efscale": "EF1", "damage_dir": "N/A", "windspeed": "104", "injuries": 0, "deaths": 0, "lat": 38.6664, "lon": -90.2532, "office": "LSX", "image": "0", "qc": "Y", "dod": 6, "surveytype": "0", "comments": "Roof of house had been in a severely degraded state for at least 10 years, and was a major role into the partial collapse of structure. Used lower bound of estimated wind speed.", "image_full": "https://services.dat.noaa.gov/arcgis/rest/services/nws_damageassessmenttoolkit/DamageViewer/MapServer/0/4480048/attachments/2625320"}, "geometry": {"type": "Point", "coordinates": [-90.2532467093681, 38.6664065049563]}}, {"id": "411", "type": "Feature", "properties": {"OBJECTID": 412, "Id": 0, "stormdate": 1747353600000, "stormtime": "1943 UTC", "surveydate": 1761523200000, "surveytime": "1040 UTC", "event_id": " ", "damage": 2, "damage_txt": "One- or Two-Family Residences (FR12)", "dod_txt": "Loss of roof covering material (<20%), gutters and/or awning; loss of vinyl or metal siding", "efscale": "EF0", "damage_dir": "N/A", "windspeed": "79", "injuries": 0, "deaths": 0, "lat": 38.6666, "lon": -90.2535, "office": "LSX", "image": " ", "qc": "Y", "dod": 2, "surveytype": "0", "comments": " ", "image_full": " "}, "geometry": {"type": "Point", "coordinates": [-90.253527734917, 38.6665503317325]}}, {"id": "412", "type": "Feature", "properties": {"OBJECTID": 413, "Id": 0, "stormdate": 1747353600000, "stormtime": "1943 UTC", "surveydate": 1754438400000, "surveytime": "1038 UTC", "event_id": " ", "damage": 2, "damage_txt": "One- or Two-Family Residences (FR12)", "dod_txt": "Loss of roof covering material (<20%), gutters and/or awning; loss of vinyl or metal siding", "efscale": "EF0", "damage_dir": "N/A", "windspeed": "79", "injuries": 0, "deaths": 0, "lat": 38.6581, "lon": -90.2663, "office": "LSX", "image": " ", "qc": "Y", "dod": 2, "surveytype": "0", "comments": " ", "image_full": " "}, "geometry": {"type": "Point", "coordinates": [-90.2662911400241, 38.6581030096463]}}, {"id": "413", "type": "Feature", "properties": {"OBJECTID": 414, "Id": 0, "stormdate": 1747353600000, "stormtime": "1944 UTC", "surveydate": 1747440000000, "surveytime": "1608 UTC", "event_id": "0", "damage": 27, "damage_txt": "Trees: Hardwood (TH)", "dod_txt": "Large branches broken (1-3 inch diameter)", "efscale": "EF1", "damage_dir": "N/A", "windspeed": "88", "injuries": 0, "deaths": 0, "lat": 38.6621, "lon": -90.2329, "office": "LSX", "image": "0", "qc": "Y", "dod": 2, "surveytype": "0", "comments": "0", "image_full": "https://services.dat.noaa.gov/arcgis/rest/services/nws_damageassessmenttoolkit/DamageViewer/MapServer/0/4479911/attachments/2625150"}, "geometry": {"type": "Point", "coordinates": [-90.2328702679484, 38.6620616903948]}}, {"id": "414", "type": "Feature", "properties": {"OBJECTID": 415, "Id": 0, "stormdate": 1747353600000, "stormtime": "1945 UTC", "surveydate": 1747440000000, "surveytime": "1523 UTC", "event_id": "0", "damage": 2, "damage_txt": "One- or Two-Family Residences (FR12)", "dod_txt": "Large sections of roof structure removed; most walls remain standing", "efscale": "EF2", "damage_dir": "N/A", "windspeed": "122", "injuries": 0, "deaths": 0, "lat": 38.6724, "lon": -90.2345, "office": "LSX", "image": "0", "qc": "Y", "dod": 6, "surveytype": "0", "comments": "0", "image_full": "https://services.dat.noaa.gov/arcgis/rest/services/nws_damageassessmenttoolkit/DamageViewer/MapServer/0/4479881/attachments/2625128"}, "geometry": {"type": "Point", "coordinates": [-90.2344792342292, 38.6723878068519]}}, {"id": "415", "type": "Feature", "properties": {"OBJECTID": 416, "Id": 0, "stormdate": 1747353600000, "stormtime": "1943 UTC", "surveydate": 1747440000000, "surveytime": "1359 UTC", "event_id": "0", "damage": 18, "damage_txt": "Mid-Rise Building [5-20 Stories] (MRB)", "dod_txt": "Uplift of lightweight roof decking; significant loss of roof covering (>20%)", "efscale": "EF1", "damage_dir": "N/A", "windspeed": "110", "injuries": 0, "deaths": 0, "lat": 38.6508, "lon": -90.264, "office": "LSX", "image": "0", "qc": "Y", "dod": 6, "surveytype": "0", "comments": "0", "image_full": "https://services.dat.noaa.gov/arcgis/rest/services/nws_damageassessmenttoolkit/DamageViewer/MapServer/0/4466124/attachments/2615485"}, "geometry": {"type": "Point", "coordinates": [-90.2639600658044, 38.6507563102556]}}, {"id": "416", "type": "Feature", "properties": {"OBJECTID": 417, "Id": 0, "stormdate": 1747353600000, "stormtime": "1939 UTC", "surveydate": 1748390400000, "surveytime": "1451 UTC", "event_id": " ", "damage": 27, "damage_txt": "Trees: Hardwood (TH)", "dod_txt": "Large branches broken (1-3 inch diameter)", "efscale": "EF0", "damage_dir": "S/180", "windspeed": "80", "injuries": 0, "deaths": 0, "lat": 38.6432, "lon": -90.3323, "office": "LSX", "image": " ", "qc": "Y", "dod": 2, "surveytype": "0", "comments": "Small tree snapped, felled to the southeast per hi-res satellite imagery.", "image_full": " "}, "geometry": {"type": "Point", "coordinates": [-90.3323080835512, 38.6431646112579]}}, {"id": "417", "type": "Feature", "properties": {"OBJECTID": 418, "Id": 0, "stormdate": 1747353600000, "stormtime": "1941 UTC", "surveydate": 1748736000000, "surveytime": "1454 UTC", "event_id": " ", "damage": 20, "damage_txt": "Institutional Building [Hospital, Government or University Building] (IB)", "dod_txt": "Damage to penthouse roof and walls; loss of rooftop HVAC equipment", "efscale": "EF1", "damage_dir": "N/A", "windspeed": "92", "injuries": 0, "deaths": 0, "lat": 38.6456, "lon": -90.3017, "office": "LSX", "image": " ", "qc": "Y", "dod": 3, "surveytype": "0", "comments": "Rooftop HVAC equipment removed per hi-res satellite imagery.", "image_full": " "}, "geometry": {"type": "Point", "coordinates": [-90.3016575361663, 38.6455539120834]}}, {"id": "418", "type": "Feature", "properties": {"OBJECTID": 419, "Id": 0, "stormdate": 1747353600000, "stormtime": "1943 UTC", "surveydate": 1754438400000, "surveytime": "1038 UTC", "event_id": " ", "damage": 2, "damage_txt": "One- or Two-Family Residences (FR12)", "dod_txt": "Loss of roof covering material (<20%), gutters and/or awning; loss of vinyl or metal siding", "efscale": "EF0", "damage_dir": "N/A", "windspeed": "79", "injuries": 0, "deaths": 0, "lat": 38.6581, "lon": -90.2663, "office": "LSX", "image": " ", "qc": "Y", "dod": 2, "surveytype": "0", "comments": " ", "image_full": " "}, "geometry": {"type": "Point", "coordinates": [-90.2662911400241, 38.6581030096463]}}, {"id": "419", "type": "Feature", "properties": {"OBJECTID": 420, "Id": 0, "stormdate": 1747353600000, "stormtime": "1939 UTC", "surveydate": 1748390400000, "surveytime": "1814 UTC", "event_id": " ", "damage": 27, "damage_txt": "Trees: Hardwood (TH)", "dod_txt": "Large branches broken (1-3 inch diameter)", "efscale": "EF0", "damage_dir": "N/A", "windspeed": "85", "injuries": 0, "deaths": 0, "lat": 38.6421, "lon": -90.3296, "office": "LSX", "image": " ", "qc": "Y", "dod": 2, "surveytype": "0", "comments": "Tree topped, branched thrown eastward per hi-res satellite imagery.", "image_full": " "}, "geometry": {"type": "Point", "coordinates": [-90.3295612689374, 38.6420857467598]}}, {"id": "420", "type": "Feature", "properties": {"OBJECTID": 421, "Id": 0, "stormdate": 1747353600000, "stormtime": "1943 UTC", "surveydate": 1748822400000, "surveytime": "1632 UTC", "event_id": " ", "damage": 18, "damage_txt": "Mid-Rise Building [5-20 Stories] (MRB)", "dod_txt": "Damage to parapet walls or coping", "efscale": "EF1", "damage_dir": "N/A", "windspeed": "99", "injuries": 0, "deaths": 0, "lat": 38.6475, "lon": -90.277, "office": "LSX", "image": " ", "qc": "Y", "dod": 4, "surveytype": "0", "comments": " ", "image_full": " "}, "geometry": {"type": "Point", "coordinates": [-90.2769586598143, 38.6474986807196]}}, {"id": "421", "type": "Feature", "properties": {"OBJECTID": 422, "Id": 0, "stormdate": 1747353600000, "stormtime": "1939 UTC", "surveydate": 1748304000000, "surveytime": "1802 UTC", "event_id": " ", "damage": 2, "damage_txt": "One- or Two-Family Residences (FR12)", "dod_txt": "Loss of roof covering material (<20%), gutters and/or awning; loss of vinyl or metal siding", "efscale": "TSTM/Wind", "damage_dir": "N/A", "windspeed": "79", "injuries": 0, "deaths": 0, "lat": 38.6328, "lon": -90.328, "office": "LSX", "image": " ", "qc": "Y", "dod": 2, "surveytype": "0", "comments": "Tarps on north portion of roof per hi-res satellite imagery.", "image_full": " "}, "geometry": {"type": "Point", "coordinates": [-90.3280225100308, 38.6328292155958]}}, {"id": "422", "type": "Feature", "properties": {"OBJECTID": 423, "Id": 0, "stormdate": 1747353600000, "stormtime": "1943 UTC", "surveydate": 1748822400000, "surveytime": "1917 UTC", "event_id": " ", "damage": 2, "damage_txt": "One- or Two-Family Residences (FR12)", "dod_txt": "Uplift of roof deck and loss of significant roof covering material (>20%); collapse of chimney; garage doors collapse inward; failure of porch or carport", "efscale": "EF1", "damage_dir": "N/A", "windspeed": "100", "injuries": 0, "deaths": 0, "lat": 38.6461, "lon": -90.2813, "office": "LSX", "image": " ", "qc": "Y", "dod": 4, "surveytype": "0", "comments": "Nearly every tree on the property snapped or uprooted.", "image_full": " "}, "geometry": {"type": "Point", "coordinates": [-90.2812688639669, 38.6461287173665]}}, {"id": "423", "type": "Feature", "properties": {"OBJECTID": 424, "Id": 0, "stormdate": 1747353600000, "stormtime": "1940 UTC", "surveydate": 1748390400000, "surveytime": "1402 UTC", "event_id": " ", "damage": 27, "damage_txt": "Trees: Hardwood (TH)", "dod_txt": "Large branches broken (1-3 inch diameter)", "efscale": "EF0", "damage_dir": "N/A", "windspeed": "74", "injuries": 0, "deaths": 0, "lat": 38.6416, "lon": -90.3258, "office": "LSX", "image": " ", "qc": "Y", "dod": 2, "surveytype": "0", "comments": "Large branches broken per hi-res satellite imagery.", "image_full": " "}, "geometry": {"type": "Point", "coordinates": [-90.325828883696, 38.6416372251779]}}, {"id": "424", "type": "Feature", "properties": {"OBJECTID": 425, "Id": 0, "stormdate": 1747353600000, "stormtime": "1942 UTC", "surveydate": 1748822400000, "surveytime": "1454 UTC", "event_id": " ", "damage": 27, "damage_txt": "Trees: Hardwood (TH)", "dod_txt": "Trunks snapped", "efscale": "EF1", "damage_dir": "N/A", "windspeed": "107", "injuries": 0, "deaths": 0, "lat": 38.6464, "lon": -90.2948, "office": "LSX", "image": " ", "qc": "Y", "dod": 4, "surveytype": "0", "comments": "Numerous trees snapped or uprooted in this area per hi-res satellite imagery. Felled to the east.", "image_full": " "}, "geometry": {"type": "Point", "coordinates": [-90.2948376398452, 38.6464025744193]}}, {"id": "425", "type": "Feature", "properties": {"OBJECTID": 426, "Id": 0, "stormdate": 1747353600000, "stormtime": "1940 UTC", "surveydate": 1748390400000, "surveytime": "1935 UTC", "event_id": " ", "damage": 27, "damage_txt": "Trees: Hardwood (TH)", "dod_txt": "Large branches broken (1-3 inch diameter)", "efscale": "TSTM/Wind", "damage_dir": "N/A", "windspeed": "85", "injuries": 0, "deaths": 0, "lat": 38.6367, "lon": -90.3199, "office": "LSX", "image": " ", "qc": "Y", "dod": 2, "surveytype": "0", "comments": "A few trees topped in this area per hi-res satellite data.", "image_full": " "}, "geometry": {"type": "Point", "coordinates": [-90.3199381012623, 38.6367414940248]}}, {"id": "426", "type": "Feature", "properties": {"OBJECTID": 427, "Id": 0, "stormdate": 1747353600000, "stormtime": "1942 UTC", "surveydate": 1747440000000, "surveytime": "2045 UTC", "event_id": "0", "damage": 27, "damage_txt": "Trees: Hardwood (TH)", "dod_txt": "Trees uprooted", "efscale": "TSTM/Wind", "damage_dir": "N/A", "windspeed": "94", "injuries": 0, "deaths": 0, "lat": 38.6339, "lon": -90.289, "office": "LSX", "image": "0", "qc": "Y", "dod": 3, "surveytype": "0", "comments": "0", "image_full": "https://services.dat.noaa.gov/arcgis/rest/services/nws_damageassessmenttoolkit/DamageViewer/MapServer/0/4480204/attachments/2625896"}, "geometry": {"type": "Point", "coordinates": [-90.2889760736868, 38.6339383054085]}}, {"id": "427", "type": "Feature", "properties": {"OBJECTID": 428, "Id": 0, "stormdate": 1747353600000, "stormtime": "1941 UTC", "surveydate": 1748736000000, "surveytime": "1512 UTC", "event_id": " ", "damage": 27, "damage_txt": "Trees: Hardwood (TH)", "dod_txt": "Trunks snapped", "efscale": "EF1", "damage_dir": "N/A", "windspeed": "107", "injuries": 0, "deaths": 0, "lat": 38.6433, "lon": -90.3079, "office": "LSX", "image": " ", "qc": "Y", "dod": 4, "surveytype": "0", "comments": "Numerous trees snapped or uprooted in this area per hi-res satellite imagery.", "image_full": " "}, "geometry": {"type": "Point", "coordinates": [-90.3079365037666, 38.6433129886036]}}, {"id": "428", "type": "Feature", "properties": {"OBJECTID": 429, "Id": 0, "stormdate": 1747353600000, "stormtime": "1942 UTC", "surveydate": 1748822400000, "surveytime": "1449 UTC", "event_id": " ", "damage": 27, "damage_txt": "Trees: Hardwood (TH)", "dod_txt": "Trunks snapped", "efscale": "EF1", "damage_dir": "N/A", "windspeed": "107", "injuries": 0, "deaths": 0, "lat": 38.6436, "lon": -90.3002, "office": "LSX", "image": " ", "qc": "Y", "dod": 4, "surveytype": "0", "comments": "Numerous trees snapped or uprooted in this area per hi-res satellite imagery. Felled in different directions.", "image_full": " "}, "geometry": {"type": "Point", "coordinates": [-90.3002372035841, 38.6436375413395]}}, {"id": "429", "type": "Feature", "properties": {"OBJECTID": 430, "Id": 0, "stormdate": 1747353600000, "stormtime": "1941 UTC", "surveydate": 1747440000000, "surveytime": "2141 UTC", "event_id": "0", "damage": 27, "damage_txt": "Trees: Hardwood (TH)", "dod_txt": "Trees uprooted", "efscale": "TSTM/Wind", "damage_dir": "SSE/150", "windspeed": "90", "injuries": 0, "deaths": 0, "lat": 38.6464, "lon": -90.3075, "office": "LSX", "image": "0", "qc": "Y", "dod": 3, "surveytype": "0", "comments": " ", "image_full": "https://services.dat.noaa.gov/arcgis/rest/services/nws_damageassessmenttoolkit/DamageViewer/MapServer/0/4480234/attachments/2625923"}, "geometry": {"type": "Point", "coordinates": [-90.3074812822354, 38.6464410842887]}}, {"id": "430", "type": "Feature", "properties": {"OBJECTID": 431, "Id": 0, "stormdate": 1747353600000, "stormtime": "1941 UTC", "surveydate": 1748736000000, "surveytime": "1541 UTC", "event_id": " ", "damage": 27, "damage_txt": "Trees: Hardwood (TH)", "dod_txt": "Large branches broken (1-3 inch diameter)", "efscale": "TSTM/Wind", "damage_dir": "SE/135", "windspeed": "88", "injuries": 0, "deaths": 0, "lat": 38.6536, "lon": -90.3025, "office": "LSX", "image": " ", "qc": "Y", "dod": 2, "surveytype": "0", "comments": " ", "image_full": " "}, "geometry": {"type": "Point", "coordinates": [-90.3025440932353, 38.6536265208473]}}, {"id": "431", "type": "Feature", "properties": {"OBJECTID": 432, "Id": 0, "stormdate": 1747353600000, "stormtime": "1931 UTC", "surveydate": 1748304000000, "surveytime": "1836 UTC", "event_id": " ", "damage": 27, "damage_txt": "Trees: Hardwood (TH)", "dod_txt": "Large branches broken (1-3 inch diameter)", "efscale": "TSTM/Wind", "damage_dir": "N/A", "windspeed": "80", "injuries": 0, "deaths": 0, "lat": 38.6352, "lon": -90.3272, "office": "LSX", "image": " ", "qc": "Y", "dod": 2, "surveytype": "0", "comments": "Large tree limb snapped and lying southward per hi-res satellite imagery.", "image_full": " "}, "geometry": {"type": "Point", "coordinates": [-90.3271725850468, 38.6352468225829]}}, {"id": "432", "type": "Feature", "properties": {"OBJECTID": 433, "Id": 0, "stormdate": 1747353600000, "stormtime": "1943 UTC", "surveydate": 1761523200000, "surveytime": "1040 UTC", "event_id": " ", "damage": 2, "damage_txt": "One- or Two-Family Residences (FR12)", "dod_txt": "Loss of roof covering material (<20%), gutters and/or awning; loss of vinyl or metal siding", "efscale": "EF0", "damage_dir": "N/A", "windspeed": "79", "injuries": 0, "deaths": 0, "lat": 38.6666, "lon": -90.2535, "office": "LSX", "image": " ", "qc": "Y", "dod": 2, "surveytype": "0", "comments": " ", "image_full": " "}, "geometry": {"type": "Point", "coordinates": [-90.253527734917, 38.6665503317325]}}, {"id": "433", "type": "Feature", "properties": {"OBJECTID": 434, "Id": 0, "stormdate": 1747353600000, "stormtime": "2003 UTC", "surveydate": 1747526400000, "surveytime": "1603 UTC", "event_id": "0", "damage": 27, "damage_txt": "Trees: Hardwood (TH)", "dod_txt": "Large branches broken (1-3 inch diameter)", "efscale": "EF0", "damage_dir": "N/A", "windspeed": "74", "injuries": 0, "deaths": 0, "lat": 38.7799, "lon": -89.9999, "office": "LSX", "image": "0", "qc": "Y", "dod": 2, "surveytype": "0", "comments": "0", "image_full": "https://services.dat.noaa.gov/arcgis/rest/services/nws_damageassessmenttoolkit/DamageViewer/MapServer/0/4480427/attachments/2626137"}, "geometry": {"type": "Point", "coordinates": [-89.999875788237, 38.7799228267771]}}, {"id": "434", "type": "Feature", "properties": {"OBJECTID": 435, "Id": 0, "stormdate": 1747353600000, "stormtime": "1940 UTC", "surveydate": 1747440000000, "surveytime": "2151 UTC", "event_id": "0", "damage": 27, "damage_txt": "Trees: Hardwood (TH)", "dod_txt": "Trees uprooted", "efscale": "EF1", "damage_dir": "N/A", "windspeed": "94", "injuries": 0, "deaths": 0, "lat": 38.6404, "lon": -90.3182, "office": "LSX", "image": "0", "qc": "Y", "dod": 3, "surveytype": "0", "comments": "0", "image_full": "https://services.dat.noaa.gov/arcgis/rest/services/nws_damageassessmenttoolkit/DamageViewer/MapServer/0/4480240/attachments/2625929"}, "geometry": {"type": "Point", "coordinates": [-90.3182383664075, 38.6404385089301]}}, {"id": "435", "type": "Feature", "properties": {"OBJECTID": 436, "Id": 0, "stormdate": 1747353600000, "stormtime": "1943 UTC", "surveydate": 1748822400000, "surveytime": "1532 UTC", "event_id": " ", "damage": 27, "damage_txt": "Trees: Hardwood (TH)", "dod_txt": "Trees uprooted", "efscale": "EF1", "damage_dir": "E/90", "windspeed": "94", "injuries": 0, "deaths": 0, "lat": 38.644, "lon": -90.267, "office": "LSX", "image": " ", "qc": "Y", "dod": 3, "surveytype": "0", "comments": "A few trees uprooted here per hi-res satellite imagery. Felled to the east.", "image_full": " "}, "geometry": {"type": "Point", "coordinates": [-90.2670127506379, 38.6440487473518]}}, {"id": "436", "type": "Feature", "properties": {"OBJECTID": 437, "Id": 0, "stormdate": 1747353600000, "stormtime": "1941 UTC", "surveydate": 1748736000000, "surveytime": "1403 UTC", "event_id": " ", "damage": 2, "damage_txt": "One- or Two-Family Residences (FR12)", "dod_txt": "Uplift of roof deck and loss of significant roof covering material (>20%); collapse of chimney; garage doors collapse inward; failure of porch or carport", "efscale": "EF1", "damage_dir": "N/A", "windspeed": "97", "injuries": 0, "deaths": 0, "lat": 38.6438, "lon": -90.3058, "office": "LSX", "image": " ", "qc": "Y", "dod": 4, "surveytype": "0", "comments": "Several trees snapped at this property, significant roof damage per hi-res satellite imagery.", "image_full": " "}, "geometry": {"type": "Point", "coordinates": [-90.3057730658742, 38.6438185910552]}}, {"id": "437", "type": "Feature", "properties": {"OBJECTID": 438, "Id": 0, "stormdate": 1747353600000, "stormtime": "1940 UTC", "surveydate": 1748390400000, "surveytime": "1647 UTC", "event_id": " ", "damage": 29, "damage_txt": "Other (O)", "dod_txt": "Other damage", "efscale": "TSTM/Wind", "damage_dir": "N/A", "windspeed": "70", "injuries": 0, "deaths": 0, "lat": 38.6424, "lon": -90.3505, "office": "LSX", "image": " ", "qc": "Y", "dod": 1, "surveytype": "0", "comments": "Portion of fence blown down per hi-res satellite imagery.", "image_full": " "}, "geometry": {"type": "Point", "coordinates": [-90.3504910371316, 38.6424375120816]}}, {"id": "438", "type": "Feature", "properties": {"OBJECTID": 439, "Id": 0, "stormdate": 1747353600000, "stormtime": "1943 UTC", "surveydate": 1761523200000, "surveytime": "1040 UTC", "event_id": " ", "damage": 2, "damage_txt": "One- or Two-Family Residences (FR12)", "dod_txt": "Loss of roof covering material (<20%), gutters and/or awning; loss of vinyl or metal siding", "efscale": "EF0", "damage_dir": "N/A", "windspeed": "79", "injuries": 0, "deaths": 0, "lat": 38.6666, "lon": -90.2535, "office": "LSX", "image": " ", "qc": "Y", "dod": 2, "surveytype": "0", "comments": " ", "image_full": " "}, "geometry": {"type": "Point", "coordinates": [-90.253527734917, 38.6665503317325]}}, {"id": "439", "type": "Feature", "properties": {"OBJECTID": 440, "Id": 0, "stormdate": 1747353600000, "stormtime": "1941 UTC", "surveydate": 1748736000000, "surveytime": "1444 UTC", "event_id": " ", "damage": 2, "damage_txt": "One- or Two-Family Residences (FR12)", "dod_txt": "Uplift of roof deck and loss of significant roof covering material (>20%); collapse of chimney; garage doors collapse inward; failure of porch or carport", "efscale": "EF1", "damage_dir": "N/0", "windspeed": "97", "injuries": 0, "deaths": 0, "lat": 38.6421, "lon": -90.3038, "office": "LSX", "image": " ", "qc": "Y", "dod": 4, "surveytype": "0", "comments": "Several trees snapped at this property, roof damage per hi-res satellite imagery.", "image_full": " "}, "geometry": {"type": "Point", "coordinates": [-90.3038060552053, 38.6420568749249]}}, {"id": "440", "type": "Feature", "properties": {"OBJECTID": 441, "Id": 0, "stormdate": 1747353600000, "stormtime": "1954 UTC", "surveydate": 1747526400000, "surveytime": "1432 UTC", "event_id": "0", "damage": 28, "damage_txt": "Trees: Softwood (TS)", "dod_txt": "Large branches broken (1-3 inch diameter)", "efscale": "EF0", "damage_dir": "N/A", "windspeed": "75", "injuries": 0, "deaths": 0, "lat": 38.7189, "lon": -90.1206, "office": "LSX", "image": "0", "qc": "Y", "dod": 2, "surveytype": "0", "comments": "0", "image_full": "https://services.dat.noaa.gov/arcgis/rest/services/nws_damageassessmenttoolkit/DamageViewer/MapServer/0/4480364/attachments/2626097"}, "geometry": {"type": "Point", "coordinates": [-90.1205771778944, 38.7188824139923]}}, {"id": "441", "type": "Feature", "properties": {"OBJECTID": 442, "Id": 0, "stormdate": 1747353600000, "stormtime": "1943 UTC", "surveydate": 1754438400000, "surveytime": "1038 UTC", "event_id": " ", "damage": 2, "damage_txt": "One- or Two-Family Residences (FR12)", "dod_txt": "Loss of roof covering material (<20%), gutters and/or awning; loss of vinyl or metal siding", "efscale": "EF0", "damage_dir": "N/A", "windspeed": "79", "injuries": 0, "deaths": 0, "lat": 38.6581, "lon": -90.2663, "office": "LSX", "image": " ", "qc": "Y", "dod": 2, "surveytype": "0", "comments": " ", "image_full": " "}, "geometry": {"type": "Point", "coordinates": [-90.2662911400241, 38.6581030096463]}}, {"id": "442", "type": "Feature", "properties": {"OBJECTID": 443, "Id": 0, "stormdate": 1747353600000, "stormtime": "1941 UTC", "surveydate": 1748476800000, "surveytime": "1920 UTC", "event_id": " ", "damage": 2, "damage_txt": "One- or Two-Family Residences (FR12)", "dod_txt": "Loss of roof covering material (<20%), gutters and/or awning; loss of vinyl or metal siding", "efscale": "EF0", "damage_dir": "N/A", "windspeed": "79", "injuries": 0, "deaths": 0, "lat": 38.64, "lon": -90.3063, "office": "LSX", "image": " ", "qc": "Y", "dod": 2, "surveytype": "0", "comments": "Roof damage per hi-res satellite imagery.", "image_full": " "}, "geometry": {"type": "Point", "coordinates": [-90.3063389858555, 38.6399711051824]}}, {"id": "443", "type": "Feature", "properties": {"OBJECTID": 444, "Id": 0, "stormdate": 1747353600000, "stormtime": "1940 UTC", "surveydate": 1748476800000, "surveytime": "1803 UTC", "event_id": " ", "damage": 2, "damage_txt": "One- or Two-Family Residences (FR12)", "dod_txt": "Uplift of roof deck and loss of significant roof covering material (>20%); collapse of chimney; garage doors collapse inward; failure of porch or carport", "efscale": "EF1", "damage_dir": "N/A", "windspeed": "97", "injuries": 0, "deaths": 0, "lat": 38.6414, "lon": -90.3099, "office": "LSX", "image": " ", "qc": "Y", "dod": 4, "surveytype": "0", "comments": "Significant roof damage per hi-res satellite imagery.", "image_full": " "}, "geometry": {"type": "Point", "coordinates": [-90.3098971022694, 38.6414285941544]}}, {"id": "444", "type": "Feature", "properties": {"OBJECTID": 445, "Id": 0, "stormdate": 1747353600000, "stormtime": "1940 UTC", "surveydate": 1748390400000, "surveytime": "1838 UTC", "event_id": " ", "damage": 27, "damage_txt": "Trees: Hardwood (TH)", "dod_txt": "Trunks snapped", "efscale": "EF1", "damage_dir": "N/A", "windspeed": "107", "injuries": 0, "deaths": 0, "lat": 38.6417, "lon": -90.3244, "office": "LSX", "image": " ", "qc": "Y", "dod": 4, "surveytype": "0", "comments": "Large tree snapped and felled to the northeast, landing on a house per hi-res satellite imagery.", "image_full": " "}, "geometry": {"type": "Point", "coordinates": [-90.3243987565973, 38.6416855241677]}}, {"id": "445", "type": "Feature", "properties": {"OBJECTID": 446, "Id": 0, "stormdate": 1747353600000, "stormtime": "1942 UTC", "surveydate": 1748822400000, "surveytime": "1857 UTC", "event_id": " ", "damage": 27, "damage_txt": "Trees: Hardwood (TH)", "dod_txt": "Trunks snapped", "efscale": "TSTM/Wind", "damage_dir": "N/A", "windspeed": "100", "injuries": 0, "deaths": 0, "lat": 38.6369, "lon": -90.2834, "office": "LSX", "image": " ", "qc": "Y", "dod": 4, "surveytype": "0", "comments": " ", "image_full": " "}, "geometry": {"type": "Point", "coordinates": [-90.2833967759404, 38.6368852380633]}}, {"id": "446", "type": "Feature", "properties": {"OBJECTID": 447, "Id": 0, "stormdate": 1747353600000, "stormtime": "1944 UTC", "surveydate": 1747440000000, "surveytime": "1827 UTC", "event_id": "0", "damage": 27, "damage_txt": "Trees: Hardwood (TH)", "dod_txt": "Small limbs broken (up to 1 inch diameter)", "efscale": "EF0", "damage_dir": "N/A", "windspeed": "70", "injuries": 0, "deaths": 0, "lat": 38.6703, "lon": -90.2439, "office": "LSX", "image": "0", "qc": "Y", "dod": 1, "surveytype": "0", "comments": "0", "image_full": "https://services.dat.noaa.gov/arcgis/rest/services/nws_damageassessmenttoolkit/DamageViewer/MapServer/0/4480059/attachments/2625331"}, "geometry": {"type": "Point", "coordinates": [-90.243910113361, 38.6703101858664]}}, {"id": "447", "type": "Feature", "properties": {"OBJECTID": 448, "Id": 0, "stormdate": 1747353600000, "stormtime": "1944 UTC", "surveydate": 1747440000000, "surveytime": "1557 UTC", "event_id": "0", "damage": 27, "damage_txt": "Trees: Hardwood (TH)", "dod_txt": "Large branches broken (1-3 inch diameter)", "efscale": "EF0", "damage_dir": "N/A", "windspeed": "85", "injuries": 0, "deaths": 0, "lat": 38.6653, "lon": -90.2328, "office": "LSX", "image": "0", "qc": "Y", "dod": 2, "surveytype": "0", "comments": "0", "image_full": "https://services.dat.noaa.gov/arcgis/rest/services/nws_damageassessmenttoolkit/DamageViewer/MapServer/0/4479904/attachments/2625142"}, "geometry": {"type": "Point", "coordinates": [-90.2328180488138, 38.6652670450381]}}, {"id": "448", "type": "Feature", "properties": {"OBJECTID": 449, "Id": 0, "stormdate": 1747353600000, "stormtime": "1959 UTC", "surveydate": 1747526400000, "surveytime": "1459 UTC", "event_id": "0", "damage": 27, "damage_txt": "Trees: Hardwood (TH)", "dod_txt": "Large branches broken (1-3 inch diameter)", "efscale": "EF0", "damage_dir": "N/A", "windspeed": "74", "injuries": 0, "deaths": 0, "lat": 38.7326, "lon": -90.0762, "office": "LSX", "image": "0", "qc": "Y", "dod": 2, "surveytype": "0", "comments": "0", "image_full": "https://services.dat.noaa.gov/arcgis/rest/services/nws_damageassessmenttoolkit/DamageViewer/MapServer/0/4480377/attachments/2626108"}, "geometry": {"type": "Point", "coordinates": [-90.0762419158317, 38.7325969232095]}}, {"id": "449", "type": "Feature", "properties": {"OBJECTID": 450, "Id": 0, "stormdate": 1747353600000, "stormtime": "1940 UTC", "surveydate": 1748476800000, "surveytime": "1742 UTC", "event_id": " ", "damage": 27, "damage_txt": "Trees: Hardwood (TH)", "dod_txt": "Trees uprooted", "efscale": "EF1", "damage_dir": "ENE/60", "windspeed": "94", "injuries": 0, "deaths": 0, "lat": 38.6416, "lon": -90.3134, "office": "LSX", "image": " ", "qc": "Y", "dod": 3, "surveytype": "0", "comments": "Several trees uprooted in this area per hi-res satellite imagery.", "image_full": " "}, "geometry": {"type": "Point", "coordinates": [-90.313414108874, 38.6415889648589]}}, {"id": "450", "type": "Feature", "properties": {"OBJECTID": 451, "Id": 0, "stormdate": 1747353600000, "stormtime": "1944 UTC", "surveydate": 1747440000000, "surveytime": "1507 UTC", "event_id": "0", "damage": 2, "damage_txt": "One- or Two-Family Residences (FR12)", "dod_txt": "Large sections of roof structure removed; most walls remain standing", "efscale": "EF2", "damage_dir": "N/A", "windspeed": "122", "injuries": 0, "deaths": 0, "lat": 38.6666, "lon": -90.2404, "office": "LSX", "image": "0", "qc": "Y", "dod": 6, "surveytype": "0", "comments": "0", "image_full": "https://services.dat.noaa.gov/arcgis/rest/services/nws_damageassessmenttoolkit/DamageViewer/MapServer/0/4479869/attachments/2625116"}, "geometry": {"type": "Point", "coordinates": [-90.2404174406124, 38.6665627495713]}}, {"id": "451", "type": "Feature", "properties": {"OBJECTID": 452, "Id": 0, "stormdate": 1747353600000, "stormtime": "1943 UTC", "surveydate": 1747440000000, "surveytime": "1419 UTC", "event_id": "0", "damage": 17, "damage_txt": "Low-Rise Building [1-4 Stories] (LRB)", "dod_txt": "Broken glass in windows, entryways or atriums", "efscale": "EF1", "damage_dir": "N/A", "windspeed": "101", "injuries": 0, "deaths": 0, "lat": 38.6596, "lon": -90.2624, "office": "LSX", "image": "0", "qc": "Y", "dod": 4, "surveytype": "0", "comments": "0", "image_full": "https://services.dat.noaa.gov/arcgis/rest/services/nws_damageassessmenttoolkit/DamageViewer/MapServer/0/4479837/attachments/2625069"}, "geometry": {"type": "Point", "coordinates": [-90.2624088413949, 38.659574008234]}}, {"id": "452", "type": "Feature", "properties": {"OBJECTID": 453, "Id": 0, "stormdate": 1747353600000, "stormtime": "1943 UTC", "surveydate": 1761523200000, "surveytime": "1040 UTC", "event_id": " ", "damage": 2, "damage_txt": "One- or Two-Family Residences (FR12)", "dod_txt": "Loss of roof covering material (<20%), gutters and/or awning; loss of vinyl or metal siding", "efscale": "EF0", "damage_dir": "N/A", "windspeed": "79", "injuries": 0, "deaths": 0, "lat": 38.6666, "lon": -90.2535, "office": "LSX", "image": " ", "qc": "Y", "dod": 2, "surveytype": "0", "comments": " ", "image_full": " "}, "geometry": {"type": "Point", "coordinates": [-90.253527734917, 38.6665503317325]}}, {"id": "453", "type": "Feature", "properties": {"OBJECTID": 454, "Id": 0, "stormdate": 1747353600000, "stormtime": "1940 UTC", "surveydate": 1748476800000, "surveytime": "1839 UTC", "event_id": " ", "damage": 27, "damage_txt": "Trees: Hardwood (TH)", "dod_txt": "Trees uprooted", "efscale": "EF1", "damage_dir": "NE/45", "windspeed": "94", "injuries": 0, "deaths": 0, "lat": 38.6427, "lon": -90.3078, "office": "LSX", "image": " ", "qc": "Y", "dod": 3, "surveytype": "0", "comments": "Several trees uprooted and felled northeastward per hi-res satellite imagery.", "image_full": " "}, "geometry": {"type": "Point", "coordinates": [-90.3078191143606, 38.6427129618338]}}, {"id": "454", "type": "Feature", "properties": {"OBJECTID": 455, "Id": 0, "stormdate": 1747353600000, "stormtime": "1942 UTC", "surveydate": 1748822400000, "surveytime": "1801 UTC", "event_id": " ", "damage": 2, "damage_txt": "One- or Two-Family Residences (FR12)", "dod_txt": "Loss of roof covering material (<20%), gutters and/or awning; loss of vinyl or metal siding", "efscale": "EF0", "damage_dir": "N/A", "windspeed": "85", "injuries": 0, "deaths": 0, "lat": 38.6492, "lon": -90.2955, "office": "LSX", "image": " ", "qc": "Y", "dod": 2, "surveytype": "0", "comments": " ", "image_full": " "}, "geometry": {"type": "Point", "coordinates": [-90.2954596667302, 38.64921837243]}}, {"id": "455", "type": "Feature", "properties": {"OBJECTID": 456, "Id": 0, "stormdate": 1747353600000, "stormtime": "1943 UTC", "surveydate": 1761523200000, "surveytime": "1040 UTC", "event_id": " ", "damage": 2, "damage_txt": "One- or Two-Family Residences (FR12)", "dod_txt": "Loss of roof covering material (<20%), gutters and/or awning; loss of vinyl or metal siding", "efscale": "EF0", "damage_dir": "N/A", "windspeed": "79", "injuries": 0, "deaths": 0, "lat": 38.6666, "lon": -90.2535, "office": "LSX", "image": " ", "qc": "Y", "dod": 2, "surveytype": "0", "comments": " ", "image_full": " "}, "geometry": {"type": "Point", "coordinates": [-90.253527734917, 38.6665503317325]}}, {"id": "456", "type": "Feature", "properties": {"OBJECTID": 457, "Id": 0, "stormdate": 1747353600000, "stormtime": "1942 UTC", "surveydate": 1748736000000, "surveytime": "1950 UTC", "event_id": " ", "damage": 27, "damage_txt": "Trees: Hardwood (TH)", "dod_txt": "Trees uprooted", "efscale": "EF1", "damage_dir": "N/A", "windspeed": "94", "injuries": 0, "deaths": 0, "lat": 38.6471, "lon": -90.3006, "office": "LSX", "image": " ", "qc": "Y", "dod": 3, "surveytype": "0", "comments": "Multiple trees uprooted here, blown down in opposite directions per hi-res satellite imagery.", "image_full": " "}, "geometry": {"type": "Point", "coordinates": [-90.3006365664244, 38.6470911691222]}}, {"id": "457", "type": "Feature", "properties": {"OBJECTID": 458, "Id": 0, "stormdate": 1747353600000, "stormtime": "1943 UTC", "surveydate": 1754438400000, "surveytime": "1038 UTC", "event_id": " ", "damage": 2, "damage_txt": "One- or Two-Family Residences (FR12)", "dod_txt": "Loss of roof covering material (<20%), gutters and/or awning; loss of vinyl or metal siding", "efscale": "EF0", "damage_dir": "N/A", "windspeed": "79", "injuries": 0, "deaths": 0, "lat": 38.6581, "lon": -90.2663, "office": "LSX", "image": " ", "qc": "Y", "dod": 2, "surveytype": "0", "comments": " ", "image_full": " "}, "geometry": {"type": "Point", "coordinates": [-90.2662911400241, 38.6581030096463]}}, {"id": "458", "type": "Feature", "properties": {"OBJECTID": 459, "Id": 0, "stormdate": 1747353600000, "stormtime": "1943 UTC", "surveydate": 1761523200000, "surveytime": "1040 UTC", "event_id": " ", "damage": 2, "damage_txt": "One- or Two-Family Residences (FR12)", "dod_txt": "Loss of roof covering material (<20%), gutters and/or awning; loss of vinyl or metal siding", "efscale": "EF0", "damage_dir": "N/A", "windspeed": "79", "injuries": 0, "deaths": 0, "lat": 38.6666, "lon": -90.2535, "office": "LSX", "image": " ", "qc": "Y", "dod": 2, "surveytype": "0", "comments": " ", "image_full": " "}, "geometry": {"type": "Point", "coordinates": [-90.253527734917, 38.6665503317325]}}, {"id": "459", "type": "Feature", "properties": {"OBJECTID": 460, "Id": 0, "stormdate": 1747353600000, "stormtime": "1940 UTC", "surveydate": 1748476800000, "surveytime": "1753 UTC", "event_id": " ", "damage": 2, "damage_txt": "One- or Two-Family Residences (FR12)", "dod_txt": "Loss of roof covering material (<20%), gutters and/or awning; loss of vinyl or metal siding", "efscale": "EF1", "damage_dir": "N/A", "windspeed": "87", "injuries": 0, "deaths": 0, "lat": 38.6417, "lon": -90.3122, "office": "LSX", "image": " ", "qc": "Y", "dod": 2, "surveytype": "0", "comments": "Roof damage per hi-res satellite imagery.", "image_full": " "}, "geometry": {"type": "Point", "coordinates": [-90.3122375806997, 38.6416592459775]}}, {"id": "460", "type": "Feature", "properties": {"OBJECTID": 461, "Id": 0, "stormdate": 1747353600000, "stormtime": "1944 UTC", "surveydate": 1747440000000, "surveytime": "1830 UTC", "event_id": "0", "damage": 27, "damage_txt": "Trees: Hardwood (TH)", "dod_txt": "Trunks snapped", "efscale": "EF1", "damage_dir": "N/A", "windspeed": "107", "injuries": 0, "deaths": 0, "lat": 38.6692, "lon": -90.2449, "office": "LSX", "image": "0", "qc": "Y", "dod": 4, "surveytype": "0", "comments": "0", "image_full": "https://services.dat.noaa.gov/arcgis/rest/services/nws_damageassessmenttoolkit/DamageViewer/MapServer/0/4480064/attachments/2625335"}, "geometry": {"type": "Point", "coordinates": [-90.244935487083, 38.6691581381376]}}, {"id": "461", "type": "Feature", "properties": {"OBJECTID": 462, "Id": 0, "stormdate": 1747353600000, "stormtime": "1941 UTC", "surveydate": 1748736000000, "surveytime": "1529 UTC", "event_id": " ", "damage": 27, "damage_txt": "Trees: Hardwood (TH)", "dod_txt": "Trees uprooted", "efscale": "EF1", "damage_dir": "N/A", "windspeed": "86", "injuries": 0, "deaths": 0, "lat": 38.6476, "lon": -90.3028, "office": "LSX", "image": " ", "qc": "Y", "dod": 3, "surveytype": "0", "comments": " ", "image_full": " "}, "geometry": {"type": "Point", "coordinates": [-90.3027509498964, 38.6475605073116]}}, {"id": "462", "type": "Feature", "properties": {"OBJECTID": 463, "Id": 0, "stormdate": 1747353600000, "stormtime": "1943 UTC", "surveydate": 1761523200000, "surveytime": "1040 UTC", "event_id": " ", "damage": 2, "damage_txt": "One- or Two-Family Residences (FR12)", "dod_txt": "Loss of roof covering material (<20%), gutters and/or awning; loss of vinyl or metal siding", "efscale": "EF0", "damage_dir": "N/A", "windspeed": "79", "injuries": 0, "deaths": 0, "lat": 38.6666, "lon": -90.2535, "office": "LSX", "image": " ", "qc": "Y", "dod": 2, "surveytype": "0", "comments": " ", "image_full": " "}, "geometry": {"type": "Point", "coordinates": [-90.253527734917, 38.6665503317325]}}, {"id": "463", "type": "Feature", "properties": {"OBJECTID": 464, "Id": 0, "stormdate": 1747353600000, "stormtime": "1947 UTC", "surveydate": 1747440000000, "surveytime": "1642 UTC", "event_id": "0", "damage": 7, "damage_txt": "Masonry Apartment or Motel Building (MAM)", "dod_txt": "Loss of roof covering (<20%)", "efscale": "EF0", "damage_dir": "N/A", "windspeed": "85", "injuries": 0, "deaths": 0, "lat": 38.6794, "lon": -90.2204, "office": "LSX", "image": "0", "qc": "Y", "dod": 2, "surveytype": "0", "comments": "0", "image_full": "https://services.dat.noaa.gov/arcgis/rest/services/nws_damageassessmenttoolkit/DamageViewer/MapServer/0/4479941/attachments/2625183"}, "geometry": {"type": "Point", "coordinates": [-90.2204063505726, 38.6794190123776]}}, {"id": "464", "type": "Feature", "properties": {"OBJECTID": 465, "Id": 0, "stormdate": 1747353600000, "stormtime": "1942 UTC", "surveydate": 1748476800000, "surveytime": "1906 UTC", "event_id": " ", "damage": 27, "damage_txt": "Trees: Hardwood (TH)", "dod_txt": "Trees uprooted", "efscale": "TSTM/Wind", "damage_dir": "N/0", "windspeed": "94", "injuries": 0, "deaths": 0, "lat": 38.6391, "lon": -90.3046, "office": "LSX", "image": " ", "qc": "Y", "dod": 3, "surveytype": "0", "comments": "Large tree uprooted, felled to the north per hi-res satellite imagery.", "image_full": " "}, "geometry": {"type": "Point", "coordinates": [-90.3045533396648, 38.6391264987889]}}, {"id": "465", "type": "Feature", "properties": {"OBJECTID": 466, "Id": 0, "stormdate": 1747353600000, "stormtime": "1727 UTC", "surveydate": 1747440000000, "surveytime": "1727 UTC", "event_id": "0", "damage": 27, "damage_txt": "Trees: Hardwood (TH)", "dod_txt": "Trunks snapped", "efscale": "EF1", "damage_dir": "N/A", "windspeed": "107", "injuries": 0, "deaths": 0, "lat": 38.6831, "lon": -90.2114, "office": "LSX", "image": "0", "qc": "Y", "dod": 4, "surveytype": "0", "comments": "0", "image_full": "https://services.dat.noaa.gov/arcgis/rest/services/nws_damageassessmenttoolkit/DamageViewer/MapServer/0/4479964/attachments/2625218"}, "geometry": {"type": "Point", "coordinates": [-90.2113623858654, 38.6831318607468]}}, {"id": "466", "type": "Feature", "properties": {"OBJECTID": 467, "Id": 0, "stormdate": 1747353600000, "stormtime": "1943 UTC", "surveydate": 1748822400000, "surveytime": "1631 UTC", "event_id": " ", "damage": 5, "damage_txt": "Apartments, Condos, Townhouses [3 stories or less] (ACT)", "dod_txt": "Threshold of visible damage", "efscale": "EF0", "damage_dir": "NE/45", "windspeed": "85", "injuries": 0, "deaths": 0, "lat": 38.6473, "lon": -90.2765, "office": "LSX", "image": " ", "qc": "Y", "dod": 1, "surveytype": "0", "comments": " ", "image_full": " "}, "geometry": {"type": "Point", "coordinates": [-90.2765093899963, 38.6473153835981]}}, {"id": "467", "type": "Feature", "properties": {"OBJECTID": 468, "Id": 0, "stormdate": 1747353600000, "stormtime": "1940 UTC", "surveydate": 1748476800000, "surveytime": "1753 UTC", "event_id": " ", "damage": 27, "damage_txt": "Trees: Hardwood (TH)", "dod_txt": "Trunks snapped", "efscale": "EF1", "damage_dir": "N/A", "windspeed": "107", "injuries": 0, "deaths": 0, "lat": 38.6415, "lon": -90.3128, "office": "LSX", "image": " ", "qc": "Y", "dod": 4, "surveytype": "0", "comments": "Several trees uprooted or snapped in this area per hi-res satellite imagery.", "image_full": " "}, "geometry": {"type": "Point", "coordinates": [-90.3128357143967, 38.6415230724319]}}, {"id": "468", "type": "Feature", "properties": {"OBJECTID": 469, "Id": 0, "stormdate": 1747353600000, "stormtime": "1953 UTC", "surveydate": 1747526400000, "surveytime": "1424 UTC", "event_id": "0", "damage": 27, "damage_txt": "Trees: Hardwood (TH)", "dod_txt": "Trees uprooted", "efscale": "EF1", "damage_dir": "N/A", "windspeed": "94", "injuries": 0, "deaths": 0, "lat": 38.7142, "lon": -90.1361, "office": "LSX", "image": "0", "qc": "Y", "dod": 3, "surveytype": "0", "comments": "0", "image_full": "https://services.dat.noaa.gov/arcgis/rest/services/nws_damageassessmenttoolkit/DamageViewer/MapServer/0/4480359/attachments/2626090"}, "geometry": {"type": "Point", "coordinates": [-90.1361352991048, 38.7142400524365]}}, {"id": "469", "type": "Feature", "properties": {"OBJECTID": 470, "Id": 0, "stormdate": 1747353600000, "stormtime": "1941 UTC", "surveydate": 1748736000000, "surveytime": "1528 UTC", "event_id": " ", "damage": 27, "damage_txt": "Trees: Hardwood (TH)", "dod_txt": "Large branches broken (1-3 inch diameter)", "efscale": "TSTM/Wind", "damage_dir": "N/A", "windspeed": "74", "injuries": 0, "deaths": 0, "lat": 38.6493, "lon": -90.3019, "office": "LSX", "image": " ", "qc": "Y", "dod": 2, "surveytype": "0", "comments": " ", "image_full": " "}, "geometry": {"type": "Point", "coordinates": [-90.3018648164081, 38.649269068113]}}, {"id": "470", "type": "Feature", "properties": {"OBJECTID": 471, "Id": 0, "stormdate": 1747353600000, "stormtime": "2004 UTC", "surveydate": 1747526400000, "surveytime": "1617 UTC", "event_id": "0", "damage": 27, "damage_txt": "Trees: Hardwood (TH)", "dod_txt": "Trees uprooted", "efscale": "EF1", "damage_dir": "N/A", "windspeed": "94", "injuries": 0, "deaths": 0, "lat": 38.7814, "lon": -89.9948, "office": "LSX", "image": "0", "qc": "Y", "dod": 3, "surveytype": "0", "comments": "0", "image_full": "https://services.dat.noaa.gov/arcgis/rest/services/nws_damageassessmenttoolkit/DamageViewer/MapServer/0/4480446/attachments/2626145"}, "geometry": {"type": "Point", "coordinates": [-89.9948345746558, 38.781363906719]}}, {"id": "471", "type": "Feature", "properties": {"OBJECTID": 472, "Id": 0, "stormdate": 1747353600000, "stormtime": "1945 UTC", "surveydate": 1747440000000, "surveytime": "1626 UTC", "event_id": "0", "damage": 2, "damage_txt": "One- or Two-Family Residences (FR12)", "dod_txt": "Broken glass in doors and windows", "efscale": "EF1", "damage_dir": "N/A", "windspeed": "96", "injuries": 0, "deaths": 0, "lat": 38.6737, "lon": -90.229, "office": "LSX", "image": "0", "qc": "Y", "dod": 3, "surveytype": "0", "comments": "0", "image_full": "https://services.dat.noaa.gov/arcgis/rest/services/nws_damageassessmenttoolkit/DamageViewer/MapServer/0/4479936/attachments/2625178"}, "geometry": {"type": "Point", "coordinates": [-90.229041610282, 38.6737198583848]}}, {"id": "472", "type": "Feature", "properties": {"OBJECTID": 473, "Id": 0, "stormdate": 1747353600000, "stormtime": "1940 UTC", "surveydate": 1748476800000, "surveytime": "1830 UTC", "event_id": " ", "damage": 2, "damage_txt": "One- or Two-Family Residences (FR12)", "dod_txt": "Loss of roof covering material (<20%), gutters and/or awning; loss of vinyl or metal siding", "efscale": "EF1", "damage_dir": "N/A", "windspeed": "90", "injuries": 0, "deaths": 0, "lat": 38.642, "lon": -90.3097, "office": "LSX", "image": " ", "qc": "Y", "dod": 2, "surveytype": "0", "comments": "Roof damage per hi-res satellite imagery.", "image_full": " "}, "geometry": {"type": "Point", "coordinates": [-90.3096973637423, 38.6420061090947]}}, {"id": "473", "type": "Feature", "properties": {"OBJECTID": 474, "Id": 0, "stormdate": 1747353600000, "stormtime": "1941 UTC", "surveydate": 1748736000000, "surveytime": "1357 UTC", "event_id": " ", "damage": 2, "damage_txt": "One- or Two-Family Residences (FR12)", "dod_txt": "Loss of roof covering material (<20%), gutters and/or awning; loss of vinyl or metal siding", "efscale": "EF0", "damage_dir": "N/A", "windspeed": "79", "injuries": 0, "deaths": 0, "lat": 38.6427, "lon": -90.3067, "office": "LSX", "image": " ", "qc": "Y", "dod": 2, "surveytype": "0", "comments": "Roof damage per hi-res satellite imagery.", "image_full": " "}, "geometry": {"type": "Point", "coordinates": [-90.3066672986569, 38.6427167084094]}}, {"id": "474", "type": "Feature", "properties": {"OBJECTID": 475, "Id": 0, "stormdate": 1747353600000, "stormtime": "1942 UTC", "surveydate": 1748822400000, "surveytime": "1519 UTC", "event_id": " ", "damage": 27, "damage_txt": "Trees: Hardwood (TH)", "dod_txt": "Trees uprooted", "efscale": "TSTM/Wind", "damage_dir": "N/A", "windspeed": "94", "injuries": 0, "deaths": 0, "lat": 38.6389, "lon": -90.2907, "office": "LSX", "image": " ", "qc": "Y", "dod": 3, "surveytype": "0", "comments": "A few trees uprooted, possibly snapped in this area per hi-res satellite imagery. Felled to the east-northeast.", "image_full": " "}, "geometry": {"type": "Point", "coordinates": [-90.2907280537567, 38.6388931013356]}}, {"id": "475", "type": "Feature", "properties": {"OBJECTID": 476, "Id": 0, "stormdate": 1747353600000, "stormtime": "1940 UTC", "surveydate": 1748476800000, "surveytime": "1740 UTC", "event_id": " ", "damage": 27, "damage_txt": "Trees: Hardwood (TH)", "dod_txt": "Trees uprooted", "efscale": "EF1", "damage_dir": "N/A", "windspeed": "94", "injuries": 0, "deaths": 0, "lat": 38.6431, "lon": -90.3143, "office": "LSX", "image": " ", "qc": "Y", "dod": 3, "surveytype": "0", "comments": "Several trees along Wydown Blvd uprooted per hi-res satellite imagery.", "image_full": " "}, "geometry": {"type": "Point", "coordinates": [-90.3142818035623, 38.643098386981]}}, {"id": "476", "type": "Feature", "properties": {"OBJECTID": 477, "Id": 0, "stormdate": 1747353600000, "stormtime": "1943 UTC", "surveydate": 1747440000000, "surveytime": "1415 UTC", "event_id": "0", "damage": 2, "damage_txt": "One- or Two-Family Residences (FR12)", "dod_txt": "Large sections of roof structure removed; most walls remain standing", "efscale": "EF2", "damage_dir": "N/A", "windspeed": "120", "injuries": 0, "deaths": 0, "lat": 38.6553, "lon": -90.2632, "office": "LSX", "image": "0", "qc": "Y", "dod": 6, "surveytype": "0", "comments": "0", "image_full": "https://services.dat.noaa.gov/arcgis/rest/services/nws_damageassessmenttoolkit/DamageViewer/MapServer/0/4479831/attachments/2625063"}, "geometry": {"type": "Point", "coordinates": [-90.2632181538946, 38.6553481883682]}}, {"id": "477", "type": "Feature", "properties": {"OBJECTID": 478, "Id": 0, "stormdate": 1747353600000, "stormtime": "1940 UTC", "surveydate": 1748390400000, "surveytime": "1656 UTC", "event_id": " ", "damage": 29, "damage_txt": "Other (O)", "dod_txt": "Other damage", "efscale": "TSTM/Wind", "damage_dir": "N/A", "windspeed": "70", "injuries": 0, "deaths": 0, "lat": 38.643, "lon": -90.3488, "office": "LSX", "image": " ", "qc": "Y", "dod": 1, "surveytype": "0", "comments": "Portions of fence blown down here per hi-res satellite imagery.", "image_full": " "}, "geometry": {"type": "Point", "coordinates": [-90.3487881240727, 38.6430387988016]}}, {"id": "478", "type": "Feature", "properties": {"OBJECTID": 479, "Id": 0, "stormdate": 1747353600000, "stormtime": "1943 UTC", "surveydate": 1747440000000, "surveytime": "1417 UTC", "event_id": "0", "damage": 8, "damage_txt": "Small Retail Building [Fast Food Restaurants] (SRB)", "dod_txt": "Uplift or collapse of entire roof structure", "efscale": "EF2", "damage_dir": "N/A", "windspeed": "119", "injuries": 0, "deaths": 0, "lat": 38.6564, "lon": -90.2631, "office": "LSX", "image": "0", "qc": "Y", "dod": 6, "surveytype": "0", "comments": "0", "image_full": "https://services.dat.noaa.gov/arcgis/rest/services/nws_damageassessmenttoolkit/DamageViewer/MapServer/0/4479834/attachments/2625066"}, "geometry": {"type": "Point", "coordinates": [-90.2631132569712, 38.6564417378959]}}, {"id": "479", "type": "Feature", "properties": {"OBJECTID": 480, "Id": 0, "stormdate": 1747353600000, "stormtime": "1940 UTC", "surveydate": 1748476800000, "surveytime": "1502 UTC", "event_id": " ", "damage": 27, "damage_txt": "Trees: Hardwood (TH)", "dod_txt": "Trees uprooted", "efscale": "TSTM/Wind", "damage_dir": "NE/45", "windspeed": "94", "injuries": 0, "deaths": 0, "lat": 38.6397, "lon": -90.3571, "office": "LSX", "image": " ", "qc": "Y", "dod": 3, "surveytype": "0", "comments": "Large tree uprooted and felled to the northeast.", "image_full": " "}, "geometry": {"type": "Point", "coordinates": [-90.3570564307097, 38.639731181349]}}, {"id": "480", "type": "Feature", "properties": {"OBJECTID": 481, "Id": 0, "stormdate": 1747353600000, "stormtime": "1942 UTC", "surveydate": 1748822400000, "surveytime": "1747 UTC", "event_id": " ", "damage": 2, "damage_txt": "One- or Two-Family Residences (FR12)", "dod_txt": "Loss of roof covering material (<20%), gutters and/or awning; loss of vinyl or metal siding", "efscale": "EF0", "damage_dir": "N/A", "windspeed": "79", "injuries": 0, "deaths": 0, "lat": 38.6488, "lon": -90.2907, "office": "LSX", "image": " ", "qc": "Y", "dod": 2, "surveytype": "0", "comments": " ", "image_full": " "}, "geometry": {"type": "Point", "coordinates": [-90.2907409959002, 38.6487847723994]}}, {"id": "481", "type": "Feature", "properties": {"OBJECTID": 482, "Id": 0, "stormdate": 1747353600000, "stormtime": "1942 UTC", "surveydate": 1747440000000, "surveytime": "2112 UTC", "event_id": "0", "damage": 27, "damage_txt": "Trees: Hardwood (TH)", "dod_txt": "Trees uprooted", "efscale": "TSTM/Wind", "damage_dir": "SE/135", "windspeed": "94", "injuries": 0, "deaths": 0, "lat": 38.6347, "lon": -90.2946, "office": "LSX", "image": "0", "qc": "Y", "dod": 3, "surveytype": "0", "comments": " ", "image_full": "https://services.dat.noaa.gov/arcgis/rest/services/nws_damageassessmenttoolkit/DamageViewer/MapServer/0/4480221/attachments/2625915"}, "geometry": {"type": "Point", "coordinates": [-90.2945756763263, 38.6346641761109]}}, {"id": "482", "type": "Feature", "properties": {"OBJECTID": 483, "Id": 0, "stormdate": 1747353600000, "stormtime": "1944 UTC", "surveydate": 1747440000000, "surveytime": "1600 UTC", "event_id": "0", "damage": 2, "damage_txt": "One- or Two-Family Residences (FR12)", "dod_txt": "Large sections of roof structure removed; most walls remain standing", "efscale": "EF2", "damage_dir": "N/A", "windspeed": "122", "injuries": 0, "deaths": 0, "lat": 38.6642, "lon": -90.2377, "office": "LSX", "image": "0", "qc": "Y", "dod": 6, "surveytype": "0", "comments": "0", "image_full": "https://services.dat.noaa.gov/arcgis/rest/services/nws_damageassessmenttoolkit/DamageViewer/MapServer/0/4479907/attachments/2625145"}, "geometry": {"type": "Point", "coordinates": [-90.2376536719793, 38.6641790919916]}}, {"id": "483", "type": "Feature", "properties": {"OBJECTID": 484, "Id": 0, "stormdate": 1747353600000, "stormtime": "1944 UTC", "surveydate": 1747440000000, "surveytime": "1558 UTC", "event_id": "0", "damage": 2, "damage_txt": "One- or Two-Family Residences (FR12)", "dod_txt": "Uplift of roof deck and loss of significant roof covering material (>20%); collapse of chimney; garage doors collapse inward; failure of porch or carport", "efscale": "EF1", "damage_dir": "N/A", "windspeed": "97", "injuries": 0, "deaths": 0, "lat": 38.6628, "lon": -90.2347, "office": "LSX", "image": "0", "qc": "Y", "dod": 4, "surveytype": "0", "comments": "0", "image_full": "https://services.dat.noaa.gov/arcgis/rest/services/nws_damageassessmenttoolkit/DamageViewer/MapServer/0/4479906/attachments/2625144"}, "geometry": {"type": "Point", "coordinates": [-90.2346558736696, 38.6628126728666]}}, {"id": "484", "type": "Feature", "properties": {"OBJECTID": 485, "Id": 0, "stormdate": 1747353600000, "stormtime": "1955 UTC", "surveydate": 1747526400000, "surveytime": "1441 UTC", "event_id": "0", "damage": 27, "damage_txt": "Trees: Hardwood (TH)", "dod_txt": "Large branches broken (1-3 inch diameter)", "efscale": "EF0", "damage_dir": "N/A", "windspeed": "74", "injuries": 0, "deaths": 0, "lat": 38.7254, "lon": -90.106, "office": "LSX", "image": "0", "qc": "Y", "dod": 2, "surveytype": "0", "comments": " ", "image_full": "https://services.dat.noaa.gov/arcgis/rest/services/nws_damageassessmenttoolkit/DamageViewer/MapServer/0/4465860/attachments/2613575"}, "geometry": {"type": "Point", "coordinates": [-90.1060315539131, 38.7253523166561]}}, {"id": "485", "type": "Feature", "properties": {"OBJECTID": 486, "Id": 0, "stormdate": 1747353600000, "stormtime": "1944 UTC", "surveydate": 1747440000000, "surveytime": "1855 UTC", "event_id": "0", "damage": 2, "damage_txt": "One- or Two-Family Residences (FR12)", "dod_txt": "Large sections of roof structure removed; most walls remain standing", "efscale": "EF2", "damage_dir": "N/A", "windspeed": "122", "injuries": 0, "deaths": 0, "lat": 38.6608, "lon": -90.2497, "office": "LSX", "image": "0", "qc": "Y", "dod": 6, "surveytype": "0", "comments": "0", "image_full": "https://services.dat.noaa.gov/arcgis/rest/services/nws_damageassessmenttoolkit/DamageViewer/MapServer/0/4465843/attachments/2613556"}, "geometry": {"type": "Point", "coordinates": [-90.2497148612518, 38.6608442106918]}}, {"id": "486", "type": "Feature", "properties": {"OBJECTID": 487, "Id": 0, "stormdate": 1747353600000, "stormtime": "1942 UTC", "surveydate": 1747440000000, "surveytime": "2111 UTC", "event_id": "0", "damage": 27, "damage_txt": "Trees: Hardwood (TH)", "dod_txt": "Trunks snapped", "efscale": "TSTM/Wind", "damage_dir": "N/A", "windspeed": "107", "injuries": 0, "deaths": 0, "lat": 38.634, "lon": -90.2946, "office": "LSX", "image": "0", "qc": "Y", "dod": 4, "surveytype": "0", "comments": " ", "image_full": "https://services.dat.noaa.gov/arcgis/rest/services/nws_damageassessmenttoolkit/DamageViewer/MapServer/0/4480220/attachments/2625914"}, "geometry": {"type": "Point", "coordinates": [-90.2946375406899, 38.6339813811359]}}, {"id": "487", "type": "Feature", "properties": {"OBJECTID": 488, "Id": 0, "stormdate": 1747353600000, "stormtime": "1943 UTC", "surveydate": 1761523200000, "surveytime": "1040 UTC", "event_id": " ", "damage": 2, "damage_txt": "One- or Two-Family Residences (FR12)", "dod_txt": "Loss of roof covering material (<20%), gutters and/or awning; loss of vinyl or metal siding", "efscale": "EF0", "damage_dir": "N/A", "windspeed": "79", "injuries": 0, "deaths": 0, "lat": 38.6666, "lon": -90.2535, "office": "LSX", "image": " ", "qc": "Y", "dod": 2, "surveytype": "0", "comments": " ", "image_full": " "}, "geometry": {"type": "Point", "coordinates": [-90.253527734917, 38.6665503317325]}}, {"id": "488", "type": "Feature", "properties": {"OBJECTID": 489, "Id": 0, "stormdate": 1747353600000, "stormtime": "1948 UTC", "surveydate": 1747440000000, "surveytime": "1709 UTC", "event_id": "0", "damage": 27, "damage_txt": "Trees: Hardwood (TH)", "dod_txt": "Trees uprooted", "efscale": "EF1", "damage_dir": "N/A", "windspeed": "94", "injuries": 0, "deaths": 0, "lat": 38.686, "lon": -90.2106, "office": "LSX", "image": "0", "qc": "Y", "dod": 3, "surveytype": "0", "comments": "0", "image_full": "https://services.dat.noaa.gov/arcgis/rest/services/nws_damageassessmenttoolkit/DamageViewer/MapServer/0/4465284/attachments/2619064"}, "geometry": {"type": "Point", "coordinates": [-90.2105688924404, 38.6859989650802]}}, {"id": "489", "type": "Feature", "properties": {"OBJECTID": 490, "Id": 0, "stormdate": 1747353600000, "stormtime": "1940 UTC", "surveydate": 1748476800000, "surveytime": "1721 UTC", "event_id": " ", "damage": 28, "damage_txt": "Trees: Softwood (TS)", "dod_txt": "Trunks snapped", "efscale": "EF1", "damage_dir": "N/A", "windspeed": "104", "injuries": 0, "deaths": 0, "lat": 38.6411, "lon": -90.3169, "office": "LSX", "image": " ", "qc": "Y", "dod": 4, "surveytype": "0", "comments": "Numerous pine trees snapped or uprooted here per hi-resolution satellite imagery.", "image_full": " "}, "geometry": {"type": "Point", "coordinates": [-90.3169079300569, 38.6410947424285]}}, {"id": "490", "type": "Feature", "properties": {"OBJECTID": 491, "Id": 0, "stormdate": 1747353600000, "stormtime": "1943 UTC", "surveydate": 1754438400000, "surveytime": "1038 UTC", "event_id": " ", "damage": 2, "damage_txt": "One- or Two-Family Residences (FR12)", "dod_txt": "Loss of roof covering material (<20%), gutters and/or awning; loss of vinyl or metal siding", "efscale": "EF0", "damage_dir": "N/A", "windspeed": "79", "injuries": 0, "deaths": 0, "lat": 38.6581, "lon": -90.2663, "office": "LSX", "image": " ", "qc": "Y", "dod": 2, "surveytype": "0", "comments": " ", "image_full": " "}, "geometry": {"type": "Point", "coordinates": [-90.2662911400241, 38.6581030096463]}}, {"id": "491", "type": "Feature", "properties": {"OBJECTID": 492, "Id": 0, "stormdate": 1747353600000, "stormtime": "1945 UTC", "surveydate": 1747440000000, "surveytime": "1626 UTC", "event_id": "0", "damage": 24, "damage_txt": "Electrical Transmission Lines (ETL)", "dod_txt": "Broken wood poles", "efscale": "EF2", "damage_dir": "N/A", "windspeed": "118", "injuries": 0, "deaths": 0, "lat": 38.6738, "lon": -90.2294, "office": "LSX", "image": "0", "qc": "Y", "dod": 4, "surveytype": "0", "comments": "0", "image_full": "https://services.dat.noaa.gov/arcgis/rest/services/nws_damageassessmenttoolkit/DamageViewer/MapServer/0/4479937/attachments/2625179"}, "geometry": {"type": "Point", "coordinates": [-90.2293543962883, 38.6738451294492]}}, {"id": "492", "type": "Feature", "properties": {"OBJECTID": 493, "Id": 0, "stormdate": 1747353600000, "stormtime": "1941 UTC", "surveydate": 1748736000000, "surveytime": "1511 UTC", "event_id": " ", "damage": 2, "damage_txt": "One- or Two-Family Residences (FR12)", "dod_txt": "Loss of roof covering material (<20%), gutters and/or awning; loss of vinyl or metal siding", "efscale": "EF0", "damage_dir": "N/A", "windspeed": "85", "injuries": 0, "deaths": 0, "lat": 38.644, "lon": -90.307, "office": "LSX", "image": " ", "qc": "Y", "dod": 2, "surveytype": "0", "comments": "Roof damage per hi-res satellite imagery.", "image_full": " "}, "geometry": {"type": "Point", "coordinates": [-90.3069916958101, 38.6439582260913]}}, {"id": "493", "type": "Feature", "properties": {"OBJECTID": 494, "Id": 0, "stormdate": 1747353600000, "stormtime": "1943 UTC", "surveydate": 1754438400000, "surveytime": "1038 UTC", "event_id": " ", "damage": 2, "damage_txt": "One- or Two-Family Residences (FR12)", "dod_txt": "Loss of roof covering material (<20%), gutters and/or awning; loss of vinyl or metal siding", "efscale": "EF0", "damage_dir": "N/A", "windspeed": "79", "injuries": 0, "deaths": 0, "lat": 38.6581, "lon": -90.2663, "office": "LSX", "image": " ", "qc": "Y", "dod": 2, "surveytype": "0", "comments": " ", "image_full": " "}, "geometry": {"type": "Point", "coordinates": [-90.2662911400241, 38.6581030096463]}}, {"id": "494", "type": "Feature", "properties": {"OBJECTID": 495, "Id": 0, "stormdate": 1747353600000, "stormtime": "1940 UTC", "surveydate": 1748390400000, "surveytime": "1830 UTC", "event_id": " ", "damage": 27, "damage_txt": "Trees: Hardwood (TH)", "dod_txt": "Trees uprooted", "efscale": "EF1", "damage_dir": "NNE/30", "windspeed": "90", "injuries": 0, "deaths": 0, "lat": 38.6412, "lon": -90.3262, "office": "LSX", "image": " ", "qc": "Y", "dod": 3, "surveytype": "0", "comments": "Small tree uprooted and felled to the northeast per hi-res satellite imagery", "image_full": " "}, "geometry": {"type": "Point", "coordinates": [-90.3262290298458, 38.6411680605576]}}, {"id": "495", "type": "Feature", "properties": {"OBJECTID": 496, "Id": 0, "stormdate": 1747353600000, "stormtime": "1944 UTC", "surveydate": 1747440000000, "surveytime": "1855 UTC", "event_id": "0", "damage": 2, "damage_txt": "One- or Two-Family Residences (FR12)", "dod_txt": "Large sections of roof structure removed; most walls remain standing", "efscale": "EF2", "damage_dir": "N/A", "windspeed": "122", "injuries": 0, "deaths": 0, "lat": 38.6604, "lon": -90.2488, "office": "LSX", "image": "0", "qc": "Y", "dod": 6, "surveytype": "0", "comments": "0", "image_full": "https://services.dat.noaa.gov/arcgis/rest/services/nws_damageassessmenttoolkit/DamageViewer/MapServer/0/4465842/attachments/2613555"}, "geometry": {"type": "Point", "coordinates": [-90.2488008982428, 38.660415377068]}}, {"id": "496", "type": "Feature", "properties": {"OBJECTID": 497, "Id": 0, "stormdate": 1747353600000, "stormtime": "1943 UTC", "surveydate": 1761523200000, "surveytime": "1040 UTC", "event_id": " ", "damage": 2, "damage_txt": "One- or Two-Family Residences (FR12)", "dod_txt": "Loss of roof covering material (<20%), gutters and/or awning; loss of vinyl or metal siding", "efscale": "EF0", "damage_dir": "N/A", "windspeed": "79", "injuries": 0, "deaths": 0, "lat": 38.6666, "lon": -90.2535, "office": "LSX", "image": " ", "qc": "Y", "dod": 2, "surveytype": "0", "comments": " ", "image_full": " "}, "geometry": {"type": "Point", "coordinates": [-90.253527734917, 38.6665503317325]}}, {"id": "497", "type": "Feature", "properties": {"OBJECTID": 498, "Id": 0, "stormdate": 1747353600000, "stormtime": "1939 UTC", "surveydate": 1748390400000, "surveytime": "1746 UTC", "event_id": " ", "damage": 28, "damage_txt": "Trees: Softwood (TS)", "dod_txt": "Trees uprooted", "efscale": "EF1", "damage_dir": "N/0", "windspeed": "87", "injuries": 0, "deaths": 0, "lat": 38.6412, "lon": -90.3358, "office": "LSX", "image": " ", "qc": "Y", "dod": 3, "surveytype": "0", "comments": "Pine tree uprooted and felled to the north per hi-res satellite imagery.", "image_full": " "}, "geometry": {"type": "Point", "coordinates": [-90.3357504958886, 38.6412297684391]}}, {"id": "498", "type": "Feature", "properties": {"OBJECTID": 499, "Id": 0, "stormdate": 1747353600000, "stormtime": "1943 UTC", "surveydate": 1748822400000, "surveytime": "1703 UTC", "event_id": " ", "damage": 5, "damage_txt": "Apartments, Condos, Townhouses [3 stories or less] (ACT)", "dod_txt": "Uplift of roof decking; significant loss of roof covering (>20%)", "efscale": "EF2", "damage_dir": "N/A", "windspeed": "124", "injuries": 0, "deaths": 0, "lat": 38.6481, "lon": -90.2822, "office": "LSX", "image": " ", "qc": "Y", "dod": 3, "surveytype": "0", "comments": " ", "image_full": " "}, "geometry": {"type": "Point", "coordinates": [-90.2822225527286, 38.6480614332885]}}, {"id": "499", "type": "Feature", "properties": {"OBJECTID": 500, "Id": 0, "stormdate": 1747353600000, "stormtime": "1942 UTC", "surveydate": 1748736000000, "surveytime": "1743 UTC", "event_id": " ", "damage": 2, "damage_txt": "One- or Two-Family Residences (FR12)", "dod_txt": "Uplift of roof deck and loss of significant roof covering material (>20%); collapse of chimney; garage doors collapse inward; failure of porch or carport", "efscale": "EF1", "damage_dir": "N/A", "windspeed": "105", "injuries": 0, "deaths": 0, "lat": 38.6486, "lon": -90.2891, "office": "LSX", "image": " ", "qc": "Y", "dod": 4, "surveytype": "0", "comments": " ", "image_full": " "}, "geometry": {"type": "Point", "coordinates": [-90.2891108200083, 38.6486304208573]}}, {"id": "500", "type": "Feature", "properties": {"OBJECTID": 501, "Id": 0, "stormdate": 1747353600000, "stormtime": "1941 UTC", "surveydate": 1748736000000, "surveytime": "1537 UTC", "event_id": " ", "damage": 27, "damage_txt": "Trees: Hardwood (TH)", "dod_txt": "Trees uprooted", "efscale": "TSTM/Wind", "damage_dir": "N/A", "windspeed": "94", "injuries": 0, "deaths": 0, "lat": 38.6527, "lon": -90.3068, "office": "LSX", "image": " ", "qc": "Y", "dod": 3, "surveytype": "0", "comments": " ", "image_full": " "}, "geometry": {"type": "Point", "coordinates": [-90.3068476972634, 38.6527394376749]}}, {"id": "501", "type": "Feature", "properties": {"OBJECTID": 502, "Id": 0, "stormdate": 1747353600000, "stormtime": "1940 UTC", "surveydate": 1748476800000, "surveytime": "1743 UTC", "event_id": " ", "damage": 27, "damage_txt": "Trees: Hardwood (TH)", "dod_txt": "Trees uprooted", "efscale": "EF1", "damage_dir": "NE/45", "windspeed": "94", "injuries": 0, "deaths": 0, "lat": 38.6408, "lon": -90.313, "office": "LSX", "image": " ", "qc": "Y", "dod": 3, "surveytype": "0", "comments": "Several trees uprooted in this area per hi-res satellite imagery.", "image_full": " "}, "geometry": {"type": "Point", "coordinates": [-90.3129862968801, 38.6408159112254]}}, {"id": "502", "type": "Feature", "properties": {"OBJECTID": 503, "Id": 0, "stormdate": 1747353600000, "stormtime": "1944 UTC", "surveydate": 1747440000000, "surveytime": "1920 UTC", "event_id": "0", "damage": 2, "damage_txt": "One- or Two-Family Residences (FR12)", "dod_txt": "Large sections of roof structure removed; most walls remain standing", "efscale": "EF2", "damage_dir": "N/A", "windspeed": "122", "injuries": 0, "deaths": 0, "lat": 38.6623, "lon": -90.2516, "office": "LSX", "image": "0", "qc": "Y", "dod": 6, "surveytype": "0", "comments": "0", "image_full": "https://services.dat.noaa.gov/arcgis/rest/services/nws_damageassessmenttoolkit/DamageViewer/MapServer/0/4480091/attachments/2625363"}, "geometry": {"type": "Point", "coordinates": [-90.2516400102782, 38.6623262709407]}}, {"id": "503", "type": "Feature", "properties": {"OBJECTID": 504, "Id": 0, "stormdate": 1747353600000, "stormtime": "1940 UTC", "surveydate": 1748476800000, "surveytime": "1823 UTC", "event_id": " ", "damage": 27, "damage_txt": "Trees: Hardwood (TH)", "dod_txt": "Trees uprooted", "efscale": "EF1", "damage_dir": "N/A", "windspeed": "94", "injuries": 0, "deaths": 0, "lat": 38.6406, "lon": -90.3081, "office": "LSX", "image": " ", "qc": "Y", "dod": 3, "surveytype": "0", "comments": "Large tree uprooted and felled to the northeast per hi-res satellite imagery.", "image_full": " "}, "geometry": {"type": "Point", "coordinates": [-90.3081189366396, 38.6406103738697]}}, {"id": "504", "type": "Feature", "properties": {"OBJECTID": 505, "Id": 0, "stormdate": 1747353600000, "stormtime": "1945 UTC", "surveydate": 1747440000000, "surveytime": "1551 UTC", "event_id": "0", "damage": 27, "damage_txt": "Trees: Hardwood (TH)", "dod_txt": "Large branches broken (1-3 inch diameter)", "efscale": "EF0", "damage_dir": "N/A", "windspeed": "80", "injuries": 0, "deaths": 0, "lat": 38.6714, "lon": -90.2293, "office": "LSX", "image": "0", "qc": "Y", "dod": 2, "surveytype": "0", "comments": "0", "image_full": "https://services.dat.noaa.gov/arcgis/rest/services/nws_damageassessmenttoolkit/DamageViewer/MapServer/0/4479903/attachments/2625141"}, "geometry": {"type": "Point", "coordinates": [-90.2292922774166, 38.6714016111954]}}, {"id": "505", "type": "Feature", "properties": {"OBJECTID": 506, "Id": 0, "stormdate": 1747353600000, "stormtime": "1943 UTC", "surveydate": 1747440000000, "surveytime": "1416 UTC", "event_id": "0", "damage": 17, "damage_txt": "Low-Rise Building [1-4 Stories] (LRB)", "dod_txt": "Significant damage to exterior walls and some interior walls", "efscale": "EF2", "damage_dir": "N/A", "windspeed": "135", "injuries": 0, "deaths": 0, "lat": 38.6562, "lon": -90.2625, "office": "LSX", "image": "0", "qc": "Y", "dod": 6, "surveytype": "0", "comments": "0", "image_full": "https://services.dat.noaa.gov/arcgis/rest/services/nws_damageassessmenttoolkit/DamageViewer/MapServer/0/4479833/attachments/2625065"}, "geometry": {"type": "Point", "coordinates": [-90.262473550314, 38.6562102901728]}}, {"id": "506", "type": "Feature", "properties": {"OBJECTID": 507, "Id": 0, "stormdate": 1747353600000, "stormtime": "1940 UTC", "surveydate": 1747440000000, "surveytime": "2202 UTC", "event_id": "0", "damage": 27, "damage_txt": "Trees: Hardwood (TH)", "dod_txt": "Trunks snapped", "efscale": "TSTM/Wind", "damage_dir": "ESE/120", "windspeed": "107", "injuries": 0, "deaths": 0, "lat": 38.6387, "lon": -90.3249, "office": "LSX", "image": "0", "qc": "Y", "dod": 4, "surveytype": "0", "comments": " ", "image_full": "https://services.dat.noaa.gov/arcgis/rest/services/nws_damageassessmenttoolkit/DamageViewer/MapServer/0/4480245/attachments/2625934"}, "geometry": {"type": "Point", "coordinates": [-90.3249119421324, 38.6386824378443]}}, {"id": "507", "type": "Feature", "properties": {"OBJECTID": 508, "Id": 0, "stormdate": 1747353600000, "stormtime": "1945 UTC", "surveydate": 1747440000000, "surveytime": "1530 UTC", "event_id": "0", "damage": 2, "damage_txt": "One- or Two-Family Residences (FR12)", "dod_txt": "Exterior walls collapsed", "efscale": "EF2", "damage_dir": "N/A", "windspeed": "132", "injuries": 0, "deaths": 0, "lat": 38.6695, "lon": -90.2327, "office": "LSX", "image": "0", "qc": "Y", "dod": 7, "surveytype": "0", "comments": "0", "image_full": "https://services.dat.noaa.gov/arcgis/rest/services/nws_damageassessmenttoolkit/DamageViewer/MapServer/0/4479886/attachments/2625132"}, "geometry": {"type": "Point", "coordinates": [-90.2326850669622, 38.6695341626715]}}, {"id": "508", "type": "Feature", "properties": {"OBJECTID": 509, "Id": 0, "stormdate": 1747353600000, "stormtime": "1942 UTC", "surveydate": 1748822400000, "surveytime": "1747 UTC", "event_id": " ", "damage": 2, "damage_txt": "One- or Two-Family Residences (FR12)", "dod_txt": "Loss of roof covering material (<20%), gutters and/or awning; loss of vinyl or metal siding", "efscale": "EF0", "damage_dir": "N/A", "windspeed": "79", "injuries": 0, "deaths": 0, "lat": 38.6488, "lon": -90.2906, "office": "LSX", "image": " ", "qc": "Y", "dod": 2, "surveytype": "0", "comments": " ", "image_full": " "}, "geometry": {"type": "Point", "coordinates": [-90.2906263323393, 38.6487873912252]}}, {"id": "509", "type": "Feature", "properties": {"OBJECTID": 510, "Id": 0, "stormdate": 1747353600000, "stormtime": "1941 UTC", "surveydate": 1748736000000, "surveytime": "1453 UTC", "event_id": " ", "damage": 20, "damage_txt": "Institutional Building [Hospital, Government or University Building] (IB)", "dod_txt": "Loss of roof covering (<20%)", "efscale": "EF1", "damage_dir": "N/A", "windspeed": "90", "injuries": 0, "deaths": 0, "lat": 38.645, "lon": -90.3019, "office": "LSX", "image": " ", "qc": "Y", "dod": 2, "surveytype": "0", "comments": "Roof damage per hi-res satellite imagery.", "image_full": " "}, "geometry": {"type": "Point", "coordinates": [-90.3018687599353, 38.6450024352143]}}, {"id": "510", "type": "Feature", "properties": {"OBJECTID": 511, "Id": 0, "stormdate": 1747353600000, "stormtime": "2003 UTC", "surveydate": 1747526400000, "surveytime": "1604 UTC", "event_id": "0", "damage": 27, "damage_txt": "Trees: Hardwood (TH)", "dod_txt": "Trees uprooted", "efscale": "EF0", "damage_dir": "N/A", "windspeed": "85", "injuries": 0, "deaths": 0, "lat": 38.7806, "lon": -89.999, "office": "LSX", "image": "0", "qc": "Y", "dod": 3, "surveytype": "0", "comments": "0", "image_full": "https://services.dat.noaa.gov/arcgis/rest/services/nws_damageassessmenttoolkit/DamageViewer/MapServer/0/4480437/attachments/2626140"}, "geometry": {"type": "Point", "coordinates": [-89.9990140578524, 38.7806304466379]}}, {"id": "511", "type": "Feature", "properties": {"OBJECTID": 512, "Id": 0, "stormdate": 1747353600000, "stormtime": "1941 UTC", "surveydate": 1748736000000, "surveytime": "1435 UTC", "event_id": " ", "damage": 27, "damage_txt": "Trees: Hardwood (TH)", "dod_txt": "Large branches broken (1-3 inch diameter)", "efscale": "EF1", "damage_dir": "N/A", "windspeed": "88", "injuries": 0, "deaths": 0, "lat": 38.6425, "lon": -90.3045, "office": "LSX", "image": " ", "qc": "Y", "dod": 2, "surveytype": "0", "comments": "Several large tree branches snapped in this area per hi-res satellite imagery.", "image_full": " "}, "geometry": {"type": "Point", "coordinates": [-90.3044718296112, 38.6425045358557]}}, {"id": "512", "type": "Feature", "properties": {"OBJECTID": 513, "Id": 0, "stormdate": 1747353600000, "stormtime": "1944 UTC", "surveydate": 1747440000000, "surveytime": "1843 UTC", "event_id": "0", "damage": 2, "damage_txt": "One- or Two-Family Residences (FR12)", "dod_txt": "Large sections of roof structure removed; most walls remain standing", "efscale": "EF2", "damage_dir": "N/A", "windspeed": "122", "injuries": 0, "deaths": 0, "lat": 38.6653, "lon": -90.25, "office": "LSX", "image": "0", "qc": "Y", "dod": 6, "surveytype": "0", "comments": "0", "image_full": "https://services.dat.noaa.gov/arcgis/rest/services/nws_damageassessmenttoolkit/DamageViewer/MapServer/0/4480050/attachments/2625322"}, "geometry": {"type": "Point", "coordinates": [-90.2500258648018, 38.6653481611887]}}, {"id": "513", "type": "Feature", "properties": {"OBJECTID": 514, "Id": 0, "stormdate": 1747353600000, "stormtime": "1942 UTC", "surveydate": 1748736000000, "surveytime": "1749 UTC", "event_id": " ", "damage": 2, "damage_txt": "One- or Two-Family Residences (FR12)", "dod_txt": "Loss of roof covering material (<20%), gutters and/or awning; loss of vinyl or metal siding", "efscale": "EF0", "damage_dir": "N/A", "windspeed": "85", "injuries": 0, "deaths": 0, "lat": 38.6496, "lon": -90.2985, "office": "LSX", "image": " ", "qc": "Y", "dod": 2, "surveytype": "0", "comments": "Tree limbs also blown on roof.", "image_full": " "}, "geometry": {"type": "Point", "coordinates": [-90.2984537013772, 38.6495529903782]}}, {"id": "514", "type": "Feature", "properties": {"OBJECTID": 515, "Id": 0, "stormdate": 1747353600000, "stormtime": "1939 UTC", "surveydate": 1748390400000, "surveytime": "1437 UTC", "event_id": " ", "damage": 5, "damage_txt": "Apartments, Condos, Townhouses [3 stories or less] (ACT)", "dod_txt": "Loss of roof covering (<20%)", "efscale": "EF1", "damage_dir": "N/A", "windspeed": "99", "injuries": 0, "deaths": 0, "lat": 38.6419, "lon": -90.333, "office": "LSX", "image": " ", "qc": "Y", "dod": 2, "surveytype": "0", "comments": "Areas of damage to roof per hi-res satellite imagery.", "image_full": " "}, "geometry": {"type": "Point", "coordinates": [-90.3330216308436, 38.6419495741136]}}, {"id": "515", "type": "Feature", "properties": {"OBJECTID": 516, "Id": 0, "stormdate": 1747353600000, "stormtime": "1942 UTC", "surveydate": 1748822400000, "surveytime": "1516 UTC", "event_id": " ", "damage": 27, "damage_txt": "Trees: Hardwood (TH)", "dod_txt": "Trees uprooted", "efscale": "EF1", "damage_dir": "N/A", "windspeed": "94", "injuries": 0, "deaths": 0, "lat": 38.6424, "lon": -90.2927, "office": "LSX", "image": " ", "qc": "Y", "dod": 3, "surveytype": "0", "comments": "A few trees uprooted in this area per hi-res satellite imagery. Felled to the east-northeast.", "image_full": " "}, "geometry": {"type": "Point", "coordinates": [-90.2926952820616, 38.6424481087932]}}, {"id": "516", "type": "Feature", "properties": {"OBJECTID": 517, "Id": 0, "stormdate": 1747353600000, "stormtime": "1942 UTC", "surveydate": 1748736000000, "surveytime": "1738 UTC", "event_id": " ", "damage": 5, "damage_txt": "Apartments, Condos, Townhouses [3 stories or less] (ACT)", "dod_txt": "Uplift of roof decking; significant loss of roof covering (>20%)", "efscale": "EF2", "damage_dir": "N/A", "windspeed": "124", "injuries": 0, "deaths": 0, "lat": 38.6485, "lon": -90.2886, "office": "LSX", "image": " ", "qc": "Y", "dod": 3, "surveytype": "0", "comments": " ", "image_full": " "}, "geometry": {"type": "Point", "coordinates": [-90.2886320452326, 38.6485492480494]}}, {"id": "517", "type": "Feature", "properties": {"OBJECTID": 518, "Id": 0, "stormdate": 1747353600000, "stormtime": "1940 UTC", "surveydate": 1748390400000, "surveytime": "1854 UTC", "event_id": " ", "damage": 27, "damage_txt": "Trees: Hardwood (TH)", "dod_txt": "Trunks snapped", "efscale": "EF1", "damage_dir": "N/A", "windspeed": "107", "injuries": 0, "deaths": 0, "lat": 38.6411, "lon": -90.3222, "office": "LSX", "image": " ", "qc": "Y", "dod": 4, "surveytype": "0", "comments": "Several trees snapped her and felled to the east-northeast per hi-res satellite data.", "image_full": " "}, "geometry": {"type": "Point", "coordinates": [-90.3222006867123, 38.6410957838434]}}, {"id": "518", "type": "Feature", "properties": {"OBJECTID": 519, "Id": 0, "stormdate": 1747353600000, "stormtime": "1940 UTC", "surveydate": 1748476800000, "surveytime": "1800 UTC", "event_id": " ", "damage": 2, "damage_txt": "One- or Two-Family Residences (FR12)", "dod_txt": "Uplift of roof deck and loss of significant roof covering material (>20%); collapse of chimney; garage doors collapse inward; failure of porch or carport", "efscale": "EF1", "damage_dir": "N/A", "windspeed": "97", "injuries": 0, "deaths": 0, "lat": 38.6415, "lon": -90.3109, "office": "LSX", "image": " ", "qc": "Y", "dod": 4, "surveytype": "0", "comments": "Significant roof damage per hi-res satellite imagery.", "image_full": " "}, "geometry": {"type": "Point", "coordinates": [-90.3109279933322, 38.6415414033132]}}, {"id": "519", "type": "Feature", "properties": {"OBJECTID": 520, "Id": 0, "stormdate": 1747353600000, "stormtime": "1943 UTC", "surveydate": 1754438400000, "surveytime": "1038 UTC", "event_id": " ", "damage": 2, "damage_txt": "One- or Two-Family Residences (FR12)", "dod_txt": "Loss of roof covering material (<20%), gutters and/or awning; loss of vinyl or metal siding", "efscale": "EF0", "damage_dir": "N/A", "windspeed": "79", "injuries": 0, "deaths": 0, "lat": 38.6581, "lon": -90.2663, "office": "LSX", "image": " ", "qc": "Y", "dod": 2, "surveytype": "0", "comments": " ", "image_full": " "}, "geometry": {"type": "Point", "coordinates": [-90.2662911400241, 38.6581030096463]}}, {"id": "520", "type": "Feature", "properties": {"OBJECTID": 521, "Id": 0, "stormdate": 1747353600000, "stormtime": "1943 UTC", "surveydate": 1747440000000, "surveytime": "1940 UTC", "event_id": "0", "damage": 2, "damage_txt": "One- or Two-Family Residences (FR12)", "dod_txt": "Large sections of roof structure removed; most walls remain standing", "efscale": "EF2", "damage_dir": "N/A", "windspeed": "122", "injuries": 0, "deaths": 0, "lat": 38.6522, "lon": -90.26, "office": "LSX", "image": "0", "qc": "Y", "dod": 6, "surveytype": "0", "comments": "0", "image_full": "https://services.dat.noaa.gov/arcgis/rest/services/nws_damageassessmenttoolkit/DamageViewer/MapServer/0/4480101/attachments/2625377"}, "geometry": {"type": "Point", "coordinates": [-90.2599853348553, 38.6521865821451]}}, {"id": "521", "type": "Feature", "properties": {"OBJECTID": 522, "Id": 0, "stormdate": 1747353600000, "stormtime": "1939 UTC", "surveydate": 1748476800000, "surveytime": "1447 UTC", "event_id": " ", "damage": 27, "damage_txt": "Trees: Hardwood (TH)", "dod_txt": "Trunks snapped", "efscale": "TSTM/Wind", "damage_dir": "SE/135", "windspeed": "95", "injuries": 0, "deaths": 0, "lat": 38.6528, "lon": -90.3662, "office": "LSX", "image": " ", "qc": "Y", "dod": 4, "surveytype": "0", "comments": "Large tree snapped and felled to the southeast per hi-res satellite imagery.", "image_full": " "}, "geometry": {"type": "Point", "coordinates": [-90.3661564951261, 38.6528197983951]}}, {"id": "522", "type": "Feature", "properties": {"OBJECTID": 523, "Id": 0, "stormdate": 1747353600000, "stormtime": "1939 UTC", "surveydate": 1748390400000, "surveytime": "1758 UTC", "event_id": " ", "damage": 5, "damage_txt": "Apartments, Condos, Townhouses [3 stories or less] (ACT)", "dod_txt": "Loss of roof covering (<20%)", "efscale": "EF1", "damage_dir": "N/A", "windspeed": "90", "injuries": 0, "deaths": 0, "lat": 38.6416, "lon": -90.332, "office": "LSX", "image": " ", "qc": "Y", "dod": 2, "surveytype": "0", "comments": "Shingles missing on south-facing portion of roof per hi-res satellite imagery.", "image_full": " "}, "geometry": {"type": "Point", "coordinates": [-90.3319542353996, 38.6415886950623]}}, {"id": "523", "type": "Feature", "properties": {"OBJECTID": 524, "Id": 0, "stormdate": 1747353600000, "stormtime": "1942 UTC", "surveydate": 1747440000000, "surveytime": "2048 UTC", "event_id": "0", "damage": 27, "damage_txt": "Trees: Hardwood (TH)", "dod_txt": "Large branches broken (1-3 inch diameter)", "efscale": "TSTM/Wind", "damage_dir": "N/A", "windspeed": "74", "injuries": 0, "deaths": 0, "lat": 38.6339, "lon": -90.2855, "office": "LSX", "image": "0", "qc": "Y", "dod": 2, "surveytype": "0", "comments": "0", "image_full": "https://services.dat.noaa.gov/arcgis/rest/services/nws_damageassessmenttoolkit/DamageViewer/MapServer/0/4480207/attachments/2625900"}, "geometry": {"type": "Point", "coordinates": [-90.2854514830995, 38.6338947422486]}}, {"id": "524", "type": "Feature", "properties": {"OBJECTID": 525, "Id": 0, "stormdate": 1747353600000, "stormtime": "1943 UTC", "surveydate": 1754438400000, "surveytime": "1038 UTC", "event_id": " ", "damage": 2, "damage_txt": "One- or Two-Family Residences (FR12)", "dod_txt": "Loss of roof covering material (<20%), gutters and/or awning; loss of vinyl or metal siding", "efscale": "EF0", "damage_dir": "N/A", "windspeed": "79", "injuries": 0, "deaths": 0, "lat": 38.6581, "lon": -90.2663, "office": "LSX", "image": " ", "qc": "Y", "dod": 2, "surveytype": "0", "comments": " ", "image_full": " "}, "geometry": {"type": "Point", "coordinates": [-90.2662911400241, 38.6581030096463]}}, {"id": "525", "type": "Feature", "properties": {"OBJECTID": 526, "Id": 0, "stormdate": 1747353600000, "stormtime": "1940 UTC", "surveydate": 1748476800000, "surveytime": "1843 UTC", "event_id": " ", "damage": 27, "damage_txt": "Trees: Hardwood (TH)", "dod_txt": "Trees uprooted", "efscale": "EF1", "damage_dir": "NNE/30", "windspeed": "94", "injuries": 0, "deaths": 0, "lat": 38.6431, "lon": -90.31, "office": "LSX", "image": " ", "qc": "Y", "dod": 3, "surveytype": "0", "comments": "Several trees in this area uprooted or severely damaged per hi-res satellite imagery.", "image_full": " "}, "geometry": {"type": "Point", "coordinates": [-90.3099863392981, 38.6430774831394]}}, {"id": "526", "type": "Feature", "properties": {"OBJECTID": 527, "Id": 0, "stormdate": 1747353600000, "stormtime": "1940 UTC", "surveydate": 1748476800000, "surveytime": "1756 UTC", "event_id": " ", "damage": 2, "damage_txt": "One- or Two-Family Residences (FR12)", "dod_txt": "Loss of roof covering material (<20%), gutters and/or awning; loss of vinyl or metal siding", "efscale": "EF0", "damage_dir": "N/A", "windspeed": "79", "injuries": 0, "deaths": 0, "lat": 38.6398, "lon": -90.3097, "office": "LSX", "image": " ", "qc": "Y", "dod": 2, "surveytype": "0", "comments": "Roof damage per hi-res satellite imagery.", "image_full": " "}, "geometry": {"type": "Point", "coordinates": [-90.3097337386211, 38.639845490577]}}, {"id": "527", "type": "Feature", "properties": {"OBJECTID": 528, "Id": 0, "stormdate": 1747353600000, "stormtime": "1900 UTC", "surveydate": 1747440000000, "surveytime": "1900 UTC", "event_id": "0", "damage": 24, "damage_txt": "Electrical Transmission Lines (ETL)", "dod_txt": "Broken wood poles", "efscale": "EF2", "damage_dir": "N/A", "windspeed": "118", "injuries": 0, "deaths": 0, "lat": 38.6649, "lon": -90.2503, "office": "LSX", "image": "0", "qc": "Y", "dod": 4, "surveytype": "0", "comments": " ", "image_full": "https://services.dat.noaa.gov/arcgis/rest/services/nws_damageassessmenttoolkit/DamageViewer/MapServer/0/4480179/attachments/2625871"}, "geometry": {"type": "Point", "coordinates": [-90.2503445575553, 38.6648947526907]}}, {"id": "528", "type": "Feature", "properties": {"OBJECTID": 529, "Id": 0, "stormdate": 1747353600000, "stormtime": "1943 UTC", "surveydate": 1761523200000, "surveytime": "1040 UTC", "event_id": " ", "damage": 2, "damage_txt": "One- or Two-Family Residences (FR12)", "dod_txt": "Loss of roof covering material (<20%), gutters and/or awning; loss of vinyl or metal siding", "efscale": "EF0", "damage_dir": "N/A", "windspeed": "79", "injuries": 0, "deaths": 0, "lat": 38.6666, "lon": -90.2535, "office": "LSX", "image": " ", "qc": "Y", "dod": 2, "surveytype": "0", "comments": " ", "image_full": " "}, "geometry": {"type": "Point", "coordinates": [-90.253527734917, 38.6665503317325]}}, {"id": "529", "type": "Feature", "properties": {"OBJECTID": 530, "Id": 0, "stormdate": 1747353600000, "stormtime": "1939 UTC", "surveydate": 1748390400000, "surveytime": "1735 UTC", "event_id": " ", "damage": 27, "damage_txt": "Trees: Hardwood (TH)", "dod_txt": "Trunks snapped", "efscale": "EF1", "damage_dir": "N/A", "windspeed": "100", "injuries": 0, "deaths": 0, "lat": 38.6436, "lon": -90.3391, "office": "LSX", "image": " ", "qc": "Y", "dod": 4, "surveytype": "0", "comments": "A few trees snapped and felled to the east here per hi-res satellite imagery.", "image_full": " "}, "geometry": {"type": "Point", "coordinates": [-90.3390844823629, 38.6435598902768]}}, {"id": "530", "type": "Feature", "properties": {"OBJECTID": 531, "Id": 0, "stormdate": 1747353600000, "stormtime": "1943 UTC", "surveydate": 1761523200000, "surveytime": "1040 UTC", "event_id": " ", "damage": 2, "damage_txt": "One- or Two-Family Residences (FR12)", "dod_txt": "Loss of roof covering material (<20%), gutters and/or awning; loss of vinyl or metal siding", "efscale": "EF0", "damage_dir": "N/A", "windspeed": "79", "injuries": 0, "deaths": 0, "lat": 38.6666, "lon": -90.2535, "office": "LSX", "image": " ", "qc": "Y", "dod": 2, "surveytype": "0", "comments": " ", "image_full": " "}, "geometry": {"type": "Point", "coordinates": [-90.253527734917, 38.6665503317325]}}, {"id": "531", "type": "Feature", "properties": {"OBJECTID": 532, "Id": 0, "stormdate": 1747353600000, "stormtime": "1941 UTC", "surveydate": 1748736000000, "surveytime": "1424 UTC", "event_id": " ", "damage": 2, "damage_txt": "One- or Two-Family Residences (FR12)", "dod_txt": "Loss of roof covering material (<20%), gutters and/or awning; loss of vinyl or metal siding", "efscale": "EF1", "damage_dir": "N/A", "windspeed": "90", "injuries": 0, "deaths": 0, "lat": 38.6439, "lon": -90.304, "office": "LSX", "image": " ", "qc": "Y", "dod": 2, "surveytype": "0", "comments": "Roof damage per hi-res satellite imagery.", "image_full": " "}, "geometry": {"type": "Point", "coordinates": [-90.3039679961261, 38.6439218709976]}}, {"id": "532", "type": "Feature", "properties": {"OBJECTID": 533, "Id": 0, "stormdate": 1747353600000, "stormtime": "1943 UTC", "surveydate": 1761523200000, "surveytime": "1040 UTC", "event_id": " ", "damage": 2, "damage_txt": "One- or Two-Family Residences (FR12)", "dod_txt": "Loss of roof covering material (<20%), gutters and/or awning; loss of vinyl or metal siding", "efscale": "EF0", "damage_dir": "N/A", "windspeed": "79", "injuries": 0, "deaths": 0, "lat": 38.6666, "lon": -90.2535, "office": "LSX", "image": " ", "qc": "Y", "dod": 2, "surveytype": "0", "comments": " ", "image_full": " "}, "geometry": {"type": "Point", "coordinates": [-90.253527734917, 38.6665503317325]}}, {"id": "533", "type": "Feature", "properties": {"OBJECTID": 534, "Id": 0, "stormdate": 1747353600000, "stormtime": "1943 UTC", "surveydate": 1754438400000, "surveytime": "1038 UTC", "event_id": " ", "damage": 2, "damage_txt": "One- or Two-Family Residences (FR12)", "dod_txt": "Loss of roof covering material (<20%), gutters and/or awning; loss of vinyl or metal siding", "efscale": "EF0", "damage_dir": "N/A", "windspeed": "79", "injuries": 0, "deaths": 0, "lat": 38.6581, "lon": -90.2663, "office": "LSX", "image": " ", "qc": "Y", "dod": 2, "surveytype": "0", "comments": " ", "image_full": " "}, "geometry": {"type": "Point", "coordinates": [-90.2662911400241, 38.6581030096463]}}, {"id": "534", "type": "Feature", "properties": {"OBJECTID": 535, "Id": 0, "stormdate": 1747353600000, "stormtime": "1940 UTC", "surveydate": 1748476800000, "surveytime": "1749 UTC", "event_id": " ", "damage": 27, "damage_txt": "Trees: Hardwood (TH)", "dod_txt": "Trunks snapped", "efscale": "EF1", "damage_dir": "ENE/60", "windspeed": "107", "injuries": 0, "deaths": 0, "lat": 38.6397, "lon": -90.3109, "office": "LSX", "image": " ", "qc": "Y", "dod": 4, "surveytype": "0", "comments": "Several trees uprooted or snapped in this area per hi-res satellite imagery.", "image_full": " "}, "geometry": {"type": "Point", "coordinates": [-90.3109286633271, 38.6396600800487]}}, {"id": "535", "type": "Feature", "properties": {"OBJECTID": 536, "Id": 0, "stormdate": 1747353600000, "stormtime": "1940 UTC", "surveydate": 1748390400000, "surveytime": "1829 UTC", "event_id": " ", "damage": 27, "damage_txt": "Trees: Hardwood (TH)", "dod_txt": "Trees uprooted", "efscale": "EF1", "damage_dir": "ENE/60", "windspeed": "94", "injuries": 0, "deaths": 0, "lat": 38.641, "lon": -90.327, "office": "LSX", "image": " ", "qc": "Y", "dod": 3, "surveytype": "0", "comments": "Tree uprooted and felled to the east-northeast per hi-res satellite imagery.", "image_full": " "}, "geometry": {"type": "Point", "coordinates": [-90.327041739085, 38.641003604233]}}, {"id": "536", "type": "Feature", "properties": {"OBJECTID": 537, "Id": 0, "stormdate": 1747353600000, "stormtime": "1942 UTC", "surveydate": 1748822400000, "surveytime": "1802 UTC", "event_id": " ", "damage": 2, "damage_txt": "One- or Two-Family Residences (FR12)", "dod_txt": "Uplift of roof deck and loss of significant roof covering material (>20%); collapse of chimney; garage doors collapse inward; failure of porch or carport", "efscale": "EF1", "damage_dir": "N/A", "windspeed": "97", "injuries": 0, "deaths": 0, "lat": 38.6492, "lon": -90.2952, "office": "LSX", "image": " ", "qc": "Y", "dod": 4, "surveytype": "0", "comments": " ", "image_full": " "}, "geometry": {"type": "Point", "coordinates": [-90.2952048573183, 38.6492152301988]}}, {"id": "537", "type": "Feature", "properties": {"OBJECTID": 538, "Id": 0, "stormdate": 1747353600000, "stormtime": "1941 UTC", "surveydate": 1748736000000, "surveytime": "1432 UTC", "event_id": " ", "damage": 2, "damage_txt": "One- or Two-Family Residences (FR12)", "dod_txt": "Uplift of roof deck and loss of significant roof covering material (>20%); collapse of chimney; garage doors collapse inward; failure of porch or carport", "efscale": "EF1", "damage_dir": "E/90", "windspeed": "95", "injuries": 0, "deaths": 0, "lat": 38.6433, "lon": -90.3046, "office": "LSX", "image": " ", "qc": "Y", "dod": 4, "surveytype": "0", "comments": "Several trees uprooted at this property, roof damage per hi-res satellite imagery.", "image_full": " "}, "geometry": {"type": "Point", "coordinates": [-90.3046491597309, 38.6433166992064]}}, {"id": "538", "type": "Feature", "properties": {"OBJECTID": 539, "Id": 0, "stormdate": 1747353600000, "stormtime": "1926 UTC", "surveydate": 1747440000000, "surveytime": "1926 UTC", "event_id": "0", "damage": 20, "damage_txt": "Institutional Building [Hospital, Government or University Building] (IB)", "dod_txt": "Loss of roof covering (<20%)", "efscale": "EF1", "damage_dir": "N/A", "windspeed": "86", "injuries": 0, "deaths": 0, "lat": 38.6571, "lon": -90.2492, "office": "LSX", "image": "0", "qc": "Y", "dod": 2, "surveytype": "0", "comments": "0", "image_full": "https://services.dat.noaa.gov/arcgis/rest/services/nws_damageassessmenttoolkit/DamageViewer/MapServer/0/4471669/attachments/2618261"}, "geometry": {"type": "Point", "coordinates": [-90.2491575999432, 38.657051703973]}}, {"id": "539", "type": "Feature", "properties": {"OBJECTID": 540, "Id": 0, "stormdate": 1747353600000, "stormtime": "1941 UTC", "surveydate": 1747440000000, "surveytime": "2142 UTC", "event_id": "0", "damage": 27, "damage_txt": "Trees: Hardwood (TH)", "dod_txt": "Trees uprooted", "efscale": "TSTM/Wind", "damage_dir": "N/A", "windspeed": "94", "injuries": 0, "deaths": 0, "lat": 38.6468, "lon": -90.3094, "office": "LSX", "image": "0", "qc": "Y", "dod": 3, "surveytype": "0", "comments": "0", "image_full": "https://services.dat.noaa.gov/arcgis/rest/services/nws_damageassessmenttoolkit/DamageViewer/MapServer/0/4480235/attachments/2625924"}, "geometry": {"type": "Point", "coordinates": [-90.3093515348454, 38.6468262126596]}}, {"id": "540", "type": "Feature", "properties": {"OBJECTID": 541, "Id": 0, "stormdate": 1747353600000, "stormtime": "1940 UTC", "surveydate": 1748476800000, "surveytime": "1816 UTC", "event_id": " ", "damage": 27, "damage_txt": "Trees: Hardwood (TH)", "dod_txt": "Trees uprooted", "efscale": "EF1", "damage_dir": "N/A", "windspeed": "94", "injuries": 0, "deaths": 0, "lat": 38.6426, "lon": -90.3105, "office": "LSX", "image": " ", "qc": "Y", "dod": 3, "surveytype": "0", "comments": "Several trees uprooted in this area per hi-res satellite imagery.", "image_full": " "}, "geometry": {"type": "Point", "coordinates": [-90.3105490181226, 38.642608991212]}}, {"id": "541", "type": "Feature", "properties": {"OBJECTID": 542, "Id": 0, "stormdate": 1747353600000, "stormtime": "1940 UTC", "surveydate": 1748476800000, "surveytime": "1807 UTC", "event_id": " ", "damage": 27, "damage_txt": "Trees: Hardwood (TH)", "dod_txt": "Trees uprooted", "efscale": "EF1", "damage_dir": "N/A", "windspeed": "94", "injuries": 0, "deaths": 0, "lat": 38.641, "lon": -90.3093, "office": "LSX", "image": " ", "qc": "Y", "dod": 3, "surveytype": "0", "comments": "Several trees uprooted here per hi-res satellite imagery.", "image_full": " "}, "geometry": {"type": "Point", "coordinates": [-90.3092904591873, 38.6410114184422]}}, {"id": "542", "type": "Feature", "properties": {"OBJECTID": 543, "Id": 0, "stormdate": 1747353600000, "stormtime": "1939 UTC", "surveydate": 1748390400000, "surveytime": "1705 UTC", "event_id": " ", "damage": 27, "damage_txt": "Trees: Hardwood (TH)", "dod_txt": "Large branches broken (1-3 inch diameter)", "efscale": "EF0", "damage_dir": "N/A", "windspeed": "85", "injuries": 0, "deaths": 0, "lat": 38.6439, "lon": -90.3453, "office": "LSX", "image": " ", "qc": "Y", "dod": 2, "surveytype": "0", "comments": "Small tree snapped here per hi-res satellite imagery.", "image_full": " "}, "geometry": {"type": "Point", "coordinates": [-90.3452659301785, 38.6439045320686]}}, {"id": "543", "type": "Feature", "properties": {"OBJECTID": 544, "Id": 0, "stormdate": 1747353600000, "stormtime": "1943 UTC", "surveydate": 1754438400000, "surveytime": "1038 UTC", "event_id": " ", "damage": 2, "damage_txt": "One- or Two-Family Residences (FR12)", "dod_txt": "Loss of roof covering material (<20%), gutters and/or awning; loss of vinyl or metal siding", "efscale": "EF0", "damage_dir": "N/A", "windspeed": "79", "injuries": 0, "deaths": 0, "lat": 38.6581, "lon": -90.2663, "office": "LSX", "image": " ", "qc": "Y", "dod": 2, "surveytype": "0", "comments": " ", "image_full": " "}, "geometry": {"type": "Point", "coordinates": [-90.2662911400241, 38.6581030096463]}}, {"id": "544", "type": "Feature", "properties": {"OBJECTID": 545, "Id": 0, "stormdate": 1747353600000, "stormtime": "1940 UTC", "surveydate": 1748476800000, "surveytime": "1822 UTC", "event_id": " ", "damage": 2, "damage_txt": "One- or Two-Family Residences (FR12)", "dod_txt": "Loss of roof covering material (<20%), gutters and/or awning; loss of vinyl or metal siding", "efscale": "EF1", "damage_dir": "N/A", "windspeed": "90", "injuries": 0, "deaths": 0, "lat": 38.6402, "lon": -90.3079, "office": "LSX", "image": " ", "qc": "Y", "dod": 2, "surveytype": "0", "comments": "Roof damage per hi-res satellite imagery.", "image_full": " "}, "geometry": {"type": "Point", "coordinates": [-90.3078761970288, 38.6401568016951]}}, {"id": "545", "type": "Feature", "properties": {"OBJECTID": 546, "Id": 0, "stormdate": 1747353600000, "stormtime": "2003 UTC", "surveydate": 1747526400000, "surveytime": "1606 UTC", "event_id": "0", "damage": 28, "damage_txt": "Trees: Softwood (TS)", "dod_txt": "Trunks snapped", "efscale": "EF1", "damage_dir": "N/A", "windspeed": "90", "injuries": 0, "deaths": 0, "lat": 38.7811, "lon": -89.9979, "office": "LSX", "image": "0", "qc": "Y", "dod": 4, "surveytype": "0", "comments": "0", "image_full": "https://services.dat.noaa.gov/arcgis/rest/services/nws_damageassessmenttoolkit/DamageViewer/MapServer/0/4480438/attachments/2626141"}, "geometry": {"type": "Point", "coordinates": [-89.9979149307294, 38.7811482061248]}}, {"id": "546", "type": "Feature", "properties": {"OBJECTID": 547, "Id": 0, "stormdate": 1747353600000, "stormtime": "1940 UTC", "surveydate": 1748476800000, "surveytime": "1827 UTC", "event_id": " ", "damage": 2, "damage_txt": "One- or Two-Family Residences (FR12)", "dod_txt": "Uplift of roof deck and loss of significant roof covering material (>20%); collapse of chimney; garage doors collapse inward; failure of porch or carport", "efscale": "EF1", "damage_dir": "N/A", "windspeed": "97", "injuries": 0, "deaths": 0, "lat": 38.642, "lon": -90.3104, "office": "LSX", "image": " ", "qc": "Y", "dod": 4, "surveytype": "0", "comments": "Significant roof damage per hi-res satellite imagery.", "image_full": " "}, "geometry": {"type": "Point", "coordinates": [-90.3104128958385, 38.6419810252042]}}, {"id": "547", "type": "Feature", "properties": {"OBJECTID": 548, "Id": 0, "stormdate": 1747353600000, "stormtime": "1942 UTC", "surveydate": 1748736000000, "surveytime": "1711 UTC", "event_id": " ", "damage": 27, "damage_txt": "Trees: Hardwood (TH)", "dod_txt": "Trees uprooted", "efscale": "TSTM/Wind", "damage_dir": "N/0", "windspeed": "94", "injuries": 0, "deaths": 0, "lat": 38.6349, "lon": -90.3078, "office": "LSX", "image": " ", "qc": "Y", "dod": 3, "surveytype": "0", "comments": "Felled northward.", "image_full": " "}, "geometry": {"type": "Point", "coordinates": [-90.3077802987218, 38.6348641223814]}}, {"id": "548", "type": "Feature", "properties": {"OBJECTID": 549, "Id": 0, "stormdate": 1747353600000, "stormtime": "1940 UTC", "surveydate": 1748476800000, "surveytime": "1740 UTC", "event_id": " ", "damage": 27, "damage_txt": "Trees: Hardwood (TH)", "dod_txt": "Trees uprooted", "efscale": "EF1", "damage_dir": "N/A", "windspeed": "94", "injuries": 0, "deaths": 0, "lat": 38.6431, "lon": -90.3143, "office": "LSX", "image": " ", "qc": "Y", "dod": 3, "surveytype": "0", "comments": "Several trees along Wydown Blvd uprooted per hi-res satellite imagery.", "image_full": " "}, "geometry": {"type": "Point", "coordinates": [-90.3142818035623, 38.643098386981]}}, {"id": "549", "type": "Feature", "properties": {"OBJECTID": 550, "Id": 0, "stormdate": 1747353600000, "stormtime": "1939 UTC", "surveydate": 1748390400000, "surveytime": "1508 UTC", "event_id": " ", "damage": 5, "damage_txt": "Apartments, Condos, Townhouses [3 stories or less] (ACT)", "dod_txt": "Uplift of roof decking; significant loss of roof covering (>20%)", "efscale": "EF2", "damage_dir": "N/A", "windspeed": "124", "injuries": 0, "deaths": 0, "lat": 38.6433, "lon": -90.343, "office": "LSX", "image": " ", "qc": "Y", "dod": 3, "surveytype": "0", "comments": "Majority of roof covering, portion of roof decking removed per hi-res satellite imagery.", "image_full": " "}, "geometry": {"type": "Point", "coordinates": [-90.3429808589794, 38.6433307457174]}}, {"id": "550", "type": "Feature", "properties": {"OBJECTID": 551, "Id": 0, "stormdate": 1747353600000, "stormtime": "1944 UTC", "surveydate": 1747440000000, "surveytime": "1848 UTC", "event_id": "0", "damage": 2, "damage_txt": "One- or Two-Family Residences (FR12)", "dod_txt": "Large sections of roof structure removed; most walls remain standing", "efscale": "EF2", "damage_dir": "N/A", "windspeed": "122", "injuries": 0, "deaths": 0, "lat": 38.6606, "lon": -90.245, "office": "LSX", "image": "0", "qc": "Y", "dod": 6, "surveytype": "0", "comments": "0", "image_full": "https://services.dat.noaa.gov/arcgis/rest/services/nws_damageassessmenttoolkit/DamageViewer/MapServer/0/4480076/attachments/2625349"}, "geometry": {"type": "Point", "coordinates": [-90.244998430633, 38.660601903655]}}, {"id": "551", "type": "Feature", "properties": {"OBJECTID": 552, "Id": 0, "stormdate": 1747353600000, "stormtime": "1943 UTC", "surveydate": 1748822400000, "surveytime": "1639 UTC", "event_id": " ", "damage": 5, "damage_txt": "Apartments, Condos, Townhouses [3 stories or less] (ACT)", "dod_txt": "Uplift of roof decking; significant loss of roof covering (>20%)", "efscale": "EF2", "damage_dir": "N/A", "windspeed": "124", "injuries": 0, "deaths": 0, "lat": 38.6477, "lon": -90.2781, "office": "LSX", "image": " ", "qc": "Y", "dod": 3, "surveytype": "0", "comments": " ", "image_full": " "}, "geometry": {"type": "Point", "coordinates": [-90.2780985981717, 38.6476641712645]}}, {"id": "552", "type": "Feature", "properties": {"OBJECTID": 553, "Id": 0, "stormdate": 1747353600000, "stormtime": "1943 UTC", "surveydate": 1761523200000, "surveytime": "1040 UTC", "event_id": " ", "damage": 2, "damage_txt": "One- or Two-Family Residences (FR12)", "dod_txt": "Loss of roof covering material (<20%), gutters and/or awning; loss of vinyl or metal siding", "efscale": "EF0", "damage_dir": "N/A", "windspeed": "79", "injuries": 0, "deaths": 0, "lat": 38.6666, "lon": -90.2535, "office": "LSX", "image": " ", "qc": "Y", "dod": 2, "surveytype": "0", "comments": " ", "image_full": " "}, "geometry": {"type": "Point", "coordinates": [-90.253527734917, 38.6665503317325]}}, {"id": "553", "type": "Feature", "properties": {"OBJECTID": 554, "Id": 0, "stormdate": 1747353600000, "stormtime": "1942 UTC", "surveydate": 1748822400000, "surveytime": "1446 UTC", "event_id": " ", "damage": 27, "damage_txt": "Trees: Hardwood (TH)", "dod_txt": "Trunks snapped", "efscale": "TSTM/Wind", "damage_dir": "N/A", "windspeed": "107", "injuries": 0, "deaths": 0, "lat": 38.6392, "lon": -90.3002, "office": "LSX", "image": " ", "qc": "Y", "dod": 4, "surveytype": "0", "comments": "Numerous trees snapped or uprooted in this area per hi-res satellite imagery. Felled generally east-northeast.", "image_full": " "}, "geometry": {"type": "Point", "coordinates": [-90.3002404303516, 38.6392368150271]}}, {"id": "554", "type": "Feature", "properties": {"OBJECTID": 555, "Id": 0, "stormdate": 1747353600000, "stormtime": "1944 UTC", "surveydate": 1747440000000, "surveytime": "1857 UTC", "event_id": "0", "damage": 2, "damage_txt": "One- or Two-Family Residences (FR12)", "dod_txt": "Large sections of roof structure removed; most walls remain standing", "efscale": "EF2", "damage_dir": "N/A", "windspeed": "122", "injuries": 0, "deaths": 0, "lat": 38.6614, "lon": -90.2501, "office": "LSX", "image": "0", "qc": "Y", "dod": 6, "surveytype": "0", "comments": "0", "image_full": "https://services.dat.noaa.gov/arcgis/rest/services/nws_damageassessmenttoolkit/DamageViewer/MapServer/0/4480086/attachments/2625359"}, "geometry": {"type": "Point", "coordinates": [-90.2500816029835, 38.66136288389]}}, {"id": "555", "type": "Feature", "properties": {"OBJECTID": 556, "Id": 0, "stormdate": 1747353600000, "stormtime": "1940 UTC", "surveydate": 1748476800000, "surveytime": "1752 UTC", "event_id": " ", "damage": 2, "damage_txt": "One- or Two-Family Residences (FR12)", "dod_txt": "Loss of roof covering material (<20%), gutters and/or awning; loss of vinyl or metal siding", "efscale": "EF0", "damage_dir": "N/A", "windspeed": "79", "injuries": 0, "deaths": 0, "lat": 38.6416, "lon": -90.3116, "office": "LSX", "image": " ", "qc": "Y", "dod": 2, "surveytype": "0", "comments": " ", "image_full": " "}, "geometry": {"type": "Point", "coordinates": [-90.3115844633523, 38.6415853981476]}}, {"id": "556", "type": "Feature", "properties": {"OBJECTID": 557, "Id": 0, "stormdate": 1747353600000, "stormtime": "1943 UTC", "surveydate": 1761523200000, "surveytime": "1040 UTC", "event_id": " ", "damage": 2, "damage_txt": "One- or Two-Family Residences (FR12)", "dod_txt": "Loss of roof covering material (<20%), gutters and/or awning; loss of vinyl or metal siding", "efscale": "EF0", "damage_dir": "N/A", "windspeed": "79", "injuries": 0, "deaths": 0, "lat": 38.6666, "lon": -90.2535, "office": "LSX", "image": " ", "qc": "Y", "dod": 2, "surveytype": "0", "comments": " ", "image_full": " "}, "geometry": {"type": "Point", "coordinates": [-90.253527734917, 38.6665503317325]}}, {"id": "557", "type": "Feature", "properties": {"OBJECTID": 558, "Id": 0, "stormdate": 1747353600000, "stormtime": "1942 UTC", "surveydate": 1748476800000, "surveytime": "1904 UTC", "event_id": " ", "damage": 2, "damage_txt": "One- or Two-Family Residences (FR12)", "dod_txt": "Uplift of roof deck and loss of significant roof covering material (>20%); collapse of chimney; garage doors collapse inward; failure of porch or carport", "efscale": "TSTM/Wind", "damage_dir": "N/A", "windspeed": "97", "injuries": 0, "deaths": 0, "lat": 38.6393, "lon": -90.3042, "office": "LSX", "image": " ", "qc": "Y", "dod": 4, "surveytype": "0", "comments": "Significant roof damage per hi-res satellite imagery.", "image_full": " "}, "geometry": {"type": "Point", "coordinates": [-90.3041878893596, 38.6392731530336]}}, {"id": "558", "type": "Feature", "properties": {"OBJECTID": 559, "Id": 0, "stormdate": 1747353600000, "stormtime": "1941 UTC", "surveydate": 1748736000000, "surveytime": "1526 UTC", "event_id": " ", "damage": 27, "damage_txt": "Trees: Hardwood (TH)", "dod_txt": "Large branches broken (1-3 inch diameter)", "efscale": "TSTM/Wind", "damage_dir": "N/A", "windspeed": "74", "injuries": 0, "deaths": 0, "lat": 38.6485, "lon": -90.3069, "office": "LSX", "image": " ", "qc": "Y", "dod": 2, "surveytype": "0", "comments": " ", "image_full": " "}, "geometry": {"type": "Point", "coordinates": [-90.3069328495713, 38.6485348499034]}}, {"id": "559", "type": "Feature", "properties": {"OBJECTID": 560, "Id": 0, "stormdate": 1747353600000, "stormtime": "1945 UTC", "surveydate": 1747440000000, "surveytime": "1633 UTC", "event_id": "0", "damage": 2, "damage_txt": "One- or Two-Family Residences (FR12)", "dod_txt": "Large sections of roof structure removed; most walls remain standing", "efscale": "EF2", "damage_dir": "N/A", "windspeed": "122", "injuries": 0, "deaths": 0, "lat": 38.6719, "lon": -90.225, "office": "LSX", "image": "0", "qc": "Y", "dod": 6, "surveytype": "0", "comments": "0", "image_full": "https://services.dat.noaa.gov/arcgis/rest/services/nws_damageassessmenttoolkit/DamageViewer/MapServer/0/4479932/attachments/2625174"}, "geometry": {"type": "Point", "coordinates": [-90.2249814662217, 38.6718572733945]}}, {"id": "560", "type": "Feature", "properties": {"OBJECTID": 561, "Id": 0, "stormdate": 1747353600000, "stormtime": "1941 UTC", "surveydate": 1748476800000, "surveytime": "1926 UTC", "event_id": " ", "damage": 2, "damage_txt": "One- or Two-Family Residences (FR12)", "dod_txt": "Uplift of roof deck and loss of significant roof covering material (>20%); collapse of chimney; garage doors collapse inward; failure of porch or carport", "efscale": "EF1", "damage_dir": "N/A", "windspeed": "97", "injuries": 0, "deaths": 0, "lat": 38.6411, "lon": -90.3064, "office": "LSX", "image": " ", "qc": "Y", "dod": 4, "surveytype": "0", "comments": "Significant roof damage per hi-res satellite imagery.", "image_full": " "}, "geometry": {"type": "Point", "coordinates": [-90.3063510556566, 38.6410835593588]}}, {"id": "561", "type": "Feature", "properties": {"OBJECTID": 562, "Id": 0, "stormdate": 1747353600000, "stormtime": "1943 UTC", "surveydate": 1747440000000, "surveytime": "2000 UTC", "event_id": "0", "damage": 27, "damage_txt": "Trees: Hardwood (TH)", "dod_txt": "Large branches broken (1-3 inch diameter)", "efscale": "EF0", "damage_dir": "N/A", "windspeed": "74", "injuries": 0, "deaths": 0, "lat": 38.6491, "lon": -90.2733, "office": "LSX", "image": "0", "qc": "Y", "dod": 2, "surveytype": "0", "comments": "0", "image_full": "https://services.dat.noaa.gov/arcgis/rest/services/nws_damageassessmenttoolkit/DamageViewer/MapServer/0/4480183/attachments/2625875"}, "geometry": {"type": "Point", "coordinates": [-90.2733199740375, 38.649102946244]}}, {"id": "562", "type": "Feature", "properties": {"OBJECTID": 563, "Id": 0, "stormdate": 1747353600000, "stormtime": "1943 UTC", "surveydate": 1761523200000, "surveytime": "1040 UTC", "event_id": " ", "damage": 2, "damage_txt": "One- or Two-Family Residences (FR12)", "dod_txt": "Loss of roof covering material (<20%), gutters and/or awning; loss of vinyl or metal siding", "efscale": "EF0", "damage_dir": "N/A", "windspeed": "79", "injuries": 0, "deaths": 0, "lat": 38.6666, "lon": -90.2535, "office": "LSX", "image": " ", "qc": "Y", "dod": 2, "surveytype": "0", "comments": " ", "image_full": " "}, "geometry": {"type": "Point", "coordinates": [-90.253527734917, 38.6665503317325]}}, {"id": "563", "type": "Feature", "properties": {"OBJECTID": 564, "Id": 0, "stormdate": 1747353600000, "stormtime": "1943 UTC", "surveydate": 1761523200000, "surveytime": "1040 UTC", "event_id": " ", "damage": 2, "damage_txt": "One- or Two-Family Residences (FR12)", "dod_txt": "Loss of roof covering material (<20%), gutters and/or awning; loss of vinyl or metal siding", "efscale": "EF0", "damage_dir": "N/A", "windspeed": "79", "injuries": 0, "deaths": 0, "lat": 38.6666, "lon": -90.2535, "office": "LSX", "image": " ", "qc": "Y", "dod": 2, "surveytype": "0", "comments": " ", "image_full": " "}, "geometry": {"type": "Point", "coordinates": [-90.253527734917, 38.6665503317325]}}, {"id": "564", "type": "Feature", "properties": {"OBJECTID": 565, "Id": 0, "stormdate": 1747353600000, "stormtime": "1940 UTC", "surveydate": 1748476800000, "surveytime": "1800 UTC", "event_id": " ", "damage": 2, "damage_txt": "One- or Two-Family Residences (FR12)", "dod_txt": "Uplift of roof deck and loss of significant roof covering material (>20%); collapse of chimney; garage doors collapse inward; failure of porch or carport", "efscale": "EF1", "damage_dir": "N/A", "windspeed": "97", "injuries": 0, "deaths": 0, "lat": 38.6415, "lon": -90.3106, "office": "LSX", "image": " ", "qc": "Y", "dod": 4, "surveytype": "0", "comments": "Significant roof damage per hi-res satellite imagery.", "image_full": " "}, "geometry": {"type": "Point", "coordinates": [-90.3106342909397, 38.6414984561889]}}, {"id": "565", "type": "Feature", "properties": {"OBJECTID": 566, "Id": 0, "stormdate": 1747353600000, "stormtime": "1941 UTC", "surveydate": 1748736000000, "surveytime": "1428 UTC", "event_id": " ", "damage": 2, "damage_txt": "One- or Two-Family Residences (FR12)", "dod_txt": "Uplift of roof deck and loss of significant roof covering material (>20%); collapse of chimney; garage doors collapse inward; failure of porch or carport", "efscale": "EF1", "damage_dir": "NE/45", "windspeed": "97", "injuries": 0, "deaths": 0, "lat": 38.642, "lon": -90.3054, "office": "LSX", "image": " ", "qc": "Y", "dod": 4, "surveytype": "0", "comments": "Several trees snapped at this property, roof damage per hi-res satellite imagery.", "image_full": " "}, "geometry": {"type": "Point", "coordinates": [-90.3053961546088, 38.6420429669095]}}, {"id": "566", "type": "Feature", "properties": {"OBJECTID": 567, "Id": 0, "stormdate": 1747353600000, "stormtime": "1941 UTC", "surveydate": 1748736000000, "surveytime": "1510 UTC", "event_id": " ", "damage": 27, "damage_txt": "Trees: Hardwood (TH)", "dod_txt": "Large branches broken (1-3 inch diameter)", "efscale": "EF1", "damage_dir": "N/A", "windspeed": "86", "injuries": 0, "deaths": 0, "lat": 38.6447, "lon": -90.3065, "office": "LSX", "image": " ", "qc": "Y", "dod": 2, "surveytype": "0", "comments": " ", "image_full": " "}, "geometry": {"type": "Point", "coordinates": [-90.3065189563847, 38.6446715413586]}}, {"id": "567", "type": "Feature", "properties": {"OBJECTID": 568, "Id": 0, "stormdate": 1747353600000, "stormtime": "1940 UTC", "surveydate": 1748476800000, "surveytime": "1757 UTC", "event_id": " ", "damage": 28, "damage_txt": "Trees: Softwood (TS)", "dod_txt": "Trees uprooted", "efscale": "EF1", "damage_dir": "N/A", "windspeed": "90", "injuries": 0, "deaths": 0, "lat": 38.6405, "lon": -90.3089, "office": "LSX", "image": " ", "qc": "Y", "dod": 3, "surveytype": "0", "comments": "Tree topped and several small pine trees uprooted here per hi-res satellite imagery.", "image_full": " "}, "geometry": {"type": "Point", "coordinates": [-90.3088761028498, 38.6404823787588]}}, {"id": "568", "type": "Feature", "properties": {"OBJECTID": 569, "Id": 0, "stormdate": 1747353600000, "stormtime": "1947 UTC", "surveydate": 1747440000000, "surveytime": "1700 UTC", "event_id": "0", "damage": 27, "damage_txt": "Trees: Hardwood (TH)", "dod_txt": "Trees uprooted", "efscale": "EF1", "damage_dir": "N/A", "windspeed": "94", "injuries": 0, "deaths": 0, "lat": 38.6766, "lon": -90.2168, "office": "LSX", "image": "0", "qc": "Y", "dod": 3, "surveytype": "0", "comments": "0", "image_full": "https://services.dat.noaa.gov/arcgis/rest/services/nws_damageassessmenttoolkit/DamageViewer/MapServer/0/4469677/attachments/2617066"}, "geometry": {"type": "Point", "coordinates": [-90.2168437897091, 38.676590933225]}}, {"id": "569", "type": "Feature", "properties": {"OBJECTID": 570, "Id": 0, "stormdate": 1747353600000, "stormtime": "1943 UTC", "surveydate": 1761523200000, "surveytime": "1040 UTC", "event_id": " ", "damage": 2, "damage_txt": "One- or Two-Family Residences (FR12)", "dod_txt": "Loss of roof covering material (<20%), gutters and/or awning; loss of vinyl or metal siding", "efscale": "EF0", "damage_dir": "N/A", "windspeed": "79", "injuries": 0, "deaths": 0, "lat": 38.6666, "lon": -90.2535, "office": "LSX", "image": " ", "qc": "Y", "dod": 2, "surveytype": "0", "comments": " ", "image_full": " "}, "geometry": {"type": "Point", "coordinates": [-90.253527734917, 38.6665503317325]}}, {"id": "570", "type": "Feature", "properties": {"OBJECTID": 571, "Id": 0, "stormdate": 1747353600000, "stormtime": "1943 UTC", "surveydate": 1747440000000, "surveytime": "1437 UTC", "event_id": "0", "damage": 17, "damage_txt": "Low-Rise Building [1-4 Stories] (LRB)", "dod_txt": "Loss of roof covering (<20%)", "efscale": "EF0", "damage_dir": "N/A", "windspeed": "80", "injuries": 0, "deaths": 0, "lat": 38.6658, "lon": -90.2591, "office": "LSX", "image": "0", "qc": "Y", "dod": 2, "surveytype": "0", "comments": "0", "image_full": "https://services.dat.noaa.gov/arcgis/rest/services/nws_damageassessmenttoolkit/DamageViewer/MapServer/0/4479857/attachments/2625089"}, "geometry": {"type": "Point", "coordinates": [-90.2591094221621, 38.6657636182964]}}, {"id": "571", "type": "Feature", "properties": {"OBJECTID": 572, "Id": 0, "stormdate": 1747353600000, "stormtime": "1943 UTC", "surveydate": 1748822400000, "surveytime": "1707 UTC", "event_id": " ", "damage": 5, "damage_txt": "Apartments, Condos, Townhouses [3 stories or less] (ACT)", "dod_txt": "Uplift of roof decking; significant loss of roof covering (>20%)", "efscale": "EF2", "damage_dir": "N/A", "windspeed": "130", "injuries": 0, "deaths": 0, "lat": 38.6481, "lon": -90.2826, "office": "LSX", "image": " ", "qc": "Y", "dod": 3, "surveytype": "0", "comments": " ", "image_full": " "}, "geometry": {"type": "Point", "coordinates": [-90.2826315895762, 38.648127419245]}}, {"id": "572", "type": "Feature", "properties": {"OBJECTID": 573, "Id": 0, "stormdate": 1747353600000, "stormtime": "1941 UTC", "surveydate": 1748736000000, "surveytime": "1426 UTC", "event_id": " ", "damage": 28, "damage_txt": "Trees: Softwood (TS)", "dod_txt": "Trees uprooted", "efscale": "EF1", "damage_dir": "N/A", "windspeed": "87", "injuries": 0, "deaths": 0, "lat": 38.644, "lon": -90.3034, "office": "LSX", "image": " ", "qc": "Y", "dod": 3, "surveytype": "0", "comments": "Trees uprooted and topped at this property per hi-res satellite imagery.", "image_full": " "}, "geometry": {"type": "Point", "coordinates": [-90.303431437211, 38.6439870754432]}}, {"id": "573", "type": "Feature", "properties": {"OBJECTID": 574, "Id": 0, "stormdate": 1747353600000, "stormtime": "1942 UTC", "surveydate": 1748822400000, "surveytime": "1458 UTC", "event_id": " ", "damage": 27, "damage_txt": "Trees: Hardwood (TH)", "dod_txt": "Trunks snapped", "efscale": "EF1", "damage_dir": "N/A", "windspeed": "107", "injuries": 0, "deaths": 0, "lat": 38.645, "lon": -90.296, "office": "LSX", "image": " ", "qc": "Y", "dod": 4, "surveytype": "0", "comments": "Several trees snapped or uprooted in this area per hi-res satellite imagery. Felled in different directions.", "image_full": " "}, "geometry": {"type": "Point", "coordinates": [-90.2960312227627, 38.645024152043]}}, {"id": "574", "type": "Feature", "properties": {"OBJECTID": 575, "Id": 0, "stormdate": 1747353600000, "stormtime": "1939 UTC", "surveydate": 1748390400000, "surveytime": "1737 UTC", "event_id": " ", "damage": 27, "damage_txt": "Trees: Hardwood (TH)", "dod_txt": "Trees uprooted", "efscale": "EF1", "damage_dir": "ENE/60", "windspeed": "94", "injuries": 0, "deaths": 0, "lat": 38.6428, "lon": -90.3385, "office": "LSX", "image": " ", "qc": "Y", "dod": 3, "surveytype": "0", "comments": "Tree uprooted and felled to the east-northeast per hi-res satellite imagery.", "image_full": " "}, "geometry": {"type": "Point", "coordinates": [-90.3384635508522, 38.6428402779565]}}, {"id": "575", "type": "Feature", "properties": {"OBJECTID": 576, "Id": 0, "stormdate": 1747353600000, "stormtime": "1943 UTC", "surveydate": 1754438400000, "surveytime": "1038 UTC", "event_id": " ", "damage": 2, "damage_txt": "One- or Two-Family Residences (FR12)", "dod_txt": "Loss of roof covering material (<20%), gutters and/or awning; loss of vinyl or metal siding", "efscale": "EF0", "damage_dir": "N/A", "windspeed": "79", "injuries": 0, "deaths": 0, "lat": 38.6581, "lon": -90.2663, "office": "LSX", "image": " ", "qc": "Y", "dod": 2, "surveytype": "0", "comments": " ", "image_full": " "}, "geometry": {"type": "Point", "coordinates": [-90.2662911400241, 38.6581030096463]}}, {"id": "576", "type": "Feature", "properties": {"OBJECTID": 577, "Id": 0, "stormdate": 1747353600000, "stormtime": "1942 UTC", "surveydate": 1747440000000, "surveytime": "2053 UTC", "event_id": "0", "damage": 27, "damage_txt": "Trees: Hardwood (TH)", "dod_txt": "Large branches broken (1-3 inch diameter)", "efscale": "TSTM/Wind", "damage_dir": "N/A", "windspeed": "88", "injuries": 0, "deaths": 0, "lat": 38.6341, "lon": -90.2895, "office": "LSX", "image": "0", "qc": "Y", "dod": 2, "surveytype": "0", "comments": "0", "image_full": "https://services.dat.noaa.gov/arcgis/rest/services/nws_damageassessmenttoolkit/DamageViewer/MapServer/0/4480211/attachments/2625904"}, "geometry": {"type": "Point", "coordinates": [-90.2894780752529, 38.634111904241]}}, {"id": "577", "type": "Feature", "properties": {"OBJECTID": 578, "Id": 0, "stormdate": 1747353600000, "stormtime": "1943 UTC", "surveydate": 1747440000000, "surveytime": "1957 UTC", "event_id": "0", "damage": 9, "damage_txt": "Small Professional Building [Doctor's Office, Branch Banks] (SPB)", "dod_txt": "Uplift of roof decking; significant loss of roof covering (>20%); loss of rooftop HVAC equipment", "efscale": "EF1", "damage_dir": "N/A", "windspeed": "100", "injuries": 0, "deaths": 0, "lat": 38.6526, "lon": -90.2729, "office": "LSX", "image": "0", "qc": "Y", "dod": 5, "surveytype": "0", "comments": "0", "image_full": "https://services.dat.noaa.gov/arcgis/rest/services/nws_damageassessmenttoolkit/DamageViewer/MapServer/0/4480104/attachments/2625380"}, "geometry": {"type": "Point", "coordinates": [-90.2729042543278, 38.6525824673071]}}, {"id": "578", "type": "Feature", "properties": {"OBJECTID": 579, "Id": 0, "stormdate": 1747353600000, "stormtime": "1941 UTC", "surveydate": 1748476800000, "surveytime": "1920 UTC", "event_id": " ", "damage": 2, "damage_txt": "One- or Two-Family Residences (FR12)", "dod_txt": "Loss of roof covering material (<20%), gutters and/or awning; loss of vinyl or metal siding", "efscale": "EF0", "damage_dir": "N/A", "windspeed": "79", "injuries": 0, "deaths": 0, "lat": 38.64, "lon": -90.3062, "office": "LSX", "image": " ", "qc": "Y", "dod": 2, "surveytype": "0", "comments": "Roof damage per hi-res satellite imagery.", "image_full": " "}, "geometry": {"type": "Point", "coordinates": [-90.3062196278335, 38.639955915633]}}, {"id": "579", "type": "Feature", "properties": {"OBJECTID": 580, "Id": 0, "stormdate": 1747353600000, "stormtime": "1943 UTC", "surveydate": 1747440000000, "surveytime": "2016 UTC", "event_id": "0", "damage": 18, "damage_txt": "Mid-Rise Building [5-20 Stories] (MRB)", "dod_txt": "Uplift of lightweight roof decking; significant loss of roof covering (>20%)", "efscale": "EF2", "damage_dir": "N/A", "windspeed": "125", "injuries": 0, "deaths": 0, "lat": 38.649, "lon": -90.2845, "office": "LSX", "image": "0", "qc": "Y", "dod": 6, "surveytype": "0", "comments": "0", "image_full": "https://services.dat.noaa.gov/arcgis/rest/services/nws_damageassessmenttoolkit/DamageViewer/MapServer/0/4480193/attachments/2625885"}, "geometry": {"type": "Point", "coordinates": [-90.2844591972341, 38.6490064453912]}}, {"id": "580", "type": "Feature", "properties": {"OBJECTID": 581, "Id": 0, "stormdate": 1747353600000, "stormtime": "1939 UTC", "surveydate": 1748390400000, "surveytime": "1508 UTC", "event_id": " ", "damage": 5, "damage_txt": "Apartments, Condos, Townhouses [3 stories or less] (ACT)", "dod_txt": "Uplift of roof decking; significant loss of roof covering (>20%)", "efscale": "EF2", "damage_dir": "N/A", "windspeed": "124", "injuries": 0, "deaths": 0, "lat": 38.6433, "lon": -90.343, "office": "LSX", "image": " ", "qc": "Y", "dod": 3, "surveytype": "0", "comments": "Majority of roof covering, portion of roof decking removed per hi-res satellite imagery.", "image_full": " "}, "geometry": {"type": "Point", "coordinates": [-90.3429808589794, 38.6433307457174]}}, {"id": "581", "type": "Feature", "properties": {"OBJECTID": 582, "Id": 0, "stormdate": 1747353600000, "stormtime": "1941 UTC", "surveydate": 1748736000000, "surveytime": "1407 UTC", "event_id": " ", "damage": 2, "damage_txt": "One- or Two-Family Residences (FR12)", "dod_txt": "Loss of roof covering material (<20%), gutters and/or awning; loss of vinyl or metal siding", "efscale": "EF0", "damage_dir": "N/A", "windspeed": "85", "injuries": 0, "deaths": 0, "lat": 38.6444, "lon": -90.3045, "office": "LSX", "image": " ", "qc": "Y", "dod": 2, "surveytype": "0", "comments": "Large branches snapped at this property, roof damage per hi-res satellite imagery.", "image_full": " "}, "geometry": {"type": "Point", "coordinates": [-90.3045442789953, 38.6444200918138]}}, {"id": "582", "type": "Feature", "properties": {"OBJECTID": 583, "Id": 0, "stormdate": 1747353600000, "stormtime": "1941 UTC", "surveydate": 1748736000000, "surveytime": "1448 UTC", "event_id": " ", "damage": 2, "damage_txt": "One- or Two-Family Residences (FR12)", "dod_txt": "Loss of roof covering material (<20%), gutters and/or awning; loss of vinyl or metal siding", "efscale": "EF1", "damage_dir": "N/A", "windspeed": "90", "injuries": 0, "deaths": 0, "lat": 38.6433, "lon": -90.3032, "office": "LSX", "image": " ", "qc": "Y", "dod": 2, "surveytype": "0", "comments": "Several large tree branches snapped at this property, roof damage per hi-res satellite imagery.", "image_full": " "}, "geometry": {"type": "Point", "coordinates": [-90.3032397727972, 38.6433264172804]}}, {"id": "583", "type": "Feature", "properties": {"OBJECTID": 584, "Id": 0, "stormdate": 1747353600000, "stormtime": "1951 UTC", "surveydate": 1747526400000, "surveytime": "1410 UTC", "event_id": "0", "damage": 2, "damage_txt": "One- or Two-Family Residences (FR12)", "dod_txt": "Loss of roof covering material (<20%), gutters and/or awning; loss of vinyl or metal siding", "efscale": "EF0", "damage_dir": "N/A", "windspeed": "79", "injuries": 0, "deaths": 0, "lat": 38.7122, "lon": -90.1553, "office": "LSX", "image": "0", "qc": "Y", "dod": 2, "surveytype": "0", "comments": "0", "image_full": "https://services.dat.noaa.gov/arcgis/rest/services/nws_damageassessmenttoolkit/DamageViewer/MapServer/0/4469678/attachments/2617067"}, "geometry": {"type": "Point", "coordinates": [-90.1553181899824, 38.7122265054489]}}, {"id": "584", "type": "Feature", "properties": {"OBJECTID": 585, "Id": 0, "stormdate": 1747353600000, "stormtime": "1942 UTC", "surveydate": 1748822400000, "surveytime": "1525 UTC", "event_id": " ", "damage": 27, "damage_txt": "Trees: Hardwood (TH)", "dod_txt": "Trunks snapped", "efscale": "EF1", "damage_dir": "N/A", "windspeed": "93", "injuries": 0, "deaths": 0, "lat": 38.6423, "lon": -90.28, "office": "LSX", "image": " ", "qc": "Y", "dod": 4, "surveytype": "0", "comments": "Tree snapped in this area per hi-res satellite imagery.", "image_full": " "}, "geometry": {"type": "Point", "coordinates": [-90.2800444747727, 38.6422595245574]}}, {"id": "585", "type": "Feature", "properties": {"OBJECTID": 586, "Id": 0, "stormdate": 1747353600000, "stormtime": "1944 UTC", "surveydate": 1747440000000, "surveytime": "1557 UTC", "event_id": "0", "damage": 27, "damage_txt": "Trees: Hardwood (TH)", "dod_txt": "Large branches broken (1-3 inch diameter)", "efscale": "EF1", "damage_dir": "N/A", "windspeed": "88", "injuries": 0, "deaths": 0, "lat": 38.6644, "lon": -90.2334, "office": "LSX", "image": "0", "qc": "Y", "dod": 2, "surveytype": "0", "comments": "0", "image_full": "https://services.dat.noaa.gov/arcgis/rest/services/nws_damageassessmenttoolkit/DamageViewer/MapServer/0/4479905/attachments/2625143"}, "geometry": {"type": "Point", "coordinates": [-90.2333853321673, 38.6643794267692]}}, {"id": "586", "type": "Feature", "properties": {"OBJECTID": 587, "Id": 0, "stormdate": 1747353600000, "stormtime": "1943 UTC", "surveydate": 1748822400000, "surveytime": "1921 UTC", "event_id": " ", "damage": 2, "damage_txt": "One- or Two-Family Residences (FR12)", "dod_txt": "Uplift of roof deck and loss of significant roof covering material (>20%); collapse of chimney; garage doors collapse inward; failure of porch or carport", "efscale": "EF1", "damage_dir": "N/A", "windspeed": "97", "injuries": 0, "deaths": 0, "lat": 38.6462, "lon": -90.2819, "office": "LSX", "image": " ", "qc": "Y", "dod": 4, "surveytype": "0", "comments": "Several trees snapped or uprooted on property too.", "image_full": " "}, "geometry": {"type": "Point", "coordinates": [-90.281930028448, 38.6461842307177]}}, {"id": "587", "type": "Feature", "properties": {"OBJECTID": 588, "Id": 0, "stormdate": 1747353600000, "stormtime": "1944 UTC", "surveydate": 1747440000000, "surveytime": "1444 UTC", "event_id": "0", "damage": 2, "damage_txt": "One- or Two-Family Residences (FR12)", "dod_txt": "Uplift of roof deck and loss of significant roof covering material (>20%); collapse of chimney; garage doors collapse inward; failure of porch or carport", "efscale": "EF1", "damage_dir": "N/A", "windspeed": "100", "injuries": 0, "deaths": 0, "lat": 38.6665, "lon": -90.2462, "office": "LSX", "image": "0", "qc": "Y", "dod": 4, "surveytype": "0", "comments": "0", "image_full": "https://services.dat.noaa.gov/arcgis/rest/services/nws_damageassessmenttoolkit/DamageViewer/MapServer/0/4479858/attachments/2625090"}, "geometry": {"type": "Point", "coordinates": [-90.2462286177565, 38.6664973751538]}}, {"id": "588", "type": "Feature", "properties": {"OBJECTID": 589, "Id": 0, "stormdate": 1747353600000, "stormtime": "1943 UTC", "surveydate": 1747440000000, "surveytime": "1955 UTC", "event_id": "0", "damage": 2, "damage_txt": "One- or Two-Family Residences (FR12)", "dod_txt": "Uplift of roof deck and loss of significant roof covering material (>20%); collapse of chimney; garage doors collapse inward; failure of porch or carport", "efscale": "EF1", "damage_dir": "N/A", "windspeed": "97", "injuries": 0, "deaths": 0, "lat": 38.6518, "lon": -90.2653, "office": "LSX", "image": "0", "qc": "Y", "dod": 4, "surveytype": "0", "comments": "0", "image_full": "https://services.dat.noaa.gov/arcgis/rest/services/nws_damageassessmenttoolkit/DamageViewer/MapServer/0/4465846/attachments/2613560"}, "geometry": {"type": "Point", "coordinates": [-90.2652881477298, 38.6518471429313]}}, {"id": "589", "type": "Feature", "properties": {"OBJECTID": 590, "Id": 0, "stormdate": 1747353600000, "stormtime": "1945 UTC", "surveydate": 1747440000000, "surveytime": "1520 UTC", "event_id": "0", "damage": 2, "damage_txt": "One- or Two-Family Residences (FR12)", "dod_txt": "Large sections of roof structure removed; most walls remain standing", "efscale": "EF2", "damage_dir": "N/A", "windspeed": "122", "injuries": 0, "deaths": 0, "lat": 38.6686, "lon": -90.2373, "office": "LSX", "image": "0", "qc": "Y", "dod": 6, "surveytype": "0", "comments": "0", "image_full": "https://services.dat.noaa.gov/arcgis/rest/services/nws_damageassessmenttoolkit/DamageViewer/MapServer/0/4479878/attachments/2625125"}, "geometry": {"type": "Point", "coordinates": [-90.2373285247916, 38.6685798066129]}}, {"id": "590", "type": "Feature", "properties": {"OBJECTID": 591, "Id": 0, "stormdate": 1747353600000, "stormtime": "1942 UTC", "surveydate": 1748476800000, "surveytime": "1912 UTC", "event_id": " ", "damage": 5, "damage_txt": "Apartments, Condos, Townhouses [3 stories or less] (ACT)", "dod_txt": "Loss of roof covering (<20%)", "efscale": "TSTM/Wind", "damage_dir": "N/A", "windspeed": "99", "injuries": 0, "deaths": 0, "lat": 38.6377, "lon": -90.3063, "office": "LSX", "image": " ", "qc": "Y", "dod": 2, "surveytype": "0", "comments": "Roof damage per hi-res satellite imagery.", "image_full": " "}, "geometry": {"type": "Point", "coordinates": [-90.306262243108, 38.6376753653259]}}, {"id": "591", "type": "Feature", "properties": {"OBJECTID": 592, "Id": 0, "stormdate": 1747353600000, "stormtime": "1944 UTC", "surveydate": 1747440000000, "surveytime": "1845 UTC", "event_id": "0", "damage": 2, "damage_txt": "One- or Two-Family Residences (FR12)", "dod_txt": "Large sections of roof structure removed; most walls remain standing", "efscale": "EF2", "damage_dir": "N/A", "windspeed": "122", "injuries": 0, "deaths": 0, "lat": 38.6636, "lon": -90.2494, "office": "LSX", "image": "0", "qc": "Y", "dod": 6, "surveytype": "0", "comments": "0", "image_full": "https://services.dat.noaa.gov/arcgis/rest/services/nws_damageassessmenttoolkit/DamageViewer/MapServer/0/4480065/attachments/2625336"}, "geometry": {"type": "Point", "coordinates": [-90.2493998431282, 38.6635559301621]}}, {"id": "592", "type": "Feature", "properties": {"OBJECTID": 593, "Id": 0, "stormdate": 1747353600000, "stormtime": "1941 UTC", "surveydate": 1748736000000, "surveytime": "1415 UTC", "event_id": " ", "damage": 2, "damage_txt": "One- or Two-Family Residences (FR12)", "dod_txt": "Uplift of roof deck and loss of significant roof covering material (>20%); collapse of chimney; garage doors collapse inward; failure of porch or carport", "efscale": "EF1", "damage_dir": "N/A", "windspeed": "95", "injuries": 0, "deaths": 0, "lat": 38.6423, "lon": -90.3061, "office": "LSX", "image": " ", "qc": "Y", "dod": 4, "surveytype": "0", "comments": "Several trees uprooted at this property, roof damage per hi-res satellite imagery.", "image_full": " "}, "geometry": {"type": "Point", "coordinates": [-90.3060715175864, 38.6422799598523]}}, {"id": "593", "type": "Feature", "properties": {"OBJECTID": 594, "Id": 0, "stormdate": 1747353600000, "stormtime": "1940 UTC", "surveydate": 1747440000000, "surveytime": "2201 UTC", "event_id": "0", "damage": 27, "damage_txt": "Trees: Hardwood (TH)", "dod_txt": "Trees uprooted", "efscale": "TSTM/Wind", "damage_dir": "ESE/120", "windspeed": "94", "injuries": 0, "deaths": 0, "lat": 38.6383, "lon": -90.3249, "office": "LSX", "image": "0", "qc": "Y", "dod": 3, "surveytype": "0", "comments": "0", "image_full": "https://services.dat.noaa.gov/arcgis/rest/services/nws_damageassessmenttoolkit/DamageViewer/MapServer/0/4480244/attachments/2625933"}, "geometry": {"type": "Point", "coordinates": [-90.3249248662895, 38.6383173256841]}}, {"id": "594", "type": "Feature", "properties": {"OBJECTID": 595, "Id": 0, "stormdate": 1747353600000, "stormtime": "1943 UTC", "surveydate": 1748822400000, "surveytime": "1917 UTC", "event_id": " ", "damage": 2, "damage_txt": "One- or Two-Family Residences (FR12)", "dod_txt": "Loss of roof covering material (<20%), gutters and/or awning; loss of vinyl or metal siding", "efscale": "EF1", "damage_dir": "N/A", "windspeed": "95", "injuries": 0, "deaths": 0, "lat": 38.646, "lon": -90.2806, "office": "LSX", "image": " ", "qc": "Y", "dod": 2, "surveytype": "0", "comments": "Several trees on property also uprooted or snapped.", "image_full": " "}, "geometry": {"type": "Point", "coordinates": [-90.2805500313588, 38.6460229274162]}}, {"id": "595", "type": "Feature", "properties": {"OBJECTID": 596, "Id": 0, "stormdate": 1747353600000, "stormtime": "1942 UTC", "surveydate": 1748822400000, "surveytime": "1451 UTC", "event_id": " ", "damage": 27, "damage_txt": "Trees: Hardwood (TH)", "dod_txt": "Trees uprooted", "efscale": "EF1", "damage_dir": "N/A", "windspeed": "94", "injuries": 0, "deaths": 0, "lat": 38.6414, "lon": -90.3014, "office": "LSX", "image": " ", "qc": "Y", "dod": 3, "surveytype": "0", "comments": "Several trees uprooted in this area per hi-res satellite imagery. Felled to the northeast.", "image_full": " "}, "geometry": {"type": "Point", "coordinates": [-90.3013664139288, 38.6413519404397]}}, {"id": "596", "type": "Feature", "properties": {"OBJECTID": 597, "Id": 0, "stormdate": 1747353600000, "stormtime": "1940 UTC", "surveydate": 1747440000000, "surveytime": "2157 UTC", "event_id": "0", "damage": 24, "damage_txt": "Electrical Transmission Lines (ETL)", "dod_txt": "Broken wood poles", "efscale": "EF1", "damage_dir": "N/A", "windspeed": "110", "injuries": 0, "deaths": 0, "lat": 38.6397, "lon": -90.3176, "office": "LSX", "image": "0", "qc": "Y", "dod": 4, "surveytype": "0", "comments": "0", "image_full": "https://services.dat.noaa.gov/arcgis/rest/services/nws_damageassessmenttoolkit/DamageViewer/MapServer/0/4480242/attachments/2625931"}, "geometry": {"type": "Point", "coordinates": [-90.3176099804163, 38.6396803471703]}}, {"id": "597", "type": "Feature", "properties": {"OBJECTID": 598, "Id": 0, "stormdate": 1747353600000, "stormtime": "1958 UTC", "surveydate": 1747526400000, "surveytime": "1503 UTC", "event_id": "0", "damage": 27, "damage_txt": "Trees: Hardwood (TH)", "dod_txt": "Trunks snapped", "efscale": "EF1", "damage_dir": "N/A", "windspeed": "100", "injuries": 0, "deaths": 0, "lat": 38.7348, "lon": -90.0805, "office": "LSX", "image": "0", "qc": "Y", "dod": 4, "surveytype": "0", "comments": "0", "image_full": "https://services.dat.noaa.gov/arcgis/rest/services/nws_damageassessmenttoolkit/DamageViewer/MapServer/0/4480380/attachments/2626111"}, "geometry": {"type": "Point", "coordinates": [-90.080548511005, 38.7348446671477]}}, {"id": "598", "type": "Feature", "properties": {"OBJECTID": 599, "Id": 0, "stormdate": 1747353600000, "stormtime": "1954 UTC", "surveydate": 1747526400000, "surveytime": "1431 UTC", "event_id": "0", "damage": 8, "damage_txt": "Small Retail Building [Fast Food Restaurants] (SRB)", "dod_txt": "Threshold of visible damage", "efscale": "EF0", "damage_dir": "N/A", "windspeed": "65", "injuries": 0, "deaths": 0, "lat": 38.723, "lon": -90.1225, "office": "LSX", "image": "0", "qc": "Y", "dod": 1, "surveytype": "0", "comments": "0", "image_full": "https://services.dat.noaa.gov/arcgis/rest/services/nws_damageassessmenttoolkit/DamageViewer/MapServer/0/4480363/attachments/2626096"}, "geometry": {"type": "Point", "coordinates": [-90.1225214186285, 38.7229655627106]}}, {"id": "599", "type": "Feature", "properties": {"OBJECTID": 600, "Id": 0, "stormdate": 1747353600000, "stormtime": "1940 UTC", "surveydate": 1748390400000, "surveytime": "1821 UTC", "event_id": " ", "damage": 2, "damage_txt": "One- or Two-Family Residences (FR12)", "dod_txt": "Loss of roof covering material (<20%), gutters and/or awning; loss of vinyl or metal siding", "efscale": "EF0", "damage_dir": "N/A", "windspeed": "79", "injuries": 0, "deaths": 0, "lat": 38.6418, "lon": -90.326, "office": "LSX", "image": " ", "qc": "Y", "dod": 2, "surveytype": "0", "comments": "Damage to roof ridge on western side of roof per hi-res satellite imagery.", "image_full": " "}, "geometry": {"type": "Point", "coordinates": [-90.3260198169609, 38.6418017957163]}}, {"id": "600", "type": "Feature", "properties": {"OBJECTID": 601, "Id": 0, "stormdate": 1747353600000, "stormtime": "1939 UTC", "surveydate": 1748390400000, "surveytime": "1725 UTC", "event_id": " ", "damage": 27, "damage_txt": "Trees: Hardwood (TH)", "dod_txt": "Large branches broken (1-3 inch diameter)", "efscale": "EF0", "damage_dir": "N/A", "windspeed": "80", "injuries": 0, "deaths": 0, "lat": 38.643, "lon": -90.3422, "office": "LSX", "image": " ", "qc": "Y", "dod": 2, "surveytype": "0", "comments": "Tree topped per hi-res satellite imagery.", "image_full": " "}, "geometry": {"type": "Point", "coordinates": [-90.3421616458432, 38.6430351088832]}}, {"id": "601", "type": "Feature", "properties": {"OBJECTID": 602, "Id": 0, "stormdate": 1747353600000, "stormtime": "1943 UTC", "surveydate": 1761523200000, "surveytime": "1040 UTC", "event_id": " ", "damage": 2, "damage_txt": "One- or Two-Family Residences (FR12)", "dod_txt": "Loss of roof covering material (<20%), gutters and/or awning; loss of vinyl or metal siding", "efscale": "EF0", "damage_dir": "N/A", "windspeed": "79", "injuries": 0, "deaths": 0, "lat": 38.6666, "lon": -90.2535, "office": "LSX", "image": " ", "qc": "Y", "dod": 2, "surveytype": "0", "comments": " ", "image_full": " "}, "geometry": {"type": "Point", "coordinates": [-90.253527734917, 38.6665503317325]}}, {"id": "602", "type": "Feature", "properties": {"OBJECTID": 603, "Id": 0, "stormdate": 1747353600000, "stormtime": "1942 UTC", "surveydate": 1748822400000, "surveytime": "1444 UTC", "event_id": " ", "damage": 27, "damage_txt": "Trees: Hardwood (TH)", "dod_txt": "Trunks snapped", "efscale": "TSTM/Wind", "damage_dir": "N/A", "windspeed": "107", "injuries": 0, "deaths": 0, "lat": 38.6382, "lon": -90.302, "office": "LSX", "image": " ", "qc": "Y", "dod": 4, "surveytype": "0", "comments": "Numerous trees snapped or uprooted in this area per hi-res satellite imagery. Felled in different directions.\n", "image_full": " "}, "geometry": {"type": "Point", "coordinates": [-90.302013370021, 38.6381934701526]}}, {"id": "603", "type": "Feature", "properties": {"OBJECTID": 604, "Id": 0, "stormdate": 1747353600000, "stormtime": "1943 UTC", "surveydate": 1747440000000, "surveytime": "1436 UTC", "event_id": "0", "damage": 27, "damage_txt": "Trees: Hardwood (TH)", "dod_txt": "Large branches broken (1-3 inch diameter)", "efscale": "EF0", "damage_dir": "N/A", "windspeed": "74", "injuries": 0, "deaths": 0, "lat": 38.6637, "lon": -90.2611, "office": "LSX", "image": "0", "qc": "Y", "dod": 2, "surveytype": "0", "comments": "0", "image_full": "https://services.dat.noaa.gov/arcgis/rest/services/nws_damageassessmenttoolkit/DamageViewer/MapServer/0/4479855/attachments/2625087"}, "geometry": {"type": "Point", "coordinates": [-90.2610798997176, 38.6637394035507]}}, {"id": "604", "type": "Feature", "properties": {"OBJECTID": 605, "Id": 0, "stormdate": 1747353600000, "stormtime": "1940 UTC", "surveydate": 1748476800000, "surveytime": "1726 UTC", "event_id": " ", "damage": 2, "damage_txt": "One- or Two-Family Residences (FR12)", "dod_txt": "Uplift of roof deck and loss of significant roof covering material (>20%); collapse of chimney; garage doors collapse inward; failure of porch or carport", "efscale": "EF1", "damage_dir": "N/A", "windspeed": "97", "injuries": 0, "deaths": 0, "lat": 38.6409, "lon": -90.3144, "office": "LSX", "image": " ", "qc": "Y", "dod": 4, "surveytype": "0", "comments": "Significant roof damage per hi-res satellite data.", "image_full": " "}, "geometry": {"type": "Point", "coordinates": [-90.314409208718, 38.6409068281876]}}, {"id": "605", "type": "Feature", "properties": {"OBJECTID": 606, "Id": 0, "stormdate": 1747353600000, "stormtime": "1939 UTC", "surveydate": 1748390400000, "surveytime": "1504 UTC", "event_id": " ", "damage": 27, "damage_txt": "Trees: Hardwood (TH)", "dod_txt": "Trees uprooted", "efscale": "EF1", "damage_dir": "N/A", "windspeed": "94", "injuries": 0, "deaths": 0, "lat": 38.6424, "lon": -90.3396, "office": "LSX", "image": " ", "qc": "Y", "dod": 3, "surveytype": "0", "comments": "Tree uprooted, felled to the northeast per hi-res satellite imagery.", "image_full": " "}, "geometry": {"type": "Point", "coordinates": [-90.3395920210549, 38.6424467301325]}}, {"id": "606", "type": "Feature", "properties": {"OBJECTID": 607, "Id": 0, "stormdate": 1747353600000, "stormtime": "1943 UTC", "surveydate": 1754438400000, "surveytime": "1038 UTC", "event_id": " ", "damage": 2, "damage_txt": "One- or Two-Family Residences (FR12)", "dod_txt": "Loss of roof covering material (<20%), gutters and/or awning; loss of vinyl or metal siding", "efscale": "EF0", "damage_dir": "N/A", "windspeed": "79", "injuries": 0, "deaths": 0, "lat": 38.6581, "lon": -90.2663, "office": "LSX", "image": " ", "qc": "Y", "dod": 2, "surveytype": "0", "comments": " ", "image_full": " "}, "geometry": {"type": "Point", "coordinates": [-90.2662911400241, 38.6581030096463]}}, {"id": "607", "type": "Feature", "properties": {"OBJECTID": 608, "Id": 0, "stormdate": 1747353600000, "stormtime": "1942 UTC", "surveydate": 1748822400000, "surveytime": "1512 UTC", "event_id": " ", "damage": 27, "damage_txt": "Trees: Hardwood (TH)", "dod_txt": "Trunks snapped", "efscale": "EF1", "damage_dir": "N/A", "windspeed": "107", "injuries": 0, "deaths": 0, "lat": 38.6413, "lon": -90.2873, "office": "LSX", "image": " ", "qc": "Y", "dod": 4, "surveytype": "0", "comments": "Several trees snapped or uprooted in this area per hi-res satellite imagery. Felled in different directions.", "image_full": " "}, "geometry": {"type": "Point", "coordinates": [-90.2872638085778, 38.641299014438]}}, {"id": "608", "type": "Feature", "properties": {"OBJECTID": 609, "Id": 0, "stormdate": 1747353600000, "stormtime": "1941 UTC", "surveydate": 1747440000000, "surveytime": "2133 UTC", "event_id": "0", "damage": 27, "damage_txt": "Trees: Hardwood (TH)", "dod_txt": "Large branches broken (1-3 inch diameter)", "efscale": "EF1", "damage_dir": "N/A", "windspeed": "88", "injuries": 0, "deaths": 0, "lat": 38.6436, "lon": -90.3019, "office": "LSX", "image": "0", "qc": "Y", "dod": 2, "surveytype": "0", "comments": "0", "image_full": "https://services.dat.noaa.gov/arcgis/rest/services/nws_damageassessmenttoolkit/DamageViewer/MapServer/0/4480231/attachments/2625920"}, "geometry": {"type": "Point", "coordinates": [-90.3018676034071, 38.6436314960967]}}, {"id": "609", "type": "Feature", "properties": {"OBJECTID": 610, "Id": 0, "stormdate": 1747353600000, "stormtime": "1944 UTC", "surveydate": 1747440000000, "surveytime": "1814 UTC", "event_id": "0", "damage": 27, "damage_txt": "Trees: Hardwood (TH)", "dod_txt": "Trunks snapped", "efscale": "EF1", "damage_dir": "N/A", "windspeed": "107", "injuries": 0, "deaths": 0, "lat": 38.6628, "lon": -90.2428, "office": "LSX", "image": "0", "qc": "Y", "dod": 4, "surveytype": "0", "comments": "0", "image_full": "https://services.dat.noaa.gov/arcgis/rest/services/nws_damageassessmenttoolkit/DamageViewer/MapServer/0/4479986/attachments/2625250"}, "geometry": {"type": "Point", "coordinates": [-90.242811860379, 38.6628406732585]}}, {"id": "610", "type": "Feature", "properties": {"OBJECTID": 611, "Id": 0, "stormdate": 1747353600000, "stormtime": "1942 UTC", "surveydate": 1748822400000, "surveytime": "1950 UTC", "event_id": " ", "damage": 27, "damage_txt": "Trees: Hardwood (TH)", "dod_txt": "Trunks snapped", "efscale": "EF1", "damage_dir": "NE/45", "windspeed": "110", "injuries": 0, "deaths": 0, "lat": 38.6478, "lon": -90.2902, "office": "LSX", "image": " ", "qc": "Y", "dod": 4, "surveytype": "0", "comments": "Every tree in this area snapped or uprooted, felled to the northeast per hi-res satellite imagery.", "image_full": " "}, "geometry": {"type": "Point", "coordinates": [-90.2901731028064, 38.6478266607718]}}, {"id": "611", "type": "Feature", "properties": {"OBJECTID": 612, "Id": 0, "stormdate": 1747353600000, "stormtime": "1942 UTC", "surveydate": 1748822400000, "surveytime": "1845 UTC", "event_id": " ", "damage": 27, "damage_txt": "Trees: Hardwood (TH)", "dod_txt": "Trunks snapped", "efscale": "TSTM/Wind", "damage_dir": "SSE/150", "windspeed": "100", "injuries": 0, "deaths": 0, "lat": 38.6361, "lon": -90.2848, "office": "LSX", "image": " ", "qc": "Y", "dod": 4, "surveytype": "0", "comments": " ", "image_full": " "}, "geometry": {"type": "Point", "coordinates": [-90.2847730498364, 38.6360758338327]}}, {"id": "612", "type": "Feature", "properties": {"OBJECTID": 613, "Id": 0, "stormdate": 1747353600000, "stormtime": "1942 UTC", "surveydate": 1748822400000, "surveytime": "1748 UTC", "event_id": " ", "damage": 2, "damage_txt": "One- or Two-Family Residences (FR12)", "dod_txt": "Loss of roof covering material (<20%), gutters and/or awning; loss of vinyl or metal siding", "efscale": "EF0", "damage_dir": "N/A", "windspeed": "79", "injuries": 0, "deaths": 0, "lat": 38.6488, "lon": -90.2909, "office": "LSX", "image": " ", "qc": "Y", "dod": 2, "surveytype": "0", "comments": " ", "image_full": " "}, "geometry": {"type": "Point", "coordinates": [-90.2909361272005, 38.6488120038709]}}, {"id": "613", "type": "Feature", "properties": {"OBJECTID": 614, "Id": 0, "stormdate": 1747353600000, "stormtime": "1940 UTC", "surveydate": 1748476800000, "surveytime": "1818 UTC", "event_id": " ", "damage": 27, "damage_txt": "Trees: Hardwood (TH)", "dod_txt": "Trunks snapped", "efscale": "EF1", "damage_dir": "NE/45", "windspeed": "107", "injuries": 0, "deaths": 0, "lat": 38.6429, "lon": -90.3094, "office": "LSX", "image": " ", "qc": "Y", "dod": 4, "surveytype": "0", "comments": "Numerous trees snapped or uprooted in this area per hi-res satellite imagery.", "image_full": " "}, "geometry": {"type": "Point", "coordinates": [-90.3094124324378, 38.6428609093036]}}, {"id": "614", "type": "Feature", "properties": {"OBJECTID": 615, "Id": 0, "stormdate": 1747353600000, "stormtime": "1939 UTC", "surveydate": 1748390400000, "surveytime": "1721 UTC", "event_id": " ", "damage": 2, "damage_txt": "One- or Two-Family Residences (FR12)", "dod_txt": "Loss of roof covering material (<20%), gutters and/or awning; loss of vinyl or metal siding", "efscale": "EF0", "damage_dir": "N/A", "windspeed": "85", "injuries": 0, "deaths": 0, "lat": 38.6436, "lon": -90.3417, "office": "LSX", "image": " ", "qc": "Y", "dod": 2, "surveytype": "0", "comments": "Large sections of shingles missing on southern slope of roof per hi-res satellite imagery.", "image_full": " "}, "geometry": {"type": "Point", "coordinates": [-90.3417459036505, 38.6436494483634]}}, {"id": "615", "type": "Feature", "properties": {"OBJECTID": 616, "Id": 0, "stormdate": 1747353600000, "stormtime": "1939 UTC", "surveydate": 1748390400000, "surveytime": "1803 UTC", "event_id": " ", "damage": 5, "damage_txt": "Apartments, Condos, Townhouses [3 stories or less] (ACT)", "dod_txt": "Loss of roof covering (<20%)", "efscale": "EF1", "damage_dir": "N/A", "windspeed": "105", "injuries": 0, "deaths": 0, "lat": 38.6416, "lon": -90.3303, "office": "LSX", "image": " ", "qc": "Y", "dod": 2, "surveytype": "0", "comments": "Large sections of shingles missing on roof per hi-res satellite imagery.", "image_full": " "}, "geometry": {"type": "Point", "coordinates": [-90.3302711487945, 38.6416027343787]}}, {"id": "616", "type": "Feature", "properties": {"OBJECTID": 617, "Id": 0, "stormdate": 1747353600000, "stormtime": "1943 UTC", "surveydate": 1754438400000, "surveytime": "1038 UTC", "event_id": " ", "damage": 2, "damage_txt": "One- or Two-Family Residences (FR12)", "dod_txt": "Loss of roof covering material (<20%), gutters and/or awning; loss of vinyl or metal siding", "efscale": "EF0", "damage_dir": "N/A", "windspeed": "79", "injuries": 0, "deaths": 0, "lat": 38.6581, "lon": -90.2663, "office": "LSX", "image": " ", "qc": "Y", "dod": 2, "surveytype": "0", "comments": " ", "image_full": " "}, "geometry": {"type": "Point", "coordinates": [-90.2662911400241, 38.6581030096463]}}, {"id": "617", "type": "Feature", "properties": {"OBJECTID": 618, "Id": 0, "stormdate": 1747353600000, "stormtime": "1940 UTC", "surveydate": 1748390400000, "surveytime": "1845 UTC", "event_id": " ", "damage": 27, "damage_txt": "Trees: Hardwood (TH)", "dod_txt": "Trees uprooted", "efscale": "EF1", "damage_dir": "E/90", "windspeed": "94", "injuries": 0, "deaths": 0, "lat": 38.6423, "lon": -90.3215, "office": "LSX", "image": " ", "qc": "Y", "dod": 3, "surveytype": "0", "comments": "Two large trees uprooted and felled to the east per hi-res satellite imagery.", "image_full": " "}, "geometry": {"type": "Point", "coordinates": [-90.3215301351076, 38.6422506437523]}}, {"id": "618", "type": "Feature", "properties": {"OBJECTID": 619, "Id": 0, "stormdate": 1747353600000, "stormtime": "1943 UTC", "surveydate": 1761523200000, "surveytime": "1040 UTC", "event_id": " ", "damage": 2, "damage_txt": "One- or Two-Family Residences (FR12)", "dod_txt": "Loss of roof covering material (<20%), gutters and/or awning; loss of vinyl or metal siding", "efscale": "EF0", "damage_dir": "N/A", "windspeed": "79", "injuries": 0, "deaths": 0, "lat": 38.6666, "lon": -90.2535, "office": "LSX", "image": " ", "qc": "Y", "dod": 2, "surveytype": "0", "comments": " ", "image_full": " "}, "geometry": {"type": "Point", "coordinates": [-90.253527734917, 38.6665503317325]}}, {"id": "619", "type": "Feature", "properties": {"OBJECTID": 620, "Id": 0, "stormdate": 1747353600000, "stormtime": "1942 UTC", "surveydate": 1748476800000, "surveytime": "1908 UTC", "event_id": " ", "damage": 5, "damage_txt": "Apartments, Condos, Townhouses [3 stories or less] (ACT)", "dod_txt": "Uplift of roof decking; significant loss of roof covering (>20%)", "efscale": "TSTM/Wind", "damage_dir": "NNE/30", "windspeed": "110", "injuries": 0, "deaths": 0, "lat": 38.6383, "lon": -90.3057, "office": "LSX", "image": " ", "qc": "Y", "dod": 3, "surveytype": "0", "comments": "Significant roof damage per hi-res satellite imagery.", "image_full": " "}, "geometry": {"type": "Point", "coordinates": [-90.3057475943759, 38.6383481508465]}}, {"id": "620", "type": "Feature", "properties": {"OBJECTID": 621, "Id": 0, "stormdate": 1747353600000, "stormtime": "1940 UTC", "surveydate": 1748476800000, "surveytime": "1830 UTC", "event_id": " ", "damage": 2, "damage_txt": "One- or Two-Family Residences (FR12)", "dod_txt": "Loss of roof covering material (<20%), gutters and/or awning; loss of vinyl or metal siding", "efscale": "EF0", "damage_dir": "N/A", "windspeed": "79", "injuries": 0, "deaths": 0, "lat": 38.6419, "lon": -90.3092, "office": "LSX", "image": " ", "qc": "Y", "dod": 2, "surveytype": "0", "comments": "Roof damage per hi-res satellite imagery.", "image_full": " "}, "geometry": {"type": "Point", "coordinates": [-90.3092058491706, 38.6418584134351]}}, {"id": "621", "type": "Feature", "properties": {"OBJECTID": 622, "Id": 0, "stormdate": 1747353600000, "stormtime": "1940 UTC", "surveydate": 1748476800000, "surveytime": "1826 UTC", "event_id": " ", "damage": 2, "damage_txt": "One- or Two-Family Residences (FR12)", "dod_txt": "Uplift of roof deck and loss of significant roof covering material (>20%); collapse of chimney; garage doors collapse inward; failure of porch or carport", "efscale": "EF1", "damage_dir": "N/A", "windspeed": "97", "injuries": 0, "deaths": 0, "lat": 38.6419, "lon": -90.3107, "office": "LSX", "image": " ", "qc": "Y", "dod": 4, "surveytype": "0", "comments": "Significant roof damage per hi-res satellite imagery.", "image_full": " "}, "geometry": {"type": "Point", "coordinates": [-90.310713973571, 38.6419317927181]}}, {"id": "622", "type": "Feature", "properties": {"OBJECTID": 623, "Id": 0, "stormdate": 1747353600000, "stormtime": "1939 UTC", "surveydate": 1748390400000, "surveytime": "1805 UTC", "event_id": " ", "damage": 5, "damage_txt": "Apartments, Condos, Townhouses [3 stories or less] (ACT)", "dod_txt": "Loss of roof covering (<20%)", "efscale": "EF1", "damage_dir": "N/A", "windspeed": "99", "injuries": 0, "deaths": 0, "lat": 38.6425, "lon": -90.3326, "office": "LSX", "image": " ", "qc": "Y", "dod": 2, "surveytype": "0", "comments": "Areas of shingles missing per hi-resolution satellite imagery.", "image_full": " "}, "geometry": {"type": "Point", "coordinates": [-90.3325584017488, 38.6424737187871]}}, {"id": "623", "type": "Feature", "properties": {"OBJECTID": 624, "Id": 0, "stormdate": 1747353600000, "stormtime": "1940 UTC", "surveydate": 1748476800000, "surveytime": "1740 UTC", "event_id": " ", "damage": 27, "damage_txt": "Trees: Hardwood (TH)", "dod_txt": "Trees uprooted", "efscale": "EF1", "damage_dir": "N/A", "windspeed": "94", "injuries": 0, "deaths": 0, "lat": 38.6431, "lon": -90.3143, "office": "LSX", "image": " ", "qc": "Y", "dod": 3, "surveytype": "0", "comments": "Several trees along Wydown Blvd uprooted per hi-res satellite imagery.", "image_full": " "}, "geometry": {"type": "Point", "coordinates": [-90.3142818035623, 38.643098386981]}}, {"id": "624", "type": "Feature", "properties": {"OBJECTID": 625, "Id": 0, "stormdate": 1747353600000, "stormtime": "1940 UTC", "surveydate": 1748390400000, "surveytime": "1359 UTC", "event_id": " ", "damage": 28, "damage_txt": "Trees: Softwood (TS)", "dod_txt": "Trees uprooted", "efscale": "TSTM/Wind", "damage_dir": "ENE/60", "windspeed": "87", "injuries": 0, "deaths": 0, "lat": 38.6376, "lon": -90.3203, "office": "LSX", "image": " ", "qc": "Y", "dod": 3, "surveytype": "0", "comments": "Coniferous tree uprooted per hi-res satellite imagery.", "image_full": " "}, "geometry": {"type": "Point", "coordinates": [-90.320308227143, 38.6376210273886]}}, {"id": "625", "type": "Feature", "properties": {"OBJECTID": 626, "Id": 0, "stormdate": 1747353600000, "stormtime": "1939 UTC", "surveydate": 1748390400000, "surveytime": "1608 UTC", "event_id": " ", "damage": 28, "damage_txt": "Trees: Softwood (TS)", "dod_txt": "Trees uprooted", "efscale": "EF1", "damage_dir": "N/A", "windspeed": "87", "injuries": 0, "deaths": 0, "lat": 38.6429, "lon": -90.3441, "office": "LSX", "image": " ", "qc": "Y", "dod": 3, "surveytype": "0", "comments": "Two pine trees uprooted here, felled to the north per hi-res satellite imagery.", "image_full": " "}, "geometry": {"type": "Point", "coordinates": [-90.3440762808956, 38.6428902200077]}}, {"id": "626", "type": "Feature", "properties": {"OBJECTID": 627, "Id": 0, "stormdate": 1747353600000, "stormtime": "1942 UTC", "surveydate": 1748736000000, "surveytime": "1800 UTC", "event_id": " ", "damage": 7, "damage_txt": "Masonry Apartment or Motel Building (MAM)", "dod_txt": "Uplift of lightweight metal roof decking", "efscale": "EF1", "damage_dir": "N/A", "windspeed": "95", "injuries": 0, "deaths": 0, "lat": 38.6482, "lon": -90.2857, "office": "LSX", "image": " ", "qc": "Y", "dod": 3, "surveytype": "0", "comments": " ", "image_full": " "}, "geometry": {"type": "Point", "coordinates": [-90.2856997301584, 38.6482266900098]}}, {"id": "627", "type": "Feature", "properties": {"OBJECTID": 628, "Id": 0, "stormdate": 1747353600000, "stormtime": "1941 UTC", "surveydate": 1748736000000, "surveytime": "1508 UTC", "event_id": " ", "damage": 2, "damage_txt": "One- or Two-Family Residences (FR12)", "dod_txt": "Loss of roof covering material (<20%), gutters and/or awning; loss of vinyl or metal siding", "efscale": "TSTM/Wind", "damage_dir": "N/A", "windspeed": "79", "injuries": 0, "deaths": 0, "lat": 38.6462, "lon": -90.3069, "office": "LSX", "image": " ", "qc": "Y", "dod": 2, "surveytype": "0", "comments": "Roof damage per hi-res satellite imagery.", "image_full": " "}, "geometry": {"type": "Point", "coordinates": [-90.30691122897, 38.6462076067957]}}, {"id": "628", "type": "Feature", "properties": {"OBJECTID": 629, "Id": 0, "stormdate": 1747353600000, "stormtime": "1940 UTC", "surveydate": 1748390400000, "surveytime": "1651 UTC", "event_id": " ", "damage": 27, "damage_txt": "Trees: Hardwood (TH)", "dod_txt": "Large branches broken (1-3 inch diameter)", "efscale": "TSTM/Wind", "damage_dir": "N/A", "windspeed": "74", "injuries": 0, "deaths": 0, "lat": 38.643, "lon": -90.3504, "office": "LSX", "image": " ", "qc": "Y", "dod": 2, "surveytype": "0", "comments": "Possible tree topped here per hi-res satellite imagery.", "image_full": " "}, "geometry": {"type": "Point", "coordinates": [-90.3504383530475, 38.6430063269805]}}, {"id": "629", "type": "Feature", "properties": {"OBJECTID": 630, "Id": 0, "stormdate": 1747353600000, "stormtime": "1950 UTC", "surveydate": 1747526400000, "surveytime": "1408 UTC", "event_id": "0", "damage": 28, "damage_txt": "Trees: Softwood (TS)", "dod_txt": "Large branches broken (1-3 inch diameter)", "efscale": "EF0", "damage_dir": "N/A", "windspeed": "75", "injuries": 0, "deaths": 0, "lat": 38.7077, "lon": -90.1565, "office": "LSX", "image": "0", "qc": "Y", "dod": 2, "surveytype": "0", "comments": "0", "image_full": "https://services.dat.noaa.gov/arcgis/rest/services/nws_damageassessmenttoolkit/DamageViewer/MapServer/0/4480355/attachments/2626085"}, "geometry": {"type": "Point", "coordinates": [-90.1564922153434, 38.7077202463923]}}, {"id": "630", "type": "Feature", "properties": {"OBJECTID": 631, "Id": 0, "stormdate": 1747353600000, "stormtime": "1944 UTC", "surveydate": 1747440000000, "surveytime": "1815 UTC", "event_id": "0", "damage": 27, "damage_txt": "Trees: Hardwood (TH)", "dod_txt": "Trunks snapped", "efscale": "EF1", "damage_dir": "N/A", "windspeed": "107", "injuries": 0, "deaths": 0, "lat": 38.6636, "lon": -90.2445, "office": "LSX", "image": "0", "qc": "Y", "dod": 4, "surveytype": "0", "comments": "0", "image_full": "https://services.dat.noaa.gov/arcgis/rest/services/nws_damageassessmenttoolkit/DamageViewer/MapServer/0/4479989/attachments/2625253"}, "geometry": {"type": "Point", "coordinates": [-90.2444789192667, 38.6635779023983]}}, {"id": "631", "type": "Feature", "properties": {"OBJECTID": 632, "Id": 0, "stormdate": 1747353600000, "stormtime": "1941 UTC", "surveydate": 1748736000000, "surveytime": "1419 UTC", "event_id": " ", "damage": 2, "damage_txt": "One- or Two-Family Residences (FR12)", "dod_txt": "Uplift of roof deck and loss of significant roof covering material (>20%); collapse of chimney; garage doors collapse inward; failure of porch or carport", "efscale": "EF1", "damage_dir": "N/A", "windspeed": "97", "injuries": 0, "deaths": 0, "lat": 38.6433, "lon": -90.3056, "office": "LSX", "image": " ", "qc": "Y", "dod": 4, "surveytype": "0", "comments": "Several trees uprooted at this property, roof damage per hi-res satellite imagery.", "image_full": " "}, "geometry": {"type": "Point", "coordinates": [-90.3056142024334, 38.6432954877966]}}, {"id": "632", "type": "Feature", "properties": {"OBJECTID": 633, "Id": 0, "stormdate": 1747353600000, "stormtime": "1939 UTC", "surveydate": 1747440000000, "surveytime": "2212 UTC", "event_id": "0", "damage": 27, "damage_txt": "Trees: Hardwood (TH)", "dod_txt": "Large branches broken (1-3 inch diameter)", "efscale": "TSTM/Wind", "damage_dir": "N/A", "windspeed": "85", "injuries": 0, "deaths": 0, "lat": 38.6357, "lon": -90.3333, "office": "LSX", "image": "0", "qc": "Y", "dod": 2, "surveytype": "0", "comments": "Large branches lying southward.", "image_full": "https://services.dat.noaa.gov/arcgis/rest/services/nws_damageassessmenttoolkit/DamageViewer/MapServer/0/4480257/attachments/2625944"}, "geometry": {"type": "Point", "coordinates": [-90.3333300389501, 38.6356539052036]}}, {"id": "633", "type": "Feature", "properties": {"OBJECTID": 634, "Id": 0, "stormdate": 1747353600000, "stormtime": "1941 UTC", "surveydate": 1748736000000, "surveytime": "1502 UTC", "event_id": " ", "damage": 27, "damage_txt": "Trees: Hardwood (TH)", "dod_txt": "Trunks snapped", "efscale": "TSTM/Wind", "damage_dir": "SE/135", "windspeed": "107", "injuries": 0, "deaths": 0, "lat": 38.6451, "lon": -90.3106, "office": "LSX", "image": " ", "qc": "Y", "dod": 4, "surveytype": "0", "comments": "Numerous trees snapped or uprooted in this area per hi-res satellite imagery.", "image_full": " "}, "geometry": {"type": "Point", "coordinates": [-90.310644947906, 38.6450521893071]}}, {"id": "634", "type": "Feature", "properties": {"OBJECTID": 635, "Id": 0, "stormdate": 1747353600000, "stormtime": "1940 UTC", "surveydate": 1748476800000, "surveytime": "1744 UTC", "event_id": " ", "damage": 27, "damage_txt": "Trees: Hardwood (TH)", "dod_txt": "Trees uprooted", "efscale": "EF1", "damage_dir": "NE/45", "windspeed": "94", "injuries": 0, "deaths": 0, "lat": 38.6404, "lon": -90.3126, "office": "LSX", "image": " ", "qc": "Y", "dod": 3, "surveytype": "0", "comments": "Several trees uprooted in this area per hi-res satellite imagery.", "image_full": " "}, "geometry": {"type": "Point", "coordinates": [-90.3126416326052, 38.6404314762317]}}, {"id": "635", "type": "Feature", "properties": {"OBJECTID": 636, "Id": 0, "stormdate": 1747353600000, "stormtime": "1943 UTC", "surveydate": 1747440000000, "surveytime": "1414 UTC", "event_id": "0", "damage": 18, "damage_txt": "Mid-Rise Building [5-20 Stories] (MRB)", "dod_txt": "Uplift of lightweight roof decking; significant loss of roof covering (>20%)", "efscale": "EF1", "damage_dir": "N/A", "windspeed": "110", "injuries": 0, "deaths": 0, "lat": 38.6541, "lon": -90.2628, "office": "LSX", "image": "0", "qc": "Y", "dod": 6, "surveytype": "0", "comments": "0", "image_full": "https://services.dat.noaa.gov/arcgis/rest/services/nws_damageassessmenttoolkit/DamageViewer/MapServer/0/4479830/attachments/2625062"}, "geometry": {"type": "Point", "coordinates": [-90.2627962243662, 38.6540862677671]}}, {"id": "636", "type": "Feature", "properties": {"OBJECTID": 637, "Id": 0, "stormdate": 1747353600000, "stormtime": "1943 UTC", "surveydate": 1754438400000, "surveytime": "1038 UTC", "event_id": " ", "damage": 2, "damage_txt": "One- or Two-Family Residences (FR12)", "dod_txt": "Loss of roof covering material (<20%), gutters and/or awning; loss of vinyl or metal siding", "efscale": "EF0", "damage_dir": "N/A", "windspeed": "79", "injuries": 0, "deaths": 0, "lat": 38.6581, "lon": -90.2663, "office": "LSX", "image": " ", "qc": "Y", "dod": 2, "surveytype": "0", "comments": " ", "image_full": " "}, "geometry": {"type": "Point", "coordinates": [-90.2662911400241, 38.6581030096463]}}, {"id": "637", "type": "Feature", "properties": {"OBJECTID": 638, "Id": 0, "stormdate": 1747353600000, "stormtime": "1940 UTC", "surveydate": 1748390400000, "surveytime": "1903 UTC", "event_id": " ", "damage": 27, "damage_txt": "Trees: Hardwood (TH)", "dod_txt": "Trunks snapped", "efscale": "EF1", "damage_dir": "N/A", "windspeed": "107", "injuries": 0, "deaths": 0, "lat": 38.6412, "lon": -90.319, "office": "LSX", "image": " ", "qc": "Y", "dod": 4, "surveytype": "0", "comments": "Widespread, significant tree damage here per hi-res satellite data. Trees felled to the east-northeast.", "image_full": " "}, "geometry": {"type": "Point", "coordinates": [-90.3190427865953, 38.6412080264294]}}, {"id": "638", "type": "Feature", "properties": {"OBJECTID": 639, "Id": 0, "stormdate": 1747353600000, "stormtime": "1940 UTC", "surveydate": 1748390400000, "surveytime": "1837 UTC", "event_id": " ", "damage": 27, "damage_txt": "Trees: Hardwood (TH)", "dod_txt": "Large branches broken (1-3 inch diameter)", "efscale": "EF0", "damage_dir": "N/A", "windspeed": "85", "injuries": 0, "deaths": 0, "lat": 38.6422, "lon": -90.3235, "office": "LSX", "image": " ", "qc": "Y", "dod": 2, "surveytype": "0", "comments": "Several trees topped in this area per hi-res satellite imagery.", "image_full": " "}, "geometry": {"type": "Point", "coordinates": [-90.3234680311247, 38.6422024589763]}}, {"id": "639", "type": "Feature", "properties": {"OBJECTID": 640, "Id": 0, "stormdate": 1747353600000, "stormtime": "1939 UTC", "surveydate": 1748390400000, "surveytime": "1459 UTC", "event_id": " ", "damage": 27, "damage_txt": "Trees: Hardwood (TH)", "dod_txt": "Trunks snapped", "efscale": "EF1", "damage_dir": "SE/135", "windspeed": "107", "injuries": 0, "deaths": 0, "lat": 38.6425, "lon": -90.3374, "office": "LSX", "image": " ", "qc": "Y", "dod": 4, "surveytype": "0", "comments": "Several trees and large branches snapped here, felled to the east-southeast per hi-res satellite imagery.", "image_full": " "}, "geometry": {"type": "Point", "coordinates": [-90.3374020405717, 38.6425350552486]}}, {"id": "640", "type": "Feature", "properties": {"OBJECTID": 641, "Id": 0, "stormdate": 1747353600000, "stormtime": "1943 UTC", "surveydate": 1747440000000, "surveytime": "1418 UTC", "event_id": "0", "damage": 17, "damage_txt": "Low-Rise Building [1-4 Stories] (LRB)", "dod_txt": "Uplift of lightweight roof structure", "efscale": "EF2", "damage_dir": "N/A", "windspeed": "133", "injuries": 0, "deaths": 0, "lat": 38.6581, "lon": -90.2622, "office": "LSX", "image": "0", "qc": "Y", "dod": 5, "surveytype": "0", "comments": "0", "image_full": "https://services.dat.noaa.gov/arcgis/rest/services/nws_damageassessmenttoolkit/DamageViewer/MapServer/0/4479836/attachments/2625068"}, "geometry": {"type": "Point", "coordinates": [-90.2621539789229, 38.6580640429213]}}, {"id": "641", "type": "Feature", "properties": {"OBJECTID": 642, "Id": 0, "stormdate": 1747353600000, "stormtime": "1940 UTC", "surveydate": 1748476800000, "surveytime": "1828 UTC", "event_id": " ", "damage": 2, "damage_txt": "One- or Two-Family Residences (FR12)", "dod_txt": "Uplift of roof deck and loss of significant roof covering material (>20%); collapse of chimney; garage doors collapse inward; failure of porch or carport", "efscale": "EF1", "damage_dir": "N/A", "windspeed": "110", "injuries": 0, "deaths": 0, "lat": 38.642, "lon": -90.31, "office": "LSX", "image": " ", "qc": "Y", "dod": 4, "surveytype": "0", "comments": "Significant roof damage per hi-res satellite imagery. Portion of garage destroyed.", "image_full": " "}, "geometry": {"type": "Point", "coordinates": [-90.3099549088919, 38.6419967372596]}}, {"id": "642", "type": "Feature", "properties": {"OBJECTID": 643, "Id": 0, "stormdate": 1747353600000, "stormtime": "1940 UTC", "surveydate": 1748390400000, "surveytime": "1643 UTC", "event_id": " ", "damage": 27, "damage_txt": "Trees: Hardwood (TH)", "dod_txt": "Large branches broken (1-3 inch diameter)", "efscale": "TSTM/Wind", "damage_dir": "N/A", "windspeed": "74", "injuries": 0, "deaths": 0, "lat": 38.6433, "lon": -90.3536, "office": "LSX", "image": " ", "qc": "Y", "dod": 2, "surveytype": "0", "comments": "Large tree limb snapped here per hi-res satellite imagery.", "image_full": " "}, "geometry": {"type": "Point", "coordinates": [-90.3535540389877, 38.6433373368487]}}, {"id": "643", "type": "Feature", "properties": {"OBJECTID": 644, "Id": 0, "stormdate": 1747353600000, "stormtime": "1948 UTC", "surveydate": 1747440000000, "surveytime": "1715 UTC", "event_id": "0", "damage": 23, "damage_txt": "Warehouse Building [Tilt-up Walls or Heavy-Timber Construction] (WHB)", "dod_txt": "Loss of roof covering (<20%)", "efscale": "EF0", "damage_dir": "N/A", "windspeed": "83", "injuries": 0, "deaths": 0, "lat": 38.6802, "lon": -90.207, "office": "LSX", "image": "0", "qc": "Y", "dod": 2, "surveytype": "0", "comments": "0", "image_full": "https://services.dat.noaa.gov/arcgis/rest/services/nws_damageassessmenttoolkit/DamageViewer/MapServer/0/4465825/attachments/2613536"}, "geometry": {"type": "Point", "coordinates": [-90.2070408097855, 38.6802240863726]}}, {"id": "644", "type": "Feature", "properties": {"OBJECTID": 645, "Id": 0, "stormdate": 1747353600000, "stormtime": "1452 UTC", "surveydate": 1748736000000, "surveytime": "1452 UTC", "event_id": " ", "damage": 27, "damage_txt": "Trees: Hardwood (TH)", "dod_txt": "Large branches broken (1-3 inch diameter)", "efscale": "TSTM/Wind", "damage_dir": "N/A", "windspeed": "74", "injuries": 0, "deaths": 0, "lat": 38.6457, "lon": -90.3105, "office": "LSX", "image": " ", "qc": "Y", "dod": 2, "surveytype": "0", "comments": " ", "image_full": " "}, "geometry": {"type": "Point", "coordinates": [-90.3105081547275, 38.6457225493562]}}, {"id": "645", "type": "Feature", "properties": {"OBJECTID": 646, "Id": 0, "stormdate": 1747353600000, "stormtime": "1939 UTC", "surveydate": 1748390400000, "surveytime": "1720 UTC", "event_id": " ", "damage": 2, "damage_txt": "One- or Two-Family Residences (FR12)", "dod_txt": "Loss of roof covering material (<20%), gutters and/or awning; loss of vinyl or metal siding", "efscale": "EF0", "damage_dir": "N/A", "windspeed": "85", "injuries": 0, "deaths": 0, "lat": 38.6437, "lon": -90.342, "office": "LSX", "image": " ", "qc": "Y", "dod": 2, "surveytype": "0", "comments": "Southern portion of roof tarped per hi-res satellite imagery.", "image_full": " "}, "geometry": {"type": "Point", "coordinates": [-90.3419846196944, 38.6436756348227]}}, {"id": "646", "type": "Feature", "properties": {"OBJECTID": 647, "Id": 0, "stormdate": 1747353600000, "stormtime": "1941 UTC", "surveydate": 1747440000000, "surveytime": "2136 UTC", "event_id": "0", "damage": 27, "damage_txt": "Trees: Hardwood (TH)", "dod_txt": "Trees uprooted", "efscale": "EF1", "damage_dir": "N/A", "windspeed": "94", "injuries": 0, "deaths": 0, "lat": 38.6454, "lon": -90.3013, "office": "LSX", "image": "0", "qc": "Y", "dod": 3, "surveytype": "0", "comments": "0", "image_full": "https://services.dat.noaa.gov/arcgis/rest/services/nws_damageassessmenttoolkit/DamageViewer/MapServer/0/4480233/attachments/2625922"}, "geometry": {"type": "Point", "coordinates": [-90.3013088986867, 38.6454328273631]}}, {"id": "647", "type": "Feature", "properties": {"OBJECTID": 648, "Id": 0, "stormdate": 1747353600000, "stormtime": "1943 UTC", "surveydate": 1761523200000, "surveytime": "1040 UTC", "event_id": " ", "damage": 2, "damage_txt": "One- or Two-Family Residences (FR12)", "dod_txt": "Loss of roof covering material (<20%), gutters and/or awning; loss of vinyl or metal siding", "efscale": "EF0", "damage_dir": "N/A", "windspeed": "79", "injuries": 0, "deaths": 0, "lat": 38.6666, "lon": -90.2535, "office": "LSX", "image": " ", "qc": "Y", "dod": 2, "surveytype": "0", "comments": " ", "image_full": " "}, "geometry": {"type": "Point", "coordinates": [-90.253527734917, 38.6665503317325]}}, {"id": "648", "type": "Feature", "properties": {"OBJECTID": 649, "Id": 0, "stormdate": 1747353600000, "stormtime": "1940 UTC", "surveydate": 1748390400000, "surveytime": "1848 UTC", "event_id": " ", "damage": 27, "damage_txt": "Trees: Hardwood (TH)", "dod_txt": "Trees uprooted", "efscale": "EF1", "damage_dir": "NE/45", "windspeed": "94", "injuries": 0, "deaths": 0, "lat": 38.6409, "lon": -90.3205, "office": "LSX", "image": " ", "qc": "Y", "dod": 3, "surveytype": "0", "comments": "Numerous trees snapped or uprooted in this location per hi-res satellite imagery, felled to the northeast.", "image_full": " "}, "geometry": {"type": "Point", "coordinates": [-90.3205417406088, 38.6409035672459]}}, {"id": "649", "type": "Feature", "properties": {"OBJECTID": 650, "Id": 0, "stormdate": 1747353600000, "stormtime": "1942 UTC", "surveydate": 1748476800000, "surveytime": "1915 UTC", "event_id": " ", "damage": 5, "damage_txt": "Apartments, Condos, Townhouses [3 stories or less] (ACT)", "dod_txt": "Loss of roof covering (<20%)", "efscale": "TSTM/Wind", "damage_dir": "N/A", "windspeed": "100", "injuries": 0, "deaths": 0, "lat": 38.6387, "lon": -90.3045, "office": "LSX", "image": " ", "qc": "Y", "dod": 2, "surveytype": "0", "comments": "Roof damage and tree uprooted in front yard per hi-res satellite imagery.", "image_full": " "}, "geometry": {"type": "Point", "coordinates": [-90.3045117307317, 38.6386732197933]}}, {"id": "650", "type": "Feature", "properties": {"OBJECTID": 651, "Id": 0, "stormdate": 1747353600000, "stormtime": "1942 UTC", "surveydate": 1747440000000, "surveytime": "2041 UTC", "event_id": "0", "damage": 27, "damage_txt": "Trees: Hardwood (TH)", "dod_txt": "Trunks snapped", "efscale": "TSTM/Wind", "damage_dir": "N/A", "windspeed": "107", "injuries": 0, "deaths": 0, "lat": 38.6352, "lon": -90.2917, "office": "LSX", "image": "0", "qc": "Y", "dod": 4, "surveytype": "0", "comments": "0", "image_full": "https://services.dat.noaa.gov/arcgis/rest/services/nws_damageassessmenttoolkit/DamageViewer/MapServer/0/4480202/attachments/2625894"}, "geometry": {"type": "Point", "coordinates": [-90.2917273228576, 38.6351749847378]}}, {"id": "651", "type": "Feature", "properties": {"OBJECTID": 652, "Id": 0, "stormdate": 1747353600000, "stormtime": "1943 UTC", "surveydate": 1754438400000, "surveytime": "1038 UTC", "event_id": " ", "damage": 2, "damage_txt": "One- or Two-Family Residences (FR12)", "dod_txt": "Loss of roof covering material (<20%), gutters and/or awning; loss of vinyl or metal siding", "efscale": "EF0", "damage_dir": "N/A", "windspeed": "79", "injuries": 0, "deaths": 0, "lat": 38.6581, "lon": -90.2663, "office": "LSX", "image": " ", "qc": "Y", "dod": 2, "surveytype": "0", "comments": " ", "image_full": " "}, "geometry": {"type": "Point", "coordinates": [-90.2662911400241, 38.6581030096463]}}, {"id": "652", "type": "Feature", "properties": {"OBJECTID": 653, "Id": 0, "stormdate": 1747353600000, "stormtime": "1944 UTC", "surveydate": 1747440000000, "surveytime": "1814 UTC", "event_id": "0", "damage": 2, "damage_txt": "One- or Two-Family Residences (FR12)", "dod_txt": "Exterior walls collapsed", "efscale": "EF2", "damage_dir": "N/A", "windspeed": "132", "injuries": 0, "deaths": 0, "lat": 38.6629, "lon": -90.243, "office": "LSX", "image": "0", "qc": "Y", "dod": 7, "surveytype": "0", "comments": "0", "image_full": "https://services.dat.noaa.gov/arcgis/rest/services/nws_damageassessmenttoolkit/DamageViewer/MapServer/0/4479988/attachments/2625252"}, "geometry": {"type": "Point", "coordinates": [-90.2429530413497, 38.6629212093464]}}, {"id": "653", "type": "Feature", "properties": {"OBJECTID": 654, "Id": 0, "stormdate": 1747353600000, "stormtime": "1940 UTC", "surveydate": 1748476800000, "surveytime": "1740 UTC", "event_id": " ", "damage": 27, "damage_txt": "Trees: Hardwood (TH)", "dod_txt": "Trees uprooted", "efscale": "EF1", "damage_dir": "N/A", "windspeed": "94", "injuries": 0, "deaths": 0, "lat": 38.6431, "lon": -90.3143, "office": "LSX", "image": " ", "qc": "Y", "dod": 3, "surveytype": "0", "comments": "Several trees along Wydown Blvd uprooted per hi-res satellite imagery.", "image_full": " "}, "geometry": {"type": "Point", "coordinates": [-90.3142818035623, 38.643098386981]}}, {"id": "654", "type": "Feature", "properties": {"OBJECTID": 655, "Id": 0, "stormdate": 1747353600000, "stormtime": "1951 UTC", "surveydate": 1747526400000, "surveytime": "1411 UTC", "event_id": "0", "damage": 2, "damage_txt": "One- or Two-Family Residences (FR12)", "dod_txt": "Loss of roof covering material (<20%), gutters and/or awning; loss of vinyl or metal siding", "efscale": "EF0", "damage_dir": "N/A", "windspeed": "79", "injuries": 0, "deaths": 0, "lat": 38.7126, "lon": -90.1553, "office": "LSX", "image": "0", "qc": "Y", "dod": 2, "surveytype": "0", "comments": "0", "image_full": "https://services.dat.noaa.gov/arcgis/rest/services/nws_damageassessmenttoolkit/DamageViewer/MapServer/0/4480356/attachments/2626086"}, "geometry": {"type": "Point", "coordinates": [-90.1553106590596, 38.7126084070524]}}, {"id": "655", "type": "Feature", "properties": {"OBJECTID": 656, "Id": 0, "stormdate": 1747353600000, "stormtime": "2003 UTC", "surveydate": 1747526400000, "surveytime": "1607 UTC", "event_id": "0", "damage": 27, "damage_txt": "Trees: Hardwood (TH)", "dod_txt": "Trunks snapped", "efscale": "EF1", "damage_dir": "N/A", "windspeed": "95", "injuries": 0, "deaths": 0, "lat": 38.7807, "lon": -89.9963, "office": "LSX", "image": "0", "qc": "Y", "dod": 4, "surveytype": "0", "comments": "0", "image_full": "https://services.dat.noaa.gov/arcgis/rest/services/nws_damageassessmenttoolkit/DamageViewer/MapServer/0/4480439/attachments/2626142"}, "geometry": {"type": "Point", "coordinates": [-89.9962663996746, 38.7806958903031]}}, {"id": "656", "type": "Feature", "properties": {"OBJECTID": 657, "Id": 0, "stormdate": 1747353600000, "stormtime": "1942 UTC", "surveydate": 1748822400000, "surveytime": "1747 UTC", "event_id": " ", "damage": 2, "damage_txt": "One- or Two-Family Residences (FR12)", "dod_txt": "Loss of roof covering material (<20%), gutters and/or awning; loss of vinyl or metal siding", "efscale": "EF0", "damage_dir": "N/A", "windspeed": "79", "injuries": 0, "deaths": 0, "lat": 38.6488, "lon": -90.2908, "office": "LSX", "image": " ", "qc": "Y", "dod": 2, "surveytype": "0", "comments": " ", "image_full": " "}, "geometry": {"type": "Point", "coordinates": [-90.2908462732369, 38.6488067671187]}}, {"id": "657", "type": "Feature", "properties": {"OBJECTID": 658, "Id": 0, "stormdate": 1747353600000, "stormtime": "1942 UTC", "surveydate": 1748822400000, "surveytime": "1538 UTC", "event_id": " ", "damage": 27, "damage_txt": "Trees: Hardwood (TH)", "dod_txt": "Trunks snapped", "efscale": "TSTM/Wind", "damage_dir": "ESE/120", "windspeed": "100", "injuries": 0, "deaths": 0, "lat": 38.6344, "lon": -90.2975, "office": "LSX", "image": " ", "qc": "Y", "dod": 4, "surveytype": "0", "comments": "A few trees snapped in this area per hi-res satellite imagery.", "image_full": " "}, "geometry": {"type": "Point", "coordinates": [-90.2975098520979, 38.6344015156175]}}, {"id": "658", "type": "Feature", "properties": {"OBJECTID": 659, "Id": 0, "stormdate": 1747353600000, "stormtime": "1947 UTC", "surveydate": 1747440000000, "surveytime": "1642 UTC", "event_id": "0", "damage": 27, "damage_txt": "Trees: Hardwood (TH)", "dod_txt": "Large branches broken (1-3 inch diameter)", "efscale": "EF1", "damage_dir": "N/A", "windspeed": "88", "injuries": 0, "deaths": 0, "lat": 38.6797, "lon": -90.2194, "office": "LSX", "image": "0", "qc": "Y", "dod": 2, "surveytype": "0", "comments": "0", "image_full": "https://services.dat.noaa.gov/arcgis/rest/services/nws_damageassessmenttoolkit/DamageViewer/MapServer/0/4479942/attachments/2625184"}, "geometry": {"type": "Point", "coordinates": [-90.2193999237674, 38.6797248376312]}}, {"id": "659", "type": "Feature", "properties": {"OBJECTID": 660, "Id": 0, "stormdate": 1747353600000, "stormtime": "1943 UTC", "surveydate": 1755561600000, "surveytime": "1836 UTC", "event_id": " ", "damage": 2, "damage_txt": "One- or Two-Family Residences (FR12)", "dod_txt": "Loss of roof covering material (<20%), gutters and/or awning; loss of vinyl or metal siding", "efscale": "EF0", "damage_dir": "N/A", "windspeed": "79", "injuries": 0, "deaths": 0, "lat": 38.6615, "lon": -90.2656, "office": "LSX", "image": " ", "qc": "Y", "dod": 2, "surveytype": "0", "comments": " ", "image_full": " "}, "geometry": {"type": "Point", "coordinates": [-90.2655873162016, 38.6614955051135]}}, {"id": "660", "type": "Feature", "properties": {"OBJECTID": 661, "Id": 0, "stormdate": 1747353600000, "stormtime": "1941 UTC", "surveydate": 1748736000000, "surveytime": "1407 UTC", "event_id": " ", "damage": 2, "damage_txt": "One- or Two-Family Residences (FR12)", "dod_txt": "Loss of roof covering material (<20%), gutters and/or awning; loss of vinyl or metal siding", "efscale": "EF0", "damage_dir": "N/A", "windspeed": "85", "injuries": 0, "deaths": 0, "lat": 38.6444, "lon": -90.3048, "office": "LSX", "image": " ", "qc": "Y", "dod": 2, "surveytype": "0", "comments": "Large branches snapped at this property, roof damage per hi-res satellite imagery.", "image_full": " "}, "geometry": {"type": "Point", "coordinates": [-90.3047742779106, 38.6443664103816]}}, {"id": "661", "type": "Feature", "properties": {"OBJECTID": 662, "Id": 0, "stormdate": 1747353600000, "stormtime": "1941 UTC", "surveydate": 1748476800000, "surveytime": "1930 UTC", "event_id": " ", "damage": 2, "damage_txt": "One- or Two-Family Residences (FR12)", "dod_txt": "Loss of roof covering material (<20%), gutters and/or awning; loss of vinyl or metal siding", "efscale": "EF1", "damage_dir": "N/A", "windspeed": "88", "injuries": 0, "deaths": 0, "lat": 38.6415, "lon": -90.3052, "office": "LSX", "image": " ", "qc": "Y", "dod": 2, "surveytype": "0", "comments": "Roof damage per hi-res satellite imagery.", "image_full": " "}, "geometry": {"type": "Point", "coordinates": [-90.3052168172023, 38.6415308398764]}}, {"id": "662", "type": "Feature", "properties": {"OBJECTID": 663, "Id": 0, "stormdate": 1747353600000, "stormtime": "1939 UTC", "surveydate": 1748476800000, "surveytime": "1452 UTC", "event_id": " ", "damage": 27, "damage_txt": "Trees: Hardwood (TH)", "dod_txt": "Large branches broken (1-3 inch diameter)", "efscale": "TSTM/Wind", "damage_dir": "N/A", "windspeed": "74", "injuries": 0, "deaths": 0, "lat": 38.6511, "lon": -90.3659, "office": "LSX", "image": " ", "qc": "Y", "dod": 2, "surveytype": "0", "comments": "Large tree branch snapped per hi-res satellite imagery.", "image_full": " "}, "geometry": {"type": "Point", "coordinates": [-90.3658876041296, 38.651090113418]}}, {"id": "663", "type": "Feature", "properties": {"OBJECTID": 664, "Id": 0, "stormdate": 1747353600000, "stormtime": "1941 UTC", "surveydate": 1748736000000, "surveytime": "1436 UTC", "event_id": " ", "damage": 27, "damage_txt": "Trees: Hardwood (TH)", "dod_txt": "Trunks snapped", "efscale": "EF1", "damage_dir": "N/A", "windspeed": "100", "injuries": 0, "deaths": 0, "lat": 38.6429, "lon": -90.3041, "office": "LSX", "image": " ", "qc": "Y", "dod": 4, "surveytype": "0", "comments": "Several trees snapped in this area per hi-res satellite imagery.", "image_full": " "}, "geometry": {"type": "Point", "coordinates": [-90.3041090619836, 38.6429308585723]}}, {"id": "664", "type": "Feature", "properties": {"OBJECTID": 665, "Id": 0, "stormdate": 1747353600000, "stormtime": "1946 UTC", "surveydate": 1747440000000, "surveytime": "1634 UTC", "event_id": "0", "damage": 2, "damage_txt": "One- or Two-Family Residences (FR12)", "dod_txt": "Loss of roof covering material (<20%), gutters and/or awning; loss of vinyl or metal siding", "efscale": "EF0", "damage_dir": "N/A", "windspeed": "85", "injuries": 0, "deaths": 0, "lat": 38.6737, "lon": -90.2237, "office": "LSX", "image": "0", "qc": "Y", "dod": 2, "surveytype": "0", "comments": "0", "image_full": "https://services.dat.noaa.gov/arcgis/rest/services/nws_damageassessmenttoolkit/DamageViewer/MapServer/0/4465817/attachments/2613528"}, "geometry": {"type": "Point", "coordinates": [-90.2236800707786, 38.6736968483309]}}, {"id": "665", "type": "Feature", "properties": {"OBJECTID": 666, "Id": 0, "stormdate": 1747353600000, "stormtime": "1942 UTC", "surveydate": 1748822400000, "surveytime": "1524 UTC", "event_id": " ", "damage": 27, "damage_txt": "Trees: Hardwood (TH)", "dod_txt": "Trees uprooted", "efscale": "EF1", "damage_dir": "N/A", "windspeed": "86", "injuries": 0, "deaths": 0, "lat": 38.6421, "lon": -90.2817, "office": "LSX", "image": " ", "qc": "Y", "dod": 3, "surveytype": "0", "comments": "A few small trees snapped in this area per hi-res satellite imagery.", "image_full": " "}, "geometry": {"type": "Point", "coordinates": [-90.2817181742543, 38.64206050279]}}, {"id": "666", "type": "Feature", "properties": {"OBJECTID": 667, "Id": 0, "stormdate": 1747353600000, "stormtime": "1940 UTC", "surveydate": 1748476800000, "surveytime": "1750 UTC", "event_id": " ", "damage": 27, "damage_txt": "Trees: Hardwood (TH)", "dod_txt": "Trunks snapped", "efscale": "EF1", "damage_dir": "NNE/30", "windspeed": "107", "injuries": 0, "deaths": 0, "lat": 38.6403, "lon": -90.3105, "office": "LSX", "image": " ", "qc": "Y", "dod": 4, "surveytype": "0", "comments": "Several trees snapped or uprooted in this area per hi-res satellite imagery.", "image_full": " "}, "geometry": {"type": "Point", "coordinates": [-90.3105263318247, 38.6403095398534]}}, {"id": "667", "type": "Feature", "properties": {"OBJECTID": 668, "Id": 0, "stormdate": 1747353600000, "stormtime": "1942 UTC", "surveydate": 1748822400000, "surveytime": "1823 UTC", "event_id": " ", "damage": 2, "damage_txt": "One- or Two-Family Residences (FR12)", "dod_txt": "Loss of roof covering material (<20%), gutters and/or awning; loss of vinyl or metal siding", "efscale": "EF0", "damage_dir": "N/A", "windspeed": "85", "injuries": 0, "deaths": 0, "lat": 38.6491, "lon": -90.2934, "office": "LSX", "image": " ", "qc": "Y", "dod": 2, "surveytype": "0", "comments": " ", "image_full": " "}, "geometry": {"type": "Point", "coordinates": [-90.293448025406, 38.6490556949644]}}, {"id": "668", "type": "Feature", "properties": {"OBJECTID": 669, "Id": 0, "stormdate": 1747353600000, "stormtime": "1939 UTC", "surveydate": 1748476800000, "surveytime": "1321 UTC", "event_id": " ", "damage": 27, "damage_txt": "Trees: Hardwood (TH)", "dod_txt": "Trees uprooted", "efscale": "TSTM/Wind", "damage_dir": "SE/135", "windspeed": "94", "injuries": 0, "deaths": 0, "lat": 38.6369, "lon": -90.3331, "office": "LSX", "image": " ", "qc": "Y", "dod": 3, "surveytype": "0", "comments": "Tree uprooted, felled to the southeast per hi-res satellite imagery.", "image_full": " "}, "geometry": {"type": "Point", "coordinates": [-90.3331106664241, 38.6369286429426]}}, {"id": "669", "type": "Feature", "properties": {"OBJECTID": 670, "Id": 0, "stormdate": 1747353600000, "stormtime": "1946 UTC", "surveydate": 1747440000000, "surveytime": "1623 UTC", "event_id": "0", "damage": 2, "damage_txt": "One- or Two-Family Residences (FR12)", "dod_txt": "Uplift of roof deck and loss of significant roof covering material (>20%); collapse of chimney; garage doors collapse inward; failure of porch or carport", "efscale": "EF1", "damage_dir": "N/A", "windspeed": "97", "injuries": 0, "deaths": 0, "lat": 38.6765, "lon": -90.2262, "office": "LSX", "image": "0", "qc": "Y", "dod": 4, "surveytype": "0", "comments": "0", "image_full": "https://services.dat.noaa.gov/arcgis/rest/services/nws_damageassessmenttoolkit/DamageViewer/MapServer/0/4479933/attachments/2625175"}, "geometry": {"type": "Point", "coordinates": [-90.2262406888566, 38.6765137650982]}}, {"id": "670", "type": "Feature", "properties": {"OBJECTID": 671, "Id": 0, "stormdate": 1747353600000, "stormtime": "1940 UTC", "surveydate": 1748476800000, "surveytime": "1728 UTC", "event_id": " ", "damage": 2, "damage_txt": "One- or Two-Family Residences (FR12)", "dod_txt": "Loss of roof covering material (<20%), gutters and/or awning; loss of vinyl or metal siding", "efscale": "EF0", "damage_dir": "N/A", "windspeed": "79", "injuries": 0, "deaths": 0, "lat": 38.6412, "lon": -90.3144, "office": "LSX", "image": " ", "qc": "Y", "dod": 2, "surveytype": "0", "comments": "Roof damage per hi-res satellite data.", "image_full": " "}, "geometry": {"type": "Point", "coordinates": [-90.3143957980276, 38.6411980331628]}}, {"id": "671", "type": "Feature", "properties": {"OBJECTID": 672, "Id": 0, "stormdate": 1747353600000, "stormtime": "1942 UTC", "surveydate": 1748736000000, "surveytime": "1741 UTC", "event_id": " ", "damage": 2, "damage_txt": "One- or Two-Family Residences (FR12)", "dod_txt": "Uplift of roof deck and loss of significant roof covering material (>20%); collapse of chimney; garage doors collapse inward; failure of porch or carport", "efscale": "EF1", "damage_dir": "N/A", "windspeed": "97", "injuries": 0, "deaths": 0, "lat": 38.6486, "lon": -90.2889, "office": "LSX", "image": " ", "qc": "Y", "dod": 4, "surveytype": "0", "comments": " ", "image_full": " "}, "geometry": {"type": "Point", "coordinates": [-90.288872103065, 38.6486005696606]}}, {"id": "672", "type": "Feature", "properties": {"OBJECTID": 673, "Id": 0, "stormdate": 1747353600000, "stormtime": "1943 UTC", "surveydate": 1761523200000, "surveytime": "1040 UTC", "event_id": " ", "damage": 2, "damage_txt": "One- or Two-Family Residences (FR12)", "dod_txt": "Loss of roof covering material (<20%), gutters and/or awning; loss of vinyl or metal siding", "efscale": "EF0", "damage_dir": "N/A", "windspeed": "79", "injuries": 0, "deaths": 0, "lat": 38.6666, "lon": -90.2535, "office": "LSX", "image": " ", "qc": "Y", "dod": 2, "surveytype": "0", "comments": " ", "image_full": " "}, "geometry": {"type": "Point", "coordinates": [-90.253527734917, 38.6665503317325]}}, {"id": "673", "type": "Feature", "properties": {"OBJECTID": 674, "Id": 0, "stormdate": 1747353600000, "stormtime": "1942 UTC", "surveydate": 1748822400000, "surveytime": "1746 UTC", "event_id": " ", "damage": 2, "damage_txt": "One- or Two-Family Residences (FR12)", "dod_txt": "Loss of roof covering material (<20%), gutters and/or awning; loss of vinyl or metal siding", "efscale": "EF0", "damage_dir": "N/A", "windspeed": "79", "injuries": 0, "deaths": 0, "lat": 38.6488, "lon": -90.2904, "office": "LSX", "image": " ", "qc": "Y", "dod": 2, "surveytype": "0", "comments": " ", "image_full": " "}, "geometry": {"type": "Point", "coordinates": [-90.2904285192607, 38.6487732511846]}}, {"id": "674", "type": "Feature", "properties": {"OBJECTID": 675, "Id": 0, "stormdate": 1747353600000, "stormtime": "1948 UTC", "surveydate": 1747440000000, "surveytime": "1706 UTC", "event_id": "0", "damage": 21, "damage_txt": "Metal Building System (MBS)", "dod_txt": "Buckling of roof purlins", "efscale": "EF2", "damage_dir": "N/A", "windspeed": "118", "injuries": 0, "deaths": 0, "lat": 38.6883, "lon": -90.2094, "office": "LSX", "image": "0", "qc": "Y", "dod": 5, "surveytype": "0", "comments": "0", "image_full": "https://services.dat.noaa.gov/arcgis/rest/services/nws_damageassessmenttoolkit/DamageViewer/MapServer/0/4465824/attachments/2613535"}, "geometry": {"type": "Point", "coordinates": [-90.2093704603784, 38.6882588291817]}}, {"id": "675", "type": "Feature", "properties": {"OBJECTID": 676, "Id": 0, "stormdate": 1747353600000, "stormtime": "1943 UTC", "surveydate": 1761523200000, "surveytime": "1040 UTC", "event_id": " ", "damage": 2, "damage_txt": "One- or Two-Family Residences (FR12)", "dod_txt": "Loss of roof covering material (<20%), gutters and/or awning; loss of vinyl or metal siding", "efscale": "EF0", "damage_dir": "N/A", "windspeed": "79", "injuries": 0, "deaths": 0, "lat": 38.6666, "lon": -90.2535, "office": "LSX", "image": " ", "qc": "Y", "dod": 2, "surveytype": "0", "comments": " ", "image_full": " "}, "geometry": {"type": "Point", "coordinates": [-90.253527734917, 38.6665503317325]}}, {"id": "676", "type": "Feature", "properties": {"OBJECTID": 677, "Id": 0, "stormdate": 1747353600000, "stormtime": "1655 UTC", "surveydate": 1747440000000, "surveytime": "1655 UTC", "event_id": "0", "damage": 2, "damage_txt": "One- or Two-Family Residences (FR12)", "dod_txt": "Most walls collapsed, except small interior rooms", "efscale": "EF2", "damage_dir": "N/A", "windspeed": "135", "injuries": 0, "deaths": 0, "lat": 38.6772, "lon": -90.2202, "office": "LSX", "image": "0", "qc": "Y", "dod": 8, "surveytype": "0", "comments": "0", "image_full": "https://services.dat.noaa.gov/arcgis/rest/services/nws_damageassessmenttoolkit/DamageViewer/MapServer/0/4479951/attachments/2625196"}, "geometry": {"type": "Point", "coordinates": [-90.2202271768427, 38.6771975466295]}}, {"id": "677", "type": "Feature", "properties": {"OBJECTID": 678, "Id": 0, "stormdate": 1747353600000, "stormtime": "1943 UTC", "surveydate": 1755561600000, "surveytime": "1836 UTC", "event_id": " ", "damage": 2, "damage_txt": "One- or Two-Family Residences (FR12)", "dod_txt": "Loss of roof covering material (<20%), gutters and/or awning; loss of vinyl or metal siding", "efscale": "EF0", "damage_dir": "N/A", "windspeed": "79", "injuries": 0, "deaths": 0, "lat": 38.6615, "lon": -90.2656, "office": "LSX", "image": " ", "qc": "Y", "dod": 2, "surveytype": "0", "comments": " ", "image_full": " "}, "geometry": {"type": "Point", "coordinates": [-90.2655873162016, 38.6614955051135]}}, {"id": "678", "type": "Feature", "properties": {"OBJECTID": 679, "Id": 0, "stormdate": 1747353600000, "stormtime": "1943 UTC", "surveydate": 1761523200000, "surveytime": "1040 UTC", "event_id": " ", "damage": 2, "damage_txt": "One- or Two-Family Residences (FR12)", "dod_txt": "Loss of roof covering material (<20%), gutters and/or awning; loss of vinyl or metal siding", "efscale": "EF0", "damage_dir": "N/A", "windspeed": "79", "injuries": 0, "deaths": 0, "lat": 38.6666, "lon": -90.2535, "office": "LSX", "image": " ", "qc": "Y", "dod": 2, "surveytype": "0", "comments": " ", "image_full": " "}, "geometry": {"type": "Point", "coordinates": [-90.253527734917, 38.6665503317325]}}, {"id": "679", "type": "Feature", "properties": {"OBJECTID": 680, "Id": 0, "stormdate": 1747353600000, "stormtime": "1943 UTC", "surveydate": 1754438400000, "surveytime": "1038 UTC", "event_id": " ", "damage": 2, "damage_txt": "One- or Two-Family Residences (FR12)", "dod_txt": "Loss of roof covering material (<20%), gutters and/or awning; loss of vinyl or metal siding", "efscale": "EF0", "damage_dir": "N/A", "windspeed": "79", "injuries": 0, "deaths": 0, "lat": 38.6581, "lon": -90.2663, "office": "LSX", "image": " ", "qc": "Y", "dod": 2, "surveytype": "0", "comments": " ", "image_full": " "}, "geometry": {"type": "Point", "coordinates": [-90.2662911400241, 38.6581030096463]}}, {"id": "680", "type": "Feature", "properties": {"OBJECTID": 681, "Id": 0, "stormdate": 1747353600000, "stormtime": "1941 UTC", "surveydate": 1748736000000, "surveytime": "1431 UTC", "event_id": " ", "damage": 27, "damage_txt": "Trees: Hardwood (TH)", "dod_txt": "Large branches broken (1-3 inch diameter)", "efscale": "EF1", "damage_dir": "N/A", "windspeed": "86", "injuries": 0, "deaths": 0, "lat": 38.6431, "lon": -90.3053, "office": "LSX", "image": " ", "qc": "Y", "dod": 2, "surveytype": "0", "comments": "Several trees snapped in this area per hi-res satellite imagery.", "image_full": " "}, "geometry": {"type": "Point", "coordinates": [-90.3053042888618, 38.6430611163774]}}, {"id": "681", "type": "Feature", "properties": {"OBJECTID": 682, "Id": 0, "stormdate": 1747353600000, "stormtime": "1942 UTC", "surveydate": 1748476800000, "surveytime": "1909 UTC", "event_id": " ", "damage": 5, "damage_txt": "Apartments, Condos, Townhouses [3 stories or less] (ACT)", "dod_txt": "Uplift of roof decking; significant loss of roof covering (>20%)", "efscale": "TSTM/Wind", "damage_dir": "N/0", "windspeed": "110", "injuries": 0, "deaths": 0, "lat": 38.6384, "lon": -90.3067, "office": "LSX", "image": " ", "qc": "Y", "dod": 3, "surveytype": "0", "comments": "Significant roof damage per hi-res satellite imagery.", "image_full": " "}, "geometry": {"type": "Point", "coordinates": [-90.3066655800524, 38.638444524895]}}, {"id": "682", "type": "Feature", "properties": {"OBJECTID": 683, "Id": 0, "stormdate": 1747353600000, "stormtime": "1946 UTC", "surveydate": 1747440000000, "surveytime": "1620 UTC", "event_id": "0", "damage": 2, "damage_txt": "One- or Two-Family Residences (FR12)", "dod_txt": "Loss of roof covering material (<20%), gutters and/or awning; loss of vinyl or metal siding", "efscale": "EF1", "damage_dir": "N/A", "windspeed": "90", "injuries": 0, "deaths": 0, "lat": 38.6743, "lon": -90.2212, "office": "LSX", "image": "0", "qc": "Y", "dod": 2, "surveytype": "0", "comments": "0", "image_full": "https://services.dat.noaa.gov/arcgis/rest/services/nws_damageassessmenttoolkit/DamageViewer/MapServer/0/4479923/attachments/2625164"}, "geometry": {"type": "Point", "coordinates": [-90.2211812001522, 38.6743217143756]}}, {"id": "683", "type": "Feature", "properties": {"OBJECTID": 684, "Id": 0, "stormdate": 1747353600000, "stormtime": "1939 UTC", "surveydate": 1748304000000, "surveytime": "1723 UTC", "event_id": " ", "damage": 27, "damage_txt": "Trees: Hardwood (TH)", "dod_txt": "Trunks snapped", "efscale": "TSTM/Wind", "damage_dir": "N/A", "windspeed": "95", "injuries": 0, "deaths": 0, "lat": 38.6342, "lon": -90.3282, "office": "LSX", "image": " ", "qc": "Y", "dod": 4, "surveytype": "0", "comments": "Large tree snapped her per hi-res satellite imagery.", "image_full": " "}, "geometry": {"type": "Point", "coordinates": [-90.3282465590314, 38.6342146670732]}}, {"id": "684", "type": "Feature", "properties": {"OBJECTID": 685, "Id": 0, "stormdate": 1747353600000, "stormtime": "2003 UTC", "surveydate": 1747526400000, "surveytime": "1600 UTC", "event_id": "0", "damage": 27, "damage_txt": "Trees: Hardwood (TH)", "dod_txt": "Large branches broken (1-3 inch diameter)", "efscale": "EF0", "damage_dir": "N/A", "windspeed": "74", "injuries": 0, "deaths": 0, "lat": 38.7745, "lon": -89.9984, "office": "LSX", "image": "0", "qc": "Y", "dod": 2, "surveytype": "0", "comments": "0", "image_full": "https://services.dat.noaa.gov/arcgis/rest/services/nws_damageassessmenttoolkit/DamageViewer/MapServer/0/4480424/attachments/2626135"}, "geometry": {"type": "Point", "coordinates": [-89.9983862312395, 38.7744627602482]}}, {"id": "685", "type": "Feature", "properties": {"OBJECTID": 686, "Id": 0, "stormdate": 1747353600000, "stormtime": "1941 UTC", "surveydate": 1748736000000, "surveytime": "1503 UTC", "event_id": " ", "damage": 27, "damage_txt": "Trees: Hardwood (TH)", "dod_txt": "Trees uprooted", "efscale": "TSTM/Wind", "damage_dir": "N/A", "windspeed": "94", "injuries": 0, "deaths": 0, "lat": 38.6466, "lon": -90.3088, "office": "LSX", "image": " ", "qc": "Y", "dod": 3, "surveytype": "0", "comments": " ", "image_full": " "}, "geometry": {"type": "Point", "coordinates": [-90.3088411623897, 38.6466191446578]}}, {"id": "686", "type": "Feature", "properties": {"OBJECTID": 687, "Id": 0, "stormdate": 1747353600000, "stormtime": "1925 UTC", "surveydate": 1747440000000, "surveytime": "1925 UTC", "event_id": "0", "damage": 27, "damage_txt": "Trees: Hardwood (TH)", "dod_txt": "Large branches broken (1-3 inch diameter)", "efscale": "EF1", "damage_dir": "N/A", "windspeed": "88", "injuries": 0, "deaths": 0, "lat": 38.6581, "lon": -90.252, "office": "LSX", "image": "0", "qc": "Y", "dod": 2, "surveytype": "0", "comments": "0", "image_full": "https://services.dat.noaa.gov/arcgis/rest/services/nws_damageassessmenttoolkit/DamageViewer/MapServer/0/4480180/attachments/2625872"}, "geometry": {"type": "Point", "coordinates": [-90.2520000709465, 38.658116756683]}}, {"id": "687", "type": "Feature", "properties": {"OBJECTID": 688, "Id": 0, "stormdate": 1747353600000, "stormtime": "1939 UTC", "surveydate": 1748476800000, "surveytime": "1405 UTC", "event_id": " ", "damage": 28, "damage_txt": "Trees: Softwood (TS)", "dod_txt": "Trees uprooted", "efscale": "TSTM/Wind", "damage_dir": "SE/135", "windspeed": "90", "injuries": 0, "deaths": 0, "lat": 38.638, "lon": -90.3254, "office": "LSX", "image": " ", "qc": "Y", "dod": 3, "surveytype": "0", "comments": "Large pine tree uprooted and felled southeastward per hi-res satellite imagery.", "image_full": " "}, "geometry": {"type": "Point", "coordinates": [-90.3254476323024, 38.6379808650249]}}, {"id": "688", "type": "Feature", "properties": {"OBJECTID": 689, "Id": 0, "stormdate": 1747353600000, "stormtime": "1940 UTC", "surveydate": 1748476800000, "surveytime": "1841 UTC", "event_id": " ", "damage": 2, "damage_txt": "One- or Two-Family Residences (FR12)", "dod_txt": "Uplift of roof deck and loss of significant roof covering material (>20%); collapse of chimney; garage doors collapse inward; failure of porch or carport", "efscale": "EF1", "damage_dir": "N/A", "windspeed": "105", "injuries": 0, "deaths": 0, "lat": 38.6433, "lon": -90.3087, "office": "LSX", "image": " ", "qc": "Y", "dod": 4, "surveytype": "0", "comments": "Significant portions of roof covering removed per hi-res satellite imagery.", "image_full": " "}, "geometry": {"type": "Point", "coordinates": [-90.3087371000371, 38.6433435403721]}}, {"id": "689", "type": "Feature", "properties": {"OBJECTID": 690, "Id": 0, "stormdate": 1747353600000, "stormtime": "1939 UTC", "surveydate": 1748390400000, "surveytime": "1817 UTC", "event_id": " ", "damage": 27, "damage_txt": "Trees: Hardwood (TH)", "dod_txt": "Trees uprooted", "efscale": "EF1", "damage_dir": "NE/45", "windspeed": "94", "injuries": 0, "deaths": 0, "lat": 38.6407, "lon": -90.3293, "office": "LSX", "image": " ", "qc": "Y", "dod": 3, "surveytype": "0", "comments": "Large tree uprooted and felled northeastward, striking a house and causing significant roof damage to the house per hi-res satellite imagery.", "image_full": " "}, "geometry": {"type": "Point", "coordinates": [-90.3293263111603, 38.6407265392984]}}, {"id": "690", "type": "Feature", "properties": {"OBJECTID": 691, "Id": 0, "stormdate": 1747353600000, "stormtime": "1939 UTC", "surveydate": 1748390400000, "surveytime": "1508 UTC", "event_id": " ", "damage": 5, "damage_txt": "Apartments, Condos, Townhouses [3 stories or less] (ACT)", "dod_txt": "Uplift of roof decking; significant loss of roof covering (>20%)", "efscale": "EF2", "damage_dir": "N/A", "windspeed": "124", "injuries": 0, "deaths": 0, "lat": 38.6433, "lon": -90.343, "office": "LSX", "image": " ", "qc": "Y", "dod": 3, "surveytype": "0", "comments": "Majority of roof covering, portion of roof decking removed per hi-res satellite imagery.", "image_full": " "}, "geometry": {"type": "Point", "coordinates": [-90.3429808589794, 38.6433307457174]}}, {"id": "691", "type": "Feature", "properties": {"OBJECTID": 692, "Id": 0, "stormdate": 1747353600000, "stormtime": "1943 UTC", "surveydate": 1747440000000, "surveytime": "1430 UTC", "event_id": "0", "damage": 2, "damage_txt": "One- or Two-Family Residences (FR12)", "dod_txt": "All walls collapsed", "efscale": "EF3", "damage_dir": "N/A", "windspeed": "147", "injuries": 0, "deaths": 0, "lat": 38.6595, "lon": -90.2602, "office": "LSX", "image": "0", "qc": "Y", "dod": 9, "surveytype": "0", "comments": " ", "image_full": "https://services.dat.noaa.gov/arcgis/rest/services/nws_damageassessmenttoolkit/DamageViewer/MapServer/0/4479841/attachments/2625080"}, "geometry": {"type": "Point", "coordinates": [-90.2602111672115, 38.6594581251924]}}, {"id": "692", "type": "Feature", "properties": {"OBJECTID": 693, "Id": 0, "stormdate": 1747353600000, "stormtime": "1944 UTC", "surveydate": 1747440000000, "surveytime": "1816 UTC", "event_id": "0", "damage": 2, "damage_txt": "One- or Two-Family Residences (FR12)", "dod_txt": "Large sections of roof structure removed; most walls remain standing", "efscale": "EF2", "damage_dir": "N/A", "windspeed": "122", "injuries": 0, "deaths": 0, "lat": 38.6641, "lon": -90.2464, "office": "LSX", "image": "0", "qc": "Y", "dod": 6, "surveytype": "0", "comments": "0", "image_full": "https://services.dat.noaa.gov/arcgis/rest/services/nws_damageassessmenttoolkit/DamageViewer/MapServer/0/4479991/attachments/2625255"}, "geometry": {"type": "Point", "coordinates": [-90.2463658534014, 38.6641486076721]}}, {"id": "693", "type": "Feature", "properties": {"OBJECTID": 694, "Id": 0, "stormdate": 1747353600000, "stormtime": "1942 UTC", "surveydate": 1748822400000, "surveytime": "1449 UTC", "event_id": " ", "damage": 27, "damage_txt": "Trees: Hardwood (TH)", "dod_txt": "Trunks snapped", "efscale": "EF1", "damage_dir": "N/A", "windspeed": "107", "injuries": 0, "deaths": 0, "lat": 38.6454, "lon": -90.3007, "office": "LSX", "image": " ", "qc": "Y", "dod": 4, "surveytype": "0", "comments": "Numerous trees snapped or uprooted in this area per hi-res satellite imagery. Felled in different directions.", "image_full": " "}, "geometry": {"type": "Point", "coordinates": [-90.3007039076592, 38.6453616442246]}}, {"id": "694", "type": "Feature", "properties": {"OBJECTID": 695, "Id": 0, "stormdate": 1747353600000, "stormtime": "1942 UTC", "surveydate": 1748736000000, "surveytime": "1717 UTC", "event_id": " ", "damage": 27, "damage_txt": "Trees: Hardwood (TH)", "dod_txt": "Trees uprooted", "efscale": "TSTM/Wind", "damage_dir": "N/0", "windspeed": "94", "injuries": 0, "deaths": 0, "lat": 38.6322, "lon": -90.3088, "office": "LSX", "image": " ", "qc": "Y", "dod": 3, "surveytype": "0", "comments": "Felled to the northeast.", "image_full": " "}, "geometry": {"type": "Point", "coordinates": [-90.3087955146013, 38.6321659988618]}}, {"id": "695", "type": "Feature", "properties": {"OBJECTID": 696, "Id": 0, "stormdate": 1747353600000, "stormtime": "1939 UTC", "surveydate": 1748390400000, "surveytime": "1457 UTC", "event_id": " ", "damage": 27, "damage_txt": "Trees: Hardwood (TH)", "dod_txt": "Trees uprooted", "efscale": "EF1", "damage_dir": "E/90", "windspeed": "94", "injuries": 0, "deaths": 0, "lat": 38.6417, "lon": -90.3367, "office": "LSX", "image": " ", "qc": "Y", "dod": 3, "surveytype": "0", "comments": "Tree uprooted, felled to the east per hi-res satellite imagery.", "image_full": " "}, "geometry": {"type": "Point", "coordinates": [-90.3366697981726, 38.6416876393731]}}, {"id": "696", "type": "Feature", "properties": {"OBJECTID": 697, "Id": 0, "stormdate": 1747353600000, "stormtime": "1943 UTC", "surveydate": 1747440000000, "surveytime": "1919 UTC", "event_id": "0", "damage": 2, "damage_txt": "One- or Two-Family Residences (FR12)", "dod_txt": "Large sections of roof structure removed; most walls remain standing", "efscale": "EF2", "damage_dir": "N/A", "windspeed": "122", "injuries": 0, "deaths": 0, "lat": 38.6628, "lon": -90.2529, "office": "LSX", "image": "0", "qc": "Y", "dod": 6, "surveytype": "0", "comments": "0", "image_full": "https://services.dat.noaa.gov/arcgis/rest/services/nws_damageassessmenttoolkit/DamageViewer/MapServer/0/4480090/attachments/2625362"}, "geometry": {"type": "Point", "coordinates": [-90.2528585152083, 38.6628296151946]}}, {"id": "697", "type": "Feature", "properties": {"OBJECTID": 698, "Id": 0, "stormdate": 1747353600000, "stormtime": "1943 UTC", "surveydate": 1761523200000, "surveytime": "1040 UTC", "event_id": " ", "damage": 2, "damage_txt": "One- or Two-Family Residences (FR12)", "dod_txt": "Loss of roof covering material (<20%), gutters and/or awning; loss of vinyl or metal siding", "efscale": "EF0", "damage_dir": "N/A", "windspeed": "79", "injuries": 0, "deaths": 0, "lat": 38.6666, "lon": -90.2535, "office": "LSX", "image": " ", "qc": "Y", "dod": 2, "surveytype": "0", "comments": " ", "image_full": " "}, "geometry": {"type": "Point", "coordinates": [-90.253527734917, 38.6665503317325]}}, {"id": "698", "type": "Feature", "properties": {"OBJECTID": 699, "Id": 0, "stormdate": 1747353600000, "stormtime": "1943 UTC", "surveydate": 1755561600000, "surveytime": "1836 UTC", "event_id": " ", "damage": 2, "damage_txt": "One- or Two-Family Residences (FR12)", "dod_txt": "Loss of roof covering material (<20%), gutters and/or awning; loss of vinyl or metal siding", "efscale": "EF0", "damage_dir": "N/A", "windspeed": "79", "injuries": 0, "deaths": 0, "lat": 38.6615, "lon": -90.2656, "office": "LSX", "image": " ", "qc": "Y", "dod": 2, "surveytype": "0", "comments": " ", "image_full": " "}, "geometry": {"type": "Point", "coordinates": [-90.2655873162016, 38.6614955051135]}}, {"id": "699", "type": "Feature", "properties": {"OBJECTID": 700, "Id": 0, "stormdate": 1747353600000, "stormtime": "1942 UTC", "surveydate": 1748822400000, "surveytime": "1526 UTC", "event_id": " ", "damage": 27, "damage_txt": "Trees: Hardwood (TH)", "dod_txt": "Trees uprooted", "efscale": "EF1", "damage_dir": "N/A", "windspeed": "94", "injuries": 0, "deaths": 0, "lat": 38.6431, "lon": -90.2779, "office": "LSX", "image": " ", "qc": "Y", "dod": 3, "surveytype": "0", "comments": "A few trees uprooted in this area per hi-res satellite imagery. Felled eastward or northward.", "image_full": " "}, "geometry": {"type": "Point", "coordinates": [-90.2778611573665, 38.6431373114378]}}, {"id": "700", "type": "Feature", "properties": {"OBJECTID": 701, "Id": 0, "stormdate": 1747353600000, "stormtime": "1941 UTC", "surveydate": 1748736000000, "surveytime": "1430 UTC", "event_id": " ", "damage": 27, "damage_txt": "Trees: Hardwood (TH)", "dod_txt": "Trees uprooted", "efscale": "EF1", "damage_dir": "N/A", "windspeed": "94", "injuries": 0, "deaths": 0, "lat": 38.6427, "lon": -90.3056, "office": "LSX", "image": " ", "qc": "Y", "dod": 3, "surveytype": "0", "comments": "Tree uprooted here per hi-res satellite imagery.", "image_full": " "}, "geometry": {"type": "Point", "coordinates": [-90.3055624518456, 38.6426913583196]}}, {"id": "701", "type": "Feature", "properties": {"OBJECTID": 702, "Id": 0, "stormdate": 1747353600000, "stormtime": "1946 UTC", "surveydate": 1747440000000, "surveytime": "1641 UTC", "event_id": "0", "damage": 27, "damage_txt": "Trees: Hardwood (TH)", "dod_txt": "Trees uprooted", "efscale": "EF1", "damage_dir": "N/A", "windspeed": "94", "injuries": 0, "deaths": 0, "lat": 38.6791, "lon": -90.2228, "office": "LSX", "image": "0", "qc": "Y", "dod": 3, "surveytype": "0", "comments": "0", "image_full": "https://services.dat.noaa.gov/arcgis/rest/services/nws_damageassessmenttoolkit/DamageViewer/MapServer/0/4479940/attachments/2625182"}, "geometry": {"type": "Point", "coordinates": [-90.2227716161171, 38.6791058333675]}}, {"id": "702", "type": "Feature", "properties": {"OBJECTID": 703, "Id": 0, "stormdate": 1747353600000, "stormtime": "1941 UTC", "surveydate": 1748736000000, "surveytime": "1516 UTC", "event_id": " ", "damage": 27, "damage_txt": "Trees: Hardwood (TH)", "dod_txt": "Trees uprooted", "efscale": "EF1", "damage_dir": "N/A", "windspeed": "94", "injuries": 0, "deaths": 0, "lat": 38.6437, "lon": -90.3092, "office": "LSX", "image": " ", "qc": "Y", "dod": 3, "surveytype": "0", "comments": "Felled northwest.", "image_full": " "}, "geometry": {"type": "Point", "coordinates": [-90.3091602616367, 38.6437110249439]}}, {"id": "703", "type": "Feature", "properties": {"OBJECTID": 704, "Id": 0, "stormdate": 1747353600000, "stormtime": "1941 UTC", "surveydate": 1747440000000, "surveytime": "2140 UTC", "event_id": "0", "damage": 27, "damage_txt": "Trees: Hardwood (TH)", "dod_txt": "Large branches broken (1-3 inch diameter)", "efscale": "EF1", "damage_dir": "N/A", "windspeed": "88", "injuries": 0, "deaths": 0, "lat": 38.6464, "lon": -90.3048, "office": "LSX", "image": "0", "qc": "Y", "dod": 2, "surveytype": "0", "comments": "0", "image_full": "https://services.dat.noaa.gov/arcgis/rest/services/nws_damageassessmenttoolkit/DamageViewer/MapServer/0/4465852/attachments/2613566"}, "geometry": {"type": "Point", "coordinates": [-90.3048470168763, 38.6463670377087]}}, {"id": "704", "type": "Feature", "properties": {"OBJECTID": 705, "Id": 0, "stormdate": 1747353600000, "stormtime": "1943 UTC", "surveydate": 1747440000000, "surveytime": "1415 UTC", "event_id": "0", "damage": 18, "damage_txt": "Mid-Rise Building [5-20 Stories] (MRB)", "dod_txt": "Uplift of lightweight roof decking; significant loss of roof covering (>20%)", "efscale": "EF2", "damage_dir": "N/A", "windspeed": "119", "injuries": 0, "deaths": 0, "lat": 38.6558, "lon": -90.2631, "office": "LSX", "image": "0", "qc": "Y", "dod": 6, "surveytype": "0", "comments": "0", "image_full": "https://services.dat.noaa.gov/arcgis/rest/services/nws_damageassessmenttoolkit/DamageViewer/MapServer/0/4479832/attachments/2625064"}, "geometry": {"type": "Point", "coordinates": [-90.2631278098006, 38.6558398639186]}}, {"id": "705", "type": "Feature", "properties": {"OBJECTID": 706, "Id": 0, "stormdate": 1747353600000, "stormtime": "1943 UTC", "surveydate": 1761523200000, "surveytime": "1040 UTC", "event_id": " ", "damage": 2, "damage_txt": "One- or Two-Family Residences (FR12)", "dod_txt": "Loss of roof covering material (<20%), gutters and/or awning; loss of vinyl or metal siding", "efscale": "EF0", "damage_dir": "N/A", "windspeed": "79", "injuries": 0, "deaths": 0, "lat": 38.6666, "lon": -90.2535, "office": "LSX", "image": " ", "qc": "Y", "dod": 2, "surveytype": "0", "comments": " ", "image_full": " "}, "geometry": {"type": "Point", "coordinates": [-90.253527734917, 38.6665503317325]}}, {"id": "706", "type": "Feature", "properties": {"OBJECTID": 707, "Id": 0, "stormdate": 1747353600000, "stormtime": "2002 UTC", "surveydate": 1747526400000, "surveytime": "1530 UTC", "event_id": "0", "damage": 28, "damage_txt": "Trees: Softwood (TS)", "dod_txt": "Trunks snapped", "efscale": "EF1", "damage_dir": "N/A", "windspeed": "90", "injuries": 0, "deaths": 0, "lat": 38.7601, "lon": -90.0174, "office": "LSX", "image": "0", "qc": "Y", "dod": 4, "surveytype": "0", "comments": "0", "image_full": "https://services.dat.noaa.gov/arcgis/rest/services/nws_damageassessmenttoolkit/DamageViewer/MapServer/0/4480400/attachments/2626119"}, "geometry": {"type": "Point", "coordinates": [-90.0173796619418, 38.7600646772431]}}, {"id": "707", "type": "Feature", "properties": {"OBJECTID": 708, "Id": 0, "stormdate": 1747353600000, "stormtime": "1944 UTC", "surveydate": 1747440000000, "surveytime": "1814 UTC", "event_id": "0", "damage": 28, "damage_txt": "Trees: Softwood (TS)", "dod_txt": "Trunks snapped", "efscale": "EF1", "damage_dir": "N/A", "windspeed": "104", "injuries": 0, "deaths": 0, "lat": 38.6623, "lon": -90.2415, "office": "LSX", "image": "0", "qc": "Y", "dod": 4, "surveytype": "0", "comments": "0", "image_full": "https://services.dat.noaa.gov/arcgis/rest/services/nws_damageassessmenttoolkit/DamageViewer/MapServer/0/4479984/attachments/2625248"}, "geometry": {"type": "Point", "coordinates": [-90.2415215760598, 38.6622509662092]}}, {"id": "708", "type": "Feature", "properties": {"OBJECTID": 709, "Id": 0, "stormdate": 1747353600000, "stormtime": "1942 UTC", "surveydate": 1748822400000, "surveytime": "1924 UTC", "event_id": " ", "damage": 2, "damage_txt": "One- or Two-Family Residences (FR12)", "dod_txt": "Loss of roof covering material (<20%), gutters and/or awning; loss of vinyl or metal siding", "efscale": "EF0", "damage_dir": "N/A", "windspeed": "79", "injuries": 0, "deaths": 0, "lat": 38.6464, "lon": -90.2837, "office": "LSX", "image": " ", "qc": "Y", "dod": 2, "surveytype": "0", "comments": " ", "image_full": " "}, "geometry": {"type": "Point", "coordinates": [-90.2836570406399, 38.6463562080726]}}, {"id": "709", "type": "Feature", "properties": {"OBJECTID": 710, "Id": 0, "stormdate": 1747353600000, "stormtime": "1942 UTC", "surveydate": 1748736000000, "surveytime": "1734 UTC", "event_id": " ", "damage": 5, "damage_txt": "Apartments, Condos, Townhouses [3 stories or less] (ACT)", "dod_txt": "Uplift of roof decking; significant loss of roof covering (>20%)", "efscale": "EF2", "damage_dir": "N/A", "windspeed": "124", "injuries": 0, "deaths": 0, "lat": 38.6485, "lon": -90.2883, "office": "LSX", "image": " ", "qc": "Y", "dod": 3, "surveytype": "0", "comments": " ", "image_full": " "}, "geometry": {"type": "Point", "coordinates": [-90.2882739073149, 38.6485415057859]}}, {"id": "710", "type": "Feature", "properties": {"OBJECTID": 711, "Id": 0, "stormdate": 1747353600000, "stormtime": "1944 UTC", "surveydate": 1747440000000, "surveytime": "1834 UTC", "event_id": "0", "damage": 2, "damage_txt": "One- or Two-Family Residences (FR12)", "dod_txt": "Large sections of roof structure removed; most walls remain standing", "efscale": "EF2", "damage_dir": "N/A", "windspeed": "122", "injuries": 0, "deaths": 0, "lat": 38.6666, "lon": -90.2422, "office": "LSX", "image": "0", "qc": "Y", "dod": 6, "surveytype": "0", "comments": "0", "image_full": "https://services.dat.noaa.gov/arcgis/rest/services/nws_damageassessmenttoolkit/DamageViewer/MapServer/0/4480044/attachments/2625316"}, "geometry": {"type": "Point", "coordinates": [-90.2422231542751, 38.6666250402135]}}, {"id": "711", "type": "Feature", "properties": {"OBJECTID": 712, "Id": 0, "stormdate": 1747353600000, "stormtime": "1943 UTC", "surveydate": 1754438400000, "surveytime": "1038 UTC", "event_id": " ", "damage": 2, "damage_txt": "One- or Two-Family Residences (FR12)", "dod_txt": "Loss of roof covering material (<20%), gutters and/or awning; loss of vinyl or metal siding", "efscale": "EF0", "damage_dir": "N/A", "windspeed": "79", "injuries": 0, "deaths": 0, "lat": 38.6581, "lon": -90.2663, "office": "LSX", "image": " ", "qc": "Y", "dod": 2, "surveytype": "0", "comments": " ", "image_full": " "}, "geometry": {"type": "Point", "coordinates": [-90.2662911400241, 38.6581030096463]}}, {"id": "712", "type": "Feature", "properties": {"OBJECTID": 713, "Id": 0, "stormdate": 1747353600000, "stormtime": "1944 UTC", "surveydate": 1747440000000, "surveytime": "1813 UTC", "event_id": "0", "damage": 2, "damage_txt": "One- or Two-Family Residences (FR12)", "dod_txt": "Uplift of roof deck and loss of significant roof covering material (>20%); collapse of chimney; garage doors collapse inward; failure of porch or carport", "efscale": "EF0", "damage_dir": "N/A", "windspeed": "85", "injuries": 0, "deaths": 0, "lat": 38.662, "lon": -90.241, "office": "LSX", "image": "0", "qc": "Y", "dod": 4, "surveytype": "0", "comments": "0", "image_full": "https://services.dat.noaa.gov/arcgis/rest/services/nws_damageassessmenttoolkit/DamageViewer/MapServer/0/4479983/attachments/2625247"}, "geometry": {"type": "Point", "coordinates": [-90.240950848303, 38.6620069378699]}}, {"id": "713", "type": "Feature", "properties": {"OBJECTID": 714, "Id": 0, "stormdate": 1747353600000, "stormtime": "1941 UTC", "surveydate": 1748476800000, "surveytime": "1929 UTC", "event_id": " ", "damage": 2, "damage_txt": "One- or Two-Family Residences (FR12)", "dod_txt": "Uplift of roof deck and loss of significant roof covering material (>20%); collapse of chimney; garage doors collapse inward; failure of porch or carport", "efscale": "EF1", "damage_dir": "N/A", "windspeed": "100", "injuries": 0, "deaths": 0, "lat": 38.6416, "lon": -90.3059, "office": "LSX", "image": " ", "qc": "Y", "dod": 4, "surveytype": "0", "comments": "Significant roof damage per hi-res satellite imagery.", "image_full": " "}, "geometry": {"type": "Point", "coordinates": [-90.3059001104017, 38.6416303516594]}}, {"id": "714", "type": "Feature", "properties": {"OBJECTID": 715, "Id": 0, "stormdate": 1747353600000, "stormtime": "1959 UTC", "surveydate": 1747526400000, "surveytime": "1500 UTC", "event_id": "0", "damage": 27, "damage_txt": "Trees: Hardwood (TH)", "dod_txt": "Large branches broken (1-3 inch diameter)", "efscale": "EF0", "damage_dir": "N/A", "windspeed": "74", "injuries": 0, "deaths": 0, "lat": 38.7371, "lon": -90.076, "office": "LSX", "image": "0", "qc": "Y", "dod": 2, "surveytype": "0", "comments": "0", "image_full": "https://services.dat.noaa.gov/arcgis/rest/services/nws_damageassessmenttoolkit/DamageViewer/MapServer/0/4480378/attachments/2626109"}, "geometry": {"type": "Point", "coordinates": [-90.0760219821287, 38.7370845348234]}}, {"id": "715", "type": "Feature", "properties": {"OBJECTID": 716, "Id": 0, "stormdate": 1747353600000, "stormtime": "1940 UTC", "surveydate": 1748476800000, "surveytime": "1809 UTC", "event_id": " ", "damage": 2, "damage_txt": "One- or Two-Family Residences (FR12)", "dod_txt": "Loss of roof covering material (<20%), gutters and/or awning; loss of vinyl or metal siding", "efscale": "EF1", "damage_dir": "N/A", "windspeed": "90", "injuries": 0, "deaths": 0, "lat": 38.6408, "lon": -90.3092, "office": "LSX", "image": " ", "qc": "Y", "dod": 2, "surveytype": "0", "comments": "Roof damage per hi-res satellite imagery.", "image_full": " "}, "geometry": {"type": "Point", "coordinates": [-90.3092280965993, 38.640846960319]}}, {"id": "716", "type": "Feature", "properties": {"OBJECTID": 717, "Id": 0, "stormdate": 1747353600000, "stormtime": "1940 UTC", "surveydate": 1748476800000, "surveytime": "1604 UTC", "event_id": " ", "damage": 27, "damage_txt": "Trees: Hardwood (TH)", "dod_txt": "Trees uprooted", "efscale": "EF1", "damage_dir": "NE/45", "windspeed": "94", "injuries": 0, "deaths": 0, "lat": 38.6398, "lon": -90.3147, "office": "LSX", "image": " ", "qc": "Y", "dod": 3, "surveytype": "0", "comments": "Multiple trees uprooted here, all felled to the northeast per hi-res satellite imagery.", "image_full": " "}, "geometry": {"type": "Point", "coordinates": [-90.3146705642951, 38.6397890590179]}}, {"id": "717", "type": "Feature", "properties": {"OBJECTID": 718, "Id": 0, "stormdate": 1747353600000, "stormtime": "1942 UTC", "surveydate": 1748736000000, "surveytime": "1831 UTC", "event_id": " ", "damage": 5, "damage_txt": "Apartments, Condos, Townhouses [3 stories or less] (ACT)", "dod_txt": "Loss of roof covering (<20%)", "efscale": "EF1", "damage_dir": "E/90", "windspeed": "100", "injuries": 0, "deaths": 0, "lat": 38.6498, "lon": -90.2963, "office": "LSX", "image": " ", "qc": "Y", "dod": 2, "surveytype": "0", "comments": " ", "image_full": " "}, "geometry": {"type": "Point", "coordinates": [-90.2962508084281, 38.6497683123578]}}, {"id": "718", "type": "Feature", "properties": {"OBJECTID": 719, "Id": 0, "stormdate": 1747353600000, "stormtime": "2003 UTC", "surveydate": 1747526400000, "surveytime": "1601 UTC", "event_id": "0", "damage": 27, "damage_txt": "Trees: Hardwood (TH)", "dod_txt": "Small limbs broken (up to 1 inch diameter)", "efscale": "EF0", "damage_dir": "N/A", "windspeed": "60", "injuries": 0, "deaths": 0, "lat": 38.7768, "lon": -89.999, "office": "LSX", "image": "0", "qc": "Y", "dod": 1, "surveytype": "0", "comments": "0", "image_full": " "}, "geometry": {"type": "Point", "coordinates": [-89.9990266132875, 38.7767780882382]}}, {"id": "719", "type": "Feature", "properties": {"OBJECTID": 720, "Id": 0, "stormdate": 1747353600000, "stormtime": "1943 UTC", "surveydate": 1755561600000, "surveytime": "1836 UTC", "event_id": " ", "damage": 2, "damage_txt": "One- or Two-Family Residences (FR12)", "dod_txt": "Loss of roof covering material (<20%), gutters and/or awning; loss of vinyl or metal siding", "efscale": "EF0", "damage_dir": "N/A", "windspeed": "79", "injuries": 0, "deaths": 0, "lat": 38.6615, "lon": -90.2656, "office": "LSX", "image": " ", "qc": "Y", "dod": 2, "surveytype": "0", "comments": " ", "image_full": " "}, "geometry": {"type": "Point", "coordinates": [-90.2655873162016, 38.6614955051135]}}, {"id": "720", "type": "Feature", "properties": {"OBJECTID": 721, "Id": 0, "stormdate": 1747353600000, "stormtime": "1942 UTC", "surveydate": 1748476800000, "surveytime": "1917 UTC", "event_id": " ", "damage": 27, "damage_txt": "Trees: Hardwood (TH)", "dod_txt": "Trunks snapped", "efscale": "TSTM/Wind", "damage_dir": "NE/45", "windspeed": "107", "injuries": 0, "deaths": 0, "lat": 38.6395, "lon": -90.3034, "office": "LSX", "image": " ", "qc": "Y", "dod": 4, "surveytype": "0", "comments": "Trees snapped or severely damaged in this area per hi-res satellite imagery.", "image_full": " "}, "geometry": {"type": "Point", "coordinates": [-90.3034254369343, 38.6395348125816]}}, {"id": "721", "type": "Feature", "properties": {"OBJECTID": 722, "Id": 0, "stormdate": 1747353600000, "stormtime": "1941 UTC", "surveydate": 1748736000000, "surveytime": "1537 UTC", "event_id": " ", "damage": 27, "damage_txt": "Trees: Hardwood (TH)", "dod_txt": "Trees uprooted", "efscale": "TSTM/Wind", "damage_dir": "ESE/120", "windspeed": "94", "injuries": 0, "deaths": 0, "lat": 38.6523, "lon": -90.3055, "office": "LSX", "image": " ", "qc": "Y", "dod": 3, "surveytype": "0", "comments": " ", "image_full": " "}, "geometry": {"type": "Point", "coordinates": [-90.3054891579982, 38.6523330727132]}}, {"id": "722", "type": "Feature", "properties": {"OBJECTID": 723, "Id": 0, "stormdate": 1747353600000, "stormtime": "1946 UTC", "surveydate": 1747440000000, "surveytime": "1617 UTC", "event_id": "0", "damage": 2, "damage_txt": "One- or Two-Family Residences (FR12)", "dod_txt": "Uplift of roof deck and loss of significant roof covering material (>20%); collapse of chimney; garage doors collapse inward; failure of porch or carport", "efscale": "EF1", "damage_dir": "N/A", "windspeed": "100", "injuries": 0, "deaths": 0, "lat": 38.6709, "lon": -90.2179, "office": "LSX", "image": "0", "qc": "Y", "dod": 4, "surveytype": "0", "comments": "0", "image_full": "https://services.dat.noaa.gov/arcgis/rest/services/nws_damageassessmenttoolkit/DamageViewer/MapServer/0/4479921/attachments/2625162"}, "geometry": {"type": "Point", "coordinates": [-90.2179015147431, 38.6709040405891]}}, {"id": "723", "type": "Feature", "properties": {"OBJECTID": 724, "Id": 0, "stormdate": 1747353600000, "stormtime": "1942 UTC", "surveydate": 1747440000000, "surveytime": "2050 UTC", "event_id": "0", "damage": 27, "damage_txt": "Trees: Hardwood (TH)", "dod_txt": "Large branches broken (1-3 inch diameter)", "efscale": "TSTM/Wind", "damage_dir": "N/A", "windspeed": "88", "injuries": 0, "deaths": 0, "lat": 38.6351, "lon": -90.286, "office": "LSX", "image": "0", "qc": "Y", "dod": 2, "surveytype": "0", "comments": "0", "image_full": "https://services.dat.noaa.gov/arcgis/rest/services/nws_damageassessmenttoolkit/DamageViewer/MapServer/0/4480208/attachments/2625901"}, "geometry": {"type": "Point", "coordinates": [-90.2860059097449, 38.6350674456062]}}, {"id": "724", "type": "Feature", "properties": {"OBJECTID": 725, "Id": 0, "stormdate": 1747353600000, "stormtime": "1942 UTC", "surveydate": 1748736000000, "surveytime": "1737 UTC", "event_id": " ", "damage": 5, "damage_txt": "Apartments, Condos, Townhouses [3 stories or less] (ACT)", "dod_txt": "Uplift of roof decking; significant loss of roof covering (>20%)", "efscale": "EF2", "damage_dir": "N/A", "windspeed": "124", "injuries": 0, "deaths": 0, "lat": 38.6485, "lon": -90.2884, "office": "LSX", "image": " ", "qc": "Y", "dod": 3, "surveytype": "0", "comments": " ", "image_full": " "}, "geometry": {"type": "Point", "coordinates": [-90.2884456319603, 38.6485445347026]}}, {"id": "725", "type": "Feature", "properties": {"OBJECTID": 726, "Id": 0, "stormdate": 1747353600000, "stormtime": "1943 UTC", "surveydate": 1761523200000, "surveytime": "1040 UTC", "event_id": " ", "damage": 2, "damage_txt": "One- or Two-Family Residences (FR12)", "dod_txt": "Loss of roof covering material (<20%), gutters and/or awning; loss of vinyl or metal siding", "efscale": "EF0", "damage_dir": "N/A", "windspeed": "79", "injuries": 0, "deaths": 0, "lat": 38.6666, "lon": -90.2535, "office": "LSX", "image": " ", "qc": "Y", "dod": 2, "surveytype": "0", "comments": " ", "image_full": " "}, "geometry": {"type": "Point", "coordinates": [-90.253527734917, 38.6665503317325]}}, {"id": "726", "type": "Feature", "properties": {"OBJECTID": 727, "Id": 0, "stormdate": 1747353600000, "stormtime": "1940 UTC", "surveydate": 1748476800000, "surveytime": "1738 UTC", "event_id": " ", "damage": 2, "damage_txt": "One- or Two-Family Residences (FR12)", "dod_txt": "Loss of roof covering material (<20%), gutters and/or awning; loss of vinyl or metal siding", "efscale": "EF0", "damage_dir": "N/A", "windspeed": "79", "injuries": 0, "deaths": 0, "lat": 38.642, "lon": -90.3143, "office": "LSX", "image": " ", "qc": "Y", "dod": 2, "surveytype": "0", "comments": "Roof damage per hi-res satellite imagery.", "image_full": " "}, "geometry": {"type": "Point", "coordinates": [-90.3142536412925, 38.6420331013466]}}, {"id": "727", "type": "Feature", "properties": {"OBJECTID": 728, "Id": 0, "stormdate": 1747353600000, "stormtime": "1940 UTC", "surveydate": 1748476800000, "surveytime": "1816 UTC", "event_id": " ", "damage": 27, "damage_txt": "Trees: Hardwood (TH)", "dod_txt": "Trunks snapped", "efscale": "EF1", "damage_dir": "N/A", "windspeed": "107", "injuries": 0, "deaths": 0, "lat": 38.6429, "lon": -90.3106, "office": "LSX", "image": " ", "qc": "Y", "dod": 4, "surveytype": "0", "comments": "Several trees uprooted in this area per hi-res satellite imagery.", "image_full": " "}, "geometry": {"type": "Point", "coordinates": [-90.3105584061455, 38.6428850012419]}}, {"id": "728", "type": "Feature", "properties": {"OBJECTID": 729, "Id": 0, "stormdate": 1747353600000, "stormtime": "1940 UTC", "surveydate": 1748476800000, "surveytime": "1858 UTC", "event_id": " ", "damage": 5, "damage_txt": "Apartments, Condos, Townhouses [3 stories or less] (ACT)", "dod_txt": "Loss of roof covering (<20%)", "efscale": "TSTM/Wind", "damage_dir": "N/0", "windspeed": "99", "injuries": 0, "deaths": 0, "lat": 38.6364, "lon": -90.313, "office": "LSX", "image": " ", "qc": "Y", "dod": 2, "surveytype": "0", "comments": "Roof damage per hi-res satellite imagery.", "image_full": " "}, "geometry": {"type": "Point", "coordinates": [-90.313037799255, 38.6364406743977]}}, {"id": "729", "type": "Feature", "properties": {"OBJECTID": 730, "Id": 0, "stormdate": 1747353600000, "stormtime": "1943 UTC", "surveydate": 1761523200000, "surveytime": "1040 UTC", "event_id": " ", "damage": 2, "damage_txt": "One- or Two-Family Residences (FR12)", "dod_txt": "Loss of roof covering material (<20%), gutters and/or awning; loss of vinyl or metal siding", "efscale": "EF0", "damage_dir": "N/A", "windspeed": "79", "injuries": 0, "deaths": 0, "lat": 38.6666, "lon": -90.2535, "office": "LSX", "image": " ", "qc": "Y", "dod": 2, "surveytype": "0", "comments": " ", "image_full": " "}, "geometry": {"type": "Point", "coordinates": [-90.253527734917, 38.6665503317325]}}, {"id": "730", "type": "Feature", "properties": {"OBJECTID": 731, "Id": 0, "stormdate": 1747353600000, "stormtime": "1941 UTC", "surveydate": 1748736000000, "surveytime": "1503 UTC", "event_id": " ", "damage": 27, "damage_txt": "Trees: Hardwood (TH)", "dod_txt": "Trees uprooted", "efscale": "TSTM/Wind", "damage_dir": "E/90", "windspeed": "94", "injuries": 0, "deaths": 0, "lat": 38.6454, "lon": -90.3087, "office": "LSX", "image": " ", "qc": "Y", "dod": 3, "surveytype": "0", "comments": " ", "image_full": " "}, "geometry": {"type": "Point", "coordinates": [-90.3087070518889, 38.6453936537941]}}, {"id": "731", "type": "Feature", "properties": {"OBJECTID": 732, "Id": 0, "stormdate": 1747353600000, "stormtime": "1943 UTC", "surveydate": 1761523200000, "surveytime": "1040 UTC", "event_id": " ", "damage": 2, "damage_txt": "One- or Two-Family Residences (FR12)", "dod_txt": "Loss of roof covering material (<20%), gutters and/or awning; loss of vinyl or metal siding", "efscale": "EF0", "damage_dir": "N/A", "windspeed": "79", "injuries": 0, "deaths": 0, "lat": 38.6666, "lon": -90.2535, "office": "LSX", "image": " ", "qc": "Y", "dod": 2, "surveytype": "0", "comments": " ", "image_full": " "}, "geometry": {"type": "Point", "coordinates": [-90.253527734917, 38.6665503317325]}}, {"id": "732", "type": "Feature", "properties": {"OBJECTID": 733, "Id": 0, "stormdate": 1747353600000, "stormtime": "1941 UTC", "surveydate": 1748736000000, "surveytime": "1537 UTC", "event_id": " ", "damage": 27, "damage_txt": "Trees: Hardwood (TH)", "dod_txt": "Trees uprooted", "efscale": "TSTM/Wind", "damage_dir": "SE/135", "windspeed": "94", "injuries": 0, "deaths": 0, "lat": 38.6528, "lon": -90.305, "office": "LSX", "image": " ", "qc": "Y", "dod": 3, "surveytype": "0", "comments": "Trees uprooted here per hi-res satellite imagery. Felled southeastward.", "image_full": " "}, "geometry": {"type": "Point", "coordinates": [-90.3049580813503, 38.652804372324]}}, {"id": "733", "type": "Feature", "properties": {"OBJECTID": 734, "Id": 0, "stormdate": 1747353600000, "stormtime": "1943 UTC", "surveydate": 1747440000000, "surveytime": "1942 UTC", "event_id": "0", "damage": 2, "damage_txt": "One- or Two-Family Residences (FR12)", "dod_txt": "Loss of roof covering material (<20%), gutters and/or awning; loss of vinyl or metal siding", "efscale": "EF0", "damage_dir": "N/A", "windspeed": "79", "injuries": 0, "deaths": 0, "lat": 38.6518, "lon": -90.2538, "office": "LSX", "image": "0", "qc": "Y", "dod": 2, "surveytype": "0", "comments": "0", "image_full": "https://services.dat.noaa.gov/arcgis/rest/services/nws_damageassessmenttoolkit/DamageViewer/MapServer/0/4480102/attachments/2625378"}, "geometry": {"type": "Point", "coordinates": [-90.2537597447164, 38.651752885887]}}, {"id": "734", "type": "Feature", "properties": {"OBJECTID": 735, "Id": 0, "stormdate": 1747353600000, "stormtime": "1943 UTC", "surveydate": 1754438400000, "surveytime": "1038 UTC", "event_id": " ", "damage": 2, "damage_txt": "One- or Two-Family Residences (FR12)", "dod_txt": "Loss of roof covering material (<20%), gutters and/or awning; loss of vinyl or metal siding", "efscale": "EF0", "damage_dir": "N/A", "windspeed": "79", "injuries": 0, "deaths": 0, "lat": 38.6581, "lon": -90.2663, "office": "LSX", "image": " ", "qc": "Y", "dod": 2, "surveytype": "0", "comments": " ", "image_full": " "}, "geometry": {"type": "Point", "coordinates": [-90.2662911400241, 38.6581030096463]}}, {"id": "735", "type": "Feature", "properties": {"OBJECTID": 736, "Id": 0, "stormdate": 1747353600000, "stormtime": "1943 UTC", "surveydate": 1754438400000, "surveytime": "1038 UTC", "event_id": " ", "damage": 2, "damage_txt": "One- or Two-Family Residences (FR12)", "dod_txt": "Loss of roof covering material (<20%), gutters and/or awning; loss of vinyl or metal siding", "efscale": "EF0", "damage_dir": "N/A", "windspeed": "79", "injuries": 0, "deaths": 0, "lat": 38.6581, "lon": -90.2663, "office": "LSX", "image": " ", "qc": "Y", "dod": 2, "surveytype": "0", "comments": " ", "image_full": " "}, "geometry": {"type": "Point", "coordinates": [-90.2662911400241, 38.6581030096463]}}, {"id": "736", "type": "Feature", "properties": {"OBJECTID": 737, "Id": 0, "stormdate": 1747353600000, "stormtime": "1943 UTC", "surveydate": 1761523200000, "surveytime": "1040 UTC", "event_id": " ", "damage": 2, "damage_txt": "One- or Two-Family Residences (FR12)", "dod_txt": "Loss of roof covering material (<20%), gutters and/or awning; loss of vinyl or metal siding", "efscale": "EF0", "damage_dir": "N/A", "windspeed": "79", "injuries": 0, "deaths": 0, "lat": 38.6666, "lon": -90.2535, "office": "LSX", "image": " ", "qc": "Y", "dod": 2, "surveytype": "0", "comments": " ", "image_full": " "}, "geometry": {"type": "Point", "coordinates": [-90.253527734917, 38.6665503317325]}}, {"id": "737", "type": "Feature", "properties": {"OBJECTID": 738, "Id": 0, "stormdate": 1747353600000, "stormtime": "1942 UTC", "surveydate": 1748736000000, "surveytime": "1716 UTC", "event_id": " ", "damage": 27, "damage_txt": "Trees: Hardwood (TH)", "dod_txt": "Trunks snapped", "efscale": "TSTM/Wind", "damage_dir": "N/A", "windspeed": "105", "injuries": 0, "deaths": 0, "lat": 38.6359, "lon": -90.2995, "office": "LSX", "image": " ", "qc": "Y", "dod": 4, "surveytype": "0", "comments": "Several trees snapped or uprooted in this area per hi-res satellite imagery. Felled to the south-southeast.", "image_full": " "}, "geometry": {"type": "Point", "coordinates": [-90.2995123895851, 38.6358944198916]}}, {"id": "738", "type": "Feature", "properties": {"OBJECTID": 739, "Id": 0, "stormdate": 1747353600000, "stormtime": "1940 UTC", "surveydate": 1748476800000, "surveytime": "1602 UTC", "event_id": " ", "damage": 27, "damage_txt": "Trees: Hardwood (TH)", "dod_txt": "Trees uprooted", "efscale": "TSTM/Wind", "damage_dir": "NE/45", "windspeed": "94", "injuries": 0, "deaths": 0, "lat": 38.6383, "lon": -90.3164, "office": "LSX", "image": " ", "qc": "Y", "dod": 3, "surveytype": "0", "comments": "Tree uprooted and felled eastward onto house per hi-res satellite imagery.", "image_full": " "}, "geometry": {"type": "Point", "coordinates": [-90.3164435039645, 38.6383078522256]}}, {"id": "739", "type": "Feature", "properties": {"OBJECTID": 740, "Id": 0, "stormdate": 1747353600000, "stormtime": "1943 UTC", "surveydate": 1754438400000, "surveytime": "1038 UTC", "event_id": " ", "damage": 2, "damage_txt": "One- or Two-Family Residences (FR12)", "dod_txt": "Loss of roof covering material (<20%), gutters and/or awning; loss of vinyl or metal siding", "efscale": "EF0", "damage_dir": "N/A", "windspeed": "79", "injuries": 0, "deaths": 0, "lat": 38.6581, "lon": -90.2663, "office": "LSX", "image": " ", "qc": "Y", "dod": 2, "surveytype": "0", "comments": " ", "image_full": " "}, "geometry": {"type": "Point", "coordinates": [-90.2662911400241, 38.6581030096463]}}, {"id": "740", "type": "Feature", "properties": {"OBJECTID": 741, "Id": 0, "stormdate": 1747353600000, "stormtime": "1942 UTC", "surveydate": 1747440000000, "surveytime": "2020 UTC", "event_id": "0", "damage": 27, "damage_txt": "Trees: Hardwood (TH)", "dod_txt": "Trees uprooted", "efscale": "EF1", "damage_dir": "N/A", "windspeed": "94", "injuries": 0, "deaths": 0, "lat": 38.6461, "lon": -90.2856, "office": "LSX", "image": "0", "qc": "Y", "dod": 3, "surveytype": "0", "comments": "0", "image_full": "https://services.dat.noaa.gov/arcgis/rest/services/nws_damageassessmenttoolkit/DamageViewer/MapServer/0/4480194/attachments/2625886"}, "geometry": {"type": "Point", "coordinates": [-90.2856095938077, 38.6460506112468]}}, {"id": "741", "type": "Feature", "properties": {"OBJECTID": 742, "Id": 0, "stormdate": 1747353600000, "stormtime": "1939 UTC", "surveydate": 1748390400000, "surveytime": "1802 UTC", "event_id": " ", "damage": 5, "damage_txt": "Apartments, Condos, Townhouses [3 stories or less] (ACT)", "dod_txt": "Loss of roof covering (<20%)", "efscale": "EF1", "damage_dir": "N/A", "windspeed": "99", "injuries": 0, "deaths": 0, "lat": 38.6416, "lon": -90.3308, "office": "LSX", "image": " ", "qc": "Y", "dod": 2, "surveytype": "0", "comments": "Multiple sections of shingles missing on south-facing portion of roof per hi-res satellite imagery.", "image_full": " "}, "geometry": {"type": "Point", "coordinates": [-90.3308277068332, 38.6416163519132]}}, {"id": "742", "type": "Feature", "properties": {"OBJECTID": 743, "Id": 0, "stormdate": 1747353600000, "stormtime": "1943 UTC", "surveydate": 1747440000000, "surveytime": "1423 UTC", "event_id": "0", "damage": 10, "damage_txt": "Strip Mall (SM)", "dod_txt": "Collapse of exterior walls; closely spaced interior walls remain standing", "efscale": "EF3", "damage_dir": "N/A", "windspeed": "140", "injuries": 0, "deaths": 0, "lat": 38.6606, "lon": -90.2595, "office": "LSX", "image": "0", "qc": "Y", "dod": 8, "surveytype": "0", "comments": "0", "image_full": "https://services.dat.noaa.gov/arcgis/rest/services/nws_damageassessmenttoolkit/DamageViewer/MapServer/0/4479839/attachments/2625073"}, "geometry": {"type": "Point", "coordinates": [-90.2594775263667, 38.6606445252247]}}, {"id": "743", "type": "Feature", "properties": {"OBJECTID": 744, "Id": 0, "stormdate": 1747353600000, "stormtime": "1941 UTC", "surveydate": 1748736000000, "surveytime": "1507 UTC", "event_id": " ", "damage": 27, "damage_txt": "Trees: Hardwood (TH)", "dod_txt": "Trees uprooted", "efscale": "TSTM/Wind", "damage_dir": "SSE/150", "windspeed": "94", "injuries": 0, "deaths": 0, "lat": 38.6459, "lon": -90.3078, "office": "LSX", "image": " ", "qc": "Y", "dod": 3, "surveytype": "0", "comments": " ", "image_full": " "}, "geometry": {"type": "Point", "coordinates": [-90.3077521850153, 38.6459079436967]}}, {"id": "744", "type": "Feature", "properties": {"OBJECTID": 745, "Id": 0, "stormdate": 1747353600000, "stormtime": "1942 UTC", "surveydate": 1748822400000, "surveytime": "1712 UTC", "event_id": " ", "damage": 17, "damage_txt": "Low-Rise Building [1-4 Stories] (LRB)", "dod_txt": "Uplift of metal roof decking at eaves and roof corners; significant loss of roofing material (>20%)", "efscale": "EF1", "damage_dir": "N/A", "windspeed": "101", "injuries": 0, "deaths": 0, "lat": 38.6484, "lon": -90.2849, "office": "LSX", "image": " ", "qc": "Y", "dod": 3, "surveytype": "0", "comments": " ", "image_full": " "}, "geometry": {"type": "Point", "coordinates": [-90.2849087854121, 38.6484039319959]}}, {"id": "745", "type": "Feature", "properties": {"OBJECTID": 746, "Id": 0, "stormdate": 1747353600000, "stormtime": "1943 UTC", "surveydate": 1748822400000, "surveytime": "1709 UTC", "event_id": " ", "damage": 5, "damage_txt": "Apartments, Condos, Townhouses [3 stories or less] (ACT)", "dod_txt": "Uplift of roof decking; significant loss of roof covering (>20%)", "efscale": "EF2", "damage_dir": "N/A", "windspeed": "124", "injuries": 0, "deaths": 0, "lat": 38.6482, "lon": -90.2834, "office": "LSX", "image": " ", "qc": "Y", "dod": 3, "surveytype": "0", "comments": " ", "image_full": " "}, "geometry": {"type": "Point", "coordinates": [-90.2833993722832, 38.6482085920529]}}, {"id": "746", "type": "Feature", "properties": {"OBJECTID": 747, "Id": 0, "stormdate": 1747353600000, "stormtime": "1941 UTC", "surveydate": 1748736000000, "surveytime": "1434 UTC", "event_id": " ", "damage": 2, "damage_txt": "One- or Two-Family Residences (FR12)", "dod_txt": "Uplift of roof deck and loss of significant roof covering material (>20%); collapse of chimney; garage doors collapse inward; failure of porch or carport", "efscale": "EF1", "damage_dir": "N/A", "windspeed": "90", "injuries": 0, "deaths": 0, "lat": 38.6419, "lon": -90.3046, "office": "LSX", "image": " ", "qc": "Y", "dod": 4, "surveytype": "0", "comments": "Several trees uprooted at this property, roof damage per hi-res satellite imagery.", "image_full": " "}, "geometry": {"type": "Point", "coordinates": [-90.3045777778422, 38.6419404657799]}}, {"id": "747", "type": "Feature", "properties": {"OBJECTID": 748, "Id": 0, "stormdate": 1747353600000, "stormtime": "1949 UTC", "surveydate": 1747526400000, "surveytime": "1346 UTC", "event_id": "0", "damage": 27, "damage_txt": "Trees: Hardwood (TH)", "dod_txt": "Large branches broken (1-3 inch diameter)", "efscale": "EF0", "damage_dir": "N/A", "windspeed": "74", "injuries": 0, "deaths": 0, "lat": 38.6914, "lon": -90.1853, "office": "LSX", "image": "0", "qc": "Y", "dod": 2, "surveytype": "0", "comments": "0", "image_full": "https://services.dat.noaa.gov/arcgis/rest/services/nws_damageassessmenttoolkit/DamageViewer/MapServer/0/4480326/attachments/2626053"}, "geometry": {"type": "Point", "coordinates": [-90.1853018370101, 38.6913912811827]}}, {"id": "748", "type": "Feature", "properties": {"OBJECTID": 749, "Id": 0, "stormdate": 1747353600000, "stormtime": "1943 UTC", "surveydate": 1754438400000, "surveytime": "1038 UTC", "event_id": " ", "damage": 2, "damage_txt": "One- or Two-Family Residences (FR12)", "dod_txt": "Loss of roof covering material (<20%), gutters and/or awning; loss of vinyl or metal siding", "efscale": "EF0", "damage_dir": "N/A", "windspeed": "79", "injuries": 0, "deaths": 0, "lat": 38.6581, "lon": -90.2663, "office": "LSX", "image": " ", "qc": "Y", "dod": 2, "surveytype": "0", "comments": " ", "image_full": " "}, "geometry": {"type": "Point", "coordinates": [-90.2662911400241, 38.6581030096463]}}, {"id": "749", "type": "Feature", "properties": {"OBJECTID": 750, "Id": 0, "stormdate": 1747353600000, "stormtime": "1943 UTC", "surveydate": 1761523200000, "surveytime": "1040 UTC", "event_id": " ", "damage": 2, "damage_txt": "One- or Two-Family Residences (FR12)", "dod_txt": "Loss of roof covering material (<20%), gutters and/or awning; loss of vinyl or metal siding", "efscale": "EF0", "damage_dir": "N/A", "windspeed": "79", "injuries": 0, "deaths": 0, "lat": 38.6666, "lon": -90.2535, "office": "LSX", "image": " ", "qc": "Y", "dod": 2, "surveytype": "0", "comments": " ", "image_full": " "}, "geometry": {"type": "Point", "coordinates": [-90.253527734917, 38.6665503317325]}}, {"id": "750", "type": "Feature", "properties": {"OBJECTID": 751, "Id": 0, "stormdate": 1747353600000, "stormtime": "1942 UTC", "surveydate": 1748736000000, "surveytime": "1746 UTC", "event_id": " ", "damage": 5, "damage_txt": "Apartments, Condos, Townhouses [3 stories or less] (ACT)", "dod_txt": "Uplift of roof decking; significant loss of roof covering (>20%)", "efscale": "EF2", "damage_dir": "N/A", "windspeed": "124", "injuries": 0, "deaths": 0, "lat": 38.6487, "lon": -90.2899, "office": "LSX", "image": " ", "qc": "Y", "dod": 3, "surveytype": "0", "comments": " ", "image_full": " "}, "geometry": {"type": "Point", "coordinates": [-90.2899255401315, 38.6486964068138]}}, {"id": "751", "type": "Feature", "properties": {"OBJECTID": 752, "Id": 0, "stormdate": 1747353600000, "stormtime": "1942 UTC", "surveydate": 1747440000000, "surveytime": "2056 UTC", "event_id": "0", "damage": 27, "damage_txt": "Trees: Hardwood (TH)", "dod_txt": "Trees uprooted", "efscale": "TSTM/Wind", "damage_dir": "N/A", "windspeed": "94", "injuries": 0, "deaths": 0, "lat": 38.6352, "lon": -90.2896, "office": "LSX", "image": "0", "qc": "Y", "dod": 3, "surveytype": "0", "comments": "0", "image_full": "https://services.dat.noaa.gov/arcgis/rest/services/nws_damageassessmenttoolkit/DamageViewer/MapServer/0/4466887/attachments/2616665"}, "geometry": {"type": "Point", "coordinates": [-90.2896297234329, 38.6352363472797]}}, {"id": "752", "type": "Feature", "properties": {"OBJECTID": 753, "Id": 0, "stormdate": 1747353600000, "stormtime": "1941 UTC", "surveydate": 1748390400000, "surveytime": "1905 UTC", "event_id": " ", "damage": 27, "damage_txt": "Trees: Hardwood (TH)", "dod_txt": "Trunks snapped", "efscale": "EF1", "damage_dir": "ENE/60", "windspeed": "107", "injuries": 0, "deaths": 0, "lat": 38.64, "lon": -90.317, "office": "LSX", "image": " ", "qc": "Y", "dod": 4, "surveytype": "0", "comments": "Multiple trees topped, uprooted, and snapped in this area per hi-res satellite imagery, with trees falling to the northeast.", "image_full": " "}, "geometry": {"type": "Point", "coordinates": [-90.3170499060283, 38.6400086302941]}}, {"id": "753", "type": "Feature", "properties": {"OBJECTID": 754, "Id": 0, "stormdate": 1747353600000, "stormtime": "1943 UTC", "surveydate": 1761523200000, "surveytime": "1040 UTC", "event_id": " ", "damage": 2, "damage_txt": "One- or Two-Family Residences (FR12)", "dod_txt": "Loss of roof covering material (<20%), gutters and/or awning; loss of vinyl or metal siding", "efscale": "EF0", "damage_dir": "N/A", "windspeed": "79", "injuries": 0, "deaths": 0, "lat": 38.6666, "lon": -90.2535, "office": "LSX", "image": " ", "qc": "Y", "dod": 2, "surveytype": "0", "comments": " ", "image_full": " "}, "geometry": {"type": "Point", "coordinates": [-90.253527734917, 38.6665503317325]}}, {"id": "754", "type": "Feature", "properties": {"OBJECTID": 755, "Id": 0, "stormdate": 1747353600000, "stormtime": "1942 UTC", "surveydate": 1748822400000, "surveytime": "1447 UTC", "event_id": " ", "damage": 27, "damage_txt": "Trees: Hardwood (TH)", "dod_txt": "Trunks snapped", "efscale": "EF1", "damage_dir": "N/A", "windspeed": "107", "injuries": 0, "deaths": 0, "lat": 38.6405, "lon": -90.2993, "office": "LSX", "image": " ", "qc": "Y", "dod": 4, "surveytype": "0", "comments": "Numerous trees snapped or uprooted in this area per hi-res satellite imagery. Felled generally to the east.", "image_full": " "}, "geometry": {"type": "Point", "coordinates": [-90.2992587411979, 38.6405105967867]}}, {"id": "755", "type": "Feature", "properties": {"OBJECTID": 756, "Id": 0, "stormdate": 1747353600000, "stormtime": "1942 UTC", "surveydate": 1748822400000, "surveytime": "1924 UTC", "event_id": " ", "damage": 2, "damage_txt": "One- or Two-Family Residences (FR12)", "dod_txt": "Loss of roof covering material (<20%), gutters and/or awning; loss of vinyl or metal siding", "efscale": "EF0", "damage_dir": "N/A", "windspeed": "79", "injuries": 0, "deaths": 0, "lat": 38.6463, "lon": -90.2833, "office": "LSX", "image": " ", "qc": "Y", "dod": 2, "surveytype": "0", "comments": " ", "image_full": " "}, "geometry": {"type": "Point", "coordinates": [-90.2833096945867, 38.646332117933]}}, {"id": "756", "type": "Feature", "properties": {"OBJECTID": 757, "Id": 0, "stormdate": 1747353600000, "stormtime": "1940 UTC", "surveydate": 1748476800000, "surveytime": "1859 UTC", "event_id": " ", "damage": 27, "damage_txt": "Trees: Hardwood (TH)", "dod_txt": "Trunks snapped", "efscale": "TSTM/Wind", "damage_dir": "N/A", "windspeed": "107", "injuries": 0, "deaths": 0, "lat": 38.6392, "lon": -90.3088, "office": "LSX", "image": " ", "qc": "Y", "dod": 4, "surveytype": "0", "comments": "Large tree snapped per hi-res satellite imagery, felled to the east-northeast.", "image_full": " "}, "geometry": {"type": "Point", "coordinates": [-90.3087932033436, 38.6391648233979]}}, {"id": "757", "type": "Feature", "properties": {"OBJECTID": 758, "Id": 0, "stormdate": 1747353600000, "stormtime": "1939 UTC", "surveydate": 1748390400000, "surveytime": "1742 UTC", "event_id": " ", "damage": 28, "damage_txt": "Trees: Softwood (TS)", "dod_txt": "Large branches broken (1-3 inch diameter)", "efscale": "EF0", "damage_dir": "N/A", "windspeed": "85", "injuries": 0, "deaths": 0, "lat": 38.6432, "lon": -90.3368, "office": "LSX", "image": " ", "qc": "Y", "dod": 2, "surveytype": "0", "comments": "Two large pine trees topped per hi-res satellite imagery.", "image_full": " "}, "geometry": {"type": "Point", "coordinates": [-90.3367630299898, 38.6432435546464]}}, {"id": "758", "type": "Feature", "properties": {"OBJECTID": 759, "Id": 0, "stormdate": 1747353600000, "stormtime": "1940 UTC", "surveydate": 1748476800000, "surveytime": "1740 UTC", "event_id": " ", "damage": 27, "damage_txt": "Trees: Hardwood (TH)", "dod_txt": "Trees uprooted", "efscale": "EF1", "damage_dir": "N/A", "windspeed": "94", "injuries": 0, "deaths": 0, "lat": 38.6431, "lon": -90.3143, "office": "LSX", "image": " ", "qc": "Y", "dod": 3, "surveytype": "0", "comments": "Several trees along Wydown Blvd uprooted per hi-res satellite imagery.", "image_full": " "}, "geometry": {"type": "Point", "coordinates": [-90.3142818035623, 38.643098386981]}}, {"id": "759", "type": "Feature", "properties": {"OBJECTID": 760, "Id": 0, "stormdate": 1747353600000, "stormtime": "1941 UTC", "surveydate": 1748736000000, "surveytime": "1533 UTC", "event_id": " ", "damage": 28, "damage_txt": "Trees: Softwood (TS)", "dod_txt": "Trees uprooted", "efscale": "TSTM/Wind", "damage_dir": "ENE/60", "windspeed": "87", "injuries": 0, "deaths": 0, "lat": 38.6473, "lon": -90.3131, "office": "LSX", "image": " ", "qc": "Y", "dod": 3, "surveytype": "0", "comments": " ", "image_full": " "}, "geometry": {"type": "Point", "coordinates": [-90.3131213840446, 38.6473093500465]}}, {"id": "760", "type": "Feature", "properties": {"OBJECTID": 761, "Id": 0, "stormdate": 1747353600000, "stormtime": "1939 UTC", "surveydate": 1748390400000, "surveytime": "1813 UTC", "event_id": " ", "damage": 27, "damage_txt": "Trees: Hardwood (TH)", "dod_txt": "Trunks snapped", "efscale": "EF1", "damage_dir": "N/A", "windspeed": "100", "injuries": 0, "deaths": 0, "lat": 38.6418, "lon": -90.3293, "office": "LSX", "image": " ", "qc": "Y", "dod": 4, "surveytype": "0", "comments": "Tree snapped per hi-res satellite imagery, felled to the northeast.", "image_full": " "}, "geometry": {"type": "Point", "coordinates": [-90.3292934832076, 38.6418149716836]}}, {"id": "761", "type": "Feature", "properties": {"OBJECTID": 762, "Id": 0, "stormdate": 1747353600000, "stormtime": "1942 UTC", "surveydate": 1748822400000, "surveytime": "1859 UTC", "event_id": " ", "damage": 27, "damage_txt": "Trees: Hardwood (TH)", "dod_txt": "Trunks snapped", "efscale": "TSTM/Wind", "damage_dir": "N/A", "windspeed": "100", "injuries": 0, "deaths": 0, "lat": 38.6393, "lon": -90.2765, "office": "LSX", "image": " ", "qc": "Y", "dod": 4, "surveytype": "0", "comments": " ", "image_full": " "}, "geometry": {"type": "Point", "coordinates": [-90.2764838033848, 38.6393295477205]}}, {"id": "762", "type": "Feature", "properties": {"OBJECTID": 763, "Id": 0, "stormdate": 1747353600000, "stormtime": "1942 UTC", "surveydate": 1748822400000, "surveytime": "1953 UTC", "event_id": " ", "damage": 2, "damage_txt": "One- or Two-Family Residences (FR12)", "dod_txt": "Uplift of roof deck and loss of significant roof covering material (>20%); collapse of chimney; garage doors collapse inward; failure of porch or carport", "efscale": "EF1", "damage_dir": "N/A", "windspeed": "95", "injuries": 0, "deaths": 0, "lat": 38.6471, "lon": -90.291, "office": "LSX", "image": " ", "qc": "Y", "dod": 4, "surveytype": "0", "comments": " ", "image_full": " "}, "geometry": {"type": "Point", "coordinates": [-90.2910179987816, 38.6471018548668]}}, {"id": "763", "type": "Feature", "properties": {"OBJECTID": 764, "Id": 0, "stormdate": 1747353600000, "stormtime": "1940 UTC", "surveydate": 1748476800000, "surveytime": "1740 UTC", "event_id": " ", "damage": 27, "damage_txt": "Trees: Hardwood (TH)", "dod_txt": "Trees uprooted", "efscale": "EF1", "damage_dir": "N/A", "windspeed": "94", "injuries": 0, "deaths": 0, "lat": 38.6431, "lon": -90.3143, "office": "LSX", "image": " ", "qc": "Y", "dod": 3, "surveytype": "0", "comments": "Several trees along Wydown Blvd uprooted per hi-res satellite imagery.", "image_full": " "}, "geometry": {"type": "Point", "coordinates": [-90.3142818035623, 38.643098386981]}}, {"id": "764", "type": "Feature", "properties": {"OBJECTID": 765, "Id": 0, "stormdate": 1747353600000, "stormtime": "1941 UTC", "surveydate": 1748736000000, "surveytime": "1536 UTC", "event_id": " ", "damage": 27, "damage_txt": "Trees: Hardwood (TH)", "dod_txt": "Large branches broken (1-3 inch diameter)", "efscale": "TSTM/Wind", "damage_dir": "ENE/60", "windspeed": "85", "injuries": 0, "deaths": 0, "lat": 38.6524, "lon": -90.3083, "office": "LSX", "image": " ", "qc": "Y", "dod": 2, "surveytype": "0", "comments": " ", "image_full": " "}, "geometry": {"type": "Point", "coordinates": [-90.3083188892053, 38.6523718236008]}}, {"id": "765", "type": "Feature", "properties": {"OBJECTID": 766, "Id": 0, "stormdate": 1747353600000, "stormtime": "2003 UTC", "surveydate": 1747526400000, "surveytime": "1559 UTC", "event_id": "0", "damage": 27, "damage_txt": "Trees: Hardwood (TH)", "dod_txt": "Trees uprooted", "efscale": "EF0", "damage_dir": "N/A", "windspeed": "80", "injuries": 0, "deaths": 0, "lat": 38.7744, "lon": -89.9985, "office": "LSX", "image": "0", "qc": "Y", "dod": 3, "surveytype": "0", "comments": "0", "image_full": "https://services.dat.noaa.gov/arcgis/rest/services/nws_damageassessmenttoolkit/DamageViewer/MapServer/0/4480423/attachments/2626134"}, "geometry": {"type": "Point", "coordinates": [-89.9984944772383, 38.7744077163431]}}, {"id": "766", "type": "Feature", "properties": {"OBJECTID": 767, "Id": 0, "stormdate": 1747353600000, "stormtime": "1940 UTC", "surveydate": 1748476800000, "surveytime": "1740 UTC", "event_id": " ", "damage": 27, "damage_txt": "Trees: Hardwood (TH)", "dod_txt": "Trees uprooted", "efscale": "EF1", "damage_dir": "N/A", "windspeed": "94", "injuries": 0, "deaths": 0, "lat": 38.6431, "lon": -90.3143, "office": "LSX", "image": " ", "qc": "Y", "dod": 3, "surveytype": "0", "comments": "Several trees along Wydown Blvd uprooted per hi-res satellite imagery.", "image_full": " "}, "geometry": {"type": "Point", "coordinates": [-90.3142818035623, 38.643098386981]}}, {"id": "767", "type": "Feature", "properties": {"OBJECTID": 768, "Id": 0, "stormdate": 1747353600000, "stormtime": "1941 UTC", "surveydate": 1748736000000, "surveytime": "1413 UTC", "event_id": " ", "damage": 27, "damage_txt": "Trees: Hardwood (TH)", "dod_txt": "Trees uprooted", "efscale": "EF1", "damage_dir": "NNW/330", "windspeed": "94", "injuries": 0, "deaths": 0, "lat": 38.6442, "lon": -90.3021, "office": "LSX", "image": " ", "qc": "Y", "dod": 3, "surveytype": "0", "comments": "Several trees uprooted in this area per hi-res satellite imagery.", "image_full": " "}, "geometry": {"type": "Point", "coordinates": [-90.3020716173112, 38.644241501744]}}, {"id": "768", "type": "Feature", "properties": {"OBJECTID": 769, "Id": 0, "stormdate": 1747353600000, "stormtime": "1940 UTC", "surveydate": 1748390400000, "surveytime": "1913 UTC", "event_id": " ", "damage": 27, "damage_txt": "Trees: Hardwood (TH)", "dod_txt": "Trunks snapped", "efscale": "EF1", "damage_dir": "E/90", "windspeed": "107", "injuries": 0, "deaths": 0, "lat": 38.6399, "lon": -90.3195, "office": "LSX", "image": " ", "qc": "Y", "dod": 4, "surveytype": "0", "comments": "Multiple trees snapped or uprooted in this area, with trees falling toward the east.", "image_full": " "}, "geometry": {"type": "Point", "coordinates": [-90.3195027862246, 38.6398827998514]}}, {"id": "769", "type": "Feature", "properties": {"OBJECTID": 770, "Id": 0, "stormdate": 1747353600000, "stormtime": "1941 UTC", "surveydate": 1748736000000, "surveytime": "1503 UTC", "event_id": " ", "damage": 27, "damage_txt": "Trees: Hardwood (TH)", "dod_txt": "Trunks snapped", "efscale": "TSTM/Wind", "damage_dir": "E/90", "windspeed": "95", "injuries": 0, "deaths": 0, "lat": 38.6458, "lon": -90.3084, "office": "LSX", "image": " ", "qc": "Y", "dod": 4, "surveytype": "0", "comments": " ", "image_full": " "}, "geometry": {"type": "Point", "coordinates": [-90.3083556822689, 38.6458251970752]}}, {"id": "770", "type": "Feature", "properties": {"OBJECTID": 771, "Id": 0, "stormdate": 1747353600000, "stormtime": "1945 UTC", "surveydate": 1747440000000, "surveytime": "1527 UTC", "event_id": "0", "damage": 2, "damage_txt": "One- or Two-Family Residences (FR12)", "dod_txt": "Large sections of roof structure removed; most walls remain standing", "efscale": "EF2", "damage_dir": "N/A", "windspeed": "122", "injuries": 0, "deaths": 0, "lat": 38.6728, "lon": -90.2303, "office": "LSX", "image": "0", "qc": "Y", "dod": 6, "surveytype": "0", "comments": "0", "image_full": "https://services.dat.noaa.gov/arcgis/rest/services/nws_damageassessmenttoolkit/DamageViewer/MapServer/0/4479883/attachments/2625130"}, "geometry": {"type": "Point", "coordinates": [-90.2302907793959, 38.6728048665514]}}, {"id": "771", "type": "Feature", "properties": {"OBJECTID": 772, "Id": 0, "stormdate": 1747353600000, "stormtime": "1942 UTC", "surveydate": 1747440000000, "surveytime": "2043 UTC", "event_id": "0", "damage": 27, "damage_txt": "Trees: Hardwood (TH)", "dod_txt": "Trees uprooted", "efscale": "TSTM/Wind", "damage_dir": "N/A", "windspeed": "94", "injuries": 0, "deaths": 0, "lat": 38.6357, "lon": -90.2909, "office": "LSX", "image": "0", "qc": "Y", "dod": 3, "surveytype": "0", "comments": "0", "image_full": "https://services.dat.noaa.gov/arcgis/rest/services/nws_damageassessmenttoolkit/DamageViewer/MapServer/0/4480203/attachments/2625895"}, "geometry": {"type": "Point", "coordinates": [-90.2908533392102, 38.6357382634102]}}, {"id": "772", "type": "Feature", "properties": {"OBJECTID": 773, "Id": 0, "stormdate": 1747353600000, "stormtime": "1947 UTC", "surveydate": 1747440000000, "surveytime": "1647 UTC", "event_id": "0", "damage": 27, "damage_txt": "Trees: Hardwood (TH)", "dod_txt": "Trees uprooted", "efscale": "EF1", "damage_dir": "N/A", "windspeed": "100", "injuries": 0, "deaths": 0, "lat": 38.6793, "lon": -90.2153, "office": "LSX", "image": "0", "qc": "Y", "dod": 3, "surveytype": "0", "comments": "0", "image_full": "https://services.dat.noaa.gov/arcgis/rest/services/nws_damageassessmenttoolkit/DamageViewer/MapServer/0/4479945/attachments/2625187"}, "geometry": {"type": "Point", "coordinates": [-90.2152780142689, 38.6793172558867]}}, {"id": "773", "type": "Feature", "properties": {"OBJECTID": 774, "Id": 0, "stormdate": 1747353600000, "stormtime": "1942 UTC", "surveydate": 1748822400000, "surveytime": "1522 UTC", "event_id": " ", "damage": 27, "damage_txt": "Trees: Hardwood (TH)", "dod_txt": "Large branches broken (1-3 inch diameter)", "efscale": "EF0", "damage_dir": "N/A", "windspeed": "74", "injuries": 0, "deaths": 0, "lat": 38.6404, "lon": -90.2838, "office": "LSX", "image": " ", "qc": "Y", "dod": 2, "surveytype": "0", "comments": "Trees topped in this area per hi-res satellite imagery.", "image_full": " "}, "geometry": {"type": "Point", "coordinates": [-90.2837995678957, 38.6404494509814]}}, {"id": "774", "type": "Feature", "properties": {"OBJECTID": 775, "Id": 0, "stormdate": 1747353600000, "stormtime": "2003 UTC", "surveydate": 1747526400000, "surveytime": "1555 UTC", "event_id": "0", "damage": 27, "damage_txt": "Trees: Hardwood (TH)", "dod_txt": "Large branches broken (1-3 inch diameter)", "efscale": "EF0", "damage_dir": "N/A", "windspeed": "74", "injuries": 0, "deaths": 0, "lat": 38.779, "lon": -89.9992, "office": "LSX", "image": "0", "qc": "Y", "dod": 2, "surveytype": "0", "comments": "0", "image_full": "https://services.dat.noaa.gov/arcgis/rest/services/nws_damageassessmenttoolkit/DamageViewer/MapServer/0/4480422/attachments/2626133"}, "geometry": {"type": "Point", "coordinates": [-89.9991879687497, 38.7789626592993]}}, {"id": "775", "type": "Feature", "properties": {"OBJECTID": 776, "Id": 0, "stormdate": 1747353600000, "stormtime": "1941 UTC", "surveydate": 1748736000000, "surveytime": "1421 UTC", "event_id": " ", "damage": 2, "damage_txt": "One- or Two-Family Residences (FR12)", "dod_txt": "Loss of roof covering material (<20%), gutters and/or awning; loss of vinyl or metal siding", "efscale": "EF1", "damage_dir": "N/A", "windspeed": "90", "injuries": 0, "deaths": 0, "lat": 38.6436, "lon": -90.3053, "office": "LSX", "image": " ", "qc": "Y", "dod": 2, "surveytype": "0", "comments": "Several trees topped at this property, roof damage per hi-res satellite imagery.", "image_full": " "}, "geometry": {"type": "Point", "coordinates": [-90.3052521039014, 38.6435830172425]}}, {"id": "776", "type": "Feature", "properties": {"OBJECTID": 777, "Id": 0, "stormdate": 1747353600000, "stormtime": "1942 UTC", "surveydate": 1747440000000, "surveytime": "2052 UTC", "event_id": "0", "damage": 27, "damage_txt": "Trees: Hardwood (TH)", "dod_txt": "Trunks snapped", "efscale": "TSTM/Wind", "damage_dir": "N/A", "windspeed": "107", "injuries": 0, "deaths": 0, "lat": 38.6343, "lon": -90.2877, "office": "LSX", "image": "0", "qc": "Y", "dod": 4, "surveytype": "0", "comments": "0", "image_full": "https://services.dat.noaa.gov/arcgis/rest/services/nws_damageassessmenttoolkit/DamageViewer/MapServer/0/4480210/attachments/2625903"}, "geometry": {"type": "Point", "coordinates": [-90.28766972208, 38.6343085329125]}}, {"id": "777", "type": "Feature", "properties": {"OBJECTID": 778, "Id": 0, "stormdate": 1747353600000, "stormtime": "1726 UTC", "surveydate": 1747440000000, "surveytime": "1726 UTC", "event_id": "0", "damage": 23, "damage_txt": "Warehouse Building [Tilt-up Walls or Heavy-Timber Construction] (WHB)", "dod_txt": "Uplift of roof deck; significant loss of roof covering (>20%); loss of rooftop HVAC equipment", "efscale": "EF1", "damage_dir": "N/A", "windspeed": "103", "injuries": 0, "deaths": 0, "lat": 38.682, "lon": -90.2134, "office": "LSX", "image": "0", "qc": "Y", "dod": 4, "surveytype": "0", "comments": "0", "image_full": "https://services.dat.noaa.gov/arcgis/rest/services/nws_damageassessmenttoolkit/DamageViewer/MapServer/0/4479963/attachments/2625217"}, "geometry": {"type": "Point", "coordinates": [-90.2133767953028, 38.682001935441]}}, {"id": "778", "type": "Feature", "properties": {"OBJECTID": 779, "Id": 0, "stormdate": 1747353600000, "stormtime": "1941 UTC", "surveydate": 1748476800000, "surveytime": "1929 UTC", "event_id": " ", "damage": 2, "damage_txt": "One- or Two-Family Residences (FR12)", "dod_txt": "Uplift of roof deck and loss of significant roof covering material (>20%); collapse of chimney; garage doors collapse inward; failure of porch or carport", "efscale": "EF1", "damage_dir": "N/A", "windspeed": "97", "injuries": 0, "deaths": 0, "lat": 38.6416, "lon": -90.3057, "office": "LSX", "image": " ", "qc": "Y", "dod": 4, "surveytype": "0", "comments": "Significant roof damage, collapsed chimney per hi-res satellite imagery.", "image_full": " "}, "geometry": {"type": "Point", "coordinates": [-90.3056768159323, 38.641586356825]}}, {"id": "779", "type": "Feature", "properties": {"OBJECTID": 780, "Id": 0, "stormdate": 1747353600000, "stormtime": "1943 UTC", "surveydate": 1754438400000, "surveytime": "1038 UTC", "event_id": " ", "damage": 2, "damage_txt": "One- or Two-Family Residences (FR12)", "dod_txt": "Loss of roof covering material (<20%), gutters and/or awning; loss of vinyl or metal siding", "efscale": "EF0", "damage_dir": "N/A", "windspeed": "79", "injuries": 0, "deaths": 0, "lat": 38.6581, "lon": -90.2663, "office": "LSX", "image": " ", "qc": "Y", "dod": 2, "surveytype": "0", "comments": " ", "image_full": " "}, "geometry": {"type": "Point", "coordinates": [-90.2662911400241, 38.6581030096463]}}, {"id": "780", "type": "Feature", "properties": {"OBJECTID": 781, "Id": 0, "stormdate": 1747353600000, "stormtime": "1940 UTC", "surveydate": 1748476800000, "surveytime": "1803 UTC", "event_id": " ", "damage": 2, "damage_txt": "One- or Two-Family Residences (FR12)", "dod_txt": "Loss of roof covering material (<20%), gutters and/or awning; loss of vinyl or metal siding", "efscale": "EF1", "damage_dir": "N/A", "windspeed": "90", "injuries": 0, "deaths": 0, "lat": 38.6414, "lon": -90.3102, "office": "LSX", "image": " ", "qc": "Y", "dod": 2, "surveytype": "0", "comments": "Roof damage per hi-res satellite imagery.", "image_full": " "}, "geometry": {"type": "Point", "coordinates": [-90.3101646523768, 38.6414484970505]}}, {"id": "781", "type": "Feature", "properties": {"OBJECTID": 782, "Id": 0, "stormdate": 1747353600000, "stormtime": "1940 UTC", "surveydate": 1748476800000, "surveytime": "1727 UTC", "event_id": " ", "damage": 2, "damage_txt": "One- or Two-Family Residences (FR12)", "dod_txt": "Loss of roof covering material (<20%), gutters and/or awning; loss of vinyl or metal siding", "efscale": "EF1", "damage_dir": "N/A", "windspeed": "97", "injuries": 0, "deaths": 0, "lat": 38.6411, "lon": -90.3144, "office": "LSX", "image": " ", "qc": "Y", "dod": 2, "surveytype": "0", "comments": "Roof damage and large tree uprooted in backyard per hi-res satellite imagery.", "image_full": " "}, "geometry": {"type": "Point", "coordinates": [-90.3144004915894, 38.6410587155873]}}, {"id": "782", "type": "Feature", "properties": {"OBJECTID": 783, "Id": 0, "stormdate": 1747353600000, "stormtime": "1940 UTC", "surveydate": 1748476800000, "surveytime": "1750 UTC", "event_id": " ", "damage": 27, "damage_txt": "Trees: Hardwood (TH)", "dod_txt": "Trunks snapped", "efscale": "EF1", "damage_dir": "N/A", "windspeed": "107", "injuries": 0, "deaths": 0, "lat": 38.641, "lon": -90.3121, "office": "LSX", "image": " ", "qc": "Y", "dod": 4, "surveytype": "0", "comments": "Several trees uprooted or snapped in this area per hi-res satellite imagery.", "image_full": " "}, "geometry": {"type": "Point", "coordinates": [-90.3121142000103, 38.6409663273342]}}, {"id": "783", "type": "Feature", "properties": {"OBJECTID": 784, "Id": 0, "stormdate": 1747353600000, "stormtime": "1941 UTC", "surveydate": 1748736000000, "surveytime": "1445 UTC", "event_id": " ", "damage": 2, "damage_txt": "One- or Two-Family Residences (FR12)", "dod_txt": "Uplift of roof deck and loss of significant roof covering material (>20%); collapse of chimney; garage doors collapse inward; failure of porch or carport", "efscale": "EF1", "damage_dir": "N/A", "windspeed": "90", "injuries": 0, "deaths": 0, "lat": 38.6422, "lon": -90.3037, "office": "LSX", "image": " ", "qc": "Y", "dod": 4, "surveytype": "0", "comments": "Roof damage per hi-res satellite imagery.", "image_full": " "}, "geometry": {"type": "Point", "coordinates": [-90.303729611932, 38.6421878108189]}}, {"id": "784", "type": "Feature", "properties": {"OBJECTID": 785, "Id": 0, "stormdate": 1747353600000, "stormtime": "1941 UTC", "surveydate": 1748736000000, "surveytime": "1354 UTC", "event_id": " ", "damage": 2, "damage_txt": "One- or Two-Family Residences (FR12)", "dod_txt": "Loss of roof covering material (<20%), gutters and/or awning; loss of vinyl or metal siding", "efscale": "EF1", "damage_dir": "N/A", "windspeed": "97", "injuries": 0, "deaths": 0, "lat": 38.6422, "lon": -90.3067, "office": "LSX", "image": " ", "qc": "Y", "dod": 2, "surveytype": "0", "comments": "Several trees snapped at this property, roof damage per hi-res satellite imagery.", "image_full": " "}, "geometry": {"type": "Point", "coordinates": [-90.3067377065798, 38.6421646856518]}}, {"id": "785", "type": "Feature", "properties": {"OBJECTID": 786, "Id": 0, "stormdate": 1747353600000, "stormtime": "1947 UTC", "surveydate": 1747440000000, "surveytime": "1643 UTC", "event_id": "0", "damage": 27, "damage_txt": "Trees: Hardwood (TH)", "dod_txt": "Trees uprooted", "efscale": "EF1", "damage_dir": "N/A", "windspeed": "110", "injuries": 0, "deaths": 0, "lat": 38.6805, "lon": -90.2183, "office": "LSX", "image": "0", "qc": "Y", "dod": 3, "surveytype": "0", "comments": "0", "image_full": "https://services.dat.noaa.gov/arcgis/rest/services/nws_damageassessmenttoolkit/DamageViewer/MapServer/0/4479943/attachments/2625185"}, "geometry": {"type": "Point", "coordinates": [-90.2183179386219, 38.6805030938427]}}, {"id": "786", "type": "Feature", "properties": {"OBJECTID": 787, "Id": 0, "stormdate": 1747353600000, "stormtime": "1942 UTC", "surveydate": 1748822400000, "surveytime": "1759 UTC", "event_id": " ", "damage": 2, "damage_txt": "One- or Two-Family Residences (FR12)", "dod_txt": "Loss of roof covering material (<20%), gutters and/or awning; loss of vinyl or metal siding", "efscale": "EF0", "damage_dir": "N/0", "windspeed": "79", "injuries": 0, "deaths": 0, "lat": 38.6493, "lon": -90.296, "office": "LSX", "image": " ", "qc": "Y", "dod": 2, "surveytype": "0", "comments": " ", "image_full": " "}, "geometry": {"type": "Point", "coordinates": [-90.2959632520024, 38.6492922121659]}}, {"id": "787", "type": "Feature", "properties": {"OBJECTID": 788, "Id": 0, "stormdate": 1747353600000, "stormtime": "1941 UTC", "surveydate": 1748736000000, "surveytime": "1518 UTC", "event_id": " ", "damage": 27, "damage_txt": "Trees: Hardwood (TH)", "dod_txt": "Trunks snapped", "efscale": "EF1", "damage_dir": "N/A", "windspeed": "100", "injuries": 0, "deaths": 0, "lat": 38.6451, "lon": -90.3077, "office": "LSX", "image": " ", "qc": "Y", "dod": 4, "surveytype": "0", "comments": " ", "image_full": " "}, "geometry": {"type": "Point", "coordinates": [-90.3077158919748, 38.6450763792715]}}, {"id": "788", "type": "Feature", "properties": {"OBJECTID": 789, "Id": 0, "stormdate": 1747353600000, "stormtime": "1942 UTC", "surveydate": 1748476800000, "surveytime": "1901 UTC", "event_id": " ", "damage": 2, "damage_txt": "One- or Two-Family Residences (FR12)", "dod_txt": "Uplift of roof deck and loss of significant roof covering material (>20%); collapse of chimney; garage doors collapse inward; failure of porch or carport", "efscale": "TSTM/Wind", "damage_dir": "N/A", "windspeed": "97", "injuries": 0, "deaths": 0, "lat": 38.6395, "lon": -90.3061, "office": "LSX", "image": " ", "qc": "Y", "dod": 4, "surveytype": "0", "comments": "Significant roof damage per hi-res satellite imagery.", "image_full": " "}, "geometry": {"type": "Point", "coordinates": [-90.3060955888403, 38.6394611509114]}}, {"id": "789", "type": "Feature", "properties": {"OBJECTID": 790, "Id": 0, "stormdate": 1747353600000, "stormtime": "1940 UTC", "surveydate": 1748390400000, "surveytime": "1859 UTC", "event_id": " ", "damage": 27, "damage_txt": "Trees: Hardwood (TH)", "dod_txt": "Trunks snapped", "efscale": "EF1", "damage_dir": "SE/135", "windspeed": "107", "injuries": 0, "deaths": 0, "lat": 38.6427, "lon": -90.319, "office": "LSX", "image": " ", "qc": "Y", "dod": 4, "surveytype": "0", "comments": "Several trees snapped or uprooted in this area, felled to the southeast per hi-res satellite imagery.", "image_full": " "}, "geometry": {"type": "Point", "coordinates": [-90.3190320576833, 38.6427325868395]}}, {"id": "790", "type": "Feature", "properties": {"OBJECTID": 791, "Id": 0, "stormdate": 1747353600000, "stormtime": "1939 UTC", "surveydate": 1748390400000, "surveytime": "1810 UTC", "event_id": " ", "damage": 27, "damage_txt": "Trees: Hardwood (TH)", "dod_txt": "Trees uprooted", "efscale": "EF1", "damage_dir": "NNE/30", "windspeed": "94", "injuries": 0, "deaths": 0, "lat": 38.6414, "lon": -90.3294, "office": "LSX", "image": " ", "qc": "Y", "dod": 3, "surveytype": "0", "comments": "Tree uprooted, felled to the northeast per hi-res satellite imagery.", "image_full": " "}, "geometry": {"type": "Point", "coordinates": [-90.3293746200426, 38.6414435148064]}}, {"id": "791", "type": "Feature", "properties": {"OBJECTID": 792, "Id": 0, "stormdate": 1747353600000, "stormtime": "1944 UTC", "surveydate": 1747440000000, "surveytime": "1849 UTC", "event_id": "0", "damage": 27, "damage_txt": "Trees: Hardwood (TH)", "dod_txt": "Large branches broken (1-3 inch diameter)", "efscale": "EF0", "damage_dir": "N/A", "windspeed": "74", "injuries": 0, "deaths": 0, "lat": 38.6599, "lon": -90.2434, "office": "LSX", "image": "0", "qc": "Y", "dod": 2, "surveytype": "0", "comments": "0", "image_full": "https://services.dat.noaa.gov/arcgis/rest/services/nws_damageassessmenttoolkit/DamageViewer/MapServer/0/4480077/attachments/2625350"}, "geometry": {"type": "Point", "coordinates": [-90.2433985493035, 38.659911138888]}}, {"id": "792", "type": "Feature", "properties": {"OBJECTID": 793, "Id": 0, "stormdate": 1747353600000, "stormtime": "1942 UTC", "surveydate": 1748822400000, "surveytime": "1457 UTC", "event_id": " ", "damage": 27, "damage_txt": "Trees: Hardwood (TH)", "dod_txt": "Trunks snapped", "efscale": "EF1", "damage_dir": "N/A", "windspeed": "107", "injuries": 0, "deaths": 0, "lat": 38.6439, "lon": -90.2882, "office": "LSX", "image": " ", "qc": "Y", "dod": 4, "surveytype": "0", "comments": "Numerous trees snapped or uprooted in this area per hi-res satellite imagery. Felled to the north-northeast.", "image_full": " "}, "geometry": {"type": "Point", "coordinates": [-90.2881508926495, 38.6439264242651]}}, {"id": "793", "type": "Feature", "properties": {"OBJECTID": 794, "Id": 0, "stormdate": 1747353600000, "stormtime": "1944 UTC", "surveydate": 1747440000000, "surveytime": "1853 UTC", "event_id": "0", "damage": 27, "damage_txt": "Trees: Hardwood (TH)", "dod_txt": "Large branches broken (1-3 inch diameter)", "efscale": "EF1", "damage_dir": "N/A", "windspeed": "88", "injuries": 0, "deaths": 0, "lat": 38.6581, "lon": -90.2438, "office": "LSX", "image": "0", "qc": "Y", "dod": 2, "surveytype": "0", "comments": "0", "image_full": "https://services.dat.noaa.gov/arcgis/rest/services/nws_damageassessmenttoolkit/DamageViewer/MapServer/0/4465839/attachments/2613552"}, "geometry": {"type": "Point", "coordinates": [-90.2438197647703, 38.6580603961704]}}, {"id": "794", "type": "Feature", "properties": {"OBJECTID": 795, "Id": 0, "stormdate": 1747353600000, "stormtime": "1656 UTC", "surveydate": 1747440000000, "surveytime": "1656 UTC", "event_id": "0", "damage": 2, "damage_txt": "One- or Two-Family Residences (FR12)", "dod_txt": "Exterior walls collapsed", "efscale": "EF2", "damage_dir": "N/A", "windspeed": "130", "injuries": 0, "deaths": 0, "lat": 38.6781, "lon": -90.2185, "office": "LSX", "image": "0", "qc": "Y", "dod": 7, "surveytype": "0", "comments": "0", "image_full": "https://services.dat.noaa.gov/arcgis/rest/services/nws_damageassessmenttoolkit/DamageViewer/MapServer/0/4479952/attachments/2625197"}, "geometry": {"type": "Point", "coordinates": [-90.2184968326627, 38.6781109142873]}}, {"id": "795", "type": "Feature", "properties": {"OBJECTID": 796, "Id": 0, "stormdate": 1747353600000, "stormtime": "1939 UTC", "surveydate": 1748390400000, "surveytime": "1726 UTC", "event_id": " ", "damage": 27, "damage_txt": "Trees: Hardwood (TH)", "dod_txt": "Large branches broken (1-3 inch diameter)", "efscale": "EF0", "damage_dir": "N/A", "windspeed": "85", "injuries": 0, "deaths": 0, "lat": 38.643, "lon": -90.3414, "office": "LSX", "image": " ", "qc": "Y", "dod": 2, "surveytype": "0", "comments": "Large tree limbs snapped here, felled to the east per hi-res satellite imagery.", "image_full": " "}, "geometry": {"type": "Point", "coordinates": [-90.3414481785906, 38.642960737648]}}, {"id": "796", "type": "Feature", "properties": {"OBJECTID": 797, "Id": 0, "stormdate": 1747353600000, "stormtime": "1942 UTC", "surveydate": 1748822400000, "surveytime": "1754 UTC", "event_id": " ", "damage": 2, "damage_txt": "One- or Two-Family Residences (FR12)", "dod_txt": "Uplift of roof deck and loss of significant roof covering material (>20%); collapse of chimney; garage doors collapse inward; failure of porch or carport", "efscale": "EF1", "damage_dir": "N/A", "windspeed": "90", "injuries": 0, "deaths": 0, "lat": 38.649, "lon": -90.2924, "office": "LSX", "image": " ", "qc": "Y", "dod": 4, "surveytype": "0", "comments": " ", "image_full": " "}, "geometry": {"type": "Point", "coordinates": [-90.2923590093608, 38.6489595430485]}}, {"id": "797", "type": "Feature", "properties": {"OBJECTID": 798, "Id": 0, "stormdate": 1747353600000, "stormtime": "1941 UTC", "surveydate": 1748476800000, "surveytime": "1930 UTC", "event_id": " ", "damage": 2, "damage_txt": "One- or Two-Family Residences (FR12)", "dod_txt": "Loss of roof covering material (<20%), gutters and/or awning; loss of vinyl or metal siding", "efscale": "EF1", "damage_dir": "N/A", "windspeed": "87", "injuries": 0, "deaths": 0, "lat": 38.6415, "lon": -90.3045, "office": "LSX", "image": " ", "qc": "Y", "dod": 2, "surveytype": "0", "comments": "Roof damage per hi-res satellite imagery.", "image_full": " "}, "geometry": {"type": "Point", "coordinates": [-90.3044611051958, 38.641485798231]}}, {"id": "798", "type": "Feature", "properties": {"OBJECTID": 799, "Id": 0, "stormdate": 1747353600000, "stormtime": "1939 UTC", "surveydate": 1748476800000, "surveytime": "1433 UTC", "event_id": " ", "damage": 27, "damage_txt": "Trees: Hardwood (TH)", "dod_txt": "Large branches broken (1-3 inch diameter)", "efscale": "EF0", "damage_dir": "N/A", "windspeed": "80", "injuries": 0, "deaths": 0, "lat": 38.6406, "lon": -90.3267, "office": "LSX", "image": " ", "qc": "Y", "dod": 2, "surveytype": "0", "comments": "Large tree limbs snapped per hi-res satellite imagery.", "image_full": " "}, "geometry": {"type": "Point", "coordinates": [-90.3266626721446, 38.6405567338062]}}, {"id": "799", "type": "Feature", "properties": {"OBJECTID": 800, "Id": 0, "stormdate": 1747353600000, "stormtime": "1940 UTC", "surveydate": 1748476800000, "surveytime": "1648 UTC", "event_id": " ", "damage": 27, "damage_txt": "Trees: Hardwood (TH)", "dod_txt": "Trees uprooted", "efscale": "TSTM/Wind", "damage_dir": "E/90", "windspeed": "94", "injuries": 0, "deaths": 0, "lat": 38.6534, "lon": -90.3102, "office": "LSX", "image": " ", "qc": "Y", "dod": 3, "surveytype": "0", "comments": "Tree uprooted and felled to the southeast per hi-res satellite imagery.", "image_full": " "}, "geometry": {"type": "Point", "coordinates": [-90.3102399580076, 38.6534060016857]}}, {"id": "800", "type": "Feature", "properties": {"OBJECTID": 801, "Id": 0, "stormdate": 1747353600000, "stormtime": "1939 UTC", "surveydate": 1748390400000, "surveytime": "1748 UTC", "event_id": " ", "damage": 27, "damage_txt": "Trees: Hardwood (TH)", "dod_txt": "Trees uprooted", "efscale": "EF1", "damage_dir": "ENE/60", "windspeed": "94", "injuries": 0, "deaths": 0, "lat": 38.6405, "lon": -90.3357, "office": "LSX", "image": " ", "qc": "Y", "dod": 3, "surveytype": "0", "comments": "Large tree uprooted and felled to the northeast per hi-res satellite imagery.", "image_full": " "}, "geometry": {"type": "Point", "coordinates": [-90.3356718267933, 38.6404524079523]}}, {"id": "801", "type": "Feature", "properties": {"OBJECTID": 802, "Id": 0, "stormdate": 1747353600000, "stormtime": "1940 UTC", "surveydate": 1747440000000, "surveytime": "2152 UTC", "event_id": "0", "damage": 27, "damage_txt": "Trees: Hardwood (TH)", "dod_txt": "Trunks snapped", "efscale": "EF1", "damage_dir": "E/90", "windspeed": "105", "injuries": 0, "deaths": 0, "lat": 38.6405, "lon": -90.3193, "office": "LSX", "image": "0", "qc": "Y", "dod": 4, "surveytype": "0", "comments": "Numerous trees snapped or uprooted in this area per ground survey and hi-res satellite imagery. Trees felled to the east.", "image_full": "https://services.dat.noaa.gov/arcgis/rest/services/nws_damageassessmenttoolkit/DamageViewer/MapServer/0/4480241/attachments/2625930"}, "geometry": {"type": "Point", "coordinates": [-90.319340901961, 38.6405494591902]}}, {"id": "802", "type": "Feature", "properties": {"OBJECTID": 803, "Id": 0, "stormdate": 1747353600000, "stormtime": "1940 UTC", "surveydate": 1748476800000, "surveytime": "1609 UTC", "event_id": " ", "damage": 2, "damage_txt": "One- or Two-Family Residences (FR12)", "dod_txt": "Loss of roof covering material (<20%), gutters and/or awning; loss of vinyl or metal siding", "efscale": "EF0", "damage_dir": "N/A", "windspeed": "79", "injuries": 0, "deaths": 0, "lat": 38.6405, "lon": -90.3145, "office": "LSX", "image": " ", "qc": "Y", "dod": 2, "surveytype": "0", "comments": "Tarp on roof per hi-res satellite imagery.", "image_full": " "}, "geometry": {"type": "Point", "coordinates": [-90.3144700694381, 38.6404982257126]}}, {"id": "803", "type": "Feature", "properties": {"OBJECTID": 804, "Id": 0, "stormdate": 1747353600000, "stormtime": "1941 UTC", "surveydate": 1748736000000, "surveytime": "1519 UTC", "event_id": " ", "damage": 27, "damage_txt": "Trees: Hardwood (TH)", "dod_txt": "Large branches broken (1-3 inch diameter)", "efscale": "EF0", "damage_dir": "N/A", "windspeed": "85", "injuries": 0, "deaths": 0, "lat": 38.6448, "lon": -90.3089, "office": "LSX", "image": " ", "qc": "Y", "dod": 2, "surveytype": "0", "comments": " ", "image_full": " "}, "geometry": {"type": "Point", "coordinates": [-90.3088779590505, 38.6447878084107]}}, {"id": "804", "type": "Feature", "properties": {"OBJECTID": 805, "Id": 0, "stormdate": 1747353600000, "stormtime": "1939 UTC", "surveydate": 1748390400000, "surveytime": "1752 UTC", "event_id": " ", "damage": 5, "damage_txt": "Apartments, Condos, Townhouses [3 stories or less] (ACT)", "dod_txt": "Loss of roof covering (<20%)", "efscale": "EF1", "damage_dir": "N/A", "windspeed": "90", "injuries": 0, "deaths": 0, "lat": 38.6422, "lon": -90.3344, "office": "LSX", "image": " ", "qc": "Y", "dod": 2, "surveytype": "0", "comments": "Areas of shingles missing across the entire roof per hi-res satellite imagery.", "image_full": " "}, "geometry": {"type": "Point", "coordinates": [-90.3344281138664, 38.6421593598666]}}, {"id": "805", "type": "Feature", "properties": {"OBJECTID": 806, "Id": 0, "stormdate": 1747353600000, "stormtime": "1943 UTC", "surveydate": 1754438400000, "surveytime": "1038 UTC", "event_id": " ", "damage": 2, "damage_txt": "One- or Two-Family Residences (FR12)", "dod_txt": "Loss of roof covering material (<20%), gutters and/or awning; loss of vinyl or metal siding", "efscale": "EF0", "damage_dir": "N/A", "windspeed": "79", "injuries": 0, "deaths": 0, "lat": 38.6581, "lon": -90.2663, "office": "LSX", "image": " ", "qc": "Y", "dod": 2, "surveytype": "0", "comments": " ", "image_full": " "}, "geometry": {"type": "Point", "coordinates": [-90.2662911400241, 38.6581030096463]}}, {"id": "806", "type": "Feature", "properties": {"OBJECTID": 807, "Id": 0, "stormdate": 1747353600000, "stormtime": "1939 UTC", "surveydate": 1748390400000, "surveytime": "1723 UTC", "event_id": " ", "damage": 2, "damage_txt": "One- or Two-Family Residences (FR12)", "dod_txt": "Loss of roof covering material (<20%), gutters and/or awning; loss of vinyl or metal siding", "efscale": "EF0", "damage_dir": "N/A", "windspeed": "85", "injuries": 0, "deaths": 0, "lat": 38.6441, "lon": -90.3417, "office": "LSX", "image": " ", "qc": "Y", "dod": 2, "surveytype": "0", "comments": "Southern portion of roof tarped per hi-res satellite imagery.", "image_full": " "}, "geometry": {"type": "Point", "coordinates": [-90.3416949417682, 38.6440768115956]}}, {"id": "807", "type": "Feature", "properties": {"OBJECTID": 808, "Id": 0, "stormdate": 1747353600000, "stormtime": "1939 UTC", "surveydate": 1747440000000, "surveytime": "2216 UTC", "event_id": "0", "damage": 27, "damage_txt": "Trees: Hardwood (TH)", "dod_txt": "Trees uprooted", "efscale": "TSTM/Wind", "damage_dir": "N/A", "windspeed": "94", "injuries": 0, "deaths": 0, "lat": 38.6322, "lon": -90.3312, "office": "LSX", "image": "0", "qc": "Y", "dod": 3, "surveytype": "0", "comments": " ", "image_full": "https://services.dat.noaa.gov/arcgis/rest/services/nws_damageassessmenttoolkit/DamageViewer/MapServer/0/4480259/attachments/2625946"}, "geometry": {"type": "Point", "coordinates": [-90.3312466488137, 38.6321854502983]}}, {"id": "808", "type": "Feature", "properties": {"OBJECTID": 809, "Id": 0, "stormdate": 1747353600000, "stormtime": "1943 UTC", "surveydate": 1755561600000, "surveytime": "1836 UTC", "event_id": " ", "damage": 2, "damage_txt": "One- or Two-Family Residences (FR12)", "dod_txt": "Loss of roof covering material (<20%), gutters and/or awning; loss of vinyl or metal siding", "efscale": "EF0", "damage_dir": "N/A", "windspeed": "79", "injuries": 0, "deaths": 0, "lat": 38.6615, "lon": -90.2656, "office": "LSX", "image": " ", "qc": "Y", "dod": 2, "surveytype": "0", "comments": " ", "image_full": " "}, "geometry": {"type": "Point", "coordinates": [-90.2655873162016, 38.6614955051135]}}, {"id": "809", "type": "Feature", "properties": {"OBJECTID": 810, "Id": 0, "stormdate": 1747353600000, "stormtime": "1943 UTC", "surveydate": 1754438400000, "surveytime": "1038 UTC", "event_id": " ", "damage": 2, "damage_txt": "One- or Two-Family Residences (FR12)", "dod_txt": "Loss of roof covering material (<20%), gutters and/or awning; loss of vinyl or metal siding", "efscale": "EF0", "damage_dir": "N/A", "windspeed": "79", "injuries": 0, "deaths": 0, "lat": 38.6581, "lon": -90.2663, "office": "LSX", "image": " ", "qc": "Y", "dod": 2, "surveytype": "0", "comments": " ", "image_full": " "}, "geometry": {"type": "Point", "coordinates": [-90.2662911400241, 38.6581030096463]}}, {"id": "810", "type": "Feature", "properties": {"OBJECTID": 811, "Id": 0, "stormdate": 1747353600000, "stormtime": "1943 UTC", "surveydate": 1754438400000, "surveytime": "1038 UTC", "event_id": " ", "damage": 2, "damage_txt": "One- or Two-Family Residences (FR12)", "dod_txt": "Loss of roof covering material (<20%), gutters and/or awning; loss of vinyl or metal siding", "efscale": "EF0", "damage_dir": "N/A", "windspeed": "79", "injuries": 0, "deaths": 0, "lat": 38.6581, "lon": -90.2663, "office": "LSX", "image": " ", "qc": "Y", "dod": 2, "surveytype": "0", "comments": " ", "image_full": " "}, "geometry": {"type": "Point", "coordinates": [-90.2662911400241, 38.6581030096463]}}, {"id": "811", "type": "Feature", "properties": {"OBJECTID": 812, "Id": 0, "stormdate": 1747353600000, "stormtime": "1943 UTC", "surveydate": 1755561600000, "surveytime": "1836 UTC", "event_id": " ", "damage": 2, "damage_txt": "One- or Two-Family Residences (FR12)", "dod_txt": "Loss of roof covering material (<20%), gutters and/or awning; loss of vinyl or metal siding", "efscale": "EF0", "damage_dir": "N/A", "windspeed": "79", "injuries": 0, "deaths": 0, "lat": 38.6615, "lon": -90.2656, "office": "LSX", "image": " ", "qc": "Y", "dod": 2, "surveytype": "0", "comments": " ", "image_full": " "}, "geometry": {"type": "Point", "coordinates": [-90.2655873162016, 38.6614955051135]}}, {"id": "812", "type": "Feature", "properties": {"OBJECTID": 813, "Id": 0, "stormdate": 1747353600000, "stormtime": "1942 UTC", "surveydate": 1748736000000, "surveytime": "1747 UTC", "event_id": " ", "damage": 2, "damage_txt": "One- or Two-Family Residences (FR12)", "dod_txt": "Uplift of roof deck and loss of significant roof covering material (>20%); collapse of chimney; garage doors collapse inward; failure of porch or carport", "efscale": "EF1", "damage_dir": "N/A", "windspeed": "97", "injuries": 0, "deaths": 0, "lat": 38.6487, "lon": -90.2903, "office": "LSX", "image": " ", "qc": "Y", "dod": 4, "surveytype": "0", "comments": "Large tree also uprooted in yard, felled northeastward.", "image_full": " "}, "geometry": {"type": "Point", "coordinates": [-90.2903051502624, 38.6487150830347]}}, {"id": "813", "type": "Feature", "properties": {"OBJECTID": 814, "Id": 0, "stormdate": 1747353600000, "stormtime": "1942 UTC", "surveydate": 1748822400000, "surveytime": "1458 UTC", "event_id": " ", "damage": 27, "damage_txt": "Trees: Hardwood (TH)", "dod_txt": "Trees uprooted", "efscale": "EF1", "damage_dir": "N/A", "windspeed": "94", "injuries": 0, "deaths": 0, "lat": 38.6445, "lon": -90.2908, "office": "LSX", "image": " ", "qc": "Y", "dod": 3, "surveytype": "0", "comments": "Several trees uprooted in this area per hi-res satellite imagery. Felled  to the north-northeast. \n", "image_full": " "}, "geometry": {"type": "Point", "coordinates": [-90.2907580002815, 38.6444627205781]}}, {"id": "814", "type": "Feature", "properties": {"OBJECTID": 815, "Id": 0, "stormdate": 1747353600000, "stormtime": "1940 UTC", "surveydate": 1748476800000, "surveytime": "1740 UTC", "event_id": " ", "damage": 27, "damage_txt": "Trees: Hardwood (TH)", "dod_txt": "Trees uprooted", "efscale": "EF1", "damage_dir": "N/A", "windspeed": "94", "injuries": 0, "deaths": 0, "lat": 38.6431, "lon": -90.3143, "office": "LSX", "image": " ", "qc": "Y", "dod": 3, "surveytype": "0", "comments": "Several trees along Wydown Blvd uprooted per hi-res satellite imagery.", "image_full": " "}, "geometry": {"type": "Point", "coordinates": [-90.3142818035623, 38.643098386981]}}, {"id": "815", "type": "Feature", "properties": {"OBJECTID": 816, "Id": 0, "stormdate": 1747353600000, "stormtime": "1939 UTC", "surveydate": 1748390400000, "surveytime": "1719 UTC", "event_id": " ", "damage": 28, "damage_txt": "Trees: Softwood (TS)", "dod_txt": "Trunks snapped", "efscale": "EF1", "damage_dir": "ENE/60", "windspeed": "104", "injuries": 0, "deaths": 0, "lat": 38.6433, "lon": -90.3422, "office": "LSX", "image": " ", "qc": "Y", "dod": 4, "surveytype": "0", "comments": "Pine tree snapped here, felled to the east per hi-res satellite imagery.", "image_full": " "}, "geometry": {"type": "Point", "coordinates": [-90.3421938325793, 38.643252458834]}}, {"id": "816", "type": "Feature", "properties": {"OBJECTID": 817, "Id": 0, "stormdate": 1747353600000, "stormtime": "1942 UTC", "surveydate": 1748476800000, "surveytime": "1902 UTC", "event_id": " ", "damage": 2, "damage_txt": "One- or Two-Family Residences (FR12)", "dod_txt": "Loss of roof covering material (<20%), gutters and/or awning; loss of vinyl or metal siding", "efscale": "TSTM/Wind", "damage_dir": "N/A", "windspeed": "86", "injuries": 0, "deaths": 0, "lat": 38.6394, "lon": -90.3056, "office": "LSX", "image": " ", "qc": "Y", "dod": 2, "surveytype": "0", "comments": "Roof damage per hi-res satellite imagery.", "image_full": " "}, "geometry": {"type": "Point", "coordinates": [-90.3055645121925, 38.6394182019885]}}, {"id": "817", "type": "Feature", "properties": {"OBJECTID": 818, "Id": 0, "stormdate": 1747353600000, "stormtime": "1939 UTC", "surveydate": 1748476800000, "surveytime": "1357 UTC", "event_id": " ", "damage": 27, "damage_txt": "Trees: Hardwood (TH)", "dod_txt": "Large branches broken (1-3 inch diameter)", "efscale": "TSTM/Wind", "damage_dir": "S/180", "windspeed": "80", "injuries": 0, "deaths": 0, "lat": 38.6359, "lon": -90.3321, "office": "LSX", "image": " ", "qc": "Y", "dod": 2, "surveytype": "0", "comments": "Several large tree limbs snapped and felled to the south per hi-res satellite imagery.", "image_full": " "}, "geometry": {"type": "Point", "coordinates": [-90.3321169083686, 38.6358742651852]}}, {"id": "818", "type": "Feature", "properties": {"OBJECTID": 819, "Id": 0, "stormdate": 1747353600000, "stormtime": "1941 UTC", "surveydate": 1748736000000, "surveytime": "1358 UTC", "event_id": " ", "damage": 27, "damage_txt": "Trees: Hardwood (TH)", "dod_txt": "Trunks snapped", "efscale": "EF1", "damage_dir": "NNE/30", "windspeed": "100", "injuries": 0, "deaths": 0, "lat": 38.6429, "lon": -90.3073, "office": "LSX", "image": " ", "qc": "Y", "dod": 4, "surveytype": "0", "comments": "Several medium-size trees snapped in this area per hi-res satellite imagery.", "image_full": " "}, "geometry": {"type": "Point", "coordinates": [-90.3073063362184, 38.6429157283782]}}, {"id": "819", "type": "Feature", "properties": {"OBJECTID": 820, "Id": 0, "stormdate": 1747353600000, "stormtime": "1941 UTC", "surveydate": 1748736000000, "surveytime": "1412 UTC", "event_id": " ", "damage": 2, "damage_txt": "One- or Two-Family Residences (FR12)", "dod_txt": "Uplift of roof deck and loss of significant roof covering material (>20%); collapse of chimney; garage doors collapse inward; failure of porch or carport", "efscale": "EF1", "damage_dir": "N/A", "windspeed": "90", "injuries": 0, "deaths": 0, "lat": 38.6444, "lon": -90.3035, "office": "LSX", "image": " ", "qc": "Y", "dod": 4, "surveytype": "0", "comments": "Several trees snapped at this property, roof damage per hi-res satellite imagery.", "image_full": " "}, "geometry": {"type": "Point", "coordinates": [-90.3035032462778, 38.6443802887194]}}, {"id": "820", "type": "Feature", "properties": {"OBJECTID": 821, "Id": 0, "stormdate": 1747353600000, "stormtime": "1943 UTC", "surveydate": 1755561600000, "surveytime": "1836 UTC", "event_id": " ", "damage": 2, "damage_txt": "One- or Two-Family Residences (FR12)", "dod_txt": "Loss of roof covering material (<20%), gutters and/or awning; loss of vinyl or metal siding", "efscale": "EF0", "damage_dir": "N/A", "windspeed": "79", "injuries": 0, "deaths": 0, "lat": 38.6615, "lon": -90.2656, "office": "LSX", "image": " ", "qc": "Y", "dod": 2, "surveytype": "0", "comments": " ", "image_full": " "}, "geometry": {"type": "Point", "coordinates": [-90.2655873162016, 38.6614955051135]}}, {"id": "821", "type": "Feature", "properties": {"OBJECTID": 822, "Id": 0, "stormdate": 1747353600000, "stormtime": "1940 UTC", "surveydate": 1748476800000, "surveytime": "1729 UTC", "event_id": " ", "damage": 2, "damage_txt": "One- or Two-Family Residences (FR12)", "dod_txt": "Loss of roof covering material (<20%), gutters and/or awning; loss of vinyl or metal siding", "efscale": "EF0", "damage_dir": "N/A", "windspeed": "79", "injuries": 0, "deaths": 0, "lat": 38.6413, "lon": -90.3144, "office": "LSX", "image": " ", "qc": "Y", "dod": 2, "surveytype": "0", "comments": "Roof damage per hi-res satellite data.", "image_full": " "}, "geometry": {"type": "Point", "coordinates": [-90.314354894163, 38.6413289699561]}}, {"id": "822", "type": "Feature", "properties": {"OBJECTID": 823, "Id": 0, "stormdate": 1747353600000, "stormtime": "1943 UTC", "surveydate": 1761523200000, "surveytime": "1040 UTC", "event_id": " ", "damage": 2, "damage_txt": "One- or Two-Family Residences (FR12)", "dod_txt": "Loss of roof covering material (<20%), gutters and/or awning; loss of vinyl or metal siding", "efscale": "EF0", "damage_dir": "N/A", "windspeed": "79", "injuries": 0, "deaths": 0, "lat": 38.6666, "lon": -90.2535, "office": "LSX", "image": " ", "qc": "Y", "dod": 2, "surveytype": "0", "comments": " ", "image_full": " "}, "geometry": {"type": "Point", "coordinates": [-90.253527734917, 38.6665503317325]}}, {"id": "823", "type": "Feature", "properties": {"OBJECTID": 824, "Id": 0, "stormdate": 1747353600000, "stormtime": "1941 UTC", "surveydate": 1748736000000, "surveytime": "1445 UTC", "event_id": " ", "damage": 27, "damage_txt": "Trees: Hardwood (TH)", "dod_txt": "Trees uprooted", "efscale": "EF1", "damage_dir": "N/A", "windspeed": "94", "injuries": 0, "deaths": 0, "lat": 38.6424, "lon": -90.3034, "office": "LSX", "image": " ", "qc": "Y", "dod": 3, "surveytype": "0", "comments": "Trees uprooted and topped at this property per hi-res satellite imagery.", "image_full": " "}, "geometry": {"type": "Point", "coordinates": [-90.3033701960777, 38.6424098768144]}}, {"id": "824", "type": "Feature", "properties": {"OBJECTID": 825, "Id": 0, "stormdate": 1747353600000, "stormtime": "1940 UTC", "surveydate": 1748390400000, "surveytime": "1657 UTC", "event_id": " ", "damage": 27, "damage_txt": "Trees: Hardwood (TH)", "dod_txt": "Large branches broken (1-3 inch diameter)", "efscale": "TSTM/Wind", "damage_dir": "N/A", "windspeed": "74", "injuries": 0, "deaths": 0, "lat": 38.6432, "lon": -90.3489, "office": "LSX", "image": " ", "qc": "Y", "dod": 2, "surveytype": "0", "comments": "Possible large tree branch or tree snapped here per hi-res satellite imagery.", "image_full": " "}, "geometry": {"type": "Point", "coordinates": [-90.3489048003162, 38.6431597809991]}}, {"id": "825", "type": "Feature", "properties": {"OBJECTID": 826, "Id": 0, "stormdate": 1747353600000, "stormtime": "1942 UTC", "surveydate": 1748822400000, "surveytime": "1749 UTC", "event_id": " ", "damage": 2, "damage_txt": "One- or Two-Family Residences (FR12)", "dod_txt": "Loss of roof covering material (<20%), gutters and/or awning; loss of vinyl or metal siding", "efscale": "EF0", "damage_dir": "N/A", "windspeed": "85", "injuries": 0, "deaths": 0, "lat": 38.6488, "lon": -90.2913, "office": "LSX", "image": " ", "qc": "Y", "dod": 2, "surveytype": "0", "comments": "Also significant tree damage in front yard.", "image_full": " "}, "geometry": {"type": "Point", "coordinates": [-90.2912526274068, 38.6488376651262]}}, {"id": "826", "type": "Feature", "properties": {"OBJECTID": 827, "Id": 0, "stormdate": 1747353600000, "stormtime": "1941 UTC", "surveydate": 1748736000000, "surveytime": "1513 UTC", "event_id": " ", "damage": 2, "damage_txt": "One- or Two-Family Residences (FR12)", "dod_txt": "Loss of roof covering material (<20%), gutters and/or awning; loss of vinyl or metal siding", "efscale": "EF0", "damage_dir": "N/A", "windspeed": "79", "injuries": 0, "deaths": 0, "lat": 38.6435, "lon": -90.3082, "office": "LSX", "image": " ", "qc": "Y", "dod": 2, "surveytype": "0", "comments": " ", "image_full": " "}, "geometry": {"type": "Point", "coordinates": [-90.3081718680372, 38.6434832023879]}}, {"id": "827", "type": "Feature", "properties": {"OBJECTID": 828, "Id": 0, "stormdate": 1747353600000, "stormtime": "1941 UTC", "surveydate": 1748736000000, "surveytime": "1501 UTC", "event_id": " ", "damage": 27, "damage_txt": "Trees: Hardwood (TH)", "dod_txt": "Large branches broken (1-3 inch diameter)", "efscale": "EF0", "damage_dir": "N/A", "windspeed": "85", "injuries": 0, "deaths": 0, "lat": 38.6438, "lon": -90.3107, "office": "LSX", "image": " ", "qc": "Y", "dod": 2, "surveytype": "0", "comments": " ", "image_full": " "}, "geometry": {"type": "Point", "coordinates": [-90.3106999333552, 38.6437795352974]}}, {"id": "828", "type": "Feature", "properties": {"OBJECTID": 829, "Id": 0, "stormdate": 1747353600000, "stormtime": "1939 UTC", "surveydate": 1748390400000, "surveytime": "1707 UTC", "event_id": " ", "damage": 27, "damage_txt": "Trees: Hardwood (TH)", "dod_txt": "Trunks snapped", "efscale": "EF1", "damage_dir": "NE/45", "windspeed": "107", "injuries": 0, "deaths": 0, "lat": 38.6432, "lon": -90.3444, "office": "LSX", "image": " ", "qc": "Y", "dod": 4, "surveytype": "0", "comments": "Tree snapped here, felled to the northeast per hi-res satellite imagery.", "image_full": " "}, "geometry": {"type": "Point", "coordinates": [-90.3443834839106, 38.643239392584]}}, {"id": "829", "type": "Feature", "properties": {"OBJECTID": 830, "Id": 0, "stormdate": 1747353600000, "stormtime": "1942 UTC", "surveydate": 1748476800000, "surveytime": "1904 UTC", "event_id": " ", "damage": 2, "damage_txt": "One- or Two-Family Residences (FR12)", "dod_txt": "Uplift of roof deck and loss of significant roof covering material (>20%); collapse of chimney; garage doors collapse inward; failure of porch or carport", "efscale": "TSTM/Wind", "damage_dir": "N/A", "windspeed": "97", "injuries": 0, "deaths": 0, "lat": 38.6393, "lon": -90.3043, "office": "LSX", "image": " ", "qc": "Y", "dod": 4, "surveytype": "0", "comments": "Chimney collapsed via hi-res satellite imagery.", "image_full": " "}, "geometry": {"type": "Point", "coordinates": [-90.304346810357, 38.6393087688846]}}, {"id": "830", "type": "Feature", "properties": {"OBJECTID": 831, "Id": 0, "stormdate": 1747353600000, "stormtime": "1942 UTC", "surveydate": 1748736000000, "surveytime": "1743 UTC", "event_id": " ", "damage": 5, "damage_txt": "Apartments, Condos, Townhouses [3 stories or less] (ACT)", "dod_txt": "Uplift of roof decking; significant loss of roof covering (>20%)", "efscale": "EF2", "damage_dir": "N/A", "windspeed": "124", "injuries": 0, "deaths": 0, "lat": 38.6486, "lon": -90.2893, "office": "LSX", "image": " ", "qc": "Y", "dod": 3, "surveytype": "0", "comments": " ", "image_full": " "}, "geometry": {"type": "Point", "coordinates": [-90.2893435007019, 38.6486288497417]}}, {"id": "831", "type": "Feature", "properties": {"OBJECTID": 832, "Id": 0, "stormdate": 1747353600000, "stormtime": "1940 UTC", "surveydate": 1748476800000, "surveytime": "1439 UTC", "event_id": " ", "damage": 28, "damage_txt": "Trees: Softwood (TS)", "dod_txt": "Trees uprooted", "efscale": "TSTM/Wind", "damage_dir": "S/180", "windspeed": "87", "injuries": 0, "deaths": 0, "lat": 38.6402, "lon": -90.3422, "office": "LSX", "image": " ", "qc": "Y", "dod": 3, "surveytype": "0", "comments": "Pine tree uprooted and felled southward per hi-res satellite imagery.", "image_full": " "}, "geometry": {"type": "Point", "coordinates": [-90.3421718747322, 38.6401555372483]}}, {"id": "832", "type": "Feature", "properties": {"OBJECTID": 833, "Id": 0, "stormdate": 1747353600000, "stormtime": "1959 UTC", "surveydate": 1747526400000, "surveytime": "1511 UTC", "event_id": "0", "damage": 27, "damage_txt": "Trees: Hardwood (TH)", "dod_txt": "Trunks snapped", "efscale": "EF1", "damage_dir": "N/A", "windspeed": "93", "injuries": 0, "deaths": 0, "lat": 38.7398, "lon": -90.0719, "office": "LSX", "image": "0", "qc": "Y", "dod": 4, "surveytype": "0", "comments": "0", "image_full": "https://services.dat.noaa.gov/arcgis/rest/services/nws_damageassessmenttoolkit/DamageViewer/MapServer/0/4480384/attachments/2626115"}, "geometry": {"type": "Point", "coordinates": [-90.0719080819924, 38.739767684631]}}, {"id": "833", "type": "Feature", "properties": {"OBJECTID": 834, "Id": 0, "stormdate": 1747353600000, "stormtime": "1939 UTC", "surveydate": 1748390400000, "surveytime": "1801 UTC", "event_id": " ", "damage": 5, "damage_txt": "Apartments, Condos, Townhouses [3 stories or less] (ACT)", "dod_txt": "Loss of roof covering (<20%)", "efscale": "EF1", "damage_dir": "N/A", "windspeed": "99", "injuries": 0, "deaths": 0, "lat": 38.6417, "lon": -90.3313, "office": "LSX", "image": " ", "qc": "Y", "dod": 2, "surveytype": "0", "comments": "Multiple sections of shingles missing on south-facing portion of roof per hi-res satellite imagery.", "image_full": " "}, "geometry": {"type": "Point", "coordinates": [-90.3313420210174, 38.6416739642821]}}, {"id": "834", "type": "Feature", "properties": {"OBJECTID": 835, "Id": 0, "stormdate": 1747353600000, "stormtime": "1942 UTC", "surveydate": 1747440000000, "surveytime": "2106 UTC", "event_id": "0", "damage": 27, "damage_txt": "Trees: Hardwood (TH)", "dod_txt": "Trees uprooted", "efscale": "TSTM/Wind", "damage_dir": "N/A", "windspeed": "85", "injuries": 0, "deaths": 0, "lat": 38.6342, "lon": -90.293, "office": "LSX", "image": "0", "qc": "Y", "dod": 3, "surveytype": "0", "comments": "0", "image_full": "https://services.dat.noaa.gov/arcgis/rest/services/nws_damageassessmenttoolkit/DamageViewer/MapServer/0/4480219/attachments/2625913"}, "geometry": {"type": "Point", "coordinates": [-90.2930216478308, 38.634235375762]}}, {"id": "835", "type": "Feature", "properties": {"OBJECTID": 836, "Id": 0, "stormdate": 1747353600000, "stormtime": "1943 UTC", "surveydate": 1747440000000, "surveytime": "1355 UTC", "event_id": "0", "damage": 24, "damage_txt": "Electrical Transmission Lines (ETL)", "dod_txt": "Broken wood poles", "efscale": "EF1", "damage_dir": "N/A", "windspeed": "110", "injuries": 0, "deaths": 0, "lat": 38.6524, "lon": -90.2626, "office": "LSX", "image": "0", "qc": "Y", "dod": 4, "surveytype": "0", "comments": "0", "image_full": "https://services.dat.noaa.gov/arcgis/rest/services/nws_damageassessmenttoolkit/DamageViewer/MapServer/0/4479838/attachments/2625070"}, "geometry": {"type": "Point", "coordinates": [-90.2626195498523, 38.6524225471629]}}, {"id": "836", "type": "Feature", "properties": {"OBJECTID": 837, "Id": 0, "stormdate": 1747353600000, "stormtime": "1941 UTC", "surveydate": 1748476800000, "surveytime": "1922 UTC", "event_id": " ", "damage": 2, "damage_txt": "One- or Two-Family Residences (FR12)", "dod_txt": "Loss of roof covering material (<20%), gutters and/or awning; loss of vinyl or metal siding", "efscale": "EF0", "damage_dir": "N/A", "windspeed": "85", "injuries": 0, "deaths": 0, "lat": 38.6406, "lon": -90.3061, "office": "LSX", "image": " ", "qc": "Y", "dod": 2, "surveytype": "0", "comments": "Roof damage per hi-res satellite imagery.", "image_full": " "}, "geometry": {"type": "Point", "coordinates": [-90.3061089869402, 38.6405770899608]}}, {"id": "837", "type": "Feature", "properties": {"OBJECTID": 838, "Id": 0, "stormdate": 1747353600000, "stormtime": "1939 UTC", "surveydate": 1748390400000, "surveytime": "1755 UTC", "event_id": " ", "damage": 27, "damage_txt": "Trees: Hardwood (TH)", "dod_txt": "Trees uprooted", "efscale": "EF1", "damage_dir": "N/0", "windspeed": "94", "injuries": 0, "deaths": 0, "lat": 38.6414, "lon": -90.3327, "office": "LSX", "image": " ", "qc": "Y", "dod": 3, "surveytype": "0", "comments": "Uprooted tree felled to the north per hi-res satellite imagery.", "image_full": " "}, "geometry": {"type": "Point", "coordinates": [-90.332694524033, 38.6414460194183]}}, {"id": "838", "type": "Feature", "properties": {"OBJECTID": 839, "Id": 0, "stormdate": 1747353600000, "stormtime": "1943 UTC", "surveydate": 1754438400000, "surveytime": "1038 UTC", "event_id": " ", "damage": 2, "damage_txt": "One- or Two-Family Residences (FR12)", "dod_txt": "Loss of roof covering material (<20%), gutters and/or awning; loss of vinyl or metal siding", "efscale": "EF0", "damage_dir": "N/A", "windspeed": "79", "injuries": 0, "deaths": 0, "lat": 38.6581, "lon": -90.2663, "office": "LSX", "image": " ", "qc": "Y", "dod": 2, "surveytype": "0", "comments": " ", "image_full": " "}, "geometry": {"type": "Point", "coordinates": [-90.2662911400241, 38.6581030096463]}}, {"id": "839", "type": "Feature", "properties": {"OBJECTID": 840, "Id": 0, "stormdate": 1747353600000, "stormtime": "1941 UTC", "surveydate": 1748736000000, "surveytime": "1447 UTC", "event_id": " ", "damage": 2, "damage_txt": "One- or Two-Family Residences (FR12)", "dod_txt": "Loss of roof covering material (<20%), gutters and/or awning; loss of vinyl or metal siding", "efscale": "EF1", "damage_dir": "N/A", "windspeed": "90", "injuries": 0, "deaths": 0, "lat": 38.6431, "lon": -90.3034, "office": "LSX", "image": " ", "qc": "Y", "dod": 2, "surveytype": "0", "comments": "Several large tree branches snapped at this property, roof damage per hi-res satellite imagery.", "image_full": " "}, "geometry": {"type": "Point", "coordinates": [-90.3034134462735, 38.6431200660383]}}, {"id": "840", "type": "Feature", "properties": {"OBJECTID": 841, "Id": 0, "stormdate": 1747353600000, "stormtime": "1943 UTC", "surveydate": 1761523200000, "surveytime": "1040 UTC", "event_id": " ", "damage": 2, "damage_txt": "One- or Two-Family Residences (FR12)", "dod_txt": "Loss of roof covering material (<20%), gutters and/or awning; loss of vinyl or metal siding", "efscale": "EF0", "damage_dir": "N/A", "windspeed": "79", "injuries": 0, "deaths": 0, "lat": 38.6666, "lon": -90.2535, "office": "LSX", "image": " ", "qc": "Y", "dod": 2, "surveytype": "0", "comments": " ", "image_full": " "}, "geometry": {"type": "Point", "coordinates": [-90.253527734917, 38.6665503317325]}}, {"id": "841", "type": "Feature", "properties": {"OBJECTID": 842, "Id": 0, "stormdate": 1747353600000, "stormtime": "1648 UTC", "surveydate": 1747440000000, "surveytime": "1648 UTC", "event_id": "0", "damage": 27, "damage_txt": "Trees: Hardwood (TH)", "dod_txt": "Trunks snapped", "efscale": "EF1", "damage_dir": "N/A", "windspeed": "107", "injuries": 0, "deaths": 0, "lat": 38.6786, "lon": -90.2172, "office": "LSX", "image": "0", "qc": "Y", "dod": 4, "surveytype": "0", "comments": "0", "image_full": "https://services.dat.noaa.gov/arcgis/rest/services/nws_damageassessmenttoolkit/DamageViewer/MapServer/0/4479954/attachments/2625199"}, "geometry": {"type": "Point", "coordinates": [-90.2172277219818, 38.6786432661738]}}, {"id": "842", "type": "Feature", "properties": {"OBJECTID": 843, "Id": 0, "stormdate": 1747353600000, "stormtime": "1940 UTC", "surveydate": 1748476800000, "surveytime": "1611 UTC", "event_id": " ", "damage": 17, "damage_txt": "Low-Rise Building [1-4 Stories] (LRB)", "dod_txt": "Loss of roof covering (<20%)", "efscale": "EF0", "damage_dir": "N/A", "windspeed": "80", "injuries": 0, "deaths": 0, "lat": 38.6415, "lon": -90.3151, "office": "LSX", "image": " ", "qc": "Y", "dod": 2, "surveytype": "0", "comments": "Multiple areas of shingles missing on southern slope of roof per hi-res satellite imagery.", "image_full": " "}, "geometry": {"type": "Point", "coordinates": [-90.3150742357873, 38.6414776395815]}}, {"id": "843", "type": "Feature", "properties": {"OBJECTID": 844, "Id": 0, "stormdate": 1747353600000, "stormtime": "1941 UTC", "surveydate": 1748736000000, "surveytime": "1422 UTC", "event_id": " ", "damage": 2, "damage_txt": "One- or Two-Family Residences (FR12)", "dod_txt": "Uplift of roof deck and loss of significant roof covering material (>20%); collapse of chimney; garage doors collapse inward; failure of porch or carport", "efscale": "EF1", "damage_dir": "N/A", "windspeed": "90", "injuries": 0, "deaths": 0, "lat": 38.6437, "lon": -90.3049, "office": "LSX", "image": " ", "qc": "Y", "dod": 4, "surveytype": "0", "comments": "Several pine trees uprooted at this property, roof damage per hi-res satellite imagery.", "image_full": " "}, "geometry": {"type": "Point", "coordinates": [-90.3049470017027, 38.6437139504385]}}, {"id": "844", "type": "Feature", "properties": {"OBJECTID": 845, "Id": 0, "stormdate": 1747353600000, "stormtime": "1940 UTC", "surveydate": 1748390400000, "surveytime": "1834 UTC", "event_id": " ", "damage": 27, "damage_txt": "Trees: Hardwood (TH)", "dod_txt": "Trunks snapped", "efscale": "EF1", "damage_dir": "N/A", "windspeed": "107", "injuries": 0, "deaths": 0, "lat": 38.642, "lon": -90.3239, "office": "LSX", "image": " ", "qc": "Y", "dod": 4, "surveytype": "0", "comments": "Large tree snapped and felled to the north per hi-res satellite imagery.", "image_full": " "}, "geometry": {"type": "Point", "coordinates": [-90.3238696917329, 38.6420071028456]}}, {"id": "845", "type": "Feature", "properties": {"OBJECTID": 846, "Id": 0, "stormdate": 1747353600000, "stormtime": "1940 UTC", "surveydate": 1748476800000, "surveytime": "1840 UTC", "event_id": " ", "damage": 27, "damage_txt": "Trees: Hardwood (TH)", "dod_txt": "Trunks snapped", "efscale": "EF1", "damage_dir": "ENE/60", "windspeed": "110", "injuries": 0, "deaths": 0, "lat": 38.6429, "lon": -90.3084, "office": "LSX", "image": " ", "qc": "Y", "dod": 4, "surveytype": "0", "comments": "Nearly every tree in this area snapped or uprooted per hi-res satellite imagery.", "image_full": " "}, "geometry": {"type": "Point", "coordinates": [-90.3083682970592, 38.6428857953433]}}, {"id": "846", "type": "Feature", "properties": {"OBJECTID": 847, "Id": 0, "stormdate": 1747353600000, "stormtime": "1940 UTC", "surveydate": 1748476800000, "surveytime": "1825 UTC", "event_id": " ", "damage": 27, "damage_txt": "Trees: Hardwood (TH)", "dod_txt": "Large branches broken (1-3 inch diameter)", "efscale": "EF1", "damage_dir": "N/A", "windspeed": "88", "injuries": 0, "deaths": 0, "lat": 38.641, "lon": -90.3078, "office": "LSX", "image": " ", "qc": "Y", "dod": 2, "surveytype": "0", "comments": "Several trees with large limbs snapped here per hi-res satellite imagery.", "image_full": " "}, "geometry": {"type": "Point", "coordinates": [-90.3077729323749, 38.6409911423274]}}, {"id": "847", "type": "Feature", "properties": {"OBJECTID": 848, "Id": 0, "stormdate": 1747353600000, "stormtime": "1939 UTC", "surveydate": 1748304000000, "surveytime": "1804 UTC", "event_id": " ", "damage": 27, "damage_txt": "Trees: Hardwood (TH)", "dod_txt": "Trees uprooted", "efscale": "TSTM/Wind", "damage_dir": "N/A", "windspeed": "94", "injuries": 0, "deaths": 0, "lat": 38.633, "lon": -90.3283, "office": "LSX", "image": " ", "qc": "Y", "dod": 3, "surveytype": "0", "comments": "At least two trees uprooted here, lying south-southeastward, per hi-res satellite imagery.", "image_full": " "}, "geometry": {"type": "Point", "coordinates": [-90.3282830202451, 38.6330227640893]}}, {"id": "848", "type": "Feature", "properties": {"OBJECTID": 849, "Id": 0, "stormdate": 1747353600000, "stormtime": "1941 UTC", "surveydate": 1748736000000, "surveytime": "1515 UTC", "event_id": " ", "damage": 27, "damage_txt": "Trees: Hardwood (TH)", "dod_txt": "Trees uprooted", "efscale": "EF1", "damage_dir": "N/A", "windspeed": "94", "injuries": 0, "deaths": 0, "lat": 38.643, "lon": -90.3128, "office": "LSX", "image": " ", "qc": "Y", "dod": 3, "surveytype": "0", "comments": "Numerous trees snapped or uprooted in this area per hi-res satellite imagery.", "image_full": " "}, "geometry": {"type": "Point", "coordinates": [-90.3127886195991, 38.6429531824435]}}, {"id": "849", "type": "Feature", "properties": {"OBJECTID": 850, "Id": 0, "stormdate": 1747353600000, "stormtime": "1943 UTC", "surveydate": 1761523200000, "surveytime": "1040 UTC", "event_id": " ", "damage": 2, "damage_txt": "One- or Two-Family Residences (FR12)", "dod_txt": "Loss of roof covering material (<20%), gutters and/or awning; loss of vinyl or metal siding", "efscale": "EF0", "damage_dir": "N/A", "windspeed": "79", "injuries": 0, "deaths": 0, "lat": 38.6666, "lon": -90.2535, "office": "LSX", "image": " ", "qc": "Y", "dod": 2, "surveytype": "0", "comments": " ", "image_full": " "}, "geometry": {"type": "Point", "coordinates": [-90.253527734917, 38.6665503317325]}}, {"id": "850", "type": "Feature", "properties": {"OBJECTID": 851, "Id": 0, "stormdate": 1747353600000, "stormtime": "1940 UTC", "surveydate": 1748476800000, "surveytime": "1720 UTC", "event_id": " ", "damage": 27, "damage_txt": "Trees: Hardwood (TH)", "dod_txt": "Trunks snapped", "efscale": "EF1", "damage_dir": "N/A", "windspeed": "107", "injuries": 0, "deaths": 0, "lat": 38.6411, "lon": -90.3148, "office": "LSX", "image": " ", "qc": "Y", "dod": 4, "surveytype": "0", "comments": "Several trees uprooted or snapped in this area per hi-res satellite imagery.", "image_full": " "}, "geometry": {"type": "Point", "coordinates": [-90.3147943487802, 38.6410685550698]}}, {"id": "851", "type": "Feature", "properties": {"OBJECTID": 852, "Id": 0, "stormdate": 1747353600000, "stormtime": "2002 UTC", "surveydate": 1747526400000, "surveytime": "1625 UTC", "event_id": "0", "damage": 27, "damage_txt": "Trees: Hardwood (TH)", "dod_txt": "Large branches broken (1-3 inch diameter)", "efscale": "EF0", "damage_dir": "N/A", "windspeed": "80", "injuries": 0, "deaths": 0, "lat": 38.7793, "lon": -90.0066, "office": "LSX", "image": "0", "qc": "Y", "dod": 2, "surveytype": "0", "comments": "0", "image_full": " "}, "geometry": {"type": "Point", "coordinates": [-90.0065699296585, 38.7793173600082]}}, {"id": "852", "type": "Feature", "properties": {"OBJECTID": 853, "Id": 0, "stormdate": 1747353600000, "stormtime": "1943 UTC", "surveydate": 1747440000000, "surveytime": "1935 UTC", "event_id": "0", "damage": 2, "damage_txt": "One- or Two-Family Residences (FR12)", "dod_txt": "Loss of roof covering material (<20%), gutters and/or awning; loss of vinyl or metal siding", "efscale": "EF0", "damage_dir": "N/A", "windspeed": "79", "injuries": 0, "deaths": 0, "lat": 38.6575, "lon": -90.2657, "office": "LSX", "image": "0", "qc": "Y", "dod": 2, "surveytype": "0", "comments": "0", "image_full": "https://services.dat.noaa.gov/arcgis/rest/services/nws_damageassessmenttoolkit/DamageViewer/MapServer/0/4465845/attachments/2613559"}, "geometry": {"type": "Point", "coordinates": [-90.2656863747264, 38.6575287421577]}}, {"id": "853", "type": "Feature", "properties": {"OBJECTID": 854, "Id": 0, "stormdate": 1747353600000, "stormtime": "1941 UTC", "surveydate": 1748736000000, "surveytime": "1508 UTC", "event_id": " ", "damage": 27, "damage_txt": "Trees: Hardwood (TH)", "dod_txt": "Trees uprooted", "efscale": "TSTM/Wind", "damage_dir": "SE/135", "windspeed": "94", "injuries": 0, "deaths": 0, "lat": 38.6467, "lon": -90.3106, "office": "LSX", "image": " ", "qc": "Y", "dod": 3, "surveytype": "0", "comments": " ", "image_full": " "}, "geometry": {"type": "Point", "coordinates": [-90.310647919266, 38.6467444112256]}}, {"id": "854", "type": "Feature", "properties": {"OBJECTID": 855, "Id": 0, "stormdate": 1747353600000, "stormtime": "1943 UTC", "surveydate": 1754438400000, "surveytime": "1038 UTC", "event_id": " ", "damage": 2, "damage_txt": "One- or Two-Family Residences (FR12)", "dod_txt": "Loss of roof covering material (<20%), gutters and/or awning; loss of vinyl or metal siding", "efscale": "EF0", "damage_dir": "N/A", "windspeed": "79", "injuries": 0, "deaths": 0, "lat": 38.6581, "lon": -90.2663, "office": "LSX", "image": " ", "qc": "Y", "dod": 2, "surveytype": "0", "comments": " ", "image_full": " "}, "geometry": {"type": "Point", "coordinates": [-90.2662911400241, 38.6581030096463]}}, {"id": "855", "type": "Feature", "properties": {"OBJECTID": 856, "Id": 0, "stormdate": 1747353600000, "stormtime": "1943 UTC", "surveydate": 1761523200000, "surveytime": "1040 UTC", "event_id": " ", "damage": 2, "damage_txt": "One- or Two-Family Residences (FR12)", "dod_txt": "Loss of roof covering material (<20%), gutters and/or awning; loss of vinyl or metal siding", "efscale": "EF0", "damage_dir": "N/A", "windspeed": "79", "injuries": 0, "deaths": 0, "lat": 38.6666, "lon": -90.2535, "office": "LSX", "image": " ", "qc": "Y", "dod": 2, "surveytype": "0", "comments": " ", "image_full": " "}, "geometry": {"type": "Point", "coordinates": [-90.253527734917, 38.6665503317325]}}, {"id": "856", "type": "Feature", "properties": {"OBJECTID": 857, "Id": 0, "stormdate": 1747353600000, "stormtime": "1942 UTC", "surveydate": 1748822400000, "surveytime": "1507 UTC", "event_id": " ", "damage": 27, "damage_txt": "Trees: Hardwood (TH)", "dod_txt": "Trunks snapped", "efscale": "EF1", "damage_dir": "N/A", "windspeed": "107", "injuries": 0, "deaths": 0, "lat": 38.6439, "lon": -90.2823, "office": "LSX", "image": " ", "qc": "Y", "dod": 4, "surveytype": "0", "comments": "Several trees snapped or uprooted in this area per hi-res satellite imagery. Felled to the north-northeast.", "image_full": " "}, "geometry": {"type": "Point", "coordinates": [-90.282340541083, 38.6438674314369]}}, {"id": "857", "type": "Feature", "properties": {"OBJECTID": 858, "Id": 0, "stormdate": 1747353600000, "stormtime": "1943 UTC", "surveydate": 1748822400000, "surveytime": "1711 UTC", "event_id": " ", "damage": 18, "damage_txt": "Mid-Rise Building [5-20 Stories] (MRB)", "dod_txt": "Damage to penthouse roof and walls; loss of rooftop HVAC equipment", "efscale": "EF1", "damage_dir": "N/A", "windspeed": "92", "injuries": 0, "deaths": 0, "lat": 38.6482, "lon": -90.2842, "office": "LSX", "image": " ", "qc": "Y", "dod": 3, "surveytype": "0", "comments": " ", "image_full": " "}, "geometry": {"type": "Point", "coordinates": [-90.2841725194462, 38.648242633191]}}, {"id": "858", "type": "Feature", "properties": {"OBJECTID": 859, "Id": 0, "stormdate": 1747353600000, "stormtime": "1942 UTC", "surveydate": 1748822400000, "surveytime": "1804 UTC", "event_id": " ", "damage": 2, "damage_txt": "One- or Two-Family Residences (FR12)", "dod_txt": "Uplift of roof deck and loss of significant roof covering material (>20%); collapse of chimney; garage doors collapse inward; failure of porch or carport", "efscale": "EF1", "damage_dir": "N/A", "windspeed": "97", "injuries": 0, "deaths": 0, "lat": 38.6492, "lon": -90.2953, "office": "LSX", "image": " ", "qc": "Y", "dod": 4, "surveytype": "0", "comments": " ", "image_full": " "}, "geometry": {"type": "Point", "coordinates": [-90.2953141573225, 38.6492419382649]}}, {"id": "859", "type": "Feature", "properties": {"OBJECTID": 860, "Id": 0, "stormdate": 1747353600000, "stormtime": "1939 UTC", "surveydate": 1748390400000, "surveytime": "1455 UTC", "event_id": " ", "damage": 27, "damage_txt": "Trees: Hardwood (TH)", "dod_txt": "Trunks snapped", "efscale": "EF1", "damage_dir": "SSE/150", "windspeed": "100", "injuries": 0, "deaths": 0, "lat": 38.6424, "lon": -90.3368, "office": "LSX", "image": " ", "qc": "Y", "dod": 4, "surveytype": "0", "comments": "Multiple trees snapped here, felled to the southeast per hi-res satellite imagery.", "image_full": " "}, "geometry": {"type": "Point", "coordinates": [-90.3367904970837, 38.6423664107813]}}, {"id": "860", "type": "Feature", "properties": {"OBJECTID": 861, "Id": 0, "stormdate": 1747353600000, "stormtime": "1941 UTC", "surveydate": 1748736000000, "surveytime": "1456 UTC", "event_id": " ", "damage": 2, "damage_txt": "One- or Two-Family Residences (FR12)", "dod_txt": "Loss of roof covering material (<20%), gutters and/or awning; loss of vinyl or metal siding", "efscale": "EF0", "damage_dir": "N/A", "windspeed": "79", "injuries": 0, "deaths": 0, "lat": 38.6459, "lon": -90.3037, "office": "LSX", "image": " ", "qc": "Y", "dod": 2, "surveytype": "0", "comments": "Roof damage per hi-res satellite imagery.", "image_full": " "}, "geometry": {"type": "Point", "coordinates": [-90.3037241782282, 38.6459110859279]}}, {"id": "861", "type": "Feature", "properties": {"OBJECTID": 862, "Id": 0, "stormdate": 1747353600000, "stormtime": "1943 UTC", "surveydate": 1754438400000, "surveytime": "1038 UTC", "event_id": " ", "damage": 2, "damage_txt": "One- or Two-Family Residences (FR12)", "dod_txt": "Loss of roof covering material (<20%), gutters and/or awning; loss of vinyl or metal siding", "efscale": "EF0", "damage_dir": "N/A", "windspeed": "79", "injuries": 0, "deaths": 0, "lat": 38.6581, "lon": -90.2663, "office": "LSX", "image": " ", "qc": "Y", "dod": 2, "surveytype": "0", "comments": " ", "image_full": " "}, "geometry": {"type": "Point", "coordinates": [-90.2662911400241, 38.6581030096463]}}, {"id": "862", "type": "Feature", "properties": {"OBJECTID": 863, "Id": 0, "stormdate": 1747353600000, "stormtime": "1939 UTC", "surveydate": 1748390400000, "surveytime": "1739 UTC", "event_id": " ", "damage": 27, "damage_txt": "Trees: Hardwood (TH)", "dod_txt": "Large branches broken (1-3 inch diameter)", "efscale": "EF0", "damage_dir": "N/A", "windspeed": "85", "injuries": 0, "deaths": 0, "lat": 38.6426, "lon": -90.3404, "office": "LSX", "image": " ", "qc": "Y", "dod": 2, "surveytype": "0", "comments": "Large tree topped per hi-res satellite imagery.", "image_full": " "}, "geometry": {"type": "Point", "coordinates": [-90.3403779772618, 38.6425537944221]}}, {"id": "863", "type": "Feature", "properties": {"OBJECTID": 864, "Id": 0, "stormdate": 1747353600000, "stormtime": "1939 UTC", "surveydate": 1748390400000, "surveytime": "1430 UTC", "event_id": " ", "damage": 27, "damage_txt": "Trees: Hardwood (TH)", "dod_txt": "Trees uprooted", "efscale": "EF1", "damage_dir": "ENE/60", "windspeed": "94", "injuries": 0, "deaths": 0, "lat": 38.6414, "lon": -90.33, "office": "LSX", "image": " ", "qc": "Y", "dod": 3, "surveytype": "0", "comments": "Tree uprooted, felled to the northeast per hi-res satellite imagery.", "image_full": " "}, "geometry": {"type": "Point", "coordinates": [-90.3300370031052, 38.6414420983742]}}, {"id": "864", "type": "Feature", "properties": {"OBJECTID": 865, "Id": 0, "stormdate": 1747353600000, "stormtime": "1943 UTC", "surveydate": 1761523200000, "surveytime": "1040 UTC", "event_id": " ", "damage": 2, "damage_txt": "One- or Two-Family Residences (FR12)", "dod_txt": "Loss of roof covering material (<20%), gutters and/or awning; loss of vinyl or metal siding", "efscale": "EF0", "damage_dir": "N/A", "windspeed": "79", "injuries": 0, "deaths": 0, "lat": 38.6666, "lon": -90.2535, "office": "LSX", "image": " ", "qc": "Y", "dod": 2, "surveytype": "0", "comments": " ", "image_full": " "}, "geometry": {"type": "Point", "coordinates": [-90.253527734917, 38.6665503317325]}}, {"id": "865", "type": "Feature", "properties": {"OBJECTID": 866, "Id": 0, "stormdate": 1747353600000, "stormtime": "1943 UTC", "surveydate": 1761523200000, "surveytime": "1040 UTC", "event_id": " ", "damage": 2, "damage_txt": "One- or Two-Family Residences (FR12)", "dod_txt": "Loss of roof covering material (<20%), gutters and/or awning; loss of vinyl or metal siding", "efscale": "EF0", "damage_dir": "N/A", "windspeed": "79", "injuries": 0, "deaths": 0, "lat": 38.6666, "lon": -90.2535, "office": "LSX", "image": " ", "qc": "Y", "dod": 2, "surveytype": "0", "comments": " ", "image_full": " "}, "geometry": {"type": "Point", "coordinates": [-90.253527734917, 38.6665503317325]}}, {"id": "866", "type": "Feature", "properties": {"OBJECTID": 867, "Id": 0, "stormdate": 1747353600000, "stormtime": "1944 UTC", "surveydate": 1747440000000, "surveytime": "1815 UTC", "event_id": "0", "damage": 24, "damage_txt": "Electrical Transmission Lines (ETL)", "dod_txt": "Broken wood poles", "efscale": "EF2", "damage_dir": "N/A", "windspeed": "118", "injuries": 0, "deaths": 0, "lat": 38.6643, "lon": -90.2449, "office": "LSX", "image": "0", "qc": "Y", "dod": 4, "surveytype": "0", "comments": "0", "image_full": "https://services.dat.noaa.gov/arcgis/rest/services/nws_damageassessmenttoolkit/DamageViewer/MapServer/0/4479990/attachments/2625254"}, "geometry": {"type": "Point", "coordinates": [-90.2448584520559, 38.664252277021]}}, {"id": "867", "type": "Feature", "properties": {"OBJECTID": 868, "Id": 0, "stormdate": 1747353600000, "stormtime": "1941 UTC", "surveydate": 1748736000000, "surveytime": "1409 UTC", "event_id": " ", "damage": 2, "damage_txt": "One- or Two-Family Residences (FR12)", "dod_txt": "Loss of roof covering material (<20%), gutters and/or awning; loss of vinyl or metal siding", "efscale": "EF1", "damage_dir": "N/A", "windspeed": "95", "injuries": 0, "deaths": 0, "lat": 38.6445, "lon": -90.3043, "office": "LSX", "image": " ", "qc": "Y", "dod": 2, "surveytype": "0", "comments": "Medium size tree uprooted at this property, roof damage per hi-res satellite imagery. \n", "image_full": " "}, "geometry": {"type": "Point", "coordinates": [-90.3042918159146, 38.6444515159248]}}, {"id": "868", "type": "Feature", "properties": {"OBJECTID": 869, "Id": 0, "stormdate": 1747353600000, "stormtime": "1941 UTC", "surveydate": 1748736000000, "surveytime": "1415 UTC", "event_id": " ", "damage": 2, "damage_txt": "One- or Two-Family Residences (FR12)", "dod_txt": "Loss of roof covering material (<20%), gutters and/or awning; loss of vinyl or metal siding", "efscale": "EF0", "damage_dir": "N/A", "windspeed": "79", "injuries": 0, "deaths": 0, "lat": 38.6425, "lon": -90.306, "office": "LSX", "image": " ", "qc": "Y", "dod": 2, "surveytype": "0", "comments": "Roof damage per hi-res satellite imagery.", "image_full": " "}, "geometry": {"type": "Point", "coordinates": [-90.3060413444325, 38.6424795050252]}}, {"id": "869", "type": "Feature", "properties": {"OBJECTID": 870, "Id": 0, "stormdate": 1747353600000, "stormtime": "1942 UTC", "surveydate": 1748476800000, "surveytime": "1912 UTC", "event_id": " ", "damage": 5, "damage_txt": "Apartments, Condos, Townhouses [3 stories or less] (ACT)", "dod_txt": "Loss of roof covering (<20%)", "efscale": "TSTM/Wind", "damage_dir": "N/0", "windspeed": "99", "injuries": 0, "deaths": 0, "lat": 38.6375, "lon": -90.3067, "office": "LSX", "image": " ", "qc": "Y", "dod": 2, "surveytype": "0", "comments": "Roof damage per hi-res satellite imagery.", "image_full": " "}, "geometry": {"type": "Point", "coordinates": [-90.3067061475706, 38.6374789488944]}}, {"id": "870", "type": "Feature", "properties": {"OBJECTID": 871, "Id": 0, "stormdate": 1747353600000, "stormtime": "1948 UTC", "surveydate": 1747440000000, "surveytime": "1712 UTC", "event_id": "0", "damage": 10, "damage_txt": "Strip Mall (SM)", "dod_txt": "Uplift of roof decking", "efscale": "EF1", "damage_dir": "N/A", "windspeed": "88", "injuries": 0, "deaths": 0, "lat": 38.6816, "lon": -90.2065, "office": "LSX", "image": "0", "qc": "Y", "dod": 4, "surveytype": "0", "comments": "0", "image_full": "https://services.dat.noaa.gov/arcgis/rest/services/nws_damageassessmenttoolkit/DamageViewer/MapServer/0/4479953/attachments/2625198"}, "geometry": {"type": "Point", "coordinates": [-90.2065299193203, 38.681646340806]}}, {"id": "871", "type": "Feature", "properties": {"OBJECTID": 872, "Id": 0, "stormdate": 1747353600000, "stormtime": "1944 UTC", "surveydate": 1747440000000, "surveytime": "1508 UTC", "event_id": "0", "damage": 2, "damage_txt": "One- or Two-Family Residences (FR12)", "dod_txt": "Large sections of roof structure removed; most walls remain standing", "efscale": "EF2", "damage_dir": "N/A", "windspeed": "122", "injuries": 0, "deaths": 0, "lat": 38.6677, "lon": -90.2425, "office": "LSX", "image": "0", "qc": "Y", "dod": 6, "surveytype": "0", "comments": "0", "image_full": "https://services.dat.noaa.gov/arcgis/rest/services/nws_damageassessmenttoolkit/DamageViewer/MapServer/0/4479870/attachments/2625117"}, "geometry": {"type": "Point", "coordinates": [-90.2425182110466, 38.6676562892064]}}, {"id": "872", "type": "Feature", "properties": {"OBJECTID": 873, "Id": 0, "stormdate": 1747353600000, "stormtime": "1942 UTC", "surveydate": 1748822400000, "surveytime": "1748 UTC", "event_id": " ", "damage": 2, "damage_txt": "One- or Two-Family Residences (FR12)", "dod_txt": "Loss of roof covering material (<20%), gutters and/or awning; loss of vinyl or metal siding", "efscale": "EF0", "damage_dir": "N/A", "windspeed": "79", "injuries": 0, "deaths": 0, "lat": 38.6488, "lon": -90.2911, "office": "LSX", "image": " ", "qc": "Y", "dod": 2, "surveytype": "0", "comments": " ", "image_full": " "}, "geometry": {"type": "Point", "coordinates": [-90.2910521316505, 38.6488250971006]}}, {"id": "873", "type": "Feature", "properties": {"OBJECTID": 874, "Id": 0, "stormdate": 1747353600000, "stormtime": "1942 UTC", "surveydate": 1748476800000, "surveytime": "1911 UTC", "event_id": " ", "damage": 5, "damage_txt": "Apartments, Condos, Townhouses [3 stories or less] (ACT)", "dod_txt": "Loss of roof covering (<20%)", "efscale": "TSTM/Wind", "damage_dir": "N/A", "windspeed": "99", "injuries": 0, "deaths": 0, "lat": 38.638, "lon": -90.307, "office": "LSX", "image": " ", "qc": "Y", "dod": 2, "surveytype": "0", "comments": "Roof damage per hi-res satellite imagery.", "image_full": " "}, "geometry": {"type": "Point", "coordinates": [-90.3069522407533, 38.63801424696]}}, {"id": "874", "type": "Feature", "properties": {"OBJECTID": 875, "Id": 0, "stormdate": 1747353600000, "stormtime": "1943 UTC", "surveydate": 1761523200000, "surveytime": "1040 UTC", "event_id": " ", "damage": 2, "damage_txt": "One- or Two-Family Residences (FR12)", "dod_txt": "Loss of roof covering material (<20%), gutters and/or awning; loss of vinyl or metal siding", "efscale": "EF0", "damage_dir": "N/A", "windspeed": "79", "injuries": 0, "deaths": 0, "lat": 38.6666, "lon": -90.2535, "office": "LSX", "image": " ", "qc": "Y", "dod": 2, "surveytype": "0", "comments": " ", "image_full": " "}, "geometry": {"type": "Point", "coordinates": [-90.253527734917, 38.6665503317325]}}, {"id": "875", "type": "Feature", "properties": {"OBJECTID": 876, "Id": 0, "stormdate": 1747353600000, "stormtime": "1939 UTC", "surveydate": 1748390400000, "surveytime": "1722 UTC", "event_id": " ", "damage": 2, "damage_txt": "One- or Two-Family Residences (FR12)", "dod_txt": "Loss of roof covering material (<20%), gutters and/or awning; loss of vinyl or metal siding", "efscale": "EF0", "damage_dir": "N/A", "windspeed": "85", "injuries": 0, "deaths": 0, "lat": 38.6436, "lon": -90.3415, "office": "LSX", "image": " ", "qc": "Y", "dod": 2, "surveytype": "0", "comments": "Southern portion of roof tarped per hi-res satellite imagery.", "image_full": " "}, "geometry": {"type": "Point", "coordinates": [-90.3415232809746, 38.6436222141939]}}, {"id": "876", "type": "Feature", "properties": {"OBJECTID": 877, "Id": 0, "stormdate": 1747353600000, "stormtime": "1942 UTC", "surveydate": 1748822400000, "surveytime": "1844 UTC", "event_id": " ", "damage": 27, "damage_txt": "Trees: Hardwood (TH)", "dod_txt": "Trunks snapped", "efscale": "TSTM/Wind", "damage_dir": "E/90", "windspeed": "100", "injuries": 0, "deaths": 0, "lat": 38.6369, "lon": -90.2877, "office": "LSX", "image": " ", "qc": "Y", "dod": 4, "surveytype": "0", "comments": " ", "image_full": " "}, "geometry": {"type": "Point", "coordinates": [-90.2876726448766, 38.6369249773059]}}, {"id": "877", "type": "Feature", "properties": {"OBJECTID": 878, "Id": 0, "stormdate": 1747353600000, "stormtime": "1943 UTC", "surveydate": 1761523200000, "surveytime": "1040 UTC", "event_id": " ", "damage": 2, "damage_txt": "One- or Two-Family Residences (FR12)", "dod_txt": "Loss of roof covering material (<20%), gutters and/or awning; loss of vinyl or metal siding", "efscale": "EF0", "damage_dir": "N/A", "windspeed": "79", "injuries": 0, "deaths": 0, "lat": 38.6666, "lon": -90.2535, "office": "LSX", "image": " ", "qc": "Y", "dod": 2, "surveytype": "0", "comments": " ", "image_full": " "}, "geometry": {"type": "Point", "coordinates": [-90.253527734917, 38.6665503317325]}}, {"id": "878", "type": "Feature", "properties": {"OBJECTID": 879, "Id": 0, "stormdate": 1747353600000, "stormtime": "1947 UTC", "surveydate": 1747440000000, "surveytime": "1702 UTC", "event_id": "0", "damage": 26, "damage_txt": "Free-Standing Light Poles, Luminary Poles, Flag Poles (FSP)", "dod_txt": "Collapsed pole", "efscale": "EF1", "damage_dir": "N/A", "windspeed": "105", "injuries": 0, "deaths": 0, "lat": 38.6788, "lon": -90.2128, "office": "LSX", "image": "0", "qc": "Y", "dod": 3, "surveytype": "0", "comments": "0", "image_full": "https://services.dat.noaa.gov/arcgis/rest/services/nws_damageassessmenttoolkit/DamageViewer/MapServer/0/4465821/attachments/2613532"}, "geometry": {"type": "Point", "coordinates": [-90.2127524733479, 38.6787705103508]}}, {"id": "879", "type": "Feature", "properties": {"OBJECTID": 880, "Id": 0, "stormdate": 1747353600000, "stormtime": "2004 UTC", "surveydate": 1747526400000, "surveytime": "1608 UTC", "event_id": "0", "damage": 27, "damage_txt": "Trees: Hardwood (TH)", "dod_txt": "Large branches broken (1-3 inch diameter)", "efscale": "EF0", "damage_dir": "N/A", "windspeed": "85", "injuries": 0, "deaths": 0, "lat": 38.7819, "lon": -89.9951, "office": "LSX", "image": "0", "qc": "Y", "dod": 2, "surveytype": "0", "comments": "0", "image_full": "https://services.dat.noaa.gov/arcgis/rest/services/nws_damageassessmenttoolkit/DamageViewer/MapServer/0/4469274/attachments/2625461"}, "geometry": {"type": "Point", "coordinates": [-89.995050135855, 38.7818561245605]}}, {"id": "880", "type": "Feature", "properties": {"OBJECTID": 881, "Id": 0, "stormdate": 1747353600000, "stormtime": "1942 UTC", "surveydate": 1748736000000, "surveytime": "1842 UTC", "event_id": " ", "damage": 2, "damage_txt": "One- or Two-Family Residences (FR12)", "dod_txt": "Uplift of roof deck and loss of significant roof covering material (>20%); collapse of chimney; garage doors collapse inward; failure of porch or carport", "efscale": "EF1", "damage_dir": "N/A", "windspeed": "97", "injuries": 0, "deaths": 0, "lat": 38.6486, "lon": -90.2909, "office": "LSX", "image": " ", "qc": "Y", "dod": 4, "surveytype": "0", "comments": " ", "image_full": " "}, "geometry": {"type": "Point", "coordinates": [-90.2908792423831, 38.6486294909583]}}, {"id": "881", "type": "Feature", "properties": {"OBJECTID": 882, "Id": 0, "stormdate": 1747353600000, "stormtime": "1940 UTC", "surveydate": 1748390400000, "surveytime": "1645 UTC", "event_id": " ", "damage": 27, "damage_txt": "Trees: Hardwood (TH)", "dod_txt": "Small limbs broken (up to 1 inch diameter)", "efscale": "TSTM/Wind", "damage_dir": "N/A", "windspeed": "60", "injuries": 0, "deaths": 0, "lat": 38.6435, "lon": -90.353, "office": "LSX", "image": " ", "qc": "Y", "dod": 1, "surveytype": "0", "comments": "Smaller limbs snapped in yard per hi-res satellite imagery.", "image_full": " "}, "geometry": {"type": "Point", "coordinates": [-90.3529914446994, 38.6435334753896]}}, {"id": "882", "type": "Feature", "properties": {"OBJECTID": 883, "Id": 0, "stormdate": 1747353600000, "stormtime": "2006 UTC", "surveydate": 1747526400000, "surveytime": "1644 UTC", "event_id": "0", "damage": 2, "damage_txt": "One- or Two-Family Residences (FR12)", "dod_txt": "Loss of roof covering material (<20%), gutters and/or awning; loss of vinyl or metal siding", "efscale": "EF0", "damage_dir": "N/A", "windspeed": "79", "injuries": 0, "deaths": 0, "lat": 38.7966, "lon": -89.9757, "office": "LSX", "image": "0", "qc": "Y", "dod": 2, "surveytype": "0", "comments": "0", "image_full": "https://services.dat.noaa.gov/arcgis/rest/services/nws_damageassessmenttoolkit/DamageViewer/MapServer/0/4480463/attachments/2626151"}, "geometry": {"type": "Point", "coordinates": [-89.9757374386318, 38.796582151645]}}, {"id": "883", "type": "Feature", "properties": {"OBJECTID": 884, "Id": 0, "stormdate": 1747353600000, "stormtime": "1944 UTC", "surveydate": 1747440000000, "surveytime": "1500 UTC", "event_id": "0", "damage": 2, "damage_txt": "One- or Two-Family Residences (FR12)", "dod_txt": "All walls collapsed", "efscale": "EF3", "damage_dir": "N/A", "windspeed": "142", "injuries": 0, "deaths": 0, "lat": 38.6654, "lon": -90.2394, "office": "LSX", "image": "0", "qc": "Y", "dod": 9, "surveytype": "0", "comments": "0", "image_full": "https://services.dat.noaa.gov/arcgis/rest/services/nws_damageassessmenttoolkit/DamageViewer/MapServer/0/4479862/attachments/2625104"}, "geometry": {"type": "Point", "coordinates": [-90.2393528240735, 38.6654249471037]}}, {"id": "884", "type": "Feature", "properties": {"OBJECTID": 885, "Id": 0, "stormdate": 1747353600000, "stormtime": "1942 UTC", "surveydate": 1748822400000, "surveytime": "1536 UTC", "event_id": " ", "damage": 27, "damage_txt": "Trees: Hardwood (TH)", "dod_txt": "Large branches broken (1-3 inch diameter)", "efscale": "TSTM/Wind", "damage_dir": "N/A", "windspeed": "88", "injuries": 0, "deaths": 0, "lat": 38.6348, "lon": -90.2781, "office": "LSX", "image": " ", "qc": "Y", "dod": 2, "surveytype": "0", "comments": "Large tree split here per hi-res satellite imagery.", "image_full": " "}, "geometry": {"type": "Point", "coordinates": [-90.2781211189944, 38.63483629376]}}, {"id": "885", "type": "Feature", "properties": {"OBJECTID": 886, "Id": 0, "stormdate": 1747353600000, "stormtime": "1944 UTC", "surveydate": 1747440000000, "surveytime": "1845 UTC", "event_id": "0", "damage": 2, "damage_txt": "One- or Two-Family Residences (FR12)", "dod_txt": "Large sections of roof structure removed; most walls remain standing", "efscale": "EF2", "damage_dir": "N/A", "windspeed": "122", "injuries": 0, "deaths": 0, "lat": 38.6628, "lon": -90.2482, "office": "LSX", "image": "0", "qc": "Y", "dod": 6, "surveytype": "0", "comments": "0", "image_full": "https://services.dat.noaa.gov/arcgis/rest/services/nws_damageassessmenttoolkit/DamageViewer/MapServer/0/4480067/attachments/2625338"}, "geometry": {"type": "Point", "coordinates": [-90.2481626017226, 38.6628017973651]}}, {"id": "886", "type": "Feature", "properties": {"OBJECTID": 887, "Id": 0, "stormdate": 1747353600000, "stormtime": "1941 UTC", "surveydate": 1748736000000, "surveytime": "1356 UTC", "event_id": " ", "damage": 2, "damage_txt": "One- or Two-Family Residences (FR12)", "dod_txt": "Loss of roof covering material (<20%), gutters and/or awning; loss of vinyl or metal siding", "efscale": "EF1", "damage_dir": "N/A", "windspeed": "86", "injuries": 0, "deaths": 0, "lat": 38.6425, "lon": -90.3067, "office": "LSX", "image": " ", "qc": "Y", "dod": 2, "surveytype": "0", "comments": "Roof damage per hi-res satellite imagery.", "image_full": " "}, "geometry": {"type": "Point", "coordinates": [-90.3066599233168, 38.6425051168177]}}, {"id": "887", "type": "Feature", "properties": {"OBJECTID": 888, "Id": 0, "stormdate": 1747353600000, "stormtime": "1954 UTC", "surveydate": 1747526400000, "surveytime": "1434 UTC", "event_id": "0", "damage": 27, "damage_txt": "Trees: Hardwood (TH)", "dod_txt": "Large branches broken (1-3 inch diameter)", "efscale": "EF0", "damage_dir": "N/A", "windspeed": "74", "injuries": 0, "deaths": 0, "lat": 38.7206, "lon": -90.1166, "office": "LSX", "image": "0", "qc": "Y", "dod": 2, "surveytype": "0", "comments": "0", "image_full": "https://services.dat.noaa.gov/arcgis/rest/services/nws_damageassessmenttoolkit/DamageViewer/MapServer/0/4480365/attachments/2626098"}, "geometry": {"type": "Point", "coordinates": [-90.1165779916809, 38.7205508065745]}}, {"id": "888", "type": "Feature", "properties": {"OBJECTID": 889, "Id": 0, "stormdate": 1747353600000, "stormtime": "1945 UTC", "surveydate": 1747440000000, "surveytime": "1629 UTC", "event_id": "0", "damage": 2, "damage_txt": "One- or Two-Family Residences (FR12)", "dod_txt": "Uplift of roof deck and loss of significant roof covering material (>20%); collapse of chimney; garage doors collapse inward; failure of porch or carport", "efscale": "EF1", "damage_dir": "N/A", "windspeed": "105", "injuries": 0, "deaths": 0, "lat": 38.6749, "lon": -90.2318, "office": "LSX", "image": "0", "qc": "Y", "dod": 4, "surveytype": "0", "comments": "0", "image_full": "https://services.dat.noaa.gov/arcgis/rest/services/nws_damageassessmenttoolkit/DamageViewer/MapServer/0/4479930/attachments/2625172"}, "geometry": {"type": "Point", "coordinates": [-90.23177098884, 38.6748983057123]}}, {"id": "889", "type": "Feature", "properties": {"OBJECTID": 890, "Id": 0, "stormdate": 1747353600000, "stormtime": "1944 UTC", "surveydate": 1747440000000, "surveytime": "1825 UTC", "event_id": "0", "damage": 27, "damage_txt": "Trees: Hardwood (TH)", "dod_txt": "Large branches broken (1-3 inch diameter)", "efscale": "EF0", "damage_dir": "N/A", "windspeed": "85", "injuries": 0, "deaths": 0, "lat": 38.6715, "lon": -90.2459, "office": "LSX", "image": "0", "qc": "Y", "dod": 2, "surveytype": "0", "comments": "0", "image_full": "https://services.dat.noaa.gov/arcgis/rest/services/nws_damageassessmenttoolkit/DamageViewer/MapServer/0/4480040/attachments/2625312"}, "geometry": {"type": "Point", "coordinates": [-90.245859173562, 38.6715350831776]}}, {"id": "890", "type": "Feature", "properties": {"OBJECTID": 891, "Id": 0, "stormdate": 1747353600000, "stormtime": "1942 UTC", "surveydate": 1748822400000, "surveytime": "1748 UTC", "event_id": " ", "damage": 2, "damage_txt": "One- or Two-Family Residences (FR12)", "dod_txt": "Loss of roof covering material (<20%), gutters and/or awning; loss of vinyl or metal siding", "efscale": "EF0", "damage_dir": "N/A", "windspeed": "79", "injuries": 0, "deaths": 0, "lat": 38.6488, "lon": -90.2912, "office": "LSX", "image": " ", "qc": "Y", "dod": 2, "surveytype": "0", "comments": " ", "image_full": " "}, "geometry": {"type": "Point", "coordinates": [-90.2911614316547, 38.6488308572583]}}, {"id": "891", "type": "Feature", "properties": {"OBJECTID": 892, "Id": 0, "stormdate": 1747353600000, "stormtime": "2004 UTC", "surveydate": 1747526400000, "surveytime": "1613 UTC", "event_id": "0", "damage": 27, "damage_txt": "Trees: Hardwood (TH)", "dod_txt": "Large branches broken (1-3 inch diameter)", "efscale": "EF0", "damage_dir": "N/A", "windspeed": "85", "injuries": 0, "deaths": 0, "lat": 38.7821, "lon": -89.9946, "office": "LSX", "image": "0", "qc": "Y", "dod": 2, "surveytype": "0", "comments": "0", "image_full": "https://services.dat.noaa.gov/arcgis/rest/services/nws_damageassessmenttoolkit/DamageViewer/MapServer/0/4480442/attachments/2626144"}, "geometry": {"type": "Point", "coordinates": [-89.9946299680985, 38.7820789037184]}}, {"id": "892", "type": "Feature", "properties": {"OBJECTID": 893, "Id": 0, "stormdate": 1747353600000, "stormtime": "1939 UTC", "surveydate": 1748390400000, "surveytime": "1508 UTC", "event_id": " ", "damage": 5, "damage_txt": "Apartments, Condos, Townhouses [3 stories or less] (ACT)", "dod_txt": "Uplift of roof decking; significant loss of roof covering (>20%)", "efscale": "EF2", "damage_dir": "N/A", "windspeed": "124", "injuries": 0, "deaths": 0, "lat": 38.6433, "lon": -90.343, "office": "LSX", "image": " ", "qc": "Y", "dod": 3, "surveytype": "0", "comments": "Majority of roof covering, portion of roof decking removed per hi-res satellite imagery.", "image_full": " "}, "geometry": {"type": "Point", "coordinates": [-90.3429808589794, 38.6433307457174]}}, {"id": "893", "type": "Feature", "properties": {"OBJECTID": 894, "Id": 0, "stormdate": 1747353600000, "stormtime": "1943 UTC", "surveydate": 1761523200000, "surveytime": "1040 UTC", "event_id": " ", "damage": 2, "damage_txt": "One- or Two-Family Residences (FR12)", "dod_txt": "Loss of roof covering material (<20%), gutters and/or awning; loss of vinyl or metal siding", "efscale": "EF0", "damage_dir": "N/A", "windspeed": "79", "injuries": 0, "deaths": 0, "lat": 38.6666, "lon": -90.2535, "office": "LSX", "image": " ", "qc": "Y", "dod": 2, "surveytype": "0", "comments": " ", "image_full": " "}, "geometry": {"type": "Point", "coordinates": [-90.253527734917, 38.6665503317325]}}, {"id": "894", "type": "Feature", "properties": {"OBJECTID": 895, "Id": 0, "stormdate": 1747353600000, "stormtime": "1943 UTC", "surveydate": 1761523200000, "surveytime": "1040 UTC", "event_id": " ", "damage": 2, "damage_txt": "One- or Two-Family Residences (FR12)", "dod_txt": "Loss of roof covering material (<20%), gutters and/or awning; loss of vinyl or metal siding", "efscale": "EF0", "damage_dir": "N/A", "windspeed": "79", "injuries": 0, "deaths": 0, "lat": 38.6666, "lon": -90.2535, "office": "LSX", "image": " ", "qc": "Y", "dod": 2, "surveytype": "0", "comments": " ", "image_full": " "}, "geometry": {"type": "Point", "coordinates": [-90.253527734917, 38.6665503317325]}}, {"id": "895", "type": "Feature", "properties": {"OBJECTID": 896, "Id": 0, "stormdate": 1747353600000, "stormtime": "1942 UTC", "surveydate": 1748476800000, "surveytime": "1913 UTC", "event_id": " ", "damage": 27, "damage_txt": "Trees: Hardwood (TH)", "dod_txt": "Trees uprooted", "efscale": "TSTM/Wind", "damage_dir": "N/0", "windspeed": "94", "injuries": 0, "deaths": 0, "lat": 38.6378, "lon": -90.3058, "office": "LSX", "image": " ", "qc": "Y", "dod": 3, "surveytype": "0", "comments": "Several trees topped or uprooted in this area per hi-res satellite imagery.", "image_full": " "}, "geometry": {"type": "Point", "coordinates": [-90.3058109606073, 38.6378104992552]}}, {"id": "896", "type": "Feature", "properties": {"OBJECTID": 897, "Id": 0, "stormdate": 1747353600000, "stormtime": "1946 UTC", "surveydate": 1747440000000, "surveytime": "1620 UTC", "event_id": "0", "damage": 27, "damage_txt": "Trees: Hardwood (TH)", "dod_txt": "Large branches broken (1-3 inch diameter)", "efscale": "EF1", "damage_dir": "N/A", "windspeed": "88", "injuries": 0, "deaths": 0, "lat": 38.6753, "lon": -90.2204, "office": "LSX", "image": "0", "qc": "Y", "dod": 2, "surveytype": "0", "comments": "0", "image_full": "https://services.dat.noaa.gov/arcgis/rest/services/nws_damageassessmenttoolkit/DamageViewer/MapServer/0/4479924/attachments/2625165"}, "geometry": {"type": "Point", "coordinates": [-90.2204066536441, 38.6753232758485]}}, {"id": "897", "type": "Feature", "properties": {"OBJECTID": 898, "Id": 0, "stormdate": 1747353600000, "stormtime": "1941 UTC", "surveydate": 1748736000000, "surveytime": "1540 UTC", "event_id": " ", "damage": 27, "damage_txt": "Trees: Hardwood (TH)", "dod_txt": "Trees uprooted", "efscale": "TSTM/Wind", "damage_dir": "E/90", "windspeed": "94", "injuries": 0, "deaths": 0, "lat": 38.6521, "lon": -90.3042, "office": "LSX", "image": " ", "qc": "Y", "dod": 3, "surveytype": "0", "comments": "Felled eastward.", "image_full": " "}, "geometry": {"type": "Point", "coordinates": [-90.3041748761695, 38.6520639074234]}}, {"id": "898", "type": "Feature", "properties": {"OBJECTID": 899, "Id": 0, "stormdate": 1747353600000, "stormtime": "1943 UTC", "surveydate": 1761523200000, "surveytime": "1040 UTC", "event_id": " ", "damage": 2, "damage_txt": "One- or Two-Family Residences (FR12)", "dod_txt": "Loss of roof covering material (<20%), gutters and/or awning; loss of vinyl or metal siding", "efscale": "EF0", "damage_dir": "N/A", "windspeed": "79", "injuries": 0, "deaths": 0, "lat": 38.6666, "lon": -90.2535, "office": "LSX", "image": " ", "qc": "Y", "dod": 2, "surveytype": "0", "comments": " ", "image_full": " "}, "geometry": {"type": "Point", "coordinates": [-90.253527734917, 38.6665503317325]}}, {"id": "899", "type": "Feature", "properties": {"OBJECTID": 900, "Id": 0, "stormdate": 1747353600000, "stormtime": "1943 UTC", "surveydate": 1754438400000, "surveytime": "1038 UTC", "event_id": " ", "damage": 2, "damage_txt": "One- or Two-Family Residences (FR12)", "dod_txt": "Loss of roof covering material (<20%), gutters and/or awning; loss of vinyl or metal siding", "efscale": "EF0", "damage_dir": "N/A", "windspeed": "79", "injuries": 0, "deaths": 0, "lat": 38.6581, "lon": -90.2663, "office": "LSX", "image": " ", "qc": "Y", "dod": 2, "surveytype": "0", "comments": " ", "image_full": " "}, "geometry": {"type": "Point", "coordinates": [-90.2662911400241, 38.6581030096463]}}, {"id": "900", "type": "Feature", "properties": {"OBJECTID": 901, "Id": 0, "stormdate": 1747353600000, "stormtime": "1941 UTC", "surveydate": 1748736000000, "surveytime": "1542 UTC", "event_id": " ", "damage": 27, "damage_txt": "Trees: Hardwood (TH)", "dod_txt": "Trees uprooted", "efscale": "TSTM/Wind", "damage_dir": "ESE/120", "windspeed": "94", "injuries": 0, "deaths": 0, "lat": 38.6549, "lon": -90.303, "office": "LSX", "image": " ", "qc": "Y", "dod": 3, "surveytype": "0", "comments": "Felled east-southeastward.", "image_full": " "}, "geometry": {"type": "Point", "coordinates": [-90.3030443249356, 38.6548612972111]}}, {"id": "901", "type": "Feature", "properties": {"OBJECTID": 902, "Id": 0, "stormdate": 1747353600000, "stormtime": "1940 UTC", "surveydate": 1748476800000, "surveytime": "1928 UTC", "event_id": " ", "damage": 15, "damage_txt": "Elementary School [Single Story; Interior or Exterior Hallways] (ES)", "dod_txt": "Loss of roof covering (<20%)", "efscale": "EF0", "damage_dir": "N/A", "windspeed": "80", "injuries": 0, "deaths": 0, "lat": 38.6416, "lon": -90.3069, "office": "LSX", "image": " ", "qc": "Y", "dod": 2, "surveytype": "0", "comments": "Roof damage per hi-res satellite imagery.", "image_full": " "}, "geometry": {"type": "Point", "coordinates": [-90.3068610108269, 38.6415627891914]}}, {"id": "902", "type": "Feature", "properties": {"OBJECTID": 903, "Id": 0, "stormdate": 1747353600000, "stormtime": "1943 UTC", "surveydate": 1761523200000, "surveytime": "1040 UTC", "event_id": " ", "damage": 2, "damage_txt": "One- or Two-Family Residences (FR12)", "dod_txt": "Loss of roof covering material (<20%), gutters and/or awning; loss of vinyl or metal siding", "efscale": "EF0", "damage_dir": "N/A", "windspeed": "79", "injuries": 0, "deaths": 0, "lat": 38.6666, "lon": -90.2535, "office": "LSX", "image": " ", "qc": "Y", "dod": 2, "surveytype": "0", "comments": " ", "image_full": " "}, "geometry": {"type": "Point", "coordinates": [-90.253527734917, 38.6665503317325]}}, {"id": "903", "type": "Feature", "properties": {"OBJECTID": 904, "Id": 0, "stormdate": 1747353600000, "stormtime": "1942 UTC", "surveydate": 1747440000000, "surveytime": "2100 UTC", "event_id": "0", "damage": 27, "damage_txt": "Trees: Hardwood (TH)", "dod_txt": "Trunks snapped", "efscale": "TSTM/Wind", "damage_dir": "N/A", "windspeed": "107", "injuries": 0, "deaths": 0, "lat": 38.634, "lon": -90.2903, "office": "LSX", "image": "0", "qc": "Y", "dod": 4, "surveytype": "0", "comments": "0", "image_full": "https://services.dat.noaa.gov/arcgis/rest/services/nws_damageassessmenttoolkit/DamageViewer/MapServer/0/4480215/attachments/2625908"}, "geometry": {"type": "Point", "coordinates": [-90.2902549626963, 38.6340346785576]}}, {"id": "904", "type": "Feature", "properties": {"OBJECTID": 905, "Id": 0, "stormdate": 1747353600000, "stormtime": "1943 UTC", "surveydate": 1755561600000, "surveytime": "1836 UTC", "event_id": " ", "damage": 2, "damage_txt": "One- or Two-Family Residences (FR12)", "dod_txt": "Loss of roof covering material (<20%), gutters and/or awning; loss of vinyl or metal siding", "efscale": "EF0", "damage_dir": "N/A", "windspeed": "79", "injuries": 0, "deaths": 0, "lat": 38.6615, "lon": -90.2656, "office": "LSX", "image": " ", "qc": "Y", "dod": 2, "surveytype": "0", "comments": " ", "image_full": " "}, "geometry": {"type": "Point", "coordinates": [-90.2655873162016, 38.6614955051135]}}, {"id": "905", "type": "Feature", "properties": {"OBJECTID": 906, "Id": 0, "stormdate": 1747353600000, "stormtime": "1943 UTC", "surveydate": 1748822400000, "surveytime": "1659 UTC", "event_id": " ", "damage": 18, "damage_txt": "Mid-Rise Building [5-20 Stories] (MRB)", "dod_txt": "Damage to parapet walls or coping", "efscale": "EF1", "damage_dir": "N/A", "windspeed": "105", "injuries": 0, "deaths": 0, "lat": 38.6479, "lon": -90.2809, "office": "LSX", "image": " ", "qc": "Y", "dod": 4, "surveytype": "0", "comments": " ", "image_full": " "}, "geometry": {"type": "Point", "coordinates": [-90.2809397858424, 38.6479252714342]}}, {"id": "906", "type": "Feature", "properties": {"OBJECTID": 907, "Id": 0, "stormdate": 1747353600000, "stormtime": "1942 UTC", "surveydate": 1748822400000, "surveytime": "1751 UTC", "event_id": " ", "damage": 2, "damage_txt": "One- or Two-Family Residences (FR12)", "dod_txt": "Loss of roof covering material (<20%), gutters and/or awning; loss of vinyl or metal siding", "efscale": "EF0", "damage_dir": "N/A", "windspeed": "79", "injuries": 0, "deaths": 0, "lat": 38.6489, "lon": -90.2918, "office": "LSX", "image": " ", "qc": "Y", "dod": 2, "surveytype": "0", "comments": " ", "image_full": " "}, "geometry": {"type": "Point", "coordinates": [-90.2917810231756, 38.6488916055632]}}, {"id": "907", "type": "Feature", "properties": {"OBJECTID": 908, "Id": 0, "stormdate": 1747353600000, "stormtime": "1943 UTC", "surveydate": 1754438400000, "surveytime": "1038 UTC", "event_id": " ", "damage": 2, "damage_txt": "One- or Two-Family Residences (FR12)", "dod_txt": "Loss of roof covering material (<20%), gutters and/or awning; loss of vinyl or metal siding", "efscale": "EF0", "damage_dir": "N/A", "windspeed": "79", "injuries": 0, "deaths": 0, "lat": 38.6581, "lon": -90.2663, "office": "LSX", "image": " ", "qc": "Y", "dod": 2, "surveytype": "0", "comments": " ", "image_full": " "}, "geometry": {"type": "Point", "coordinates": [-90.2662911400241, 38.6581030096463]}}, {"id": "908", "type": "Feature", "properties": {"OBJECTID": 909, "Id": 0, "stormdate": 1747353600000, "stormtime": "1943 UTC", "surveydate": 1747440000000, "surveytime": "2013 UTC", "event_id": "0", "damage": 5, "damage_txt": "Apartments, Condos, Townhouses [3 stories or less] (ACT)", "dod_txt": "Uplift of roof decking; significant loss of roof covering (>20%)", "efscale": "EF2", "damage_dir": "N/A", "windspeed": "115", "injuries": 0, "deaths": 0, "lat": 38.6493, "lon": -90.2819, "office": "LSX", "image": "0", "qc": "Y", "dod": 3, "surveytype": "0", "comments": "0", "image_full": "https://services.dat.noaa.gov/arcgis/rest/services/nws_damageassessmenttoolkit/DamageViewer/MapServer/0/4480191/attachments/2625883"}, "geometry": {"type": "Point", "coordinates": [-90.2818856001403, 38.6492919396713]}}, {"id": "909", "type": "Feature", "properties": {"OBJECTID": 910, "Id": 0, "stormdate": 1747353600000, "stormtime": "1944 UTC", "surveydate": 1747440000000, "surveytime": "1818 UTC", "event_id": "0", "damage": 27, "damage_txt": "Trees: Hardwood (TH)", "dod_txt": "Large branches broken (1-3 inch diameter)", "efscale": "EF0", "damage_dir": "N/A", "windspeed": "74", "injuries": 0, "deaths": 0, "lat": 38.666, "lon": -90.2472, "office": "LSX", "image": "0", "qc": "Y", "dod": 2, "surveytype": "0", "comments": "0", "image_full": "https://services.dat.noaa.gov/arcgis/rest/services/nws_damageassessmenttoolkit/DamageViewer/MapServer/0/4479992/attachments/2625256"}, "geometry": {"type": "Point", "coordinates": [-90.2472403505617, 38.666014628972]}}, {"id": "910", "type": "Feature", "properties": {"OBJECTID": 911, "Id": 0, "stormdate": 1747353600000, "stormtime": "1943 UTC", "surveydate": 1754438400000, "surveytime": "1038 UTC", "event_id": " ", "damage": 2, "damage_txt": "One- or Two-Family Residences (FR12)", "dod_txt": "Loss of roof covering material (<20%), gutters and/or awning; loss of vinyl or metal siding", "efscale": "EF0", "damage_dir": "N/A", "windspeed": "79", "injuries": 0, "deaths": 0, "lat": 38.6581, "lon": -90.2663, "office": "LSX", "image": " ", "qc": "Y", "dod": 2, "surveytype": "0", "comments": " ", "image_full": " "}, "geometry": {"type": "Point", "coordinates": [-90.2662911400241, 38.6581030096463]}}, {"id": "911", "type": "Feature", "properties": {"OBJECTID": 912, "Id": 0, "stormdate": 1747353600000, "stormtime": "1940 UTC", "surveydate": 1748390400000, "surveytime": "1925 UTC", "event_id": " ", "damage": 27, "damage_txt": "Trees: Hardwood (TH)", "dod_txt": "Trunks snapped", "efscale": "EF1", "damage_dir": "N/A", "windspeed": "100", "injuries": 0, "deaths": 0, "lat": 38.6409, "lon": -90.3333, "office": "LSX", "image": " ", "qc": "Y", "dod": 4, "surveytype": "0", "comments": "Tree snapped and felled eastward onto a building.", "image_full": " "}, "geometry": {"type": "Point", "coordinates": [-90.3332961731798, 38.6409206291838]}}, {"id": "912", "type": "Feature", "properties": {"OBJECTID": 913, "Id": 0, "stormdate": 1747353600000, "stormtime": "1942 UTC", "surveydate": 1748476800000, "surveytime": "1909 UTC", "event_id": " ", "damage": 5, "damage_txt": "Apartments, Condos, Townhouses [3 stories or less] (ACT)", "dod_txt": "Uplift of roof decking; significant loss of roof covering (>20%)", "efscale": "TSTM/Wind", "damage_dir": "N/0", "windspeed": "110", "injuries": 0, "deaths": 0, "lat": 38.6384, "lon": -90.3065, "office": "LSX", "image": " ", "qc": "Y", "dod": 3, "surveytype": "0", "comments": "Significant roof damage per hi-res satellite imagery.", "image_full": " "}, "geometry": {"type": "Point", "coordinates": [-90.3065053181659, 38.6384130989854]}}, {"id": "913", "type": "Feature", "properties": {"OBJECTID": 914, "Id": 0, "stormdate": 1747353600000, "stormtime": "1945 UTC", "surveydate": 1747440000000, "surveytime": "1529 UTC", "event_id": "0", "damage": 2, "damage_txt": "One- or Two-Family Residences (FR12)", "dod_txt": "Large sections of roof structure removed; most walls remain standing", "efscale": "EF2", "damage_dir": "N/A", "windspeed": "122", "injuries": 0, "deaths": 0, "lat": 38.67, "lon": -90.2323, "office": "LSX", "image": "0", "qc": "Y", "dod": 6, "surveytype": "0", "comments": "0", "image_full": "https://services.dat.noaa.gov/arcgis/rest/services/nws_damageassessmenttoolkit/DamageViewer/MapServer/0/4479885/attachments/2625131"}, "geometry": {"type": "Point", "coordinates": [-90.232319530322, 38.6699624782858]}}, {"id": "914", "type": "Feature", "properties": {"OBJECTID": 915, "Id": 0, "stormdate": 1747353600000, "stormtime": "1939 UTC", "surveydate": 1748390400000, "surveytime": "1708 UTC", "event_id": " ", "damage": 27, "damage_txt": "Trees: Hardwood (TH)", "dod_txt": "Trunks snapped", "efscale": "EF1", "damage_dir": "N/A", "windspeed": "107", "injuries": 0, "deaths": 0, "lat": 38.6435, "lon": -90.3436, "office": "LSX", "image": " ", "qc": "Y", "dod": 4, "surveytype": "0", "comments": "Numerous trees snapped at the southwest corner of the intersection of Brentwood Blvd and Corporate Park Dr. Trees generally felled to the north.", "image_full": " "}, "geometry": {"type": "Point", "coordinates": [-90.3435864948208, 38.6435470272735]}}, {"id": "915", "type": "Feature", "properties": {"OBJECTID": 916, "Id": 0, "stormdate": 1747353600000, "stormtime": "1941 UTC", "surveydate": 1748736000000, "surveytime": "1529 UTC", "event_id": " ", "damage": 27, "damage_txt": "Trees: Hardwood (TH)", "dod_txt": "Large branches broken (1-3 inch diameter)", "efscale": "EF0", "damage_dir": "N/A", "windspeed": "74", "injuries": 0, "deaths": 0, "lat": 38.6474, "lon": -90.3043, "office": "LSX", "image": " ", "qc": "Y", "dod": 2, "surveytype": "0", "comments": " ", "image_full": " "}, "geometry": {"type": "Point", "coordinates": [-90.3043026077791, 38.6474301047156]}}, {"id": "916", "type": "Feature", "properties": {"OBJECTID": 917, "Id": 0, "stormdate": 1747353600000, "stormtime": "1940 UTC", "surveydate": 1748390400000, "surveytime": "1857 UTC", "event_id": " ", "damage": 27, "damage_txt": "Trees: Hardwood (TH)", "dod_txt": "Large branches broken (1-3 inch diameter)", "efscale": "EF1", "damage_dir": "N/A", "windspeed": "88", "injuries": 0, "deaths": 0, "lat": 38.6431, "lon": -90.3207, "office": "LSX", "image": " ", "qc": "Y", "dod": 2, "surveytype": "0", "comments": "Several trees topped and large branches snapped in this area per hi-res satellite data.", "image_full": " "}, "geometry": {"type": "Point", "coordinates": [-90.3206704866536, 38.6430697705535]}}, {"id": "917", "type": "Feature", "properties": {"OBJECTID": 918, "Id": 0, "stormdate": 1747353600000, "stormtime": "1943 UTC", "surveydate": 1761523200000, "surveytime": "1040 UTC", "event_id": " ", "damage": 2, "damage_txt": "One- or Two-Family Residences (FR12)", "dod_txt": "Loss of roof covering material (<20%), gutters and/or awning; loss of vinyl or metal siding", "efscale": "EF0", "damage_dir": "N/A", "windspeed": "79", "injuries": 0, "deaths": 0, "lat": 38.6666, "lon": -90.2535, "office": "LSX", "image": " ", "qc": "Y", "dod": 2, "surveytype": "0", "comments": " ", "image_full": " "}, "geometry": {"type": "Point", "coordinates": [-90.253527734917, 38.6665503317325]}}, {"id": "918", "type": "Feature", "properties": {"OBJECTID": 919, "Id": 0, "stormdate": 1747353600000, "stormtime": "1730 UTC", "surveydate": 1748736000000, "surveytime": "1730 UTC", "event_id": " ", "damage": 27, "damage_txt": "Trees: Hardwood (TH)", "dod_txt": "Trees uprooted", "efscale": "TSTM/Wind", "damage_dir": "S/180", "windspeed": "94", "injuries": 0, "deaths": 0, "lat": 38.6298, "lon": -90.3162, "office": "LSX", "image": " ", "qc": "Y", "dod": 3, "surveytype": "0", "comments": "Felled southward.", "image_full": " "}, "geometry": {"type": "Point", "coordinates": [-90.3162081396939, 38.6298034933366]}}, {"id": "919", "type": "Feature", "properties": {"OBJECTID": 920, "Id": 0, "stormdate": 1747353600000, "stormtime": "1939 UTC", "surveydate": 1748390400000, "surveytime": "1731 UTC", "event_id": " ", "damage": 27, "damage_txt": "Trees: Hardwood (TH)", "dod_txt": "Large branches broken (1-3 inch diameter)", "efscale": "EF0", "damage_dir": "N/A", "windspeed": "85", "injuries": 0, "deaths": 0, "lat": 38.6434, "lon": -90.3401, "office": "LSX", "image": " ", "qc": "Y", "dod": 2, "surveytype": "0", "comments": "Large tree topped per hi-res satellite imagery.", "image_full": " "}, "geometry": {"type": "Point", "coordinates": [-90.3400507481435, 38.6434216249081]}}, {"id": "920", "type": "Feature", "properties": {"OBJECTID": 921, "Id": 0, "stormdate": 1747353600000, "stormtime": "1939 UTC", "surveydate": 1748304000000, "surveytime": "1730 UTC", "event_id": " ", "damage": 27, "damage_txt": "Trees: Hardwood (TH)", "dod_txt": "Large branches broken (1-3 inch diameter)", "efscale": "TSTM/Wind", "damage_dir": "ESE/120", "windspeed": "88", "injuries": 0, "deaths": 0, "lat": 38.6346, "lon": -90.3295, "office": "LSX", "image": " ", "qc": "Y", "dod": 2, "surveytype": "0", "comments": "Large branches, possibly half or entire tree snapped her per hi-res imagery. Limbs/tree fell pointing southeast.", "image_full": " "}, "geometry": {"type": "Point", "coordinates": [-90.329485160212, 38.6345830698528]}}, {"id": "921", "type": "Feature", "properties": {"OBJECTID": 922, "Id": 0, "stormdate": 1747353600000, "stormtime": "1955 UTC", "surveydate": 1747526400000, "surveytime": "1442 UTC", "event_id": "0", "damage": 27, "damage_txt": "Trees: Hardwood (TH)", "dod_txt": "Trunks snapped", "efscale": "EF1", "damage_dir": "N/A", "windspeed": "95", "injuries": 0, "deaths": 0, "lat": 38.7263, "lon": -90.1036, "office": "LSX", "image": "0", "qc": "Y", "dod": 4, "surveytype": "0", "comments": "0", "image_full": "https://services.dat.noaa.gov/arcgis/rest/services/nws_damageassessmenttoolkit/DamageViewer/MapServer/0/4480368/attachments/2626101"}, "geometry": {"type": "Point", "coordinates": [-90.1036398303139, 38.726256139809]}}, {"id": "922", "type": "Feature", "properties": {"OBJECTID": 923, "Id": 0, "stormdate": 1747353600000, "stormtime": "2002 UTC", "surveydate": 1747526400000, "surveytime": "1624 UTC", "event_id": "0", "damage": 27, "damage_txt": "Trees: Hardwood (TH)", "dod_txt": "Large branches broken (1-3 inch diameter)", "efscale": "EF0", "damage_dir": "N/A", "windspeed": "80", "injuries": 0, "deaths": 0, "lat": 38.7744, "lon": -90.0046, "office": "LSX", "image": "0", "qc": "Y", "dod": 2, "surveytype": "0", "comments": "0", "image_full": " "}, "geometry": {"type": "Point", "coordinates": [-90.0045947927155, 38.77442134377]}}, {"id": "923", "type": "Feature", "properties": {"OBJECTID": 924, "Id": 0, "stormdate": 1747353600000, "stormtime": "1944 UTC", "surveydate": 1747440000000, "surveytime": "1854 UTC", "event_id": "0", "damage": 2, "damage_txt": "One- or Two-Family Residences (FR12)", "dod_txt": "Large sections of roof structure removed; most walls remain standing", "efscale": "EF2", "damage_dir": "N/A", "windspeed": "122", "injuries": 0, "deaths": 0, "lat": 38.6593, "lon": -90.2467, "office": "LSX", "image": "0", "qc": "Y", "dod": 6, "surveytype": "0", "comments": "0", "image_full": "https://services.dat.noaa.gov/arcgis/rest/services/nws_damageassessmenttoolkit/DamageViewer/MapServer/0/4465841/attachments/2613554"}, "geometry": {"type": "Point", "coordinates": [-90.2466833059897, 38.6593264572502]}}, {"id": "924", "type": "Feature", "properties": {"OBJECTID": 925, "Id": 0, "stormdate": 1747353600000, "stormtime": "1943 UTC", "surveydate": 1761523200000, "surveytime": "1040 UTC", "event_id": " ", "damage": 2, "damage_txt": "One- or Two-Family Residences (FR12)", "dod_txt": "Loss of roof covering material (<20%), gutters and/or awning; loss of vinyl or metal siding", "efscale": "EF0", "damage_dir": "N/A", "windspeed": "79", "injuries": 0, "deaths": 0, "lat": 38.6666, "lon": -90.2535, "office": "LSX", "image": " ", "qc": "Y", "dod": 2, "surveytype": "0", "comments": " ", "image_full": " "}, "geometry": {"type": "Point", "coordinates": [-90.253527734917, 38.6665503317325]}}, {"id": "925", "type": "Feature", "properties": {"OBJECTID": 926, "Id": 0, "stormdate": 1747353600000, "stormtime": "1944 UTC", "surveydate": 1747440000000, "surveytime": "1854 UTC", "event_id": "0", "damage": 2, "damage_txt": "One- or Two-Family Residences (FR12)", "dod_txt": "Large sections of roof structure removed; most walls remain standing", "efscale": "EF2", "damage_dir": "N/A", "windspeed": "122", "injuries": 0, "deaths": 0, "lat": 38.6589, "lon": -90.2458, "office": "LSX", "image": "0", "qc": "Y", "dod": 6, "surveytype": "0", "comments": "0", "image_full": "https://services.dat.noaa.gov/arcgis/rest/services/nws_damageassessmenttoolkit/DamageViewer/MapServer/0/4465840/attachments/2613553"}, "geometry": {"type": "Point", "coordinates": [-90.2457607400661, 38.6588901727433]}}, {"id": "926", "type": "Feature", "properties": {"OBJECTID": 927, "Id": 0, "stormdate": 1747353600000, "stormtime": "1942 UTC", "surveydate": 1747440000000, "surveytime": "2102 UTC", "event_id": "0", "damage": 28, "damage_txt": "Trees: Softwood (TS)", "dod_txt": "Trees uprooted", "efscale": "TSTM/Wind", "damage_dir": "N/A", "windspeed": "87", "injuries": 0, "deaths": 0, "lat": 38.6342, "lon": -90.291, "office": "LSX", "image": "0", "qc": "Y", "dod": 3, "surveytype": "0", "comments": "0", "image_full": "https://services.dat.noaa.gov/arcgis/rest/services/nws_damageassessmenttoolkit/DamageViewer/MapServer/0/4480216/attachments/2625909"}, "geometry": {"type": "Point", "coordinates": [-90.290976084079, 38.6341553441939]}}, {"id": "927", "type": "Feature", "properties": {"OBJECTID": 928, "Id": 0, "stormdate": 1747353600000, "stormtime": "1939 UTC", "surveydate": 1748390400000, "surveytime": "1438 UTC", "event_id": " ", "damage": 5, "damage_txt": "Apartments, Condos, Townhouses [3 stories or less] (ACT)", "dod_txt": "Loss of roof covering (<20%)", "efscale": "EF1", "damage_dir": "N/A", "windspeed": "99", "injuries": 0, "deaths": 0, "lat": 38.6419, "lon": -90.3327, "office": "LSX", "image": " ", "qc": "Y", "dod": 2, "surveytype": "0", "comments": "Areas of damage to roof per hi-res satellite imagery.", "image_full": " "}, "geometry": {"type": "Point", "coordinates": [-90.3327037888487, 38.6419427653464]}}, {"id": "928", "type": "Feature", "properties": {"OBJECTID": 929, "Id": 0, "stormdate": 1747353600000, "stormtime": "1943 UTC", "surveydate": 1748822400000, "surveytime": "1529 UTC", "event_id": " ", "damage": 27, "damage_txt": "Trees: Hardwood (TH)", "dod_txt": "Trees uprooted", "efscale": "EF1", "damage_dir": "NE/45", "windspeed": "94", "injuries": 0, "deaths": 0, "lat": 38.6445, "lon": -90.2706, "office": "LSX", "image": " ", "qc": "Y", "dod": 3, "surveytype": "0", "comments": "Tree uprooted here per hi-res satellite imagery. Felled northeastward.", "image_full": " "}, "geometry": {"type": "Point", "coordinates": [-90.2706216625596, 38.6444766609692]}}, {"id": "929", "type": "Feature", "properties": {"OBJECTID": 930, "Id": 0, "stormdate": 1747353600000, "stormtime": "1940 UTC", "surveydate": 1748476800000, "surveytime": "1813 UTC", "event_id": " ", "damage": 24, "damage_txt": "Electrical Transmission Lines (ETL)", "dod_txt": "Broken wood poles", "efscale": "EF1", "damage_dir": "N/A", "windspeed": "100", "injuries": 0, "deaths": 0, "lat": 38.6407, "lon": -90.3104, "office": "LSX", "image": " ", "qc": "Y", "dod": 4, "surveytype": "0", "comments": "Snapped power pole, likely because of tree falling on line per hi-res satellite imagery.", "image_full": " "}, "geometry": {"type": "Point", "coordinates": [-90.3104135667327, 38.6406653692115]}}, {"id": "930", "type": "Feature", "properties": {"OBJECTID": 931, "Id": 0, "stormdate": 1747353600000, "stormtime": "1940 UTC", "surveydate": 1748390400000, "surveytime": "1848 UTC", "event_id": " ", "damage": 27, "damage_txt": "Trees: Hardwood (TH)", "dod_txt": "Trees uprooted", "efscale": "EF1", "damage_dir": "N/A", "windspeed": "94", "injuries": 0, "deaths": 0, "lat": 38.6413, "lon": -90.3209, "office": "LSX", "image": " ", "qc": "Y", "dod": 3, "surveytype": "0", "comments": "Two trees uprooted and felled to the north-northeast per hi-res satellite data.", "image_full": " "}, "geometry": {"type": "Point", "coordinates": [-90.3208595817043, 38.6412649553135]}}, {"id": "931", "type": "Feature", "properties": {"OBJECTID": 932, "Id": 0, "stormdate": 1747353600000, "stormtime": "1943 UTC", "surveydate": 1761523200000, "surveytime": "1040 UTC", "event_id": " ", "damage": 2, "damage_txt": "One- or Two-Family Residences (FR12)", "dod_txt": "Loss of roof covering material (<20%), gutters and/or awning; loss of vinyl or metal siding", "efscale": "EF0", "damage_dir": "N/A", "windspeed": "79", "injuries": 0, "deaths": 0, "lat": 38.6666, "lon": -90.2535, "office": "LSX", "image": " ", "qc": "Y", "dod": 2, "surveytype": "0", "comments": " ", "image_full": " "}, "geometry": {"type": "Point", "coordinates": [-90.253527734917, 38.6665503317325]}}, {"id": "932", "type": "Feature", "properties": {"OBJECTID": 933, "Id": 0, "stormdate": 1747353600000, "stormtime": "1943 UTC", "surveydate": 1754438400000, "surveytime": "1038 UTC", "event_id": " ", "damage": 2, "damage_txt": "One- or Two-Family Residences (FR12)", "dod_txt": "Loss of roof covering material (<20%), gutters and/or awning; loss of vinyl or metal siding", "efscale": "EF0", "damage_dir": "N/A", "windspeed": "79", "injuries": 0, "deaths": 0, "lat": 38.6581, "lon": -90.2663, "office": "LSX", "image": " ", "qc": "Y", "dod": 2, "surveytype": "0", "comments": " ", "image_full": " "}, "geometry": {"type": "Point", "coordinates": [-90.2662911400241, 38.6581030096463]}}, {"id": "933", "type": "Feature", "properties": {"OBJECTID": 934, "Id": 0, "stormdate": 1747353600000, "stormtime": "1941 UTC", "surveydate": 1748476800000, "surveytime": "1923 UTC", "event_id": " ", "damage": 2, "damage_txt": "One- or Two-Family Residences (FR12)", "dod_txt": "Loss of roof covering material (<20%), gutters and/or awning; loss of vinyl or metal siding", "efscale": "EF0", "damage_dir": "N/A", "windspeed": "85", "injuries": 0, "deaths": 0, "lat": 38.6404, "lon": -90.3046, "office": "LSX", "image": " ", "qc": "Y", "dod": 2, "surveytype": "0", "comments": "Roof damage per hi-res satellite imagery.", "image_full": " "}, "geometry": {"type": "Point", "coordinates": [-90.304625725197, 38.6404231071407]}}, {"id": "934", "type": "Feature", "properties": {"OBJECTID": 935, "Id": 0, "stormdate": 1747353600000, "stormtime": "1939 UTC", "surveydate": 1748390400000, "surveytime": "1508 UTC", "event_id": " ", "damage": 5, "damage_txt": "Apartments, Condos, Townhouses [3 stories or less] (ACT)", "dod_txt": "Uplift of roof decking; significant loss of roof covering (>20%)", "efscale": "EF2", "damage_dir": "N/A", "windspeed": "124", "injuries": 0, "deaths": 0, "lat": 38.6433, "lon": -90.343, "office": "LSX", "image": " ", "qc": "Y", "dod": 3, "surveytype": "0", "comments": "Majority of roof covering, portion of roof decking removed per hi-res satellite imagery.", "image_full": " "}, "geometry": {"type": "Point", "coordinates": [-90.3429808589794, 38.6433307457174]}}, {"id": "935", "type": "Feature", "properties": {"OBJECTID": 936, "Id": 0, "stormdate": 1747353600000, "stormtime": "1944 UTC", "surveydate": 1747440000000, "surveytime": "1609 UTC", "event_id": "0", "damage": 27, "damage_txt": "Trees: Hardwood (TH)", "dod_txt": "Large branches broken (1-3 inch diameter)", "efscale": "EF1", "damage_dir": "N/A", "windspeed": "88", "injuries": 0, "deaths": 0, "lat": 38.6626, "lon": -90.2299, "office": "LSX", "image": "0", "qc": "Y", "dod": 2, "surveytype": "0", "comments": "0", "image_full": "https://services.dat.noaa.gov/arcgis/rest/services/nws_damageassessmenttoolkit/DamageViewer/MapServer/0/4479912/attachments/2625151"}, "geometry": {"type": "Point", "coordinates": [-90.2298523338181, 38.6626146988094]}}, {"id": "936", "type": "Feature", "properties": {"OBJECTID": 937, "Id": 0, "stormdate": 1747353600000, "stormtime": "1940 UTC", "surveydate": 1748390400000, "surveytime": "1640 UTC", "event_id": " ", "damage": 27, "damage_txt": "Trees: Hardwood (TH)", "dod_txt": "Large branches broken (1-3 inch diameter)", "efscale": "EF0", "damage_dir": "N/A", "windspeed": "85", "injuries": 0, "deaths": 0, "lat": 38.6426, "lon": -90.3489, "office": "LSX", "image": " ", "qc": "Y", "dod": 2, "surveytype": "0", "comments": "Large limbs snapped on tree at this location per hi-res satellite imagery.", "image_full": " "}, "geometry": {"type": "Point", "coordinates": [-90.348918175933, 38.6425713716715]}}, {"id": "937", "type": "Feature", "properties": {"OBJECTID": 938, "Id": 0, "stormdate": 1747353600000, "stormtime": "1957 UTC", "surveydate": 1747526400000, "surveytime": "1456 UTC", "event_id": "0", "damage": 27, "damage_txt": "Trees: Hardwood (TH)", "dod_txt": "Trunks snapped", "efscale": "EF1", "damage_dir": "N/A", "windspeed": "100", "injuries": 0, "deaths": 0, "lat": 38.7307, "lon": -90.0853, "office": "LSX", "image": "0", "qc": "Y", "dod": 4, "surveytype": "0", "comments": "0", "image_full": "https://services.dat.noaa.gov/arcgis/rest/services/nws_damageassessmenttoolkit/DamageViewer/MapServer/0/4480375/attachments/2626106"}, "geometry": {"type": "Point", "coordinates": [-90.0853470389347, 38.7306986639123]}}, {"id": "938", "type": "Feature", "properties": {"OBJECTID": 939, "Id": 0, "stormdate": 1747353600000, "stormtime": "1941 UTC", "surveydate": 1747440000000, "surveytime": "2133 UTC", "event_id": "0", "damage": 17, "damage_txt": "Low-Rise Building [1-4 Stories] (LRB)", "dod_txt": "Uplift of metal roof decking at eaves and roof corners; significant loss of roofing material (>20%)", "efscale": "EF1", "damage_dir": "N/0", "windspeed": "93", "injuries": 0, "deaths": 0, "lat": 38.6429, "lon": -90.3021, "office": "LSX", "image": "0", "qc": "Y", "dod": 3, "surveytype": "0", "comments": " ", "image_full": "https://services.dat.noaa.gov/arcgis/rest/services/nws_damageassessmenttoolkit/DamageViewer/MapServer/0/4480230/attachments/2625919"}, "geometry": {"type": "Point", "coordinates": [-90.3021286738991, 38.6429351393452]}}, {"id": "939", "type": "Feature", "properties": {"OBJECTID": 940, "Id": 0, "stormdate": 1747353600000, "stormtime": "1940 UTC", "surveydate": 1748476800000, "surveytime": "1855 UTC", "event_id": " ", "damage": 27, "damage_txt": "Trees: Hardwood (TH)", "dod_txt": "Trees uprooted", "efscale": "EF1", "damage_dir": "N/A", "windspeed": "94", "injuries": 0, "deaths": 0, "lat": 38.6434, "lon": -90.3109, "office": "LSX", "image": " ", "qc": "Y", "dod": 3, "surveytype": "0", "comments": "Large tree uprooted per hi-res satellite imagery.", "image_full": " "}, "geometry": {"type": "Point", "coordinates": [-90.3109318181488, 38.6434451439783]}}, {"id": "940", "type": "Feature", "properties": {"OBJECTID": 941, "Id": 0, "stormdate": 1747353600000, "stormtime": "1944 UTC", "surveydate": 1747440000000, "surveytime": "1840 UTC", "event_id": "0", "damage": 27, "damage_txt": "Trees: Hardwood (TH)", "dod_txt": "Trunks snapped", "efscale": "EF1", "damage_dir": "N/A", "windspeed": "107", "injuries": 0, "deaths": 0, "lat": 38.6693, "lon": -90.2535, "office": "LSX", "image": "0", "qc": "Y", "dod": 4, "surveytype": "0", "comments": "0", "image_full": "https://services.dat.noaa.gov/arcgis/rest/services/nws_damageassessmenttoolkit/DamageViewer/MapServer/0/4480047/attachments/2625319"}, "geometry": {"type": "Point", "coordinates": [-90.2535483248952, 38.6692809216772]}}, {"id": "941", "type": "Feature", "properties": {"OBJECTID": 942, "Id": 0, "stormdate": 1747353600000, "stormtime": "1946 UTC", "surveydate": 1747440000000, "surveytime": "1621 UTC", "event_id": "0", "damage": 27, "damage_txt": "Trees: Hardwood (TH)", "dod_txt": "Trunks snapped", "efscale": "EF1", "damage_dir": "N/A", "windspeed": "107", "injuries": 0, "deaths": 0, "lat": 38.6781, "lon": -90.223, "office": "LSX", "image": "0", "qc": "Y", "dod": 4, "surveytype": "0", "comments": "0", "image_full": "https://services.dat.noaa.gov/arcgis/rest/services/nws_damageassessmenttoolkit/DamageViewer/MapServer/0/4465818/attachments/2613529"}, "geometry": {"type": "Point", "coordinates": [-90.222953629906, 38.6781368165609]}}, {"id": "942", "type": "Feature", "properties": {"OBJECTID": 943, "Id": 0, "stormdate": 1747353600000, "stormtime": "1943 UTC", "surveydate": 1761523200000, "surveytime": "1040 UTC", "event_id": " ", "damage": 2, "damage_txt": "One- or Two-Family Residences (FR12)", "dod_txt": "Loss of roof covering material (<20%), gutters and/or awning; loss of vinyl or metal siding", "efscale": "EF0", "damage_dir": "N/A", "windspeed": "79", "injuries": 0, "deaths": 0, "lat": 38.6666, "lon": -90.2535, "office": "LSX", "image": " ", "qc": "Y", "dod": 2, "surveytype": "0", "comments": " ", "image_full": " "}, "geometry": {"type": "Point", "coordinates": [-90.253527734917, 38.6665503317325]}}, {"id": "943", "type": "Feature", "properties": {"OBJECTID": 944, "Id": 0, "stormdate": 1747353600000, "stormtime": "1941 UTC", "surveydate": 1748736000000, "surveytime": "1533 UTC", "event_id": " ", "damage": 20, "damage_txt": "Institutional Building [Hospital, Government or University Building] (IB)", "dod_txt": "Loss of roof covering (<20%)", "efscale": "TSTM/Wind", "damage_dir": "N/A", "windspeed": "86", "injuries": 0, "deaths": 0, "lat": 38.6482, "lon": -90.3115, "office": "LSX", "image": " ", "qc": "Y", "dod": 2, "surveytype": "0", "comments": " ", "image_full": " "}, "geometry": {"type": "Point", "coordinates": [-90.3114812130874, 38.648211164114]}}, {"id": "944", "type": "Feature", "properties": {"OBJECTID": 945, "Id": 0, "stormdate": 1747353600000, "stormtime": "1945 UTC", "surveydate": 1747440000000, "surveytime": "1613 UTC", "event_id": "0", "damage": 27, "damage_txt": "Trees: Hardwood (TH)", "dod_txt": "Large branches broken (1-3 inch diameter)", "efscale": "EF0", "damage_dir": "N/A", "windspeed": "74", "injuries": 0, "deaths": 0, "lat": 38.6644, "lon": -90.2221, "office": "LSX", "image": "0", "qc": "Y", "dod": 2, "surveytype": "0", "comments": "0", "image_full": "https://services.dat.noaa.gov/arcgis/rest/services/nws_damageassessmenttoolkit/DamageViewer/MapServer/0/4479914/attachments/2625153"}, "geometry": {"type": "Point", "coordinates": [-90.2221333663617, 38.6643581326218]}}, {"id": "945", "type": "Feature", "properties": {"OBJECTID": 946, "Id": 0, "stormdate": 1747353600000, "stormtime": "1959 UTC", "surveydate": 1747526400000, "surveytime": "1508 UTC", "event_id": "0", "damage": 27, "damage_txt": "Trees: Hardwood (TH)", "dod_txt": "Large branches broken (1-3 inch diameter)", "efscale": "EF0", "damage_dir": "N/A", "windspeed": "74", "injuries": 0, "deaths": 0, "lat": 38.7362, "lon": -90.073, "office": "LSX", "image": "0", "qc": "Y", "dod": 2, "surveytype": "0", "comments": "0", "image_full": "https://services.dat.noaa.gov/arcgis/rest/services/nws_damageassessmenttoolkit/DamageViewer/MapServer/0/4480381/attachments/2626112"}, "geometry": {"type": "Point", "coordinates": [-90.0730141159087, 38.7362123938869]}}, {"id": "946", "type": "Feature", "properties": {"OBJECTID": 947, "Id": 0, "stormdate": 1747353600000, "stormtime": "1939 UTC", "surveydate": 1748390400000, "surveytime": "1449 UTC", "event_id": " ", "damage": 27, "damage_txt": "Trees: Hardwood (TH)", "dod_txt": "Trees uprooted", "efscale": "EF1", "damage_dir": "SSE/150", "windspeed": "94", "injuries": 0, "deaths": 0, "lat": 38.6441, "lon": -90.3327, "office": "LSX", "image": " ", "qc": "Y", "dod": 3, "surveytype": "0", "comments": "Tree uprooted, felled to the southeast per hi-res satellite imagery.", "image_full": " "}, "geometry": {"type": "Point", "coordinates": [-90.3327167858509, 38.6440992101105]}}, {"id": "947", "type": "Feature", "properties": {"OBJECTID": 948, "Id": 0, "stormdate": 1747353600000, "stormtime": "1952 UTC", "surveydate": 1747526400000, "surveytime": "1413 UTC", "event_id": "0", "damage": 28, "damage_txt": "Trees: Softwood (TS)", "dod_txt": "Large branches broken (1-3 inch diameter)", "efscale": "EF0", "damage_dir": "N/A", "windspeed": "75", "injuries": 0, "deaths": 0, "lat": 38.7165, "lon": -90.1499, "office": "LSX", "image": "0", "qc": "Y", "dod": 2, "surveytype": "0", "comments": "0", "image_full": "https://services.dat.noaa.gov/arcgis/rest/services/nws_damageassessmenttoolkit/DamageViewer/MapServer/0/4480357/attachments/2626088"}, "geometry": {"type": "Point", "coordinates": [-90.1499067399041, 38.7165409678914]}}, {"id": "948", "type": "Feature", "properties": {"OBJECTID": 949, "Id": 0, "stormdate": 1747353600000, "stormtime": "1940 UTC", "surveydate": 1748476800000, "surveytime": "1836 UTC", "event_id": " ", "damage": 27, "damage_txt": "Trees: Hardwood (TH)", "dod_txt": "Trunks snapped", "efscale": "EF1", "damage_dir": "N/A", "windspeed": "100", "injuries": 0, "deaths": 0, "lat": 38.6421, "lon": -90.3084, "office": "LSX", "image": " ", "qc": "Y", "dod": 4, "surveytype": "0", "comments": "Large tree topped or snapped per hi-res satellite imagery.", "image_full": " "}, "geometry": {"type": "Point", "coordinates": [-90.308351532797, 38.6420897100721]}}, {"id": "949", "type": "Feature", "properties": {"OBJECTID": 950, "Id": 0, "stormdate": 1747353600000, "stormtime": "1945 UTC", "surveydate": 1747440000000, "surveytime": "1528 UTC", "event_id": "0", "damage": 2, "damage_txt": "One- or Two-Family Residences (FR12)", "dod_txt": "Large sections of roof structure removed; most walls remain standing", "efscale": "EF2", "damage_dir": "N/A", "windspeed": "122", "injuries": 0, "deaths": 0, "lat": 38.6713, "lon": -90.2314, "office": "LSX", "image": "0", "qc": "Y", "dod": 6, "surveytype": "0", "comments": "0", "image_full": "https://services.dat.noaa.gov/arcgis/rest/services/nws_damageassessmenttoolkit/DamageViewer/MapServer/0/4465815/attachments/2613526"}, "geometry": {"type": "Point", "coordinates": [-90.2313510072432, 38.6713156899672]}}, {"id": "950", "type": "Feature", "properties": {"OBJECTID": 951, "Id": 0, "stormdate": 1747353600000, "stormtime": "1943 UTC", "surveydate": 1761523200000, "surveytime": "1040 UTC", "event_id": " ", "damage": 2, "damage_txt": "One- or Two-Family Residences (FR12)", "dod_txt": "Loss of roof covering material (<20%), gutters and/or awning; loss of vinyl or metal siding", "efscale": "EF0", "damage_dir": "N/A", "windspeed": "79", "injuries": 0, "deaths": 0, "lat": 38.6666, "lon": -90.2535, "office": "LSX", "image": " ", "qc": "Y", "dod": 2, "surveytype": "0", "comments": " ", "image_full": " "}, "geometry": {"type": "Point", "coordinates": [-90.253527734917, 38.6665503317325]}}, {"id": "951", "type": "Feature", "properties": {"OBJECTID": 952, "Id": 0, "stormdate": 1747353600000, "stormtime": "1940 UTC", "surveydate": 1748476800000, "surveytime": "1814 UTC", "event_id": " ", "damage": 27, "damage_txt": "Trees: Hardwood (TH)", "dod_txt": "Trunks snapped", "efscale": "EF1", "damage_dir": "E/90", "windspeed": "107", "injuries": 0, "deaths": 0, "lat": 38.6406, "lon": -90.3102, "office": "LSX", "image": " ", "qc": "Y", "dod": 4, "surveytype": "0", "comments": "Large tree snapped per hi-res satellite imagery.", "image_full": " "}, "geometry": {"type": "Point", "coordinates": [-90.3101828969231, 38.6406187537526]}}, {"id": "952", "type": "Feature", "properties": {"OBJECTID": 953, "Id": 0, "stormdate": 1747353600000, "stormtime": "1943 UTC", "surveydate": 1747440000000, "surveytime": "1418 UTC", "event_id": "0", "damage": 2, "damage_txt": "One- or Two-Family Residences (FR12)", "dod_txt": "Exterior walls collapsed", "efscale": "EF2", "damage_dir": "N/A", "windspeed": "132", "injuries": 0, "deaths": 0, "lat": 38.6568, "lon": -90.2614, "office": "LSX", "image": "0", "qc": "Y", "dod": 7, "surveytype": "0", "comments": "0", "image_full": "https://services.dat.noaa.gov/arcgis/rest/services/nws_damageassessmenttoolkit/DamageViewer/MapServer/0/4479835/attachments/2625067"}, "geometry": {"type": "Point", "coordinates": [-90.2614116200502, 38.6568177399468]}}, {"id": "953", "type": "Feature", "properties": {"OBJECTID": 954, "Id": 0, "stormdate": 1747353600000, "stormtime": "1940 UTC", "surveydate": 1748476800000, "surveytime": "1835 UTC", "event_id": " ", "damage": 27, "damage_txt": "Trees: Hardwood (TH)", "dod_txt": "Trunks snapped", "efscale": "EF1", "damage_dir": "N/A", "windspeed": "100", "injuries": 0, "deaths": 0, "lat": 38.642, "lon": -90.308, "office": "LSX", "image": " ", "qc": "Y", "dod": 4, "surveytype": "0", "comments": "Large tree topped/snapped here per hi-res satellite imagery.", "image_full": " "}, "geometry": {"type": "Point", "coordinates": [-90.3079947987209, 38.6420059112439]}}, {"id": "954", "type": "Feature", "properties": {"OBJECTID": 955, "Id": 0, "stormdate": 1747353600000, "stormtime": "1940 UTC", "surveydate": 1748390400000, "surveytime": "1907 UTC", "event_id": " ", "damage": 24, "damage_txt": "Electrical Transmission Lines (ETL)", "dod_txt": "Broken wood poles", "efscale": "EF1", "damage_dir": "E/90", "windspeed": "110", "injuries": 0, "deaths": 0, "lat": 38.6389, "lon": -90.3178, "office": "LSX", "image": " ", "qc": "Y", "dod": 4, "surveytype": "0", "comments": "Several power poles and trees snapped along the east side of Big Bend Blvd in this area per hi-res satellite data.", "image_full": " "}, "geometry": {"type": "Point", "coordinates": [-90.3178492036778, 38.6388505921811]}}, {"id": "955", "type": "Feature", "properties": {"OBJECTID": 956, "Id": 0, "stormdate": 1747353600000, "stormtime": "1940 UTC", "surveydate": 1748476800000, "surveytime": "1745 UTC", "event_id": " ", "damage": 2, "damage_txt": "One- or Two-Family Residences (FR12)", "dod_txt": "Uplift of roof deck and loss of significant roof covering material (>20%); collapse of chimney; garage doors collapse inward; failure of porch or carport", "efscale": "EF1", "damage_dir": "N/A", "windspeed": "97", "injuries": 0, "deaths": 0, "lat": 38.6405, "lon": -90.3121, "office": "LSX", "image": " ", "qc": "Y", "dod": 4, "surveytype": "0", "comments": "Roof damage and chimney collapse via hi-res satellite imagery.", "image_full": " "}, "geometry": {"type": "Point", "coordinates": [-90.3120525092159, 38.6405347552748]}}, {"id": "956", "type": "Feature", "properties": {"OBJECTID": 957, "Id": 0, "stormdate": 1747353600000, "stormtime": "1954 UTC", "surveydate": 1747526400000, "surveytime": "1436 UTC", "event_id": "0", "damage": 27, "damage_txt": "Trees: Hardwood (TH)", "dod_txt": "Trunks snapped", "efscale": "EF1", "damage_dir": "N/A", "windspeed": "95", "injuries": 0, "deaths": 0, "lat": 38.7231, "lon": -90.1175, "office": "LSX", "image": "0", "qc": "Y", "dod": 4, "surveytype": "0", "comments": "0", "image_full": "https://services.dat.noaa.gov/arcgis/rest/services/nws_damageassessmenttoolkit/DamageViewer/MapServer/0/4480366/attachments/2626099"}, "geometry": {"type": "Point", "coordinates": [-90.1175331562301, 38.7231480171673]}}, {"id": "957", "type": "Feature", "properties": {"OBJECTID": 958, "Id": 0, "stormdate": 1747353600000, "stormtime": "1942 UTC", "surveydate": 1748822400000, "surveytime": "1927 UTC", "event_id": " ", "damage": 2, "damage_txt": "One- or Two-Family Residences (FR12)", "dod_txt": "Uplift of roof deck and loss of significant roof covering material (>20%); collapse of chimney; garage doors collapse inward; failure of porch or carport", "efscale": "EF1", "damage_dir": "N/A", "windspeed": "90", "injuries": 0, "deaths": 0, "lat": 38.6467, "lon": -90.2865, "office": "LSX", "image": " ", "qc": "Y", "dod": 4, "surveytype": "0", "comments": " ", "image_full": " "}, "geometry": {"type": "Point", "coordinates": [-90.2865181590858, 38.6466781437814]}}, {"id": "958", "type": "Feature", "properties": {"OBJECTID": 959, "Id": 0, "stormdate": 1747353600000, "stormtime": "1959 UTC", "surveydate": 1747526400000, "surveytime": "1509 UTC", "event_id": "0", "damage": 27, "damage_txt": "Trees: Hardwood (TH)", "dod_txt": "Large branches broken (1-3 inch diameter)", "efscale": "EF0", "damage_dir": "N/A", "windspeed": "74", "injuries": 0, "deaths": 0, "lat": 38.7383, "lon": -90.0746, "office": "LSX", "image": "0", "qc": "Y", "dod": 2, "surveytype": "0", "comments": "0", "image_full": "https://services.dat.noaa.gov/arcgis/rest/services/nws_damageassessmenttoolkit/DamageViewer/MapServer/0/4480382/attachments/2626113"}, "geometry": {"type": "Point", "coordinates": [-90.0746055427116, 38.7382854094441]}}, {"id": "959", "type": "Feature", "properties": {"OBJECTID": 960, "Id": 0, "stormdate": 1747353600000, "stormtime": "1945 UTC", "surveydate": 1747440000000, "surveytime": "1522 UTC", "event_id": "0", "damage": 8, "damage_txt": "Small Retail Building [Fast Food Restaurants] (SRB)", "dod_txt": "Uplift or collapse of entire roof structure", "efscale": "EF2", "damage_dir": "N/A", "windspeed": "130", "injuries": 0, "deaths": 0, "lat": 38.6706, "lon": -90.2357, "office": "LSX", "image": "0", "qc": "Y", "dod": 6, "surveytype": "0", "comments": "0", "image_full": "https://services.dat.noaa.gov/arcgis/rest/services/nws_damageassessmenttoolkit/DamageViewer/MapServer/0/4479880/attachments/2625127"}, "geometry": {"type": "Point", "coordinates": [-90.2357496399339, 38.6706210716052]}}, {"id": "960", "type": "Feature", "properties": {"OBJECTID": 961, "Id": 0, "stormdate": 1747353600000, "stormtime": "1950 UTC", "surveydate": 1747526400000, "surveytime": "1404 UTC", "event_id": "0", "damage": 27, "damage_txt": "Trees: Hardwood (TH)", "dod_txt": "Trunks snapped", "efscale": "EF1", "damage_dir": "N/A", "windspeed": "107", "injuries": 0, "deaths": 0, "lat": 38.7112, "lon": -90.1633, "office": "LSX", "image": "0", "qc": "Y", "dod": 4, "surveytype": "0", "comments": "0", "image_full": "https://services.dat.noaa.gov/arcgis/rest/services/nws_damageassessmenttoolkit/DamageViewer/MapServer/0/4480354/attachments/2626084"}, "geometry": {"type": "Point", "coordinates": [-90.1633305315787, 38.7112036570232]}}, {"id": "961", "type": "Feature", "properties": {"OBJECTID": 962, "Id": 0, "stormdate": 1747353600000, "stormtime": "1943 UTC", "surveydate": 1754438400000, "surveytime": "1038 UTC", "event_id": " ", "damage": 2, "damage_txt": "One- or Two-Family Residences (FR12)", "dod_txt": "Loss of roof covering material (<20%), gutters and/or awning; loss of vinyl or metal siding", "efscale": "EF0", "damage_dir": "N/A", "windspeed": "79", "injuries": 0, "deaths": 0, "lat": 38.6581, "lon": -90.2663, "office": "LSX", "image": " ", "qc": "Y", "dod": 2, "surveytype": "0", "comments": " ", "image_full": " "}, "geometry": {"type": "Point", "coordinates": [-90.2662911400241, 38.6581030096463]}}, {"id": "962", "type": "Feature", "properties": {"OBJECTID": 963, "Id": 0, "stormdate": 1747353600000, "stormtime": "1940 UTC", "surveydate": 1748390400000, "surveytime": "1820 UTC", "event_id": " ", "damage": 27, "damage_txt": "Trees: Hardwood (TH)", "dod_txt": "Trees uprooted", "efscale": "EF1", "damage_dir": "N/A", "windspeed": "94", "injuries": 0, "deaths": 0, "lat": 38.6414, "lon": -90.3272, "office": "LSX", "image": " ", "qc": "Y", "dod": 3, "surveytype": "0", "comments": "Large tree uprooted and felled to the northeast per hi-res satellite imagery.", "image_full": " "}, "geometry": {"type": "Point", "coordinates": [-90.3272281532566, 38.6413550404029]}}, {"id": "963", "type": "Feature", "properties": {"OBJECTID": 964, "Id": 0, "stormdate": 1747353600000, "stormtime": "1939 UTC", "surveydate": 1748390400000, "surveytime": "1439 UTC", "event_id": " ", "damage": 17, "damage_txt": "Low-Rise Building [1-4 Stories] (LRB)", "dod_txt": "Uplift of metal roof decking at eaves and roof corners; significant loss of roofing material (>20%)", "efscale": "EF1", "damage_dir": "N/A", "windspeed": "101", "injuries": 0, "deaths": 0, "lat": 38.6419, "lon": -90.3317, "office": "LSX", "image": " ", "qc": "Y", "dod": 3, "surveytype": "0", "comments": "Tree fell northward onto building, southern portion of roof, possibly compromised by tree, blown over building to the north per hi-res satellite imagery.", "image_full": " "}, "geometry": {"type": "Point", "coordinates": [-90.3317301468288, 38.6418966759908]}}, {"id": "964", "type": "Feature", "properties": {"OBJECTID": 965, "Id": 0, "stormdate": 1747353600000, "stormtime": "1943 UTC", "surveydate": 1754438400000, "surveytime": "1038 UTC", "event_id": " ", "damage": 2, "damage_txt": "One- or Two-Family Residences (FR12)", "dod_txt": "Loss of roof covering material (<20%), gutters and/or awning; loss of vinyl or metal siding", "efscale": "EF0", "damage_dir": "N/A", "windspeed": "79", "injuries": 0, "deaths": 0, "lat": 38.6581, "lon": -90.2663, "office": "LSX", "image": " ", "qc": "Y", "dod": 2, "surveytype": "0", "comments": " ", "image_full": " "}, "geometry": {"type": "Point", "coordinates": [-90.2662911400241, 38.6581030096463]}}, {"id": "965", "type": "Feature", "properties": {"OBJECTID": 966, "Id": 0, "stormdate": 1747353600000, "stormtime": "1941 UTC", "surveydate": 1748736000000, "surveytime": "1416 UTC", "event_id": " ", "damage": 2, "damage_txt": "One- or Two-Family Residences (FR12)", "dod_txt": "Uplift of roof deck and loss of significant roof covering material (>20%); collapse of chimney; garage doors collapse inward; failure of porch or carport", "efscale": "EF1", "damage_dir": "NNE/30", "windspeed": "95", "injuries": 0, "deaths": 0, "lat": 38.6427, "lon": -90.306, "office": "LSX", "image": " ", "qc": "Y", "dod": 4, "surveytype": "0", "comments": "Tree uprooted at this property, roof damage per hi-res satellite imagery.", "image_full": " "}, "geometry": {"type": "Point", "coordinates": [-90.3059722773987, 38.6427089031934]}}, {"id": "966", "type": "Feature", "properties": {"OBJECTID": 967, "Id": 0, "stormdate": 1747353600000, "stormtime": "1940 UTC", "surveydate": 1748476800000, "surveytime": "1811 UTC", "event_id": " ", "damage": 2, "damage_txt": "One- or Two-Family Residences (FR12)", "dod_txt": "Loss of roof covering material (<20%), gutters and/or awning; loss of vinyl or metal siding", "efscale": "EF0", "damage_dir": "N/A", "windspeed": "79", "injuries": 0, "deaths": 0, "lat": 38.6414, "lon": -90.3092, "office": "LSX", "image": " ", "qc": "Y", "dod": 2, "surveytype": "0", "comments": "Roof damage per hi-res satellite imagery.", "image_full": " "}, "geometry": {"type": "Point", "coordinates": [-90.3091637240266, 38.6413644248284]}}, {"id": "967", "type": "Feature", "properties": {"OBJECTID": 968, "Id": 0, "stormdate": 1747353600000, "stormtime": "1939 UTC", "surveydate": 1748390400000, "surveytime": "1458 UTC", "event_id": " ", "damage": 27, "damage_txt": "Trees: Hardwood (TH)", "dod_txt": "Trees uprooted", "efscale": "EF1", "damage_dir": "N/A", "windspeed": "94", "injuries": 0, "deaths": 0, "lat": 38.6415, "lon": -90.3378, "office": "LSX", "image": " ", "qc": "Y", "dod": 3, "surveytype": "0", "comments": "Tree uprooted, felled to the east per hi-res satellite imagery.", "image_full": " "}, "geometry": {"type": "Point", "coordinates": [-90.3378392405884, 38.6415347051625]}}, {"id": "968", "type": "Feature", "properties": {"OBJECTID": 969, "Id": 0, "stormdate": 1747353600000, "stormtime": "1942 UTC", "surveydate": 1748736000000, "surveytime": "1752 UTC", "event_id": " ", "damage": 5, "damage_txt": "Apartments, Condos, Townhouses [3 stories or less] (ACT)", "dod_txt": "Loss of roof covering (<20%)", "efscale": "EF1", "damage_dir": "N/A", "windspeed": "105", "injuries": 0, "deaths": 0, "lat": 38.6492, "lon": -90.295, "office": "LSX", "image": " ", "qc": "Y", "dod": 2, "surveytype": "0", "comments": " ", "image_full": " "}, "geometry": {"type": "Point", "coordinates": [-90.2949869461906, 38.6491921679842]}}, {"id": "969", "type": "Feature", "properties": {"OBJECTID": 970, "Id": 0, "stormdate": 1747353600000, "stormtime": "1940 UTC", "surveydate": 1747440000000, "surveytime": "2203 UTC", "event_id": "0", "damage": 27, "damage_txt": "Trees: Hardwood (TH)", "dod_txt": "Trees uprooted", "efscale": "EF1", "damage_dir": "E/90", "windspeed": "94", "injuries": 0, "deaths": 0, "lat": 38.641, "lon": -90.325, "office": "LSX", "image": "0", "qc": "Y", "dod": 3, "surveytype": "0", "comments": " ", "image_full": "https://services.dat.noaa.gov/arcgis/rest/services/nws_damageassessmenttoolkit/DamageViewer/MapServer/0/4480254/attachments/2625941"}, "geometry": {"type": "Point", "coordinates": [-90.324950460995, 38.6410495793746]}}, {"id": "970", "type": "Feature", "properties": {"OBJECTID": 971, "Id": 0, "stormdate": 1747353600000, "stormtime": "1944 UTC", "surveydate": 1747440000000, "surveytime": "1519 UTC", "event_id": "0", "damage": 17, "damage_txt": "Low-Rise Building [1-4 Stories] (LRB)", "dod_txt": "Significant damage to exterior walls and some interior walls", "efscale": "EF2", "damage_dir": "N/A", "windspeed": "135", "injuries": 0, "deaths": 0, "lat": 38.6672, "lon": -90.2383, "office": "LSX", "image": "0", "qc": "Y", "dod": 6, "surveytype": "0", "comments": "0", "image_full": "https://services.dat.noaa.gov/arcgis/rest/services/nws_damageassessmenttoolkit/DamageViewer/MapServer/0/4479877/attachments/2625124"}, "geometry": {"type": "Point", "coordinates": [-90.238251109601, 38.6672358246736]}}, {"id": "971", "type": "Feature", "properties": {"OBJECTID": 972, "Id": 0, "stormdate": 1747353600000, "stormtime": "1941 UTC", "surveydate": 1748736000000, "surveytime": "1411 UTC", "event_id": " ", "damage": 2, "damage_txt": "One- or Two-Family Residences (FR12)", "dod_txt": "Uplift of roof deck and loss of significant roof covering material (>20%); collapse of chimney; garage doors collapse inward; failure of porch or carport", "efscale": "EF1", "damage_dir": "N/0", "windspeed": "95", "injuries": 0, "deaths": 0, "lat": 38.6444, "lon": -90.3038, "office": "LSX", "image": " ", "qc": "Y", "dod": 4, "surveytype": "0", "comments": "Several trees uprooted at this property, roof damage per hi-res satellite imagery.", "image_full": " "}, "geometry": {"type": "Point", "coordinates": [-90.3038137120332, 38.6444164261772]}}, {"id": "972", "type": "Feature", "properties": {"OBJECTID": 973, "Id": 0, "stormdate": 1747353600000, "stormtime": "1943 UTC", "surveydate": 1747440000000, "surveytime": "2011 UTC", "event_id": "0", "damage": 5, "damage_txt": "Apartments, Condos, Townhouses [3 stories or less] (ACT)", "dod_txt": "Uplift of roof decking; significant loss of roof covering (>20%)", "efscale": "EF2", "damage_dir": "N/A", "windspeed": "120", "injuries": 0, "deaths": 0, "lat": 38.6491, "lon": -90.2806, "office": "LSX", "image": "0", "qc": "Y", "dod": 3, "surveytype": "0", "comments": "0", "image_full": "https://services.dat.noaa.gov/arcgis/rest/services/nws_damageassessmenttoolkit/DamageViewer/MapServer/0/4465849/attachments/2613563"}, "geometry": {"type": "Point", "coordinates": [-90.280635689985, 38.6491201691605]}}, {"id": "973", "type": "Feature", "properties": {"OBJECTID": 974, "Id": 0, "stormdate": 1747353600000, "stormtime": "1940 UTC", "surveydate": 1748476800000, "surveytime": "1827 UTC", "event_id": " ", "damage": 2, "damage_txt": "One- or Two-Family Residences (FR12)", "dod_txt": "Loss of roof covering material (<20%), gutters and/or awning; loss of vinyl or metal siding", "efscale": "EF1", "damage_dir": "N/A", "windspeed": "90", "injuries": 0, "deaths": 0, "lat": 38.642, "lon": -90.3102, "office": "LSX", "image": " ", "qc": "Y", "dod": 2, "surveytype": "0", "comments": "Roof damage per hi-res satellite imagery.", "image_full": " "}, "geometry": {"type": "Point", "coordinates": [-90.3101748497895, 38.6419988317807]}}, {"id": "974", "type": "Feature", "properties": {"OBJECTID": 975, "Id": 0, "stormdate": 1747353600000, "stormtime": "1943 UTC", "surveydate": 1761523200000, "surveytime": "1040 UTC", "event_id": " ", "damage": 2, "damage_txt": "One- or Two-Family Residences (FR12)", "dod_txt": "Loss of roof covering material (<20%), gutters and/or awning; loss of vinyl or metal siding", "efscale": "EF0", "damage_dir": "N/A", "windspeed": "79", "injuries": 0, "deaths": 0, "lat": 38.6666, "lon": -90.2535, "office": "LSX", "image": " ", "qc": "Y", "dod": 2, "surveytype": "0", "comments": " ", "image_full": " "}, "geometry": {"type": "Point", "coordinates": [-90.253527734917, 38.6665503317325]}}, {"id": "975", "type": "Feature", "properties": {"OBJECTID": 976, "Id": 0, "stormdate": 1747353600000, "stormtime": "1943 UTC", "surveydate": 1748822400000, "surveytime": "1659 UTC", "event_id": " ", "damage": 18, "damage_txt": "Mid-Rise Building [5-20 Stories] (MRB)", "dod_txt": "Damage to parapet walls or coping", "efscale": "EF1", "damage_dir": "N/A", "windspeed": "99", "injuries": 0, "deaths": 0, "lat": 38.6478, "lon": -90.2805, "office": "LSX", "image": " ", "qc": "Y", "dod": 4, "surveytype": "0", "comments": " ", "image_full": " "}, "geometry": {"type": "Point", "coordinates": [-90.2804596710769, 38.6478121520092]}}, {"id": "976", "type": "Feature", "properties": {"OBJECTID": 977, "Id": 0, "stormdate": 1747353600000, "stormtime": "1941 UTC", "surveydate": 1748736000000, "surveytime": "1540 UTC", "event_id": " ", "damage": 27, "damage_txt": "Trees: Hardwood (TH)", "dod_txt": "Trees uprooted", "efscale": "TSTM/Wind", "damage_dir": "SE/135", "windspeed": "94", "injuries": 0, "deaths": 0, "lat": 38.6512, "lon": -90.3011, "office": "LSX", "image": " ", "qc": "Y", "dod": 3, "surveytype": "0", "comments": "Felled to the southeast.", "image_full": " "}, "geometry": {"type": "Point", "coordinates": [-90.3010742421825, 38.6511893733909]}}, {"id": "977", "type": "Feature", "properties": {"OBJECTID": 978, "Id": 0, "stormdate": 1747353600000, "stormtime": "1942 UTC", "surveydate": 1747440000000, "surveytime": "2020 UTC", "event_id": "0", "damage": 27, "damage_txt": "Trees: Hardwood (TH)", "dod_txt": "Trees uprooted", "efscale": "EF1", "damage_dir": "N/A", "windspeed": "94", "injuries": 0, "deaths": 0, "lat": 38.646, "lon": -90.2843, "office": "LSX", "image": "0", "qc": "Y", "dod": 3, "surveytype": "0", "comments": "0", "image_full": "https://services.dat.noaa.gov/arcgis/rest/services/nws_damageassessmenttoolkit/DamageViewer/MapServer/0/4480195/attachments/2625887"}, "geometry": {"type": "Point", "coordinates": [-90.2843094538182, 38.6459540933068]}}, {"id": "978", "type": "Feature", "properties": {"OBJECTID": 979, "Id": 0, "stormdate": 1747353600000, "stormtime": "1943 UTC", "surveydate": 1747440000000, "surveytime": "2007 UTC", "event_id": "0", "damage": 2, "damage_txt": "One- or Two-Family Residences (FR12)", "dod_txt": "Broken glass in doors and windows", "efscale": "EF1", "damage_dir": "N/A", "windspeed": "96", "injuries": 0, "deaths": 0, "lat": 38.6492, "lon": -90.2751, "office": "LSX", "image": "0", "qc": "Y", "dod": 3, "surveytype": "0", "comments": "0", "image_full": "https://services.dat.noaa.gov/arcgis/rest/services/nws_damageassessmenttoolkit/DamageViewer/MapServer/0/4480186/attachments/2625878"}, "geometry": {"type": "Point", "coordinates": [-90.2750747995623, 38.6491515905735]}}, {"id": "979", "type": "Feature", "properties": {"OBJECTID": 980, "Id": 0, "stormdate": 1747353600000, "stormtime": "1941 UTC", "surveydate": 1748736000000, "surveytime": "1504 UTC", "event_id": " ", "damage": 27, "damage_txt": "Trees: Hardwood (TH)", "dod_txt": "Large branches broken (1-3 inch diameter)", "efscale": "EF0", "damage_dir": "N/A", "windspeed": "74", "injuries": 0, "deaths": 0, "lat": 38.645, "lon": -90.3041, "office": "LSX", "image": " ", "qc": "Y", "dod": 2, "surveytype": "0", "comments": " ", "image_full": " "}, "geometry": {"type": "Point", "coordinates": [-90.3041312032923, 38.6450113376032]}}, {"id": "980", "type": "Feature", "properties": {"OBJECTID": 981, "Id": 0, "stormdate": 1747353600000, "stormtime": "1941 UTC", "surveydate": 1748736000000, "surveytime": "1507 UTC", "event_id": " ", "damage": 28, "damage_txt": "Trees: Softwood (TS)", "dod_txt": "Trees uprooted", "efscale": "EF1", "damage_dir": "N/A", "windspeed": "87", "injuries": 0, "deaths": 0, "lat": 38.6458, "lon": -90.3065, "office": "LSX", "image": " ", "qc": "Y", "dod": 3, "surveytype": "0", "comments": " ", "image_full": " "}, "geometry": {"type": "Point", "coordinates": [-90.3065398269514, 38.6457759681864]}}, {"id": "981", "type": "Feature", "properties": {"OBJECTID": 982, "Id": 0, "stormdate": 1747353600000, "stormtime": "1941 UTC", "surveydate": 1748736000000, "surveytime": "1450 UTC", "event_id": " ", "damage": 20, "damage_txt": "Institutional Building [Hospital, Government or University Building] (IB)", "dod_txt": "Loss of roof covering (<20%)", "efscale": "EF1", "damage_dir": "N/A", "windspeed": "95", "injuries": 0, "deaths": 0, "lat": 38.6424, "lon": -90.3031, "office": "LSX", "image": " ", "qc": "Y", "dod": 2, "surveytype": "0", "comments": "Some roof damage, numerous trees on property snapped or uprooted.", "image_full": " "}, "geometry": {"type": "Point", "coordinates": [-90.303112633841, 38.642403265898]}}, {"id": "982", "type": "Feature", "properties": {"OBJECTID": 983, "Id": 0, "stormdate": 1747353600000, "stormtime": "1940 UTC", "surveydate": 1748476800000, "surveytime": "1834 UTC", "event_id": " ", "damage": 2, "damage_txt": "One- or Two-Family Residences (FR12)", "dod_txt": "Loss of roof covering material (<20%), gutters and/or awning; loss of vinyl or metal siding", "efscale": "EF1", "damage_dir": "N/A", "windspeed": "90", "injuries": 0, "deaths": 0, "lat": 38.642, "lon": -90.3076, "office": "LSX", "image": " ", "qc": "Y", "dod": 2, "surveytype": "0", "comments": "Roof damage per hi-res satellite imagery.", "image_full": " "}, "geometry": {"type": "Point", "coordinates": [-90.3076166077202, 38.6420381222616]}}, {"id": "983", "type": "Feature", "properties": {"OBJECTID": 984, "Id": 0, "stormdate": 1747353600000, "stormtime": "1942 UTC", "surveydate": 1748822400000, "surveytime": "1822 UTC", "event_id": " ", "damage": 2, "damage_txt": "One- or Two-Family Residences (FR12)", "dod_txt": "Loss of roof covering material (<20%), gutters and/or awning; loss of vinyl or metal siding", "efscale": "EF0", "damage_dir": "N/A", "windspeed": "79", "injuries": 0, "deaths": 0, "lat": 38.6491, "lon": -90.2937, "office": "LSX", "image": " ", "qc": "Y", "dod": 2, "surveytype": "0", "comments": " ", "image_full": " "}, "geometry": {"type": "Point", "coordinates": [-90.2937363633425, 38.6490960187663]}}, {"id": "984", "type": "Feature", "properties": {"OBJECTID": 985, "Id": 0, "stormdate": 1747353600000, "stormtime": "1942 UTC", "surveydate": 1747440000000, "surveytime": "2024 UTC", "event_id": "0", "damage": 27, "damage_txt": "Trees: Hardwood (TH)", "dod_txt": "Large branches broken (1-3 inch diameter)", "efscale": "EF0", "damage_dir": "N/A", "windspeed": "74", "injuries": 0, "deaths": 0, "lat": 38.6457, "lon": -90.2864, "office": "LSX", "image": "0", "qc": "Y", "dod": 2, "surveytype": "0", "comments": "0", "image_full": "https://services.dat.noaa.gov/arcgis/rest/services/nws_damageassessmenttoolkit/DamageViewer/MapServer/0/4480198/attachments/2625890"}, "geometry": {"type": "Point", "coordinates": [-90.2863922926702, 38.6456923258402]}}, {"id": "985", "type": "Feature", "properties": {"OBJECTID": 986, "Id": 0, "stormdate": 1747353600000, "stormtime": "2001 UTC", "surveydate": 1747526400000, "surveytime": "1525 UTC", "event_id": "0", "damage": 8, "damage_txt": "Small Retail Building [Fast Food Restaurants] (SRB)", "dod_txt": "Uplift of roof decking; significant loss of roof covering (>20%)", "efscale": "EF1", "damage_dir": "N/A", "windspeed": "98", "injuries": 0, "deaths": 0, "lat": 38.7599, "lon": -90.0222, "office": "LSX", "image": "0", "qc": "Y", "dod": 4, "surveytype": "0", "comments": "0", "image_full": "https://services.dat.noaa.gov/arcgis/rest/services/nws_damageassessmenttoolkit/DamageViewer/MapServer/0/4465861/attachments/2613576"}, "geometry": {"type": "Point", "coordinates": [-90.0222021622, 38.7599225268032]}}, {"id": "986", "type": "Feature", "properties": {"OBJECTID": 987, "Id": 0, "stormdate": 1747353600000, "stormtime": "1941 UTC", "surveydate": 1748736000000, "surveytime": "1404 UTC", "event_id": " ", "damage": 2, "damage_txt": "One- or Two-Family Residences (FR12)", "dod_txt": "Uplift of roof deck and loss of significant roof covering material (>20%); collapse of chimney; garage doors collapse inward; failure of porch or carport", "efscale": "EF1", "damage_dir": "N/A", "windspeed": "97", "injuries": 0, "deaths": 0, "lat": 38.644, "lon": -90.3055, "office": "LSX", "image": " ", "qc": "Y", "dod": 4, "surveytype": "0", "comments": "Several trees snapped at this property, significant roof damage per hi-res satellite imagery.", "image_full": " "}, "geometry": {"type": "Point", "coordinates": [-90.3055457487373, 38.6439573789299]}}, {"id": "987", "type": "Feature", "properties": {"OBJECTID": 988, "Id": 0, "stormdate": 1747353600000, "stormtime": "1942 UTC", "surveydate": 1748822400000, "surveytime": "1750 UTC", "event_id": " ", "damage": 2, "damage_txt": "One- or Two-Family Residences (FR12)", "dod_txt": "Loss of roof covering material (<20%), gutters and/or awning; loss of vinyl or metal siding", "efscale": "EF0", "damage_dir": "N/A", "windspeed": "79", "injuries": 0, "deaths": 0, "lat": 38.6489, "lon": -90.2915, "office": "LSX", "image": " ", "qc": "Y", "dod": 2, "surveytype": "0", "comments": " ", "image_full": " "}, "geometry": {"type": "Point", "coordinates": [-90.2914739100929, 38.6488617552658]}}, {"id": "988", "type": "Feature", "properties": {"OBJECTID": 989, "Id": 0, "stormdate": 1747353600000, "stormtime": "1939 UTC", "surveydate": 1747440000000, "surveytime": "2214 UTC", "event_id": "0", "damage": 27, "damage_txt": "Trees: Hardwood (TH)", "dod_txt": "Trees uprooted", "efscale": "TSTM/Wind", "damage_dir": "E/90", "windspeed": "85", "injuries": 0, "deaths": 0, "lat": 38.6317, "lon": -90.3338, "office": "LSX", "image": "0", "qc": "Y", "dod": 3, "surveytype": "0", "comments": " ", "image_full": "https://services.dat.noaa.gov/arcgis/rest/services/nws_damageassessmenttoolkit/DamageViewer/MapServer/0/4480258/attachments/2625945"}, "geometry": {"type": "Point", "coordinates": [-90.3337799958501, 38.6316956813107]}}, {"id": "989", "type": "Feature", "properties": {"OBJECTID": 990, "Id": 0, "stormdate": 1747353600000, "stormtime": "1950 UTC", "surveydate": 1747526400000, "surveytime": "1401 UTC", "event_id": "0", "damage": 27, "damage_txt": "Trees: Hardwood (TH)", "dod_txt": "Trunks snapped", "efscale": "EF1", "damage_dir": "N/A", "windspeed": "107", "injuries": 0, "deaths": 0, "lat": 38.7118, "lon": -90.1637, "office": "LSX", "image": "0", "qc": "Y", "dod": 4, "surveytype": "0", "comments": "0", "image_full": "https://services.dat.noaa.gov/arcgis/rest/services/nws_damageassessmenttoolkit/DamageViewer/MapServer/0/4480353/attachments/2626083"}, "geometry": {"type": "Point", "coordinates": [-90.1637219731905, 38.71183011217]}}, {"id": "990", "type": "Feature", "properties": {"OBJECTID": 991, "Id": 0, "stormdate": 1747353600000, "stormtime": "1941 UTC", "surveydate": 1748736000000, "surveytime": "1447 UTC", "event_id": " ", "damage": 2, "damage_txt": "One- or Two-Family Residences (FR12)", "dod_txt": "Uplift of roof deck and loss of significant roof covering material (>20%); collapse of chimney; garage doors collapse inward; failure of porch or carport", "efscale": "EF1", "damage_dir": "N/A", "windspeed": "90", "injuries": 0, "deaths": 0, "lat": 38.6429, "lon": -90.3035, "office": "LSX", "image": " ", "qc": "Y", "dod": 4, "surveytype": "0", "comments": "Several trees snapped at this property, roof damage per hi-res satellite imagery.", "image_full": " "}, "geometry": {"type": "Point", "coordinates": [-90.3034774842984, 38.6429131895921]}}]}
